#-----------------------------------------------------------
# Vivado v2018.2 (64-bit)
# SW Build 2258646 on Thu Jun 14 20:03:12 MDT 2018
# IP Build 2256618 on Thu Jun 14 22:10:49 MDT 2018
# Start of session at: Tue Oct 24 11:34:03 2023
# Process ID: 110668
# Current directory: C:/Users/aamalik3/Desktop/ICAP_Readback/Benchmarks/RISC_RTL_Project
# Command line: vivado.exe -gui_launcher_event rodinguilauncherevent23804 C:\Users\aamalik3\Desktop\ICAP_Readback\Benchmarks\RISC_RTL_Project\RISC_RTL_Project.xpr
# Log file: C:/Users/aamalik3/Desktop/ICAP_Readback/Benchmarks/RISC_RTL_Project/vivado.log
# Journal file: C:/Users/aamalik3/Desktop/ICAP_Readback/Benchmarks/RISC_RTL_Project\vivado.jou
#-----------------------------------------------------------
start_gui
open_project C:/Users/aamalik3/Desktop/ICAP_Readback/Benchmarks/RISC_RTL_Project/RISC_RTL_Project.xpr
Scanning sources...
Finished scanning sources
INFO: [IP_Flow 19-234] Refreshing IP repositories
INFO: [IP_Flow 19-1704] No user IP repositories specified
INFO: [IP_Flow 19-2313] Loaded Vivado IP repository 'C:/Xilinx/Vivado/2018.2/data/ip'.
update_compile_order -fileset sources_1
synth_design -mode out_of_context -top RISC_BENCHMARK_IP
Command: synth_design -mode out_of_context -top RISC_BENCHMARK_IP
Starting synth_design
Using part: xc7z020clg484-1
Attempting to get a license for feature 'Synthesis' and/or device 'xc7z020'
INFO: [Common 17-349] Got license for feature 'Synthesis' and/or device 'xc7z020'
INFO: Launching helper process for spawning children vivado processes
INFO: Helper process launched with PID 124476 
WARNING: [Synth 8-2507] parameter declaration becomes local in cv32e40x_pma with formal parameter declaration list [C:/Users/aamalik3/Desktop/ICAP_Readback/Benchmarks/RISC_RTL_Project/RISC_RTL_Project.srcs/sources_1/imports/AES_RISC/cv32e40x_core/cv32e40x_pma.sv:45]
---------------------------------------------------------------------------------
Starting RTL Elaboration : Time (s): cpu = 00:00:04 ; elapsed = 00:00:02 . Memory (MB): peak = 1070.152 ; gain = 120.094
---------------------------------------------------------------------------------
INFO: [Synth 8-6157] synthesizing module 'RISC_BENCHMARK_IP' [C:/Users/aamalik3/Desktop/ICAP_Readback/Benchmarks/RISC_RTL_Project/RISC_RTL_Project.srcs/sources_1/imports/top/RISC_AES.v:3]
	Parameter INSTR_RDATA_WIDTH bound to: 32 - type: integer 
	Parameter RAM_ADDR_WIDTH bound to: 17 - type: integer 
	Parameter BOOT_ADDR bound to: 128 - type: integer 
INFO: [Synth 8-6157] synthesizing module 'cv32e40x_wrapper' [C:/Users/aamalik3/Desktop/ICAP_Readback/Benchmarks/RISC_RTL_Project/RISC_RTL_Project.srcs/sources_1/imports/AES_RISC/top/cv32e40x_wrapper.sv:3]
	Parameter INSTR_RDATA_WIDTH bound to: 32 - type: integer 
	Parameter RAM_ADDR_WIDTH bound to: 17 - type: integer 
	Parameter BOOT_ADDR bound to: 128 - type: integer 
	Parameter DM_HALTADDRESS bound to: 437323776 - type: integer 
	Parameter HART_ID bound to: 0 - type: integer 
	Parameter IMP_PATCH_ID bound to: 4'b0000 
	Parameter NUM_MHPMCOUNTERS bound to: 0 - type: integer 
	Parameter DBG_ADDR_WIDTH bound to: 14 - type: integer 
INFO: [Synth 8-5534] Detected attribute (* KEEP = "true" *) [C:/Users/aamalik3/Desktop/ICAP_Readback/Benchmarks/RISC_RTL_Project/RISC_RTL_Project.srcs/sources_1/imports/AES_RISC/top/cv32e40x_wrapper.sv:15]
INFO: [Synth 8-5534] Detected attribute (* KEEP = "true" *) [C:/Users/aamalik3/Desktop/ICAP_Readback/Benchmarks/RISC_RTL_Project/RISC_RTL_Project.srcs/sources_1/imports/AES_RISC/top/cv32e40x_wrapper.sv:16]
INFO: [Synth 8-5534] Detected attribute (* KEEP = "true" *) [C:/Users/aamalik3/Desktop/ICAP_Readback/Benchmarks/RISC_RTL_Project/RISC_RTL_Project.srcs/sources_1/imports/AES_RISC/top/cv32e40x_wrapper.sv:23]
INFO: [Synth 8-5534] Detected attribute (* KEEP = "true" *) [C:/Users/aamalik3/Desktop/ICAP_Readback/Benchmarks/RISC_RTL_Project/RISC_RTL_Project.srcs/sources_1/imports/AES_RISC/top/cv32e40x_wrapper.sv:37]
INFO: [Synth 8-5534] Detected attribute (* KEEP = "true" *) [C:/Users/aamalik3/Desktop/ICAP_Readback/Benchmarks/RISC_RTL_Project/RISC_RTL_Project.srcs/sources_1/imports/AES_RISC/top/cv32e40x_wrapper.sv:40]
INFO: [Synth 8-5534] Detected attribute (* KEEP = "true" *) [C:/Users/aamalik3/Desktop/ICAP_Readback/Benchmarks/RISC_RTL_Project/RISC_RTL_Project.srcs/sources_1/imports/AES_RISC/top/cv32e40x_wrapper.sv:52]
INFO: [Synth 8-6157] synthesizing module 'if_xif' [C:/Users/aamalik3/Desktop/ICAP_Readback/Benchmarks/RISC_RTL_Project/RISC_RTL_Project.srcs/sources_1/imports/AES_RISC/cv32e40x_core/if_xif.sv:31]
	Parameter X_NUM_RS bound to: 32'sb00000000000000000000000000000010 
	Parameter X_ID_WIDTH bound to: 32'sb00000000000000000000000000000100 
	Parameter X_MEM_WIDTH bound to: 32'sb00000000000000000000000000100000 
	Parameter X_RFR_WIDTH bound to: 32'sb00000000000000000000000000100000 
	Parameter X_RFW_WIDTH bound to: 32'sb00000000000000000000000000100000 
	Parameter X_MISA bound to: 0 - type: integer 
	Parameter X_ECS_XS bound to: 2'b00 
	Parameter XLEN bound to: 32'sb00000000000000000000000000100000 
	Parameter FLEN bound to: 32'sb00000000000000000000000000100000 
INFO: [Synth 8-6155] done synthesizing module 'if_xif' (0#1) [C:/Users/aamalik3/Desktop/ICAP_Readback/Benchmarks/RISC_RTL_Project/RISC_RTL_Project.srcs/sources_1/imports/AES_RISC/cv32e40x_core/if_xif.sv:31]
INFO: [Synth 8-6157] synthesizing module 'cv32e40x_core' [C:/Users/aamalik3/Desktop/ICAP_Readback/Benchmarks/RISC_RTL_Project/RISC_RTL_Project.srcs/sources_1/imports/AES_RISC/cv32e40x_core/cv32e40x_core.sv:32]
	Parameter LIB bound to: 0 - type: integer 
	Parameter RV32 bound to: 1'b0 
	Parameter A_EXT bound to: 2'b00 
	Parameter B_EXT bound to: 2'b00 
	Parameter M_EXT bound to: 2'b01 
	Parameter DEBUG bound to: 32'sb00000000000000000000000000000001 
	Parameter DM_REGION_START bound to: -268435456 - type: integer 
	Parameter DM_REGION_END bound to: -268419073 - type: integer 
	Parameter DBG_NUM_TRIGGERS bound to: 32'sb00000000000000000000000000000001 
	Parameter PMA_NUM_REGIONS bound to: 32'sb00000000000000000000000000000000 
	Parameter PMA_CFG bound to: 136'b0000000000000000000000000000000000000000000000000000000000000000000000000000000000000000000000000000000000000000000000000000000000000000 
	Parameter SMCLIC bound to: 1'b0 
	Parameter SMCLIC_ID_WIDTH bound to: 32'sb00000000000000000000000000000101 
	Parameter SMCLIC_INTTHRESHBITS bound to: 32'sb00000000000000000000000000001000 
	Parameter X_EXT bound to: 1'b0 
	Parameter X_NUM_RS bound to: 32'sb00000000000000000000000000000010 
	Parameter X_ID_WIDTH bound to: 32'sb00000000000000000000000000000100 
	Parameter X_MEM_WIDTH bound to: 32'sb00000000000000000000000000100000 
	Parameter X_RFR_WIDTH bound to: 32'sb00000000000000000000000000100000 
	Parameter X_RFW_WIDTH bound to: 32'sb00000000000000000000000000100000 
	Parameter X_MISA bound to: 0 - type: integer 
	Parameter X_ECS_XS bound to: 2'b00 
	Parameter NUM_MHPMCOUNTERS bound to: 0 - type: integer 
	Parameter REGFILE_NUM_READ_PORTS bound to: 32'b00000000000000000000000000000010 
	Parameter ZC_EXT bound to: 1'b1 
	Parameter MTVT_LSB bound to: 32'b00000000000000000000000000000111 
	Parameter MTVT_ADDR_WIDTH bound to: 32'b00000000000000000000000000011001 
INFO: [Synth 8-6157] synthesizing module 'cv32e40x_int_controller' [C:/Users/aamalik3/Desktop/ICAP_Readback/Benchmarks/RISC_RTL_Project/RISC_RTL_Project.srcs/sources_1/imports/AES_RISC/cv32e40x_core/cv32e40x_int_controller.sv:24]
INFO: [Synth 8-6155] done synthesizing module 'cv32e40x_int_controller' (1#1) [C:/Users/aamalik3/Desktop/ICAP_Readback/Benchmarks/RISC_RTL_Project/RISC_RTL_Project.srcs/sources_1/imports/AES_RISC/cv32e40x_core/cv32e40x_int_controller.sv:24]
INFO: [Synth 8-6157] synthesizing module 'if_c_obi' [C:/Users/aamalik3/Desktop/ICAP_Readback/Benchmarks/RISC_RTL_Project/RISC_RTL_Project.srcs/sources_1/imports/AES_RISC/cv32e40x_core/if_c_obi.sv:27]
INFO: [Synth 8-6155] done synthesizing module 'if_c_obi' (1#1) [C:/Users/aamalik3/Desktop/ICAP_Readback/Benchmarks/RISC_RTL_Project/RISC_RTL_Project.srcs/sources_1/imports/AES_RISC/cv32e40x_core/if_c_obi.sv:27]
INFO: [Synth 8-6157] synthesizing module 'if_c_obi' [C:/Users/aamalik3/Desktop/ICAP_Readback/Benchmarks/RISC_RTL_Project/RISC_RTL_Project.srcs/sources_1/imports/AES_RISC/cv32e40x_core/if_c_obi.sv:27]
INFO: [Synth 8-6155] done synthesizing module 'if_c_obi' (1#1) [C:/Users/aamalik3/Desktop/ICAP_Readback/Benchmarks/RISC_RTL_Project/RISC_RTL_Project.srcs/sources_1/imports/AES_RISC/cv32e40x_core/if_c_obi.sv:27]
INFO: [Synth 8-6157] synthesizing module 'cv32e40x_sleep_unit' [C:/Users/aamalik3/Desktop/ICAP_Readback/Benchmarks/RISC_RTL_Project/RISC_RTL_Project.srcs/sources_1/imports/AES_RISC/cv32e40x_core/cv32e40x_sleep_unit.sv:43]
	Parameter LIB bound to: 0 - type: integer 
INFO: [Synth 8-6157] synthesizing module 'cv32e40x_clock_gate' [C:/Users/aamalik3/Desktop/ICAP_Readback/Benchmarks/RISC_RTL_Project/RISC_RTL_Project.srcs/sources_1/imports/AES_RISC/cv32e40x_core/cv32e40x_sim_clock_gate.sv:15]
	Parameter LIB bound to: 0 - type: integer 
INFO: [Synth 8-6155] done synthesizing module 'cv32e40x_clock_gate' (2#1) [C:/Users/aamalik3/Desktop/ICAP_Readback/Benchmarks/RISC_RTL_Project/RISC_RTL_Project.srcs/sources_1/imports/AES_RISC/cv32e40x_core/cv32e40x_sim_clock_gate.sv:15]
INFO: [Synth 8-6155] done synthesizing module 'cv32e40x_sleep_unit' (3#1) [C:/Users/aamalik3/Desktop/ICAP_Readback/Benchmarks/RISC_RTL_Project/RISC_RTL_Project.srcs/sources_1/imports/AES_RISC/cv32e40x_core/cv32e40x_sleep_unit.sv:43]
INFO: [Synth 8-6157] synthesizing module 'cv32e40x_if_stage' [C:/Users/aamalik3/Desktop/ICAP_Readback/Benchmarks/RISC_RTL_Project/RISC_RTL_Project.srcs/sources_1/imports/AES_RISC/cv32e40x_core/cv32e40x_if_stage.sv:29]
	Parameter RV32 bound to: 1'b0 
	Parameter A_EXT bound to: 2'b00 
	Parameter B_EXT bound to: 2'b00 
	Parameter X_EXT bound to: 1'b0 
	Parameter X_ID_WIDTH bound to: 32'sb00000000000000000000000000000100 
	Parameter PMA_NUM_REGIONS bound to: 32'sb00000000000000000000000000000000 
	Parameter PMA_CFG bound to: 136'b0000000000000000000000000000000000000000000000000000000000000000000000000000000000000000000000000000000000000000000000000000000000000000 
	Parameter MTVT_ADDR_WIDTH bound to: 32'b00000000000000000000000000011001 
	Parameter SMCLIC bound to: 1'b0 
	Parameter SMCLIC_ID_WIDTH bound to: 32'sb00000000000000000000000000000101 
	Parameter ZC_EXT bound to: 1'b1 
	Parameter M_EXT bound to: 2'b01 
	Parameter DEBUG bound to: 32'sb00000000000000000000000000000001 
	Parameter DM_REGION_START bound to: -268435456 - type: integer 
	Parameter DM_REGION_END bound to: -268419073 - type: integer 
	Parameter ALBUF_DEPTH bound to: 32'b00000000000000000000000000000011 
	Parameter ALBUF_CNT_WIDTH bound to: 32'b00000000000000000000000000000010 
INFO: [Synth 8-6157] synthesizing module 'cv32e40x_sequencer' [C:/Users/aamalik3/Desktop/ICAP_Readback/Benchmarks/RISC_RTL_Project/RISC_RTL_Project.srcs/sources_1/imports/AES_RISC/cv32e40x_core/cv32e40x_sequencer.sv:34]
	Parameter RV32 bound to: 1'b0 
INFO: [Synth 8-294] found qualifier unique on case statement: implementing as parallel_case [C:/Users/aamalik3/Desktop/ICAP_Readback/Benchmarks/RISC_RTL_Project/RISC_RTL_Project.srcs/sources_1/imports/AES_RISC/cv32e40x_core/cv32e40x_sequencer.sv:153]
INFO: [Synth 8-226] default block is never used [C:/Users/aamalik3/Desktop/ICAP_Readback/Benchmarks/RISC_RTL_Project/RISC_RTL_Project.srcs/sources_1/imports/AES_RISC/cv32e40x_core/include/cv32e40x_pkg.sv:1560]
INFO: [Synth 8-294] found qualifier unique on case statement: implementing as parallel_case [C:/Users/aamalik3/Desktop/ICAP_Readback/Benchmarks/RISC_RTL_Project/RISC_RTL_Project.srcs/sources_1/imports/AES_RISC/cv32e40x_core/cv32e40x_sequencer.sv:264]
INFO: [Synth 8-6155] done synthesizing module 'cv32e40x_sequencer' (4#1) [C:/Users/aamalik3/Desktop/ICAP_Readback/Benchmarks/RISC_RTL_Project/RISC_RTL_Project.srcs/sources_1/imports/AES_RISC/cv32e40x_core/cv32e40x_sequencer.sv:34]
INFO: [Synth 8-294] found qualifier unique on case statement: implementing as parallel_case [C:/Users/aamalik3/Desktop/ICAP_Readback/Benchmarks/RISC_RTL_Project/RISC_RTL_Project.srcs/sources_1/imports/AES_RISC/cv32e40x_core/cv32e40x_if_stage.sv:158]
INFO: [Synth 8-6157] synthesizing module 'cv32e40x_prefetch_unit' [C:/Users/aamalik3/Desktop/ICAP_Readback/Benchmarks/RISC_RTL_Project/RISC_RTL_Project.srcs/sources_1/imports/AES_RISC/cv32e40x_core/cv32e40x_prefetch_unit.sv:29]
	Parameter SMCLIC bound to: 1'b0 
	Parameter ALBUF_DEPTH bound to: 32'b00000000000000000000000000000011 
	Parameter ALBUF_CNT_WIDTH bound to: 32'b00000000000000000000000000000010 
INFO: [Synth 8-6157] synthesizing module 'cv32e40x_prefetcher' [C:/Users/aamalik3/Desktop/ICAP_Readback/Benchmarks/RISC_RTL_Project/RISC_RTL_Project.srcs/sources_1/imports/AES_RISC/cv32e40x_core/cv32e40x_prefetcher.sv:40]
	Parameter SMCLIC bound to: 1'b0 
INFO: [Synth 8-226] default block is never used [C:/Users/aamalik3/Desktop/ICAP_Readback/Benchmarks/RISC_RTL_Project/RISC_RTL_Project.srcs/sources_1/imports/AES_RISC/cv32e40x_core/cv32e40x_prefetcher.sv:93]
WARNING: [Synth 8-5788] Register trans_priv_lvl_q_reg in module cv32e40x_prefetcher is has both Set and reset with same priority. This may cause simulation mismatches. Consider rewriting code  [C:/Users/aamalik3/Desktop/ICAP_Readback/Benchmarks/RISC_RTL_Project/RISC_RTL_Project.srcs/sources_1/imports/AES_RISC/cv32e40x_core/cv32e40x_prefetcher.sv:152]
INFO: [Synth 8-6155] done synthesizing module 'cv32e40x_prefetcher' (5#1) [C:/Users/aamalik3/Desktop/ICAP_Readback/Benchmarks/RISC_RTL_Project/RISC_RTL_Project.srcs/sources_1/imports/AES_RISC/cv32e40x_core/cv32e40x_prefetcher.sv:40]
INFO: [Synth 8-6157] synthesizing module 'cv32e40x_alignment_buffer' [C:/Users/aamalik3/Desktop/ICAP_Readback/Benchmarks/RISC_RTL_Project/RISC_RTL_Project.srcs/sources_1/imports/AES_RISC/cv32e40x_core/cv32e40x_alignment_buffer.sv:24]
	Parameter ALBUF_DEPTH bound to: 32'b00000000000000000000000000000011 
	Parameter ALBUF_CNT_WIDTH bound to: 32'b00000000000000000000000000000010 
INFO: [Synth 8-226] default block is never used [C:/Users/aamalik3/Desktop/ICAP_Readback/Benchmarks/RISC_RTL_Project/RISC_RTL_Project.srcs/sources_1/imports/AES_RISC/cv32e40x_core/cv32e40x_alignment_buffer.sv:360]
INFO: [Synth 8-6155] done synthesizing module 'cv32e40x_alignment_buffer' (6#1) [C:/Users/aamalik3/Desktop/ICAP_Readback/Benchmarks/RISC_RTL_Project/RISC_RTL_Project.srcs/sources_1/imports/AES_RISC/cv32e40x_core/cv32e40x_alignment_buffer.sv:24]
INFO: [Synth 8-6155] done synthesizing module 'cv32e40x_prefetch_unit' (7#1) [C:/Users/aamalik3/Desktop/ICAP_Readback/Benchmarks/RISC_RTL_Project/RISC_RTL_Project.srcs/sources_1/imports/AES_RISC/cv32e40x_core/cv32e40x_prefetch_unit.sv:29]
INFO: [Synth 8-6157] synthesizing module 'cv32e40x_mpu' [C:/Users/aamalik3/Desktop/ICAP_Readback/Benchmarks/RISC_RTL_Project/RISC_RTL_Project.srcs/sources_1/imports/AES_RISC/cv32e40x_core/cv32e40x_mpu.sv:26]
	Parameter IF_STAGE bound to: 1'b1 
	Parameter A_EXT bound to: 2'b00 
	Parameter PMA_NUM_REGIONS bound to: 32'sb00000000000000000000000000000000 
	Parameter PMA_CFG bound to: 136'b0000000000000000000000000000000000000000000000000000000000000000000000000000000000000000000000000000000000000000000000000000000000000000 
	Parameter DEBUG bound to: 32'sb00000000000000000000000000000001 
	Parameter DM_REGION_START bound to: -268435456 - type: integer 
	Parameter DM_REGION_END bound to: -268419073 - type: integer 
INFO: [Synth 8-6157] synthesizing module 'cv32e40x_pma' [C:/Users/aamalik3/Desktop/ICAP_Readback/Benchmarks/RISC_RTL_Project/RISC_RTL_Project.srcs/sources_1/imports/AES_RISC/cv32e40x_core/cv32e40x_pma.sv:26]
	Parameter A_EXT bound to: 2'b00 
	Parameter PMA_NUM_REGIONS bound to: 32'sb00000000000000000000000000000000 
	Parameter PMA_CFG bound to: 136'b0000000000000000000000000000000000000000000000000000000000000000000000000000000000000000000000000000000000000000000000000000000000000000 
	Parameter PMA_ADDR_LSB bound to: 0 - type: integer 
	Parameter PMA_DBG[word_addr_low] bound to: 0 - type: integer 
	Parameter PMA_DBG[word_addr_high] bound to: 0 - type: integer 
	Parameter PMA_DBG[main] bound to: 1'b1 
	Parameter PMA_DBG[bufferable] bound to: 1'b0 
	Parameter PMA_DBG[cacheable] bound to: 1'b0 
	Parameter PMA_DBG[atomic] bound to: 1'b0 
INFO: [Synth 8-6155] done synthesizing module 'cv32e40x_pma' (8#1) [C:/Users/aamalik3/Desktop/ICAP_Readback/Benchmarks/RISC_RTL_Project/RISC_RTL_Project.srcs/sources_1/imports/AES_RISC/cv32e40x_core/cv32e40x_pma.sv:26]
INFO: [Synth 8-6155] done synthesizing module 'cv32e40x_mpu' (9#1) [C:/Users/aamalik3/Desktop/ICAP_Readback/Benchmarks/RISC_RTL_Project/RISC_RTL_Project.srcs/sources_1/imports/AES_RISC/cv32e40x_core/cv32e40x_mpu.sv:26]
INFO: [Synth 8-6157] synthesizing module 'cv32e40x_instr_obi_interface' [C:/Users/aamalik3/Desktop/ICAP_Readback/Benchmarks/RISC_RTL_Project/RISC_RTL_Project.srcs/sources_1/imports/AES_RISC/cv32e40x_core/cv32e40x_instr_obi_interface.sv:38]
INFO: [Synth 8-226] default block is never used [C:/Users/aamalik3/Desktop/ICAP_Readback/Benchmarks/RISC_RTL_Project/RISC_RTL_Project.srcs/sources_1/imports/AES_RISC/cv32e40x_core/cv32e40x_instr_obi_interface.sv:93]
INFO: [Synth 8-6155] done synthesizing module 'cv32e40x_instr_obi_interface' (10#1) [C:/Users/aamalik3/Desktop/ICAP_Readback/Benchmarks/RISC_RTL_Project/RISC_RTL_Project.srcs/sources_1/imports/AES_RISC/cv32e40x_core/cv32e40x_instr_obi_interface.sv:38]
INFO: [Synth 8-6157] synthesizing module 'cv32e40x_compressed_decoder' [C:/Users/aamalik3/Desktop/ICAP_Readback/Benchmarks/RISC_RTL_Project/RISC_RTL_Project.srcs/sources_1/imports/AES_RISC/cv32e40x_core/cv32e40x_compressed_decoder.sv:27]
	Parameter ZC_EXT bound to: 1'b1 
	Parameter B_EXT bound to: 2'b00 
	Parameter M_EXT bound to: 2'b01 
INFO: [Synth 8-294] found qualifier unique on case statement: implementing as parallel_case [C:/Users/aamalik3/Desktop/ICAP_Readback/Benchmarks/RISC_RTL_Project/RISC_RTL_Project.srcs/sources_1/imports/AES_RISC/cv32e40x_core/cv32e40x_compressed_decoder.sv:62]
INFO: [Synth 8-294] found qualifier unique on case statement: implementing as parallel_case [C:/Users/aamalik3/Desktop/ICAP_Readback/Benchmarks/RISC_RTL_Project/RISC_RTL_Project.srcs/sources_1/imports/AES_RISC/cv32e40x_core/cv32e40x_compressed_decoder.sv:65]
INFO: [Synth 8-226] default block is never used [C:/Users/aamalik3/Desktop/ICAP_Readback/Benchmarks/RISC_RTL_Project/RISC_RTL_Project.srcs/sources_1/imports/AES_RISC/cv32e40x_core/cv32e40x_compressed_decoder.sv:65]
INFO: [Synth 8-294] found qualifier unique on case statement: implementing as parallel_case [C:/Users/aamalik3/Desktop/ICAP_Readback/Benchmarks/RISC_RTL_Project/RISC_RTL_Project.srcs/sources_1/imports/AES_RISC/cv32e40x_core/cv32e40x_compressed_decoder.sv:87]
INFO: [Synth 8-294] found qualifier unique on case statement: implementing as parallel_case [C:/Users/aamalik3/Desktop/ICAP_Readback/Benchmarks/RISC_RTL_Project/RISC_RTL_Project.srcs/sources_1/imports/AES_RISC/cv32e40x_core/cv32e40x_compressed_decoder.sv:138]
INFO: [Synth 8-226] default block is never used [C:/Users/aamalik3/Desktop/ICAP_Readback/Benchmarks/RISC_RTL_Project/RISC_RTL_Project.srcs/sources_1/imports/AES_RISC/cv32e40x_core/cv32e40x_compressed_decoder.sv:138]
INFO: [Synth 8-294] found qualifier unique on case statement: implementing as parallel_case [C:/Users/aamalik3/Desktop/ICAP_Readback/Benchmarks/RISC_RTL_Project/RISC_RTL_Project.srcs/sources_1/imports/AES_RISC/cv32e40x_core/cv32e40x_compressed_decoder.sv:180]
INFO: [Synth 8-226] default block is never used [C:/Users/aamalik3/Desktop/ICAP_Readback/Benchmarks/RISC_RTL_Project/RISC_RTL_Project.srcs/sources_1/imports/AES_RISC/cv32e40x_core/cv32e40x_compressed_decoder.sv:180]
INFO: [Synth 8-294] found qualifier unique on case statement: implementing as parallel_case [C:/Users/aamalik3/Desktop/ICAP_Readback/Benchmarks/RISC_RTL_Project/RISC_RTL_Project.srcs/sources_1/imports/AES_RISC/cv32e40x_core/cv32e40x_compressed_decoder.sv:205]
INFO: [Synth 8-226] default block is never used [C:/Users/aamalik3/Desktop/ICAP_Readback/Benchmarks/RISC_RTL_Project/RISC_RTL_Project.srcs/sources_1/imports/AES_RISC/cv32e40x_core/cv32e40x_compressed_decoder.sv:205]
INFO: [Synth 8-294] found qualifier unique on case statement: implementing as parallel_case [C:/Users/aamalik3/Desktop/ICAP_Readback/Benchmarks/RISC_RTL_Project/RISC_RTL_Project.srcs/sources_1/imports/AES_RISC/cv32e40x_core/cv32e40x_compressed_decoder.sv:238]
INFO: [Synth 8-294] found qualifier unique on case statement: implementing as parallel_case [C:/Users/aamalik3/Desktop/ICAP_Readback/Benchmarks/RISC_RTL_Project/RISC_RTL_Project.srcs/sources_1/imports/AES_RISC/cv32e40x_core/cv32e40x_compressed_decoder.sv:309]
INFO: [Synth 8-226] default block is never used [C:/Users/aamalik3/Desktop/ICAP_Readback/Benchmarks/RISC_RTL_Project/RISC_RTL_Project.srcs/sources_1/imports/AES_RISC/cv32e40x_core/cv32e40x_compressed_decoder.sv:309]
INFO: [Synth 8-6155] done synthesizing module 'cv32e40x_compressed_decoder' (11#1) [C:/Users/aamalik3/Desktop/ICAP_Readback/Benchmarks/RISC_RTL_Project/RISC_RTL_Project.srcs/sources_1/imports/AES_RISC/cv32e40x_core/cv32e40x_compressed_decoder.sv:27]
INFO: [Synth 8-6155] done synthesizing module 'cv32e40x_if_stage' (12#1) [C:/Users/aamalik3/Desktop/ICAP_Readback/Benchmarks/RISC_RTL_Project/RISC_RTL_Project.srcs/sources_1/imports/AES_RISC/cv32e40x_core/cv32e40x_if_stage.sv:29]
INFO: [Synth 8-6157] synthesizing module 'cv32e40x_id_stage' [C:/Users/aamalik3/Desktop/ICAP_Readback/Benchmarks/RISC_RTL_Project/RISC_RTL_Project.srcs/sources_1/imports/AES_RISC/cv32e40x_core/cv32e40x_id_stage.sv:33]
	Parameter RV32 bound to: 1'b0 
	Parameter A_EXT bound to: 2'b00 
	Parameter B_EXT bound to: 2'b00 
	Parameter M_EXT bound to: 2'b01 
	Parameter X_EXT bound to: 1'b0 
	Parameter DEBUG_TRIGGER_EN bound to: 1 - type: integer 
	Parameter REGFILE_NUM_READ_PORTS bound to: 32'b00000000000000000000000000000010 
	Parameter SMCLIC bound to: 1'b0 
	Parameter REG_S1_MSB bound to: 19 - type: integer 
	Parameter REG_S1_LSB bound to: 15 - type: integer 
	Parameter REG_S2_MSB bound to: 24 - type: integer 
	Parameter REG_S2_LSB bound to: 20 - type: integer 
	Parameter REG_S3_MSB bound to: 31 - type: integer 
	Parameter REG_S3_LSB bound to: 27 - type: integer 
	Parameter REG_D_MSB bound to: 11 - type: integer 
	Parameter REG_D_LSB bound to: 7 - type: integer 
INFO: [Synth 8-6157] synthesizing module 'cv32e40x_pc_target' [C:/Users/aamalik3/Desktop/ICAP_Readback/Benchmarks/RISC_RTL_Project/RISC_RTL_Project.srcs/sources_1/imports/AES_RISC/cv32e40x_core/cv32e40x_pc_target.sv:26]
INFO: [Synth 8-294] found qualifier unique on case statement: implementing as parallel_case [C:/Users/aamalik3/Desktop/ICAP_Readback/Benchmarks/RISC_RTL_Project/RISC_RTL_Project.srcs/sources_1/imports/AES_RISC/cv32e40x_core/cv32e40x_pc_target.sv:46]
INFO: [Synth 8-226] default block is never used [C:/Users/aamalik3/Desktop/ICAP_Readback/Benchmarks/RISC_RTL_Project/RISC_RTL_Project.srcs/sources_1/imports/AES_RISC/cv32e40x_core/cv32e40x_pc_target.sv:46]
INFO: [Synth 8-6155] done synthesizing module 'cv32e40x_pc_target' (13#1) [C:/Users/aamalik3/Desktop/ICAP_Readback/Benchmarks/RISC_RTL_Project/RISC_RTL_Project.srcs/sources_1/imports/AES_RISC/cv32e40x_core/cv32e40x_pc_target.sv:26]
INFO: [Synth 8-294] found qualifier unique on case statement: implementing as parallel_case [C:/Users/aamalik3/Desktop/ICAP_Readback/Benchmarks/RISC_RTL_Project/RISC_RTL_Project.srcs/sources_1/imports/AES_RISC/cv32e40x_core/cv32e40x_id_stage.sv:324]
INFO: [Synth 8-226] default block is never used [C:/Users/aamalik3/Desktop/ICAP_Readback/Benchmarks/RISC_RTL_Project/RISC_RTL_Project.srcs/sources_1/imports/AES_RISC/cv32e40x_core/cv32e40x_id_stage.sv:324]
INFO: [Synth 8-226] default block is never used [C:/Users/aamalik3/Desktop/ICAP_Readback/Benchmarks/RISC_RTL_Project/RISC_RTL_Project.srcs/sources_1/imports/AES_RISC/cv32e40x_core/cv32e40x_id_stage.sv:342]
INFO: [Synth 8-294] found qualifier unique on case statement: implementing as parallel_case [C:/Users/aamalik3/Desktop/ICAP_Readback/Benchmarks/RISC_RTL_Project/RISC_RTL_Project.srcs/sources_1/imports/AES_RISC/cv32e40x_core/cv32e40x_id_stage.sv:360]
INFO: [Synth 8-6157] synthesizing module 'cv32e40x_decoder' [C:/Users/aamalik3/Desktop/ICAP_Readback/Benchmarks/RISC_RTL_Project/RISC_RTL_Project.srcs/sources_1/imports/AES_RISC/cv32e40x_core/cv32e40x_decoder.sv:28]
	Parameter RV32 bound to: 1'b0 
	Parameter REGFILE_NUM_READ_PORTS bound to: 32'b00000000000000000000000000000010 
	Parameter A_EXT bound to: 2'b00 
	Parameter B_EXT bound to: 2'b00 
	Parameter M_EXT bound to: 2'b01 
	Parameter DEBUG_TRIGGER_EN bound to: 1 - type: integer 
	Parameter SMCLIC bound to: 1'b0 
INFO: [Synth 8-6157] synthesizing module 'cv32e40x_m_decoder' [C:/Users/aamalik3/Desktop/ICAP_Readback/Benchmarks/RISC_RTL_Project/RISC_RTL_Project.srcs/sources_1/imports/AES_RISC/cv32e40x_core/cv32e40x_m_decoder.sv:29]
	Parameter M_EXT bound to: 2'b01 
INFO: [Synth 8-294] found qualifier unique on case statement: implementing as parallel_case [C:/Users/aamalik3/Desktop/ICAP_Readback/Benchmarks/RISC_RTL_Project/RISC_RTL_Project.srcs/sources_1/imports/AES_RISC/cv32e40x_core/cv32e40x_m_decoder.sv:46]
INFO: [Synth 8-294] found qualifier unique on case statement: implementing as parallel_case [C:/Users/aamalik3/Desktop/ICAP_Readback/Benchmarks/RISC_RTL_Project/RISC_RTL_Project.srcs/sources_1/imports/AES_RISC/cv32e40x_core/cv32e40x_m_decoder.sv:61]
INFO: [Synth 8-6155] done synthesizing module 'cv32e40x_m_decoder' (14#1) [C:/Users/aamalik3/Desktop/ICAP_Readback/Benchmarks/RISC_RTL_Project/RISC_RTL_Project.srcs/sources_1/imports/AES_RISC/cv32e40x_core/cv32e40x_m_decoder.sv:29]
INFO: [Synth 8-6157] synthesizing module 'cv32e40x_i_decoder' [C:/Users/aamalik3/Desktop/ICAP_Readback/Benchmarks/RISC_RTL_Project/RISC_RTL_Project.srcs/sources_1/imports/AES_RISC/cv32e40x_core/cv32e40x_i_decoder.sv:30]
	Parameter DEBUG_TRIGGER_EN bound to: 1 - type: integer 
	Parameter SMCLIC bound to: 1'b0 
	Parameter CUSTOM_EXT bound to: 1 - type: integer 
INFO: [Synth 8-294] found qualifier unique on case statement: implementing as parallel_case [C:/Users/aamalik3/Desktop/ICAP_Readback/Benchmarks/RISC_RTL_Project/RISC_RTL_Project.srcs/sources_1/imports/AES_RISC/cv32e40x_core/cv32e40x_i_decoder.sv:52]
INFO: [Synth 8-294] found qualifier unique on case statement: implementing as parallel_case [C:/Users/aamalik3/Desktop/ICAP_Readback/Benchmarks/RISC_RTL_Project/RISC_RTL_Project.srcs/sources_1/imports/AES_RISC/cv32e40x_core/cv32e40x_i_decoder.sv:106]
INFO: [Synth 8-294] found qualifier unique on case statement: implementing as parallel_case [C:/Users/aamalik3/Desktop/ICAP_Readback/Benchmarks/RISC_RTL_Project/RISC_RTL_Project.srcs/sources_1/imports/AES_RISC/cv32e40x_core/cv32e40x_i_decoder.sv:205]
INFO: [Synth 8-226] default block is never used [C:/Users/aamalik3/Desktop/ICAP_Readback/Benchmarks/RISC_RTL_Project/RISC_RTL_Project.srcs/sources_1/imports/AES_RISC/cv32e40x_core/cv32e40x_i_decoder.sv:205]
INFO: [Synth 8-294] found qualifier unique on case statement: implementing as parallel_case [C:/Users/aamalik3/Desktop/ICAP_Readback/Benchmarks/RISC_RTL_Project/RISC_RTL_Project.srcs/sources_1/imports/AES_RISC/cv32e40x_core/cv32e40x_i_decoder.sv:247]
INFO: [Synth 8-294] found qualifier unique on case statement: implementing as parallel_case [C:/Users/aamalik3/Desktop/ICAP_Readback/Benchmarks/RISC_RTL_Project/RISC_RTL_Project.srcs/sources_1/imports/AES_RISC/cv32e40x_core/cv32e40x_i_decoder.sv:277]
INFO: [Synth 8-294] found qualifier unique on case statement: implementing as parallel_case [C:/Users/aamalik3/Desktop/ICAP_Readback/Benchmarks/RISC_RTL_Project/RISC_RTL_Project.srcs/sources_1/imports/AES_RISC/cv32e40x_core/cv32e40x_i_decoder.sv:299]
INFO: [Synth 8-294] found qualifier unique on case statement: implementing as parallel_case [C:/Users/aamalik3/Desktop/ICAP_Readback/Benchmarks/RISC_RTL_Project/RISC_RTL_Project.srcs/sources_1/imports/AES_RISC/cv32e40x_core/cv32e40x_i_decoder.sv:365]
INFO: [Synth 8-6155] done synthesizing module 'cv32e40x_i_decoder' (15#1) [C:/Users/aamalik3/Desktop/ICAP_Readback/Benchmarks/RISC_RTL_Project/RISC_RTL_Project.srcs/sources_1/imports/AES_RISC/cv32e40x_core/cv32e40x_i_decoder.sv:30]
INFO: [Synth 8-294] found qualifier unique on case statement: implementing as parallel_case [C:/Users/aamalik3/Desktop/ICAP_Readback/Benchmarks/RISC_RTL_Project/RISC_RTL_Project.srcs/sources_1/imports/AES_RISC/cv32e40x_core/cv32e40x_decoder.sv:249]
INFO: [Synth 8-6155] done synthesizing module 'cv32e40x_decoder' (16#1) [C:/Users/aamalik3/Desktop/ICAP_Readback/Benchmarks/RISC_RTL_Project/RISC_RTL_Project.srcs/sources_1/imports/AES_RISC/cv32e40x_core/cv32e40x_decoder.sv:28]
WARNING: [Synth 8-3848] Net xif_offloading_o in module/entity cv32e40x_id_stage does not have driver. [C:/Users/aamalik3/Desktop/ICAP_Readback/Benchmarks/RISC_RTL_Project/RISC_RTL_Project.srcs/sources_1/imports/AES_RISC/cv32e40x_core/cv32e40x_id_stage.sv:102]
INFO: [Synth 8-6155] done synthesizing module 'cv32e40x_id_stage' (17#1) [C:/Users/aamalik3/Desktop/ICAP_Readback/Benchmarks/RISC_RTL_Project/RISC_RTL_Project.srcs/sources_1/imports/AES_RISC/cv32e40x_core/cv32e40x_id_stage.sv:33]
INFO: [Synth 8-6157] synthesizing module 'cv32e40x_ex_stage' [C:/Users/aamalik3/Desktop/ICAP_Readback/Benchmarks/RISC_RTL_Project/RISC_RTL_Project.srcs/sources_1/imports/AES_RISC/cv32e40x_core/cv32e40x_ex_stage.sv:33]
	Parameter X_EXT bound to: 1'b0 
	Parameter B_EXT bound to: 2'b00 
	Parameter M_EXT bound to: 2'b01 
INFO: [Synth 8-6157] synthesizing module 'cv32e40x_div' [C:/Users/aamalik3/Desktop/ICAP_Readback/Benchmarks/RISC_RTL_Project/RISC_RTL_Project.srcs/sources_1/imports/AES_RISC/cv32e40x_core/cv32e40x_div.sv:28]
INFO: [Synth 8-226] default block is never used [C:/Users/aamalik3/Desktop/ICAP_Readback/Benchmarks/RISC_RTL_Project/RISC_RTL_Project.srcs/sources_1/imports/AES_RISC/cv32e40x_core/cv32e40x_div.sv:119]
INFO: [Synth 8-226] default block is never used [C:/Users/aamalik3/Desktop/ICAP_Readback/Benchmarks/RISC_RTL_Project/RISC_RTL_Project.srcs/sources_1/imports/AES_RISC/cv32e40x_core/cv32e40x_div.sv:211]
INFO: [Synth 8-6155] done synthesizing module 'cv32e40x_div' (18#1) [C:/Users/aamalik3/Desktop/ICAP_Readback/Benchmarks/RISC_RTL_Project/RISC_RTL_Project.srcs/sources_1/imports/AES_RISC/cv32e40x_core/cv32e40x_div.sv:28]
INFO: [Synth 8-6157] synthesizing module 'cv32e40x_mult' [C:/Users/aamalik3/Desktop/ICAP_Readback/Benchmarks/RISC_RTL_Project/RISC_RTL_Project.srcs/sources_1/imports/AES_RISC/cv32e40x_core/cv32e40x_mult.sv:27]
INFO: [Synth 8-226] default block is never used [C:/Users/aamalik3/Desktop/ICAP_Readback/Benchmarks/RISC_RTL_Project/RISC_RTL_Project.srcs/sources_1/imports/AES_RISC/cv32e40x_core/cv32e40x_mult.sv:119]
INFO: [Synth 8-6155] done synthesizing module 'cv32e40x_mult' (19#1) [C:/Users/aamalik3/Desktop/ICAP_Readback/Benchmarks/RISC_RTL_Project/RISC_RTL_Project.srcs/sources_1/imports/AES_RISC/cv32e40x_core/cv32e40x_mult.sv:27]
INFO: [Synth 8-294] found qualifier unique on case statement: implementing as parallel_case [C:/Users/aamalik3/Desktop/ICAP_Readback/Benchmarks/RISC_RTL_Project/RISC_RTL_Project.srcs/sources_1/imports/AES_RISC/cv32e40x_core/cv32e40x_ex_stage.sv:161]
INFO: [Synth 8-6157] synthesizing module 'cv32e40x_alu' [C:/Users/aamalik3/Desktop/ICAP_Readback/Benchmarks/RISC_RTL_Project/RISC_RTL_Project.srcs/sources_1/imports/AES_RISC/cv32e40x_core/cv32e40x_alu.sv:50]
	Parameter B_EXT bound to: 2'b00 
INFO: [Synth 8-294] found qualifier unique on case statement: implementing as parallel_case [C:/Users/aamalik3/Desktop/ICAP_Readback/Benchmarks/RISC_RTL_Project/RISC_RTL_Project.srcs/sources_1/imports/AES_RISC/cv32e40x_core/cv32e40x_alu.sv:151]
INFO: [Synth 8-294] found qualifier unique on case statement: implementing as parallel_case [C:/Users/aamalik3/Desktop/ICAP_Readback/Benchmarks/RISC_RTL_Project/RISC_RTL_Project.srcs/sources_1/imports/AES_RISC/cv32e40x_core/cv32e40x_alu.sv:181]
INFO: [Synth 8-294] found qualifier unique on case statement: implementing as parallel_case [C:/Users/aamalik3/Desktop/ICAP_Readback/Benchmarks/RISC_RTL_Project/RISC_RTL_Project.srcs/sources_1/imports/AES_RISC/cv32e40x_core/cv32e40x_alu.sv:226]
INFO: [Synth 8-6157] synthesizing module 'cv32e40x_ff_one' [C:/Users/aamalik3/Desktop/ICAP_Readback/Benchmarks/RISC_RTL_Project/RISC_RTL_Project.srcs/sources_1/imports/AES_RISC/cv32e40x_core/cv32e40x_ff_one.sv:25]
	Parameter LEN bound to: 32 - type: integer 
	Parameter NUM_LEVELS bound to: 5 - type: integer 
INFO: [Synth 8-6155] done synthesizing module 'cv32e40x_ff_one' (20#1) [C:/Users/aamalik3/Desktop/ICAP_Readback/Benchmarks/RISC_RTL_Project/RISC_RTL_Project.srcs/sources_1/imports/AES_RISC/cv32e40x_core/cv32e40x_ff_one.sv:25]
INFO: [Synth 8-6157] synthesizing module 'cv32e40x_alu_b_cpop' [C:/Users/aamalik3/Desktop/ICAP_Readback/Benchmarks/RISC_RTL_Project/RISC_RTL_Project.srcs/sources_1/imports/AES_RISC/cv32e40x_core/cv32e40x_alu_b_cpop.sv:30]
INFO: [Synth 8-6155] done synthesizing module 'cv32e40x_alu_b_cpop' (21#1) [C:/Users/aamalik3/Desktop/ICAP_Readback/Benchmarks/RISC_RTL_Project/RISC_RTL_Project.srcs/sources_1/imports/AES_RISC/cv32e40x_core/cv32e40x_alu_b_cpop.sv:30]
INFO: [Synth 8-294] found qualifier unique on case statement: implementing as parallel_case [C:/Users/aamalik3/Desktop/ICAP_Readback/Benchmarks/RISC_RTL_Project/RISC_RTL_Project.srcs/sources_1/imports/AES_RISC/cv32e40x_core/cv32e40x_alu.sv:335]
WARNING: [Synth 8-3936] Found unconnected internal register 'shifter_tmp_reg' and it is trimmed from '64' to '32' bits. [C:/Users/aamalik3/Desktop/ICAP_Readback/Benchmarks/RISC_RTL_Project/RISC_RTL_Project.srcs/sources_1/imports/AES_RISC/cv32e40x_core/cv32e40x_alu.sv:169]
INFO: [Synth 8-6155] done synthesizing module 'cv32e40x_alu' (22#1) [C:/Users/aamalik3/Desktop/ICAP_Readback/Benchmarks/RISC_RTL_Project/RISC_RTL_Project.srcs/sources_1/imports/AES_RISC/cv32e40x_core/cv32e40x_alu.sv:50]
INFO: [Synth 8-6155] done synthesizing module 'cv32e40x_ex_stage' (23#1) [C:/Users/aamalik3/Desktop/ICAP_Readback/Benchmarks/RISC_RTL_Project/RISC_RTL_Project.srcs/sources_1/imports/AES_RISC/cv32e40x_core/cv32e40x_ex_stage.sv:33]
INFO: [Synth 8-6157] synthesizing module 'cv32e40x_load_store_unit' [C:/Users/aamalik3/Desktop/ICAP_Readback/Benchmarks/RISC_RTL_Project/RISC_RTL_Project.srcs/sources_1/imports/AES_RISC/cv32e40x_core/cv32e40x_load_store_unit.sv:28]
	Parameter A_EXT bound to: 2'b00 
	Parameter X_EXT bound to: 1'b0 
	Parameter X_ID_WIDTH bound to: 32'sb00000000000000000000000000000100 
	Parameter PMA_NUM_REGIONS bound to: 32'sb00000000000000000000000000000000 
	Parameter PMA_CFG bound to: 136'b0000000000000000000000000000000000000000000000000000000000000000000000000000000000000000000000000000000000000000000000000000000000000000 
	Parameter DBG_NUM_TRIGGERS bound to: 32'sb00000000000000000000000000000001 
	Parameter DEBUG bound to: 32'sb00000000000000000000000000000001 
	Parameter DM_REGION_START bound to: -268435456 - type: integer 
	Parameter DM_REGION_END bound to: -268419073 - type: integer 
	Parameter DEPTH bound to: 2 - type: integer 
INFO: [Synth 8-6157] synthesizing module 'cv32e40x_wpt' [C:/Users/aamalik3/Desktop/ICAP_Readback/Benchmarks/RISC_RTL_Project/RISC_RTL_Project.srcs/sources_1/imports/AES_RISC/cv32e40x_core/cv32e40x_wpt.sv:31]
INFO: [Synth 8-6155] done synthesizing module 'cv32e40x_wpt' (24#1) [C:/Users/aamalik3/Desktop/ICAP_Readback/Benchmarks/RISC_RTL_Project/RISC_RTL_Project.srcs/sources_1/imports/AES_RISC/cv32e40x_core/cv32e40x_wpt.sv:31]
INFO: [Synth 8-226] default block is never used [C:/Users/aamalik3/Desktop/ICAP_Readback/Benchmarks/RISC_RTL_Project/RISC_RTL_Project.srcs/sources_1/imports/AES_RISC/cv32e40x_core/cv32e40x_load_store_unit.sv:216]
INFO: [Synth 8-226] default block is never used [C:/Users/aamalik3/Desktop/ICAP_Readback/Benchmarks/RISC_RTL_Project/RISC_RTL_Project.srcs/sources_1/imports/AES_RISC/cv32e40x_core/cv32e40x_load_store_unit.sv:228]
INFO: [Synth 8-226] default block is never used [C:/Users/aamalik3/Desktop/ICAP_Readback/Benchmarks/RISC_RTL_Project/RISC_RTL_Project.srcs/sources_1/imports/AES_RISC/cv32e40x_core/cv32e40x_load_store_unit.sv:245]
INFO: [Synth 8-226] default block is never used [C:/Users/aamalik3/Desktop/ICAP_Readback/Benchmarks/RISC_RTL_Project/RISC_RTL_Project.srcs/sources_1/imports/AES_RISC/cv32e40x_core/cv32e40x_load_store_unit.sv:255]
INFO: [Synth 8-226] default block is never used [C:/Users/aamalik3/Desktop/ICAP_Readback/Benchmarks/RISC_RTL_Project/RISC_RTL_Project.srcs/sources_1/imports/AES_RISC/cv32e40x_core/cv32e40x_load_store_unit.sv:272]
INFO: [Synth 8-226] default block is never used [C:/Users/aamalik3/Desktop/ICAP_Readback/Benchmarks/RISC_RTL_Project/RISC_RTL_Project.srcs/sources_1/imports/AES_RISC/cv32e40x_core/cv32e40x_load_store_unit.sv:603]
INFO: [Synth 8-6157] synthesizing module 'cv32e40x_mpu__parameterized0' [C:/Users/aamalik3/Desktop/ICAP_Readback/Benchmarks/RISC_RTL_Project/RISC_RTL_Project.srcs/sources_1/imports/AES_RISC/cv32e40x_core/cv32e40x_mpu.sv:26]
	Parameter IF_STAGE bound to: 1'b0 
	Parameter A_EXT bound to: 2'b00 
	Parameter PMA_NUM_REGIONS bound to: 32'sb00000000000000000000000000000000 
	Parameter PMA_CFG bound to: 136'b0000000000000000000000000000000000000000000000000000000000000000000000000000000000000000000000000000000000000000000000000000000000000000 
	Parameter DEBUG bound to: 32'sb00000000000000000000000000000001 
	Parameter DM_REGION_START bound to: -268435456 - type: integer 
	Parameter DM_REGION_END bound to: -268419073 - type: integer 
INFO: [Synth 8-6155] done synthesizing module 'cv32e40x_mpu__parameterized0' (24#1) [C:/Users/aamalik3/Desktop/ICAP_Readback/Benchmarks/RISC_RTL_Project/RISC_RTL_Project.srcs/sources_1/imports/AES_RISC/cv32e40x_core/cv32e40x_mpu.sv:26]
INFO: [Synth 8-6157] synthesizing module 'cv32e40x_lsu_response_filter' [C:/Users/aamalik3/Desktop/ICAP_Readback/Benchmarks/RISC_RTL_Project/RISC_RTL_Project.srcs/sources_1/imports/AES_RISC/cv32e40x_core/cv32e40x_lsu_response_filter.sv:33]
	Parameter DEPTH bound to: 2 - type: integer 
	Parameter CNT_WIDTH bound to: 2 - type: integer 
INFO: [Synth 8-6155] done synthesizing module 'cv32e40x_lsu_response_filter' (25#1) [C:/Users/aamalik3/Desktop/ICAP_Readback/Benchmarks/RISC_RTL_Project/RISC_RTL_Project.srcs/sources_1/imports/AES_RISC/cv32e40x_core/cv32e40x_lsu_response_filter.sv:33]
INFO: [Synth 8-6157] synthesizing module 'cv32e40x_write_buffer' [C:/Users/aamalik3/Desktop/ICAP_Readback/Benchmarks/RISC_RTL_Project/RISC_RTL_Project.srcs/sources_1/imports/AES_RISC/cv32e40x_core/cv32e40x_write_buffer.sv:32]
	Parameter PMA_NUM_REGIONS bound to: 32'sb00000000000000000000000000000000 
	Parameter PMA_CFG bound to: 136'b0000000000000000000000000000000000000000000000000000000000000000000000000000000000000000000000000000000000000000000000000000000000000000 
INFO: [Synth 8-226] default block is never used [C:/Users/aamalik3/Desktop/ICAP_Readback/Benchmarks/RISC_RTL_Project/RISC_RTL_Project.srcs/sources_1/imports/AES_RISC/cv32e40x_core/cv32e40x_write_buffer.sv:76]
INFO: [Synth 8-6155] done synthesizing module 'cv32e40x_write_buffer' (26#1) [C:/Users/aamalik3/Desktop/ICAP_Readback/Benchmarks/RISC_RTL_Project/RISC_RTL_Project.srcs/sources_1/imports/AES_RISC/cv32e40x_core/cv32e40x_write_buffer.sv:32]
INFO: [Synth 8-6157] synthesizing module 'cv32e40x_data_obi_interface' [C:/Users/aamalik3/Desktop/ICAP_Readback/Benchmarks/RISC_RTL_Project/RISC_RTL_Project.srcs/sources_1/imports/AES_RISC/cv32e40x_core/cv32e40x_data_obi_interface.sv:38]
INFO: [Synth 8-6155] done synthesizing module 'cv32e40x_data_obi_interface' (27#1) [C:/Users/aamalik3/Desktop/ICAP_Readback/Benchmarks/RISC_RTL_Project/RISC_RTL_Project.srcs/sources_1/imports/AES_RISC/cv32e40x_core/cv32e40x_data_obi_interface.sv:38]
WARNING: [Synth 8-6014] Unused sequential element last_q_reg was removed.  [C:/Users/aamalik3/Desktop/ICAP_Readback/Benchmarks/RISC_RTL_Project/RISC_RTL_Project.srcs/sources_1/imports/AES_RISC/cv32e40x_core/cv32e40x_load_store_unit.sv:290]
INFO: [Synth 8-6155] done synthesizing module 'cv32e40x_load_store_unit' (28#1) [C:/Users/aamalik3/Desktop/ICAP_Readback/Benchmarks/RISC_RTL_Project/RISC_RTL_Project.srcs/sources_1/imports/AES_RISC/cv32e40x_core/cv32e40x_load_store_unit.sv:28]
INFO: [Synth 8-6157] synthesizing module 'cv32e40x_wb_stage' [C:/Users/aamalik3/Desktop/ICAP_Readback/Benchmarks/RISC_RTL_Project/RISC_RTL_Project.srcs/sources_1/imports/AES_RISC/cv32e40x_core/cv32e40x_wb_stage.sv:37]
	Parameter DEBUG bound to: 32'sb00000000000000000000000000000001 
INFO: [Synth 8-6155] done synthesizing module 'cv32e40x_wb_stage' (29#1) [C:/Users/aamalik3/Desktop/ICAP_Readback/Benchmarks/RISC_RTL_Project/RISC_RTL_Project.srcs/sources_1/imports/AES_RISC/cv32e40x_core/cv32e40x_wb_stage.sv:37]
INFO: [Synth 8-6157] synthesizing module 'cv32e40x_cs_registers' [C:/Users/aamalik3/Desktop/ICAP_Readback/Benchmarks/RISC_RTL_Project/RISC_RTL_Project.srcs/sources_1/imports/AES_RISC/cv32e40x_core/cv32e40x_cs_registers.sv:30]
	Parameter RV32 bound to: 1'b0 
	Parameter A_EXT bound to: 2'b00 
	Parameter M_EXT bound to: 2'b01 
	Parameter X_EXT bound to: 1'b0 
	Parameter X_MISA bound to: 0 - type: integer 
	Parameter X_ECS_XS bound to: 2'b00 
	Parameter ZC_EXT bound to: 1'b1 
	Parameter SMCLIC bound to: 1'b0 
	Parameter SMCLIC_ID_WIDTH bound to: 32'sb00000000000000000000000000000101 
	Parameter SMCLIC_INTTHRESHBITS bound to: 32'sb00000000000000000000000000001000 
	Parameter NUM_MHPMCOUNTERS bound to: 0 - type: integer 
	Parameter DEBUG bound to: 32'sb00000000000000000000000000000001 
	Parameter DBG_NUM_TRIGGERS bound to: 32'sb00000000000000000000000000000001 
	Parameter MTVT_ADDR_WIDTH bound to: 32'b00000000000000000000000000011001 
	Parameter CORE_MISA bound to: 32'b01000000100000000001000100000100 
	Parameter MISA_VALUE bound to: 32'b01000000100000000001000100000100 
	Parameter CSR_MINTTHRESH_MASK bound to: 255 - type: integer 
	Parameter HPM_EVENT_FLOP bound to: 16'b1111111111000000 
	Parameter MHPMCOUNTERS_MASK bound to: 29'b00000000000000000000000000000 
	Parameter MCOUNTINHIBIT_MASK bound to: 32'b00000000000000000000000000000101 
INFO: [Synth 8-6157] synthesizing module 'cv32e40x_csr' [C:/Users/aamalik3/Desktop/ICAP_Readback/Benchmarks/RISC_RTL_Project/RISC_RTL_Project.srcs/sources_1/imports/AES_RISC/cv32e40x_core/cv32e40x_csr.sv:10]
	Parameter WIDTH bound to: 32'b00000000000000000000000000100000 
	Parameter RESETVALUE bound to: 0 - type: integer 
INFO: [Synth 8-6155] done synthesizing module 'cv32e40x_csr' (30#1) [C:/Users/aamalik3/Desktop/ICAP_Readback/Benchmarks/RISC_RTL_Project/RISC_RTL_Project.srcs/sources_1/imports/AES_RISC/cv32e40x_core/cv32e40x_csr.sv:10]
INFO: [Synth 8-6157] synthesizing module 'cv32e40x_csr__parameterized0' [C:/Users/aamalik3/Desktop/ICAP_Readback/Benchmarks/RISC_RTL_Project/RISC_RTL_Project.srcs/sources_1/imports/AES_RISC/cv32e40x_core/cv32e40x_csr.sv:10]
	Parameter WIDTH bound to: 32'b00000000000000000000000000100000 
	Parameter RESETVALUE bound to: 32'b01000000000000000000010000010011 
INFO: [Synth 8-6155] done synthesizing module 'cv32e40x_csr__parameterized0' (30#1) [C:/Users/aamalik3/Desktop/ICAP_Readback/Benchmarks/RISC_RTL_Project/RISC_RTL_Project.srcs/sources_1/imports/AES_RISC/cv32e40x_core/cv32e40x_csr.sv:10]
INFO: [Synth 8-6157] synthesizing module 'cv32e40x_csr__parameterized1' [C:/Users/aamalik3/Desktop/ICAP_Readback/Benchmarks/RISC_RTL_Project/RISC_RTL_Project.srcs/sources_1/imports/AES_RISC/cv32e40x_core/cv32e40x_csr.sv:10]
	Parameter WIDTH bound to: 32'b00000000000000000000000000100000 
	Parameter RESETVALUE bound to: 32'b00000000000000000000000000000001 
INFO: [Synth 8-6155] done synthesizing module 'cv32e40x_csr__parameterized1' (30#1) [C:/Users/aamalik3/Desktop/ICAP_Readback/Benchmarks/RISC_RTL_Project/RISC_RTL_Project.srcs/sources_1/imports/AES_RISC/cv32e40x_core/cv32e40x_csr.sv:10]
INFO: [Synth 8-294] found qualifier unique on case statement: implementing as parallel_case [C:/Users/aamalik3/Desktop/ICAP_Readback/Benchmarks/RISC_RTL_Project/RISC_RTL_Project.srcs/sources_1/imports/AES_RISC/cv32e40x_core/cv32e40x_cs_registers.sv:1050]
INFO: [Synth 8-226] default block is never used [C:/Users/aamalik3/Desktop/ICAP_Readback/Benchmarks/RISC_RTL_Project/RISC_RTL_Project.srcs/sources_1/imports/AES_RISC/cv32e40x_core/cv32e40x_cs_registers.sv:1203]
INFO: [Synth 8-6157] synthesizing module 'cv32e40x_csr__parameterized2' [C:/Users/aamalik3/Desktop/ICAP_Readback/Benchmarks/RISC_RTL_Project/RISC_RTL_Project.srcs/sources_1/imports/AES_RISC/cv32e40x_core/cv32e40x_csr.sv:10]
	Parameter WIDTH bound to: 32'b00000000000000000000000000100000 
	Parameter RESETVALUE bound to: 32'b00000000000000000001100000000000 
INFO: [Synth 8-6155] done synthesizing module 'cv32e40x_csr__parameterized2' (30#1) [C:/Users/aamalik3/Desktop/ICAP_Readback/Benchmarks/RISC_RTL_Project/RISC_RTL_Project.srcs/sources_1/imports/AES_RISC/cv32e40x_core/cv32e40x_csr.sv:10]
INFO: [Synth 8-6157] synthesizing module 'cv32e40x_debug_triggers' [C:/Users/aamalik3/Desktop/ICAP_Readback/Benchmarks/RISC_RTL_Project/RISC_RTL_Project.srcs/sources_1/imports/AES_RISC/cv32e40x_core/cv32e40x_debug_triggers.sv:32]
	Parameter DBG_NUM_TRIGGERS bound to: 32'sb00000000000000000000000000000001 
	Parameter A_EXT bound to: 2'b00 
INFO: [Synth 8-6157] synthesizing module 'cv32e40x_csr__parameterized3' [C:/Users/aamalik3/Desktop/ICAP_Readback/Benchmarks/RISC_RTL_Project/RISC_RTL_Project.srcs/sources_1/imports/AES_RISC/cv32e40x_core/cv32e40x_csr.sv:10]
	Parameter WIDTH bound to: 32'b00000000000000000000000000100000 
	Parameter RESETVALUE bound to: 32'b00101000000000000001000000000000 
INFO: [Synth 8-6155] done synthesizing module 'cv32e40x_csr__parameterized3' (30#1) [C:/Users/aamalik3/Desktop/ICAP_Readback/Benchmarks/RISC_RTL_Project/RISC_RTL_Project.srcs/sources_1/imports/AES_RISC/cv32e40x_core/cv32e40x_csr.sv:10]
INFO: [Synth 8-6155] done synthesizing module 'cv32e40x_debug_triggers' (31#1) [C:/Users/aamalik3/Desktop/ICAP_Readback/Benchmarks/RISC_RTL_Project/RISC_RTL_Project.srcs/sources_1/imports/AES_RISC/cv32e40x_core/cv32e40x_debug_triggers.sv:32]
INFO: [Synth 8-6155] done synthesizing module 'cv32e40x_cs_registers' (32#1) [C:/Users/aamalik3/Desktop/ICAP_Readback/Benchmarks/RISC_RTL_Project/RISC_RTL_Project.srcs/sources_1/imports/AES_RISC/cv32e40x_core/cv32e40x_cs_registers.sv:30]
INFO: [Synth 8-6157] synthesizing module 'cv32e40x_controller' [C:/Users/aamalik3/Desktop/ICAP_Readback/Benchmarks/RISC_RTL_Project/RISC_RTL_Project.srcs/sources_1/imports/AES_RISC/cv32e40x_core/cv32e40x_controller.sv:32]
	Parameter X_EXT bound to: 1'b0 
	Parameter A_EXT bound to: 2'b00 
	Parameter REGFILE_NUM_READ_PORTS bound to: 32'b00000000000000000000000000000010 
	Parameter SMCLIC bound to: 1'b0 
	Parameter SMCLIC_ID_WIDTH bound to: 32'sb00000000000000000000000000000101 
	Parameter DEBUG bound to: 32'sb00000000000000000000000000000001 
INFO: [Synth 8-6157] synthesizing module 'cv32e40x_controller_fsm' [C:/Users/aamalik3/Desktop/ICAP_Readback/Benchmarks/RISC_RTL_Project/RISC_RTL_Project.srcs/sources_1/imports/AES_RISC/cv32e40x_core/cv32e40x_controller_fsm.sv:32]
	Parameter X_EXT bound to: 1'b0 
	Parameter DEBUG bound to: 32'sb00000000000000000000000000000001 
	Parameter SMCLIC bound to: 1'b0 
	Parameter SMCLIC_ID_WIDTH bound to: 32'sb00000000000000000000000000000101 
INFO: [Synth 8-294] found qualifier unique on case statement: implementing as parallel_case [C:/Users/aamalik3/Desktop/ICAP_Readback/Benchmarks/RISC_RTL_Project/RISC_RTL_Project.srcs/sources_1/imports/AES_RISC/cv32e40x_core/cv32e40x_controller_fsm.sv:597]
INFO: [Synth 8-226] default block is never used [C:/Users/aamalik3/Desktop/ICAP_Readback/Benchmarks/RISC_RTL_Project/RISC_RTL_Project.srcs/sources_1/imports/AES_RISC/cv32e40x_core/cv32e40x_controller_fsm.sv:597]
INFO: [Synth 8-294] found qualifier unique on case statement: implementing as parallel_case [C:/Users/aamalik3/Desktop/ICAP_Readback/Benchmarks/RISC_RTL_Project/RISC_RTL_Project.srcs/sources_1/imports/AES_RISC/cv32e40x_core/cv32e40x_controller_fsm.sv:695]
INFO: [Synth 8-226] default block is never used [C:/Users/aamalik3/Desktop/ICAP_Readback/Benchmarks/RISC_RTL_Project/RISC_RTL_Project.srcs/sources_1/imports/AES_RISC/cv32e40x_core/cv32e40x_controller_fsm.sv:695]
INFO: [Synth 8-6155] done synthesizing module 'cv32e40x_controller_fsm' (33#1) [C:/Users/aamalik3/Desktop/ICAP_Readback/Benchmarks/RISC_RTL_Project/RISC_RTL_Project.srcs/sources_1/imports/AES_RISC/cv32e40x_core/cv32e40x_controller_fsm.sv:32]
INFO: [Synth 8-6157] synthesizing module 'cv32e40x_controller_bypass' [C:/Users/aamalik3/Desktop/ICAP_Readback/Benchmarks/RISC_RTL_Project/RISC_RTL_Project.srcs/sources_1/imports/AES_RISC/cv32e40x_core/cv32e40x_controller_bypass.sv:33]
	Parameter REGFILE_NUM_READ_PORTS bound to: 32'b00000000000000000000000000000010 
	Parameter A_EXT bound to: 2'b00 
INFO: [Synth 8-6155] done synthesizing module 'cv32e40x_controller_bypass' (34#1) [C:/Users/aamalik3/Desktop/ICAP_Readback/Benchmarks/RISC_RTL_Project/RISC_RTL_Project.srcs/sources_1/imports/AES_RISC/cv32e40x_core/cv32e40x_controller_bypass.sv:33]
INFO: [Synth 8-6155] done synthesizing module 'cv32e40x_controller' (35#1) [C:/Users/aamalik3/Desktop/ICAP_Readback/Benchmarks/RISC_RTL_Project/RISC_RTL_Project.srcs/sources_1/imports/AES_RISC/cv32e40x_core/cv32e40x_controller.sv:32]
INFO: [Synth 8-6157] synthesizing module 'cv32e40x_register_file_wrapper' [C:/Users/aamalik3/Desktop/ICAP_Readback/Benchmarks/RISC_RTL_Project/RISC_RTL_Project.srcs/sources_1/imports/AES_RISC/cv32e40x_core/cv32e40x_register_file_wrapper.sv:31]
	Parameter REGFILE_NUM_READ_PORTS bound to: 32'b00000000000000000000000000000010 
	Parameter RV32 bound to: 1'b0 
INFO: [Synth 8-6157] synthesizing module 'cv32e40x_register_file' [C:/Users/aamalik3/Desktop/ICAP_Readback/Benchmarks/RISC_RTL_Project/RISC_RTL_Project.srcs/sources_1/imports/AES_RISC/cv32e40x_core/cv32e40x_register_file.sv:29]
	Parameter REGFILE_NUM_READ_PORTS bound to: 32'b00000000000000000000000000000010 
	Parameter RV32 bound to: 1'b0 
	Parameter REGFILE_NUM_WORDS bound to: 32 - type: integer 
	Parameter REGFILE_IMPL_ADDR_WIDTH bound to: 5 - type: integer 
INFO: [Synth 8-6155] done synthesizing module 'cv32e40x_register_file' (36#1) [C:/Users/aamalik3/Desktop/ICAP_Readback/Benchmarks/RISC_RTL_Project/RISC_RTL_Project.srcs/sources_1/imports/AES_RISC/cv32e40x_core/cv32e40x_register_file.sv:29]
INFO: [Synth 8-6155] done synthesizing module 'cv32e40x_register_file_wrapper' (37#1) [C:/Users/aamalik3/Desktop/ICAP_Readback/Benchmarks/RISC_RTL_Project/RISC_RTL_Project.srcs/sources_1/imports/AES_RISC/cv32e40x_core/cv32e40x_register_file_wrapper.sv:31]
INFO: [Synth 8-6155] done synthesizing module 'cv32e40x_core' (38#1) [C:/Users/aamalik3/Desktop/ICAP_Readback/Benchmarks/RISC_RTL_Project/RISC_RTL_Project.srcs/sources_1/imports/AES_RISC/cv32e40x_core/cv32e40x_core.sv:32]
INFO: [Synth 8-6157] synthesizing module 'dp_ram_1' [C:/Users/aamalik3/Desktop/ICAP_Readback/Benchmarks/RISC_RTL_Project/RISC_RTL_Project.srcs/sources_1/imports/top/dp_ram_1.sv:3]
	Parameter ADDR_WIDTH bound to: 17 - type: integer 
	Parameter INSTR_RDATA_WIDTH bound to: 8 - type: integer 
	Parameter bytes bound to: 131071 - type: integer 
INFO: [Synth 8-5534] Detected attribute (* KEEP = "true" *) [C:/Users/aamalik3/Desktop/ICAP_Readback/Benchmarks/RISC_RTL_Project/RISC_RTL_Project.srcs/sources_1/imports/top/dp_ram_1.sv:24]
INFO: [Synth 8-5534] Detected attribute (* KEEP = "true" *) [C:/Users/aamalik3/Desktop/ICAP_Readback/Benchmarks/RISC_RTL_Project/RISC_RTL_Project.srcs/sources_1/imports/top/dp_ram_1.sv:25]
INFO: [Synth 8-5534] Detected attribute (* KEEP = "true" *) [C:/Users/aamalik3/Desktop/ICAP_Readback/Benchmarks/RISC_RTL_Project/RISC_RTL_Project.srcs/sources_1/imports/top/dp_ram_1.sv:26]
INFO: [Synth 8-3876] $readmem data file 'C:/Users/aamalik3/Desktop/ICAP_Readback/Benchmarks/memfiles/falcon512int/falcon512int_1.hex' is read successfully [C:/Users/aamalik3/Desktop/ICAP_Readback/Benchmarks/RISC_RTL_Project/RISC_RTL_Project.srcs/sources_1/imports/top/dp_ram_1.sv:30]
WARNING: [Synth 8-6026] Ignoring keep related attribute (keep/mark_debug/dont_touch) applied on memory [C:/Users/aamalik3/Desktop/ICAP_Readback/Benchmarks/RISC_RTL_Project/RISC_RTL_Project.srcs/sources_1/imports/top/dp_ram_1.sv:24]
INFO: [Synth 8-6155] done synthesizing module 'dp_ram_1' (39#1) [C:/Users/aamalik3/Desktop/ICAP_Readback/Benchmarks/RISC_RTL_Project/RISC_RTL_Project.srcs/sources_1/imports/top/dp_ram_1.sv:3]
INFO: [Synth 8-6157] synthesizing module 'dp_ram_2' [C:/Users/aamalik3/Desktop/ICAP_Readback/Benchmarks/RISC_RTL_Project/RISC_RTL_Project.srcs/sources_1/imports/top/dp_ram_2.sv:2]
	Parameter ADDR_WIDTH bound to: 17 - type: integer 
	Parameter INSTR_RDATA_WIDTH bound to: 8 - type: integer 
	Parameter bytes bound to: 131071 - type: integer 
INFO: [Synth 8-5534] Detected attribute (* KEEP = "true" *) [C:/Users/aamalik3/Desktop/ICAP_Readback/Benchmarks/RISC_RTL_Project/RISC_RTL_Project.srcs/sources_1/imports/top/dp_ram_2.sv:23]
INFO: [Synth 8-5534] Detected attribute (* KEEP = "true" *) [C:/Users/aamalik3/Desktop/ICAP_Readback/Benchmarks/RISC_RTL_Project/RISC_RTL_Project.srcs/sources_1/imports/top/dp_ram_2.sv:24]
INFO: [Synth 8-5534] Detected attribute (* KEEP = "true" *) [C:/Users/aamalik3/Desktop/ICAP_Readback/Benchmarks/RISC_RTL_Project/RISC_RTL_Project.srcs/sources_1/imports/top/dp_ram_2.sv:25]
INFO: [Synth 8-3876] $readmem data file 'C:/Users/aamalik3/Desktop/ICAP_Readback/Benchmarks/memfiles/falcon512int/falcon512int_2.hex' is read successfully [C:/Users/aamalik3/Desktop/ICAP_Readback/Benchmarks/RISC_RTL_Project/RISC_RTL_Project.srcs/sources_1/imports/top/dp_ram_2.sv:29]
WARNING: [Synth 8-6026] Ignoring keep related attribute (keep/mark_debug/dont_touch) applied on memory [C:/Users/aamalik3/Desktop/ICAP_Readback/Benchmarks/RISC_RTL_Project/RISC_RTL_Project.srcs/sources_1/imports/top/dp_ram_2.sv:23]
INFO: [Synth 8-6155] done synthesizing module 'dp_ram_2' (40#1) [C:/Users/aamalik3/Desktop/ICAP_Readback/Benchmarks/RISC_RTL_Project/RISC_RTL_Project.srcs/sources_1/imports/top/dp_ram_2.sv:2]
INFO: [Synth 8-6157] synthesizing module 'dp_ram_3' [C:/Users/aamalik3/Desktop/ICAP_Readback/Benchmarks/RISC_RTL_Project/RISC_RTL_Project.srcs/sources_1/imports/top/dp_ram_3.sv:2]
	Parameter ADDR_WIDTH bound to: 17 - type: integer 
	Parameter INSTR_RDATA_WIDTH bound to: 8 - type: integer 
	Parameter bytes bound to: 131071 - type: integer 
INFO: [Synth 8-5534] Detected attribute (* KEEP = "true" *) [C:/Users/aamalik3/Desktop/ICAP_Readback/Benchmarks/RISC_RTL_Project/RISC_RTL_Project.srcs/sources_1/imports/top/dp_ram_3.sv:23]
INFO: [Synth 8-5534] Detected attribute (* KEEP = "true" *) [C:/Users/aamalik3/Desktop/ICAP_Readback/Benchmarks/RISC_RTL_Project/RISC_RTL_Project.srcs/sources_1/imports/top/dp_ram_3.sv:24]
INFO: [Synth 8-5534] Detected attribute (* KEEP = "true" *) [C:/Users/aamalik3/Desktop/ICAP_Readback/Benchmarks/RISC_RTL_Project/RISC_RTL_Project.srcs/sources_1/imports/top/dp_ram_3.sv:25]
INFO: [Synth 8-3876] $readmem data file 'C:/Users/aamalik3/Desktop/ICAP_Readback/Benchmarks/memfiles/falcon512int/falcon512int_3.hex' is read successfully [C:/Users/aamalik3/Desktop/ICAP_Readback/Benchmarks/RISC_RTL_Project/RISC_RTL_Project.srcs/sources_1/imports/top/dp_ram_3.sv:29]
WARNING: [Synth 8-6026] Ignoring keep related attribute (keep/mark_debug/dont_touch) applied on memory [C:/Users/aamalik3/Desktop/ICAP_Readback/Benchmarks/RISC_RTL_Project/RISC_RTL_Project.srcs/sources_1/imports/top/dp_ram_3.sv:23]
INFO: [Synth 8-6155] done synthesizing module 'dp_ram_3' (41#1) [C:/Users/aamalik3/Desktop/ICAP_Readback/Benchmarks/RISC_RTL_Project/RISC_RTL_Project.srcs/sources_1/imports/top/dp_ram_3.sv:2]
INFO: [Synth 8-6157] synthesizing module 'dp_ram_4' [C:/Users/aamalik3/Desktop/ICAP_Readback/Benchmarks/RISC_RTL_Project/RISC_RTL_Project.srcs/sources_1/imports/top/dp_ram_4.sv:2]
	Parameter ADDR_WIDTH bound to: 17 - type: integer 
	Parameter INSTR_RDATA_WIDTH bound to: 8 - type: integer 
	Parameter bytes bound to: 131071 - type: integer 
INFO: [Synth 8-5534] Detected attribute (* KEEP = "true" *) [C:/Users/aamalik3/Desktop/ICAP_Readback/Benchmarks/RISC_RTL_Project/RISC_RTL_Project.srcs/sources_1/imports/top/dp_ram_4.sv:23]
INFO: [Synth 8-5534] Detected attribute (* KEEP = "true" *) [C:/Users/aamalik3/Desktop/ICAP_Readback/Benchmarks/RISC_RTL_Project/RISC_RTL_Project.srcs/sources_1/imports/top/dp_ram_4.sv:24]
INFO: [Synth 8-5534] Detected attribute (* KEEP = "true" *) [C:/Users/aamalik3/Desktop/ICAP_Readback/Benchmarks/RISC_RTL_Project/RISC_RTL_Project.srcs/sources_1/imports/top/dp_ram_4.sv:25]
INFO: [Synth 8-3876] $readmem data file 'C:/Users/aamalik3/Desktop/ICAP_Readback/Benchmarks/memfiles/falcon512int/falcon512int_4.hex' is read successfully [C:/Users/aamalik3/Desktop/ICAP_Readback/Benchmarks/RISC_RTL_Project/RISC_RTL_Project.srcs/sources_1/imports/top/dp_ram_4.sv:29]
WARNING: [Synth 8-6026] Ignoring keep related attribute (keep/mark_debug/dont_touch) applied on memory [C:/Users/aamalik3/Desktop/ICAP_Readback/Benchmarks/RISC_RTL_Project/RISC_RTL_Project.srcs/sources_1/imports/top/dp_ram_4.sv:23]
INFO: [Synth 8-6155] done synthesizing module 'dp_ram_4' (42#1) [C:/Users/aamalik3/Desktop/ICAP_Readback/Benchmarks/RISC_RTL_Project/RISC_RTL_Project.srcs/sources_1/imports/top/dp_ram_4.sv:2]
WARNING: [Synth 8-6014] Unused sequential element counter_reg was removed.  [C:/Users/aamalik3/Desktop/ICAP_Readback/Benchmarks/RISC_RTL_Project/RISC_RTL_Project.srcs/sources_1/imports/AES_RISC/top/cv32e40x_wrapper.sv:77]
WARNING: [Synth 8-3848] Net ext_if\.compressed_ready in module/entity cv32e40x_wrapper does not have driver. [C:/Users/aamalik3/Desktop/ICAP_Readback/Benchmarks/RISC_RTL_Project/RISC_RTL_Project.srcs/sources_1/imports/AES_RISC/cv32e40x_core/if_xif.sv:122]
WARNING: [Synth 8-3848] Net ext_if\.compressed_resp[instr] in module/entity cv32e40x_wrapper does not have driver. [C:/Users/aamalik3/Desktop/ICAP_Readback/Benchmarks/RISC_RTL_Project/RISC_RTL_Project.srcs/sources_1/imports/AES_RISC/cv32e40x_core/if_xif.sv:124]
WARNING: [Synth 8-3848] Net ext_if\.compressed_resp[accept] in module/entity cv32e40x_wrapper does not have driver. [C:/Users/aamalik3/Desktop/ICAP_Readback/Benchmarks/RISC_RTL_Project/RISC_RTL_Project.srcs/sources_1/imports/AES_RISC/cv32e40x_core/if_xif.sv:124]
WARNING: [Synth 8-3848] Net ext_if\.issue_ready in module/entity cv32e40x_wrapper does not have driver. [C:/Users/aamalik3/Desktop/ICAP_Readback/Benchmarks/RISC_RTL_Project/RISC_RTL_Project.srcs/sources_1/imports/AES_RISC/cv32e40x_core/if_xif.sv:128]
WARNING: [Synth 8-3848] Net ext_if\.issue_resp[accept] in module/entity cv32e40x_wrapper does not have driver. [C:/Users/aamalik3/Desktop/ICAP_Readback/Benchmarks/RISC_RTL_Project/RISC_RTL_Project.srcs/sources_1/imports/AES_RISC/cv32e40x_core/if_xif.sv:130]
WARNING: [Synth 8-3848] Net ext_if\.issue_resp[writeback] in module/entity cv32e40x_wrapper does not have driver. [C:/Users/aamalik3/Desktop/ICAP_Readback/Benchmarks/RISC_RTL_Project/RISC_RTL_Project.srcs/sources_1/imports/AES_RISC/cv32e40x_core/if_xif.sv:130]
WARNING: [Synth 8-3848] Net ext_if\.issue_resp[dualwrite] in module/entity cv32e40x_wrapper does not have driver. [C:/Users/aamalik3/Desktop/ICAP_Readback/Benchmarks/RISC_RTL_Project/RISC_RTL_Project.srcs/sources_1/imports/AES_RISC/cv32e40x_core/if_xif.sv:130]
WARNING: [Synth 8-3848] Net ext_if\.issue_resp[dualread] in module/entity cv32e40x_wrapper does not have driver. [C:/Users/aamalik3/Desktop/ICAP_Readback/Benchmarks/RISC_RTL_Project/RISC_RTL_Project.srcs/sources_1/imports/AES_RISC/cv32e40x_core/if_xif.sv:130]
WARNING: [Synth 8-3848] Net ext_if\.issue_resp[loadstore] in module/entity cv32e40x_wrapper does not have driver. [C:/Users/aamalik3/Desktop/ICAP_Readback/Benchmarks/RISC_RTL_Project/RISC_RTL_Project.srcs/sources_1/imports/AES_RISC/cv32e40x_core/if_xif.sv:130]
WARNING: [Synth 8-3848] Net ext_if\.issue_resp[ecswrite] in module/entity cv32e40x_wrapper does not have driver. [C:/Users/aamalik3/Desktop/ICAP_Readback/Benchmarks/RISC_RTL_Project/RISC_RTL_Project.srcs/sources_1/imports/AES_RISC/cv32e40x_core/if_xif.sv:130]
WARNING: [Synth 8-3848] Net ext_if\.issue_resp[exc] in module/entity cv32e40x_wrapper does not have driver. [C:/Users/aamalik3/Desktop/ICAP_Readback/Benchmarks/RISC_RTL_Project/RISC_RTL_Project.srcs/sources_1/imports/AES_RISC/cv32e40x_core/if_xif.sv:130]
WARNING: [Synth 8-3848] Net ext_if\.mem_valid in module/entity cv32e40x_wrapper does not have driver. [C:/Users/aamalik3/Desktop/ICAP_Readback/Benchmarks/RISC_RTL_Project/RISC_RTL_Project.srcs/sources_1/imports/AES_RISC/cv32e40x_core/if_xif.sv:137]
WARNING: [Synth 8-3848] Net ext_if\.mem_req[id] in module/entity cv32e40x_wrapper does not have driver. [C:/Users/aamalik3/Desktop/ICAP_Readback/Benchmarks/RISC_RTL_Project/RISC_RTL_Project.srcs/sources_1/imports/AES_RISC/cv32e40x_core/if_xif.sv:139]
WARNING: [Synth 8-3848] Net ext_if\.mem_req[addr] in module/entity cv32e40x_wrapper does not have driver. [C:/Users/aamalik3/Desktop/ICAP_Readback/Benchmarks/RISC_RTL_Project/RISC_RTL_Project.srcs/sources_1/imports/AES_RISC/cv32e40x_core/if_xif.sv:139]
WARNING: [Synth 8-3848] Net ext_if\.mem_req[mode] in module/entity cv32e40x_wrapper does not have driver. [C:/Users/aamalik3/Desktop/ICAP_Readback/Benchmarks/RISC_RTL_Project/RISC_RTL_Project.srcs/sources_1/imports/AES_RISC/cv32e40x_core/if_xif.sv:139]
WARNING: [Synth 8-3848] Net ext_if\.mem_req[we] in module/entity cv32e40x_wrapper does not have driver. [C:/Users/aamalik3/Desktop/ICAP_Readback/Benchmarks/RISC_RTL_Project/RISC_RTL_Project.srcs/sources_1/imports/AES_RISC/cv32e40x_core/if_xif.sv:139]
WARNING: [Synth 8-3848] Net ext_if\.mem_req[size] in module/entity cv32e40x_wrapper does not have driver. [C:/Users/aamalik3/Desktop/ICAP_Readback/Benchmarks/RISC_RTL_Project/RISC_RTL_Project.srcs/sources_1/imports/AES_RISC/cv32e40x_core/if_xif.sv:139]
WARNING: [Synth 8-3848] Net ext_if\.mem_req[be] in module/entity cv32e40x_wrapper does not have driver. [C:/Users/aamalik3/Desktop/ICAP_Readback/Benchmarks/RISC_RTL_Project/RISC_RTL_Project.srcs/sources_1/imports/AES_RISC/cv32e40x_core/if_xif.sv:139]
WARNING: [Synth 8-3848] Net ext_if\.mem_req[attr] in module/entity cv32e40x_wrapper does not have driver. [C:/Users/aamalik3/Desktop/ICAP_Readback/Benchmarks/RISC_RTL_Project/RISC_RTL_Project.srcs/sources_1/imports/AES_RISC/cv32e40x_core/if_xif.sv:139]
WARNING: [Synth 8-3848] Net ext_if\.mem_req[wdata] in module/entity cv32e40x_wrapper does not have driver. [C:/Users/aamalik3/Desktop/ICAP_Readback/Benchmarks/RISC_RTL_Project/RISC_RTL_Project.srcs/sources_1/imports/AES_RISC/cv32e40x_core/if_xif.sv:139]
WARNING: [Synth 8-3848] Net ext_if\.mem_req[last] in module/entity cv32e40x_wrapper does not have driver. [C:/Users/aamalik3/Desktop/ICAP_Readback/Benchmarks/RISC_RTL_Project/RISC_RTL_Project.srcs/sources_1/imports/AES_RISC/cv32e40x_core/if_xif.sv:139]
WARNING: [Synth 8-3848] Net ext_if\.mem_req[spec] in module/entity cv32e40x_wrapper does not have driver. [C:/Users/aamalik3/Desktop/ICAP_Readback/Benchmarks/RISC_RTL_Project/RISC_RTL_Project.srcs/sources_1/imports/AES_RISC/cv32e40x_core/if_xif.sv:139]
WARNING: [Synth 8-3848] Net ext_if\.result_valid in module/entity cv32e40x_wrapper does not have driver. [C:/Users/aamalik3/Desktop/ICAP_Readback/Benchmarks/RISC_RTL_Project/RISC_RTL_Project.srcs/sources_1/imports/AES_RISC/cv32e40x_core/if_xif.sv:147]
WARNING: [Synth 8-3848] Net ext_if\.result[id] in module/entity cv32e40x_wrapper does not have driver. [C:/Users/aamalik3/Desktop/ICAP_Readback/Benchmarks/RISC_RTL_Project/RISC_RTL_Project.srcs/sources_1/imports/AES_RISC/cv32e40x_core/if_xif.sv:149]
WARNING: [Synth 8-3848] Net ext_if\.result[data] in module/entity cv32e40x_wrapper does not have driver. [C:/Users/aamalik3/Desktop/ICAP_Readback/Benchmarks/RISC_RTL_Project/RISC_RTL_Project.srcs/sources_1/imports/AES_RISC/cv32e40x_core/if_xif.sv:149]
WARNING: [Synth 8-3848] Net ext_if\.result[rd] in module/entity cv32e40x_wrapper does not have driver. [C:/Users/aamalik3/Desktop/ICAP_Readback/Benchmarks/RISC_RTL_Project/RISC_RTL_Project.srcs/sources_1/imports/AES_RISC/cv32e40x_core/if_xif.sv:149]
WARNING: [Synth 8-3848] Net ext_if\.result[we] in module/entity cv32e40x_wrapper does not have driver. [C:/Users/aamalik3/Desktop/ICAP_Readback/Benchmarks/RISC_RTL_Project/RISC_RTL_Project.srcs/sources_1/imports/AES_RISC/cv32e40x_core/if_xif.sv:149]
WARNING: [Synth 8-3848] Net ext_if\.result[ecsdata] in module/entity cv32e40x_wrapper does not have driver. [C:/Users/aamalik3/Desktop/ICAP_Readback/Benchmarks/RISC_RTL_Project/RISC_RTL_Project.srcs/sources_1/imports/AES_RISC/cv32e40x_core/if_xif.sv:149]
WARNING: [Synth 8-3848] Net ext_if\.result[ecswe] in module/entity cv32e40x_wrapper does not have driver. [C:/Users/aamalik3/Desktop/ICAP_Readback/Benchmarks/RISC_RTL_Project/RISC_RTL_Project.srcs/sources_1/imports/AES_RISC/cv32e40x_core/if_xif.sv:149]
WARNING: [Synth 8-3848] Net ext_if\.result[exc] in module/entity cv32e40x_wrapper does not have driver. [C:/Users/aamalik3/Desktop/ICAP_Readback/Benchmarks/RISC_RTL_Project/RISC_RTL_Project.srcs/sources_1/imports/AES_RISC/cv32e40x_core/if_xif.sv:149]
WARNING: [Synth 8-3848] Net ext_if\.result[exccode] in module/entity cv32e40x_wrapper does not have driver. [C:/Users/aamalik3/Desktop/ICAP_Readback/Benchmarks/RISC_RTL_Project/RISC_RTL_Project.srcs/sources_1/imports/AES_RISC/cv32e40x_core/if_xif.sv:149]
WARNING: [Synth 8-3848] Net ext_if\.result[err] in module/entity cv32e40x_wrapper does not have driver. [C:/Users/aamalik3/Desktop/ICAP_Readback/Benchmarks/RISC_RTL_Project/RISC_RTL_Project.srcs/sources_1/imports/AES_RISC/cv32e40x_core/if_xif.sv:149]
WARNING: [Synth 8-3848] Net ext_if\.result[dbg] in module/entity cv32e40x_wrapper does not have driver. [C:/Users/aamalik3/Desktop/ICAP_Readback/Benchmarks/RISC_RTL_Project/RISC_RTL_Project.srcs/sources_1/imports/AES_RISC/cv32e40x_core/if_xif.sv:149]
INFO: [Synth 8-6155] done synthesizing module 'cv32e40x_wrapper' (43#1) [C:/Users/aamalik3/Desktop/ICAP_Readback/Benchmarks/RISC_RTL_Project/RISC_RTL_Project.srcs/sources_1/imports/AES_RISC/top/cv32e40x_wrapper.sv:3]
INFO: [Synth 8-6155] done synthesizing module 'RISC_BENCHMARK_IP' (44#1) [C:/Users/aamalik3/Desktop/ICAP_Readback/Benchmarks/RISC_RTL_Project/RISC_RTL_Project.srcs/sources_1/imports/top/RISC_AES.v:3]
WARNING: [Synth 8-3331] design dp_ram_4 has unconnected port mem_addr_a[1]
WARNING: [Synth 8-3331] design dp_ram_4 has unconnected port mem_addr_a[0]
WARNING: [Synth 8-3331] design dp_ram_4 has unconnected port mem_wdata_a[7]
WARNING: [Synth 8-3331] design dp_ram_4 has unconnected port mem_wdata_a[6]
WARNING: [Synth 8-3331] design dp_ram_4 has unconnected port mem_wdata_a[5]
WARNING: [Synth 8-3331] design dp_ram_4 has unconnected port mem_wdata_a[4]
WARNING: [Synth 8-3331] design dp_ram_4 has unconnected port mem_wdata_a[3]
WARNING: [Synth 8-3331] design dp_ram_4 has unconnected port mem_wdata_a[2]
WARNING: [Synth 8-3331] design dp_ram_4 has unconnected port mem_wdata_a[1]
WARNING: [Synth 8-3331] design dp_ram_4 has unconnected port mem_wdata_a[0]
WARNING: [Synth 8-3331] design dp_ram_4 has unconnected port mem_wen_a
WARNING: [Synth 8-3331] design dp_ram_4 has unconnected port mem_wstrb_a
WARNING: [Synth 8-3331] design dp_ram_4 has unconnected port mem_addr_b[1]
WARNING: [Synth 8-3331] design dp_ram_4 has unconnected port mem_addr_b[0]
WARNING: [Synth 8-3331] design dp_ram_3 has unconnected port mem_addr_a[1]
WARNING: [Synth 8-3331] design dp_ram_3 has unconnected port mem_addr_a[0]
WARNING: [Synth 8-3331] design dp_ram_3 has unconnected port mem_wdata_a[7]
WARNING: [Synth 8-3331] design dp_ram_3 has unconnected port mem_wdata_a[6]
WARNING: [Synth 8-3331] design dp_ram_3 has unconnected port mem_wdata_a[5]
WARNING: [Synth 8-3331] design dp_ram_3 has unconnected port mem_wdata_a[4]
WARNING: [Synth 8-3331] design dp_ram_3 has unconnected port mem_wdata_a[3]
WARNING: [Synth 8-3331] design dp_ram_3 has unconnected port mem_wdata_a[2]
WARNING: [Synth 8-3331] design dp_ram_3 has unconnected port mem_wdata_a[1]
WARNING: [Synth 8-3331] design dp_ram_3 has unconnected port mem_wdata_a[0]
WARNING: [Synth 8-3331] design dp_ram_3 has unconnected port mem_wen_a
WARNING: [Synth 8-3331] design dp_ram_3 has unconnected port mem_wstrb_a
WARNING: [Synth 8-3331] design dp_ram_3 has unconnected port mem_addr_b[1]
WARNING: [Synth 8-3331] design dp_ram_3 has unconnected port mem_addr_b[0]
WARNING: [Synth 8-3331] design dp_ram_2 has unconnected port mem_addr_a[1]
WARNING: [Synth 8-3331] design dp_ram_2 has unconnected port mem_addr_a[0]
WARNING: [Synth 8-3331] design dp_ram_2 has unconnected port mem_wdata_a[7]
WARNING: [Synth 8-3331] design dp_ram_2 has unconnected port mem_wdata_a[6]
WARNING: [Synth 8-3331] design dp_ram_2 has unconnected port mem_wdata_a[5]
WARNING: [Synth 8-3331] design dp_ram_2 has unconnected port mem_wdata_a[4]
WARNING: [Synth 8-3331] design dp_ram_2 has unconnected port mem_wdata_a[3]
WARNING: [Synth 8-3331] design dp_ram_2 has unconnected port mem_wdata_a[2]
WARNING: [Synth 8-3331] design dp_ram_2 has unconnected port mem_wdata_a[1]
WARNING: [Synth 8-3331] design dp_ram_2 has unconnected port mem_wdata_a[0]
WARNING: [Synth 8-3331] design dp_ram_2 has unconnected port mem_wen_a
WARNING: [Synth 8-3331] design dp_ram_2 has unconnected port mem_wstrb_a
WARNING: [Synth 8-3331] design dp_ram_2 has unconnected port mem_addr_b[1]
WARNING: [Synth 8-3331] design dp_ram_2 has unconnected port mem_addr_b[0]
WARNING: [Synth 8-3331] design dp_ram_1 has unconnected port mem_addr_a[1]
WARNING: [Synth 8-3331] design dp_ram_1 has unconnected port mem_addr_a[0]
WARNING: [Synth 8-3331] design dp_ram_1 has unconnected port mem_wstrb_a
WARNING: [Synth 8-3331] design dp_ram_1 has unconnected port mem_addr_b[1]
WARNING: [Synth 8-3331] design dp_ram_1 has unconnected port mem_addr_b[0]
WARNING: [Synth 8-3331] design cv32e40x_controller_bypass has unconnected port if_id_pipe_i[instr][bus_resp][rdata][31]
WARNING: [Synth 8-3331] design cv32e40x_controller_bypass has unconnected port if_id_pipe_i[instr][bus_resp][rdata][30]
WARNING: [Synth 8-3331] design cv32e40x_controller_bypass has unconnected port if_id_pipe_i[instr][bus_resp][rdata][29]
WARNING: [Synth 8-3331] design cv32e40x_controller_bypass has unconnected port if_id_pipe_i[instr][bus_resp][rdata][28]
WARNING: [Synth 8-3331] design cv32e40x_controller_bypass has unconnected port if_id_pipe_i[instr][bus_resp][rdata][27]
WARNING: [Synth 8-3331] design cv32e40x_controller_bypass has unconnected port if_id_pipe_i[instr][bus_resp][rdata][26]
WARNING: [Synth 8-3331] design cv32e40x_controller_bypass has unconnected port if_id_pipe_i[instr][bus_resp][rdata][25]
WARNING: [Synth 8-3331] design cv32e40x_controller_bypass has unconnected port if_id_pipe_i[instr][bus_resp][rdata][24]
WARNING: [Synth 8-3331] design cv32e40x_controller_bypass has unconnected port if_id_pipe_i[instr][bus_resp][rdata][23]
WARNING: [Synth 8-3331] design cv32e40x_controller_bypass has unconnected port if_id_pipe_i[instr][bus_resp][rdata][22]
WARNING: [Synth 8-3331] design cv32e40x_controller_bypass has unconnected port if_id_pipe_i[instr][bus_resp][rdata][21]
WARNING: [Synth 8-3331] design cv32e40x_controller_bypass has unconnected port if_id_pipe_i[instr][bus_resp][rdata][20]
WARNING: [Synth 8-3331] design cv32e40x_controller_bypass has unconnected port if_id_pipe_i[instr][bus_resp][rdata][19]
WARNING: [Synth 8-3331] design cv32e40x_controller_bypass has unconnected port if_id_pipe_i[instr][bus_resp][rdata][18]
WARNING: [Synth 8-3331] design cv32e40x_controller_bypass has unconnected port if_id_pipe_i[instr][bus_resp][rdata][17]
WARNING: [Synth 8-3331] design cv32e40x_controller_bypass has unconnected port if_id_pipe_i[instr][bus_resp][rdata][16]
WARNING: [Synth 8-3331] design cv32e40x_controller_bypass has unconnected port if_id_pipe_i[instr][bus_resp][rdata][15]
WARNING: [Synth 8-3331] design cv32e40x_controller_bypass has unconnected port if_id_pipe_i[instr][bus_resp][rdata][14]
WARNING: [Synth 8-3331] design cv32e40x_controller_bypass has unconnected port if_id_pipe_i[instr][bus_resp][rdata][13]
WARNING: [Synth 8-3331] design cv32e40x_controller_bypass has unconnected port if_id_pipe_i[instr][bus_resp][rdata][12]
WARNING: [Synth 8-3331] design cv32e40x_controller_bypass has unconnected port if_id_pipe_i[instr][bus_resp][rdata][11]
WARNING: [Synth 8-3331] design cv32e40x_controller_bypass has unconnected port if_id_pipe_i[instr][bus_resp][rdata][10]
WARNING: [Synth 8-3331] design cv32e40x_controller_bypass has unconnected port if_id_pipe_i[instr][bus_resp][rdata][9]
WARNING: [Synth 8-3331] design cv32e40x_controller_bypass has unconnected port if_id_pipe_i[instr][bus_resp][rdata][8]
WARNING: [Synth 8-3331] design cv32e40x_controller_bypass has unconnected port if_id_pipe_i[instr][bus_resp][rdata][7]
WARNING: [Synth 8-3331] design cv32e40x_controller_bypass has unconnected port if_id_pipe_i[instr][bus_resp][rdata][6]
WARNING: [Synth 8-3331] design cv32e40x_controller_bypass has unconnected port if_id_pipe_i[instr][bus_resp][rdata][5]
WARNING: [Synth 8-3331] design cv32e40x_controller_bypass has unconnected port if_id_pipe_i[instr][bus_resp][rdata][4]
WARNING: [Synth 8-3331] design cv32e40x_controller_bypass has unconnected port if_id_pipe_i[instr][bus_resp][rdata][3]
WARNING: [Synth 8-3331] design cv32e40x_controller_bypass has unconnected port if_id_pipe_i[instr][bus_resp][rdata][2]
WARNING: [Synth 8-3331] design cv32e40x_controller_bypass has unconnected port if_id_pipe_i[instr][bus_resp][rdata][1]
WARNING: [Synth 8-3331] design cv32e40x_controller_bypass has unconnected port if_id_pipe_i[instr][bus_resp][rdata][0]
WARNING: [Synth 8-3331] design cv32e40x_controller_bypass has unconnected port if_id_pipe_i[instr_meta][compressed]
WARNING: [Synth 8-3331] design cv32e40x_controller_bypass has unconnected port if_id_pipe_i[instr_meta][pushpop]
WARNING: [Synth 8-3331] design cv32e40x_controller_bypass has unconnected port if_id_pipe_i[pc][31]
WARNING: [Synth 8-3331] design cv32e40x_controller_bypass has unconnected port if_id_pipe_i[pc][30]
WARNING: [Synth 8-3331] design cv32e40x_controller_bypass has unconnected port if_id_pipe_i[pc][29]
WARNING: [Synth 8-3331] design cv32e40x_controller_bypass has unconnected port if_id_pipe_i[pc][28]
WARNING: [Synth 8-3331] design cv32e40x_controller_bypass has unconnected port if_id_pipe_i[pc][27]
WARNING: [Synth 8-3331] design cv32e40x_controller_bypass has unconnected port if_id_pipe_i[pc][26]
WARNING: [Synth 8-3331] design cv32e40x_controller_bypass has unconnected port if_id_pipe_i[pc][25]
WARNING: [Synth 8-3331] design cv32e40x_controller_bypass has unconnected port if_id_pipe_i[pc][24]
WARNING: [Synth 8-3331] design cv32e40x_controller_bypass has unconnected port if_id_pipe_i[pc][23]
WARNING: [Synth 8-3331] design cv32e40x_controller_bypass has unconnected port if_id_pipe_i[pc][22]
WARNING: [Synth 8-3331] design cv32e40x_controller_bypass has unconnected port if_id_pipe_i[pc][21]
WARNING: [Synth 8-3331] design cv32e40x_controller_bypass has unconnected port if_id_pipe_i[pc][20]
WARNING: [Synth 8-3331] design cv32e40x_controller_bypass has unconnected port if_id_pipe_i[pc][19]
WARNING: [Synth 8-3331] design cv32e40x_controller_bypass has unconnected port if_id_pipe_i[pc][18]
WARNING: [Synth 8-3331] design cv32e40x_controller_bypass has unconnected port if_id_pipe_i[pc][17]
WARNING: [Synth 8-3331] design cv32e40x_controller_bypass has unconnected port if_id_pipe_i[pc][16]
WARNING: [Synth 8-3331] design cv32e40x_controller_bypass has unconnected port if_id_pipe_i[pc][15]
WARNING: [Synth 8-3331] design cv32e40x_controller_bypass has unconnected port if_id_pipe_i[pc][14]
WARNING: [Synth 8-3331] design cv32e40x_controller_bypass has unconnected port if_id_pipe_i[pc][13]
INFO: [Common 17-14] Message 'Synth 8-3331' appears 100 times and further instances of the messages will be disabled. Use the Tcl command set_msg_config to change the current settings.
---------------------------------------------------------------------------------
Finished RTL Elaboration : Time (s): cpu = 00:00:10 ; elapsed = 00:00:09 . Memory (MB): peak = 2194.016 ; gain = 1243.957
---------------------------------------------------------------------------------

Report Check Netlist: 
+------+------------------+-------+---------+-------+------------------+
|      |Item              |Errors |Warnings |Status |Description       |
+------+------------------+-------+---------+-------+------------------+
|1     |multi_driven_nets |      0|        0|Passed |Multi driven nets |
+------+------------------+-------+---------+-------+------------------+
WARNING: [Synth 8-3295] tying undriven pin cv32e40x_core_i:xif_compressed_if\.compressed_ready to constant 0 [C:/Users/aamalik3/Desktop/ICAP_Readback/Benchmarks/RISC_RTL_Project/RISC_RTL_Project.srcs/sources_1/imports/AES_RISC/top/cv32e40x_wrapper.sv:163]
WARNING: [Synth 8-3295] tying undriven pin cv32e40x_core_i:xif_compressed_if\.compressed_resp[instr][31] to constant 0 [C:/Users/aamalik3/Desktop/ICAP_Readback/Benchmarks/RISC_RTL_Project/RISC_RTL_Project.srcs/sources_1/imports/AES_RISC/top/cv32e40x_wrapper.sv:163]
WARNING: [Synth 8-3295] tying undriven pin cv32e40x_core_i:xif_compressed_if\.compressed_resp[instr][30] to constant 0 [C:/Users/aamalik3/Desktop/ICAP_Readback/Benchmarks/RISC_RTL_Project/RISC_RTL_Project.srcs/sources_1/imports/AES_RISC/top/cv32e40x_wrapper.sv:163]
WARNING: [Synth 8-3295] tying undriven pin cv32e40x_core_i:xif_compressed_if\.compressed_resp[instr][29] to constant 0 [C:/Users/aamalik3/Desktop/ICAP_Readback/Benchmarks/RISC_RTL_Project/RISC_RTL_Project.srcs/sources_1/imports/AES_RISC/top/cv32e40x_wrapper.sv:163]
WARNING: [Synth 8-3295] tying undriven pin cv32e40x_core_i:xif_compressed_if\.compressed_resp[instr][28] to constant 0 [C:/Users/aamalik3/Desktop/ICAP_Readback/Benchmarks/RISC_RTL_Project/RISC_RTL_Project.srcs/sources_1/imports/AES_RISC/top/cv32e40x_wrapper.sv:163]
WARNING: [Synth 8-3295] tying undriven pin cv32e40x_core_i:xif_compressed_if\.compressed_resp[instr][27] to constant 0 [C:/Users/aamalik3/Desktop/ICAP_Readback/Benchmarks/RISC_RTL_Project/RISC_RTL_Project.srcs/sources_1/imports/AES_RISC/top/cv32e40x_wrapper.sv:163]
WARNING: [Synth 8-3295] tying undriven pin cv32e40x_core_i:xif_compressed_if\.compressed_resp[instr][26] to constant 0 [C:/Users/aamalik3/Desktop/ICAP_Readback/Benchmarks/RISC_RTL_Project/RISC_RTL_Project.srcs/sources_1/imports/AES_RISC/top/cv32e40x_wrapper.sv:163]
WARNING: [Synth 8-3295] tying undriven pin cv32e40x_core_i:xif_compressed_if\.compressed_resp[instr][25] to constant 0 [C:/Users/aamalik3/Desktop/ICAP_Readback/Benchmarks/RISC_RTL_Project/RISC_RTL_Project.srcs/sources_1/imports/AES_RISC/top/cv32e40x_wrapper.sv:163]
WARNING: [Synth 8-3295] tying undriven pin cv32e40x_core_i:xif_compressed_if\.compressed_resp[instr][24] to constant 0 [C:/Users/aamalik3/Desktop/ICAP_Readback/Benchmarks/RISC_RTL_Project/RISC_RTL_Project.srcs/sources_1/imports/AES_RISC/top/cv32e40x_wrapper.sv:163]
WARNING: [Synth 8-3295] tying undriven pin cv32e40x_core_i:xif_compressed_if\.compressed_resp[instr][23] to constant 0 [C:/Users/aamalik3/Desktop/ICAP_Readback/Benchmarks/RISC_RTL_Project/RISC_RTL_Project.srcs/sources_1/imports/AES_RISC/top/cv32e40x_wrapper.sv:163]
WARNING: [Synth 8-3295] tying undriven pin cv32e40x_core_i:xif_compressed_if\.compressed_resp[instr][22] to constant 0 [C:/Users/aamalik3/Desktop/ICAP_Readback/Benchmarks/RISC_RTL_Project/RISC_RTL_Project.srcs/sources_1/imports/AES_RISC/top/cv32e40x_wrapper.sv:163]
WARNING: [Synth 8-3295] tying undriven pin cv32e40x_core_i:xif_compressed_if\.compressed_resp[instr][21] to constant 0 [C:/Users/aamalik3/Desktop/ICAP_Readback/Benchmarks/RISC_RTL_Project/RISC_RTL_Project.srcs/sources_1/imports/AES_RISC/top/cv32e40x_wrapper.sv:163]
WARNING: [Synth 8-3295] tying undriven pin cv32e40x_core_i:xif_compressed_if\.compressed_resp[instr][20] to constant 0 [C:/Users/aamalik3/Desktop/ICAP_Readback/Benchmarks/RISC_RTL_Project/RISC_RTL_Project.srcs/sources_1/imports/AES_RISC/top/cv32e40x_wrapper.sv:163]
WARNING: [Synth 8-3295] tying undriven pin cv32e40x_core_i:xif_compressed_if\.compressed_resp[instr][19] to constant 0 [C:/Users/aamalik3/Desktop/ICAP_Readback/Benchmarks/RISC_RTL_Project/RISC_RTL_Project.srcs/sources_1/imports/AES_RISC/top/cv32e40x_wrapper.sv:163]
WARNING: [Synth 8-3295] tying undriven pin cv32e40x_core_i:xif_compressed_if\.compressed_resp[instr][18] to constant 0 [C:/Users/aamalik3/Desktop/ICAP_Readback/Benchmarks/RISC_RTL_Project/RISC_RTL_Project.srcs/sources_1/imports/AES_RISC/top/cv32e40x_wrapper.sv:163]
WARNING: [Synth 8-3295] tying undriven pin cv32e40x_core_i:xif_compressed_if\.compressed_resp[instr][17] to constant 0 [C:/Users/aamalik3/Desktop/ICAP_Readback/Benchmarks/RISC_RTL_Project/RISC_RTL_Project.srcs/sources_1/imports/AES_RISC/top/cv32e40x_wrapper.sv:163]
WARNING: [Synth 8-3295] tying undriven pin cv32e40x_core_i:xif_compressed_if\.compressed_resp[instr][16] to constant 0 [C:/Users/aamalik3/Desktop/ICAP_Readback/Benchmarks/RISC_RTL_Project/RISC_RTL_Project.srcs/sources_1/imports/AES_RISC/top/cv32e40x_wrapper.sv:163]
WARNING: [Synth 8-3295] tying undriven pin cv32e40x_core_i:xif_compressed_if\.compressed_resp[instr][15] to constant 0 [C:/Users/aamalik3/Desktop/ICAP_Readback/Benchmarks/RISC_RTL_Project/RISC_RTL_Project.srcs/sources_1/imports/AES_RISC/top/cv32e40x_wrapper.sv:163]
WARNING: [Synth 8-3295] tying undriven pin cv32e40x_core_i:xif_compressed_if\.compressed_resp[instr][14] to constant 0 [C:/Users/aamalik3/Desktop/ICAP_Readback/Benchmarks/RISC_RTL_Project/RISC_RTL_Project.srcs/sources_1/imports/AES_RISC/top/cv32e40x_wrapper.sv:163]
WARNING: [Synth 8-3295] tying undriven pin cv32e40x_core_i:xif_compressed_if\.compressed_resp[instr][13] to constant 0 [C:/Users/aamalik3/Desktop/ICAP_Readback/Benchmarks/RISC_RTL_Project/RISC_RTL_Project.srcs/sources_1/imports/AES_RISC/top/cv32e40x_wrapper.sv:163]
WARNING: [Synth 8-3295] tying undriven pin cv32e40x_core_i:xif_compressed_if\.compressed_resp[instr][12] to constant 0 [C:/Users/aamalik3/Desktop/ICAP_Readback/Benchmarks/RISC_RTL_Project/RISC_RTL_Project.srcs/sources_1/imports/AES_RISC/top/cv32e40x_wrapper.sv:163]
WARNING: [Synth 8-3295] tying undriven pin cv32e40x_core_i:xif_compressed_if\.compressed_resp[instr][11] to constant 0 [C:/Users/aamalik3/Desktop/ICAP_Readback/Benchmarks/RISC_RTL_Project/RISC_RTL_Project.srcs/sources_1/imports/AES_RISC/top/cv32e40x_wrapper.sv:163]
WARNING: [Synth 8-3295] tying undriven pin cv32e40x_core_i:xif_compressed_if\.compressed_resp[instr][10] to constant 0 [C:/Users/aamalik3/Desktop/ICAP_Readback/Benchmarks/RISC_RTL_Project/RISC_RTL_Project.srcs/sources_1/imports/AES_RISC/top/cv32e40x_wrapper.sv:163]
WARNING: [Synth 8-3295] tying undriven pin cv32e40x_core_i:xif_compressed_if\.compressed_resp[instr][9] to constant 0 [C:/Users/aamalik3/Desktop/ICAP_Readback/Benchmarks/RISC_RTL_Project/RISC_RTL_Project.srcs/sources_1/imports/AES_RISC/top/cv32e40x_wrapper.sv:163]
WARNING: [Synth 8-3295] tying undriven pin cv32e40x_core_i:xif_compressed_if\.compressed_resp[instr][8] to constant 0 [C:/Users/aamalik3/Desktop/ICAP_Readback/Benchmarks/RISC_RTL_Project/RISC_RTL_Project.srcs/sources_1/imports/AES_RISC/top/cv32e40x_wrapper.sv:163]
WARNING: [Synth 8-3295] tying undriven pin cv32e40x_core_i:xif_compressed_if\.compressed_resp[instr][7] to constant 0 [C:/Users/aamalik3/Desktop/ICAP_Readback/Benchmarks/RISC_RTL_Project/RISC_RTL_Project.srcs/sources_1/imports/AES_RISC/top/cv32e40x_wrapper.sv:163]
WARNING: [Synth 8-3295] tying undriven pin cv32e40x_core_i:xif_compressed_if\.compressed_resp[instr][6] to constant 0 [C:/Users/aamalik3/Desktop/ICAP_Readback/Benchmarks/RISC_RTL_Project/RISC_RTL_Project.srcs/sources_1/imports/AES_RISC/top/cv32e40x_wrapper.sv:163]
WARNING: [Synth 8-3295] tying undriven pin cv32e40x_core_i:xif_compressed_if\.compressed_resp[instr][5] to constant 0 [C:/Users/aamalik3/Desktop/ICAP_Readback/Benchmarks/RISC_RTL_Project/RISC_RTL_Project.srcs/sources_1/imports/AES_RISC/top/cv32e40x_wrapper.sv:163]
WARNING: [Synth 8-3295] tying undriven pin cv32e40x_core_i:xif_compressed_if\.compressed_resp[instr][4] to constant 0 [C:/Users/aamalik3/Desktop/ICAP_Readback/Benchmarks/RISC_RTL_Project/RISC_RTL_Project.srcs/sources_1/imports/AES_RISC/top/cv32e40x_wrapper.sv:163]
WARNING: [Synth 8-3295] tying undriven pin cv32e40x_core_i:xif_compressed_if\.compressed_resp[instr][3] to constant 0 [C:/Users/aamalik3/Desktop/ICAP_Readback/Benchmarks/RISC_RTL_Project/RISC_RTL_Project.srcs/sources_1/imports/AES_RISC/top/cv32e40x_wrapper.sv:163]
WARNING: [Synth 8-3295] tying undriven pin cv32e40x_core_i:xif_compressed_if\.compressed_resp[instr][2] to constant 0 [C:/Users/aamalik3/Desktop/ICAP_Readback/Benchmarks/RISC_RTL_Project/RISC_RTL_Project.srcs/sources_1/imports/AES_RISC/top/cv32e40x_wrapper.sv:163]
WARNING: [Synth 8-3295] tying undriven pin cv32e40x_core_i:xif_compressed_if\.compressed_resp[instr][1] to constant 0 [C:/Users/aamalik3/Desktop/ICAP_Readback/Benchmarks/RISC_RTL_Project/RISC_RTL_Project.srcs/sources_1/imports/AES_RISC/top/cv32e40x_wrapper.sv:163]
WARNING: [Synth 8-3295] tying undriven pin cv32e40x_core_i:xif_compressed_if\.compressed_resp[instr][0] to constant 0 [C:/Users/aamalik3/Desktop/ICAP_Readback/Benchmarks/RISC_RTL_Project/RISC_RTL_Project.srcs/sources_1/imports/AES_RISC/top/cv32e40x_wrapper.sv:163]
WARNING: [Synth 8-3295] tying undriven pin cv32e40x_core_i:xif_compressed_if\.compressed_resp[accept] to constant 0 [C:/Users/aamalik3/Desktop/ICAP_Readback/Benchmarks/RISC_RTL_Project/RISC_RTL_Project.srcs/sources_1/imports/AES_RISC/top/cv32e40x_wrapper.sv:163]
WARNING: [Synth 8-3295] tying undriven pin cv32e40x_core_i:xif_compressed_if\.issue_ready to constant 0 [C:/Users/aamalik3/Desktop/ICAP_Readback/Benchmarks/RISC_RTL_Project/RISC_RTL_Project.srcs/sources_1/imports/AES_RISC/top/cv32e40x_wrapper.sv:163]
WARNING: [Synth 8-3295] tying undriven pin cv32e40x_core_i:xif_compressed_if\.issue_resp[accept] to constant 0 [C:/Users/aamalik3/Desktop/ICAP_Readback/Benchmarks/RISC_RTL_Project/RISC_RTL_Project.srcs/sources_1/imports/AES_RISC/top/cv32e40x_wrapper.sv:163]
WARNING: [Synth 8-3295] tying undriven pin cv32e40x_core_i:xif_compressed_if\.issue_resp[writeback] to constant 0 [C:/Users/aamalik3/Desktop/ICAP_Readback/Benchmarks/RISC_RTL_Project/RISC_RTL_Project.srcs/sources_1/imports/AES_RISC/top/cv32e40x_wrapper.sv:163]
WARNING: [Synth 8-3295] tying undriven pin cv32e40x_core_i:xif_compressed_if\.issue_resp[dualwrite] to constant 0 [C:/Users/aamalik3/Desktop/ICAP_Readback/Benchmarks/RISC_RTL_Project/RISC_RTL_Project.srcs/sources_1/imports/AES_RISC/top/cv32e40x_wrapper.sv:163]
WARNING: [Synth 8-3295] tying undriven pin cv32e40x_core_i:xif_compressed_if\.issue_resp[dualread][2] to constant 0 [C:/Users/aamalik3/Desktop/ICAP_Readback/Benchmarks/RISC_RTL_Project/RISC_RTL_Project.srcs/sources_1/imports/AES_RISC/top/cv32e40x_wrapper.sv:163]
WARNING: [Synth 8-3295] tying undriven pin cv32e40x_core_i:xif_compressed_if\.issue_resp[dualread][1] to constant 0 [C:/Users/aamalik3/Desktop/ICAP_Readback/Benchmarks/RISC_RTL_Project/RISC_RTL_Project.srcs/sources_1/imports/AES_RISC/top/cv32e40x_wrapper.sv:163]
WARNING: [Synth 8-3295] tying undriven pin cv32e40x_core_i:xif_compressed_if\.issue_resp[dualread][0] to constant 0 [C:/Users/aamalik3/Desktop/ICAP_Readback/Benchmarks/RISC_RTL_Project/RISC_RTL_Project.srcs/sources_1/imports/AES_RISC/top/cv32e40x_wrapper.sv:163]
WARNING: [Synth 8-3295] tying undriven pin cv32e40x_core_i:xif_compressed_if\.issue_resp[loadstore] to constant 0 [C:/Users/aamalik3/Desktop/ICAP_Readback/Benchmarks/RISC_RTL_Project/RISC_RTL_Project.srcs/sources_1/imports/AES_RISC/top/cv32e40x_wrapper.sv:163]
WARNING: [Synth 8-3295] tying undriven pin cv32e40x_core_i:xif_compressed_if\.issue_resp[ecswrite] to constant 0 [C:/Users/aamalik3/Desktop/ICAP_Readback/Benchmarks/RISC_RTL_Project/RISC_RTL_Project.srcs/sources_1/imports/AES_RISC/top/cv32e40x_wrapper.sv:163]
WARNING: [Synth 8-3295] tying undriven pin cv32e40x_core_i:xif_compressed_if\.issue_resp[exc] to constant 0 [C:/Users/aamalik3/Desktop/ICAP_Readback/Benchmarks/RISC_RTL_Project/RISC_RTL_Project.srcs/sources_1/imports/AES_RISC/top/cv32e40x_wrapper.sv:163]
WARNING: [Synth 8-3295] tying undriven pin cv32e40x_core_i:xif_compressed_if\.mem_valid to constant 0 [C:/Users/aamalik3/Desktop/ICAP_Readback/Benchmarks/RISC_RTL_Project/RISC_RTL_Project.srcs/sources_1/imports/AES_RISC/top/cv32e40x_wrapper.sv:163]
WARNING: [Synth 8-3295] tying undriven pin cv32e40x_core_i:xif_compressed_if\.mem_req[id][3] to constant 0 [C:/Users/aamalik3/Desktop/ICAP_Readback/Benchmarks/RISC_RTL_Project/RISC_RTL_Project.srcs/sources_1/imports/AES_RISC/top/cv32e40x_wrapper.sv:163]
WARNING: [Synth 8-3295] tying undriven pin cv32e40x_core_i:xif_compressed_if\.mem_req[id][2] to constant 0 [C:/Users/aamalik3/Desktop/ICAP_Readback/Benchmarks/RISC_RTL_Project/RISC_RTL_Project.srcs/sources_1/imports/AES_RISC/top/cv32e40x_wrapper.sv:163]
WARNING: [Synth 8-3295] tying undriven pin cv32e40x_core_i:xif_compressed_if\.mem_req[id][1] to constant 0 [C:/Users/aamalik3/Desktop/ICAP_Readback/Benchmarks/RISC_RTL_Project/RISC_RTL_Project.srcs/sources_1/imports/AES_RISC/top/cv32e40x_wrapper.sv:163]
WARNING: [Synth 8-3295] tying undriven pin cv32e40x_core_i:xif_compressed_if\.mem_req[id][0] to constant 0 [C:/Users/aamalik3/Desktop/ICAP_Readback/Benchmarks/RISC_RTL_Project/RISC_RTL_Project.srcs/sources_1/imports/AES_RISC/top/cv32e40x_wrapper.sv:163]
WARNING: [Synth 8-3295] tying undriven pin cv32e40x_core_i:xif_compressed_if\.mem_req[addr][31] to constant 0 [C:/Users/aamalik3/Desktop/ICAP_Readback/Benchmarks/RISC_RTL_Project/RISC_RTL_Project.srcs/sources_1/imports/AES_RISC/top/cv32e40x_wrapper.sv:163]
WARNING: [Synth 8-3295] tying undriven pin cv32e40x_core_i:xif_compressed_if\.mem_req[addr][30] to constant 0 [C:/Users/aamalik3/Desktop/ICAP_Readback/Benchmarks/RISC_RTL_Project/RISC_RTL_Project.srcs/sources_1/imports/AES_RISC/top/cv32e40x_wrapper.sv:163]
WARNING: [Synth 8-3295] tying undriven pin cv32e40x_core_i:xif_compressed_if\.mem_req[addr][29] to constant 0 [C:/Users/aamalik3/Desktop/ICAP_Readback/Benchmarks/RISC_RTL_Project/RISC_RTL_Project.srcs/sources_1/imports/AES_RISC/top/cv32e40x_wrapper.sv:163]
WARNING: [Synth 8-3295] tying undriven pin cv32e40x_core_i:xif_compressed_if\.mem_req[addr][28] to constant 0 [C:/Users/aamalik3/Desktop/ICAP_Readback/Benchmarks/RISC_RTL_Project/RISC_RTL_Project.srcs/sources_1/imports/AES_RISC/top/cv32e40x_wrapper.sv:163]
WARNING: [Synth 8-3295] tying undriven pin cv32e40x_core_i:xif_compressed_if\.mem_req[addr][27] to constant 0 [C:/Users/aamalik3/Desktop/ICAP_Readback/Benchmarks/RISC_RTL_Project/RISC_RTL_Project.srcs/sources_1/imports/AES_RISC/top/cv32e40x_wrapper.sv:163]
WARNING: [Synth 8-3295] tying undriven pin cv32e40x_core_i:xif_compressed_if\.mem_req[addr][26] to constant 0 [C:/Users/aamalik3/Desktop/ICAP_Readback/Benchmarks/RISC_RTL_Project/RISC_RTL_Project.srcs/sources_1/imports/AES_RISC/top/cv32e40x_wrapper.sv:163]
WARNING: [Synth 8-3295] tying undriven pin cv32e40x_core_i:xif_compressed_if\.mem_req[addr][25] to constant 0 [C:/Users/aamalik3/Desktop/ICAP_Readback/Benchmarks/RISC_RTL_Project/RISC_RTL_Project.srcs/sources_1/imports/AES_RISC/top/cv32e40x_wrapper.sv:163]
WARNING: [Synth 8-3295] tying undriven pin cv32e40x_core_i:xif_compressed_if\.mem_req[addr][24] to constant 0 [C:/Users/aamalik3/Desktop/ICAP_Readback/Benchmarks/RISC_RTL_Project/RISC_RTL_Project.srcs/sources_1/imports/AES_RISC/top/cv32e40x_wrapper.sv:163]
WARNING: [Synth 8-3295] tying undriven pin cv32e40x_core_i:xif_compressed_if\.mem_req[addr][23] to constant 0 [C:/Users/aamalik3/Desktop/ICAP_Readback/Benchmarks/RISC_RTL_Project/RISC_RTL_Project.srcs/sources_1/imports/AES_RISC/top/cv32e40x_wrapper.sv:163]
WARNING: [Synth 8-3295] tying undriven pin cv32e40x_core_i:xif_compressed_if\.mem_req[addr][22] to constant 0 [C:/Users/aamalik3/Desktop/ICAP_Readback/Benchmarks/RISC_RTL_Project/RISC_RTL_Project.srcs/sources_1/imports/AES_RISC/top/cv32e40x_wrapper.sv:163]
WARNING: [Synth 8-3295] tying undriven pin cv32e40x_core_i:xif_compressed_if\.mem_req[addr][21] to constant 0 [C:/Users/aamalik3/Desktop/ICAP_Readback/Benchmarks/RISC_RTL_Project/RISC_RTL_Project.srcs/sources_1/imports/AES_RISC/top/cv32e40x_wrapper.sv:163]
WARNING: [Synth 8-3295] tying undriven pin cv32e40x_core_i:xif_compressed_if\.mem_req[addr][20] to constant 0 [C:/Users/aamalik3/Desktop/ICAP_Readback/Benchmarks/RISC_RTL_Project/RISC_RTL_Project.srcs/sources_1/imports/AES_RISC/top/cv32e40x_wrapper.sv:163]
WARNING: [Synth 8-3295] tying undriven pin cv32e40x_core_i:xif_compressed_if\.mem_req[addr][19] to constant 0 [C:/Users/aamalik3/Desktop/ICAP_Readback/Benchmarks/RISC_RTL_Project/RISC_RTL_Project.srcs/sources_1/imports/AES_RISC/top/cv32e40x_wrapper.sv:163]
WARNING: [Synth 8-3295] tying undriven pin cv32e40x_core_i:xif_compressed_if\.mem_req[addr][18] to constant 0 [C:/Users/aamalik3/Desktop/ICAP_Readback/Benchmarks/RISC_RTL_Project/RISC_RTL_Project.srcs/sources_1/imports/AES_RISC/top/cv32e40x_wrapper.sv:163]
WARNING: [Synth 8-3295] tying undriven pin cv32e40x_core_i:xif_compressed_if\.mem_req[addr][17] to constant 0 [C:/Users/aamalik3/Desktop/ICAP_Readback/Benchmarks/RISC_RTL_Project/RISC_RTL_Project.srcs/sources_1/imports/AES_RISC/top/cv32e40x_wrapper.sv:163]
WARNING: [Synth 8-3295] tying undriven pin cv32e40x_core_i:xif_compressed_if\.mem_req[addr][16] to constant 0 [C:/Users/aamalik3/Desktop/ICAP_Readback/Benchmarks/RISC_RTL_Project/RISC_RTL_Project.srcs/sources_1/imports/AES_RISC/top/cv32e40x_wrapper.sv:163]
WARNING: [Synth 8-3295] tying undriven pin cv32e40x_core_i:xif_compressed_if\.mem_req[addr][15] to constant 0 [C:/Users/aamalik3/Desktop/ICAP_Readback/Benchmarks/RISC_RTL_Project/RISC_RTL_Project.srcs/sources_1/imports/AES_RISC/top/cv32e40x_wrapper.sv:163]
WARNING: [Synth 8-3295] tying undriven pin cv32e40x_core_i:xif_compressed_if\.mem_req[addr][14] to constant 0 [C:/Users/aamalik3/Desktop/ICAP_Readback/Benchmarks/RISC_RTL_Project/RISC_RTL_Project.srcs/sources_1/imports/AES_RISC/top/cv32e40x_wrapper.sv:163]
WARNING: [Synth 8-3295] tying undriven pin cv32e40x_core_i:xif_compressed_if\.mem_req[addr][13] to constant 0 [C:/Users/aamalik3/Desktop/ICAP_Readback/Benchmarks/RISC_RTL_Project/RISC_RTL_Project.srcs/sources_1/imports/AES_RISC/top/cv32e40x_wrapper.sv:163]
WARNING: [Synth 8-3295] tying undriven pin cv32e40x_core_i:xif_compressed_if\.mem_req[addr][12] to constant 0 [C:/Users/aamalik3/Desktop/ICAP_Readback/Benchmarks/RISC_RTL_Project/RISC_RTL_Project.srcs/sources_1/imports/AES_RISC/top/cv32e40x_wrapper.sv:163]
WARNING: [Synth 8-3295] tying undriven pin cv32e40x_core_i:xif_compressed_if\.mem_req[addr][11] to constant 0 [C:/Users/aamalik3/Desktop/ICAP_Readback/Benchmarks/RISC_RTL_Project/RISC_RTL_Project.srcs/sources_1/imports/AES_RISC/top/cv32e40x_wrapper.sv:163]
WARNING: [Synth 8-3295] tying undriven pin cv32e40x_core_i:xif_compressed_if\.mem_req[addr][10] to constant 0 [C:/Users/aamalik3/Desktop/ICAP_Readback/Benchmarks/RISC_RTL_Project/RISC_RTL_Project.srcs/sources_1/imports/AES_RISC/top/cv32e40x_wrapper.sv:163]
WARNING: [Synth 8-3295] tying undriven pin cv32e40x_core_i:xif_compressed_if\.mem_req[addr][9] to constant 0 [C:/Users/aamalik3/Desktop/ICAP_Readback/Benchmarks/RISC_RTL_Project/RISC_RTL_Project.srcs/sources_1/imports/AES_RISC/top/cv32e40x_wrapper.sv:163]
WARNING: [Synth 8-3295] tying undriven pin cv32e40x_core_i:xif_compressed_if\.mem_req[addr][8] to constant 0 [C:/Users/aamalik3/Desktop/ICAP_Readback/Benchmarks/RISC_RTL_Project/RISC_RTL_Project.srcs/sources_1/imports/AES_RISC/top/cv32e40x_wrapper.sv:163]
WARNING: [Synth 8-3295] tying undriven pin cv32e40x_core_i:xif_compressed_if\.mem_req[addr][7] to constant 0 [C:/Users/aamalik3/Desktop/ICAP_Readback/Benchmarks/RISC_RTL_Project/RISC_RTL_Project.srcs/sources_1/imports/AES_RISC/top/cv32e40x_wrapper.sv:163]
WARNING: [Synth 8-3295] tying undriven pin cv32e40x_core_i:xif_compressed_if\.mem_req[addr][6] to constant 0 [C:/Users/aamalik3/Desktop/ICAP_Readback/Benchmarks/RISC_RTL_Project/RISC_RTL_Project.srcs/sources_1/imports/AES_RISC/top/cv32e40x_wrapper.sv:163]
WARNING: [Synth 8-3295] tying undriven pin cv32e40x_core_i:xif_compressed_if\.mem_req[addr][5] to constant 0 [C:/Users/aamalik3/Desktop/ICAP_Readback/Benchmarks/RISC_RTL_Project/RISC_RTL_Project.srcs/sources_1/imports/AES_RISC/top/cv32e40x_wrapper.sv:163]
WARNING: [Synth 8-3295] tying undriven pin cv32e40x_core_i:xif_compressed_if\.mem_req[addr][4] to constant 0 [C:/Users/aamalik3/Desktop/ICAP_Readback/Benchmarks/RISC_RTL_Project/RISC_RTL_Project.srcs/sources_1/imports/AES_RISC/top/cv32e40x_wrapper.sv:163]
WARNING: [Synth 8-3295] tying undriven pin cv32e40x_core_i:xif_compressed_if\.mem_req[addr][3] to constant 0 [C:/Users/aamalik3/Desktop/ICAP_Readback/Benchmarks/RISC_RTL_Project/RISC_RTL_Project.srcs/sources_1/imports/AES_RISC/top/cv32e40x_wrapper.sv:163]
WARNING: [Synth 8-3295] tying undriven pin cv32e40x_core_i:xif_compressed_if\.mem_req[addr][2] to constant 0 [C:/Users/aamalik3/Desktop/ICAP_Readback/Benchmarks/RISC_RTL_Project/RISC_RTL_Project.srcs/sources_1/imports/AES_RISC/top/cv32e40x_wrapper.sv:163]
WARNING: [Synth 8-3295] tying undriven pin cv32e40x_core_i:xif_compressed_if\.mem_req[addr][1] to constant 0 [C:/Users/aamalik3/Desktop/ICAP_Readback/Benchmarks/RISC_RTL_Project/RISC_RTL_Project.srcs/sources_1/imports/AES_RISC/top/cv32e40x_wrapper.sv:163]
WARNING: [Synth 8-3295] tying undriven pin cv32e40x_core_i:xif_compressed_if\.mem_req[addr][0] to constant 0 [C:/Users/aamalik3/Desktop/ICAP_Readback/Benchmarks/RISC_RTL_Project/RISC_RTL_Project.srcs/sources_1/imports/AES_RISC/top/cv32e40x_wrapper.sv:163]
WARNING: [Synth 8-3295] tying undriven pin cv32e40x_core_i:xif_compressed_if\.mem_req[mode][1] to constant 0 [C:/Users/aamalik3/Desktop/ICAP_Readback/Benchmarks/RISC_RTL_Project/RISC_RTL_Project.srcs/sources_1/imports/AES_RISC/top/cv32e40x_wrapper.sv:163]
WARNING: [Synth 8-3295] tying undriven pin cv32e40x_core_i:xif_compressed_if\.mem_req[mode][0] to constant 0 [C:/Users/aamalik3/Desktop/ICAP_Readback/Benchmarks/RISC_RTL_Project/RISC_RTL_Project.srcs/sources_1/imports/AES_RISC/top/cv32e40x_wrapper.sv:163]
WARNING: [Synth 8-3295] tying undriven pin cv32e40x_core_i:xif_compressed_if\.mem_req[we] to constant 0 [C:/Users/aamalik3/Desktop/ICAP_Readback/Benchmarks/RISC_RTL_Project/RISC_RTL_Project.srcs/sources_1/imports/AES_RISC/top/cv32e40x_wrapper.sv:163]
WARNING: [Synth 8-3295] tying undriven pin cv32e40x_core_i:xif_compressed_if\.mem_req[size][2] to constant 0 [C:/Users/aamalik3/Desktop/ICAP_Readback/Benchmarks/RISC_RTL_Project/RISC_RTL_Project.srcs/sources_1/imports/AES_RISC/top/cv32e40x_wrapper.sv:163]
WARNING: [Synth 8-3295] tying undriven pin cv32e40x_core_i:xif_compressed_if\.mem_req[size][1] to constant 0 [C:/Users/aamalik3/Desktop/ICAP_Readback/Benchmarks/RISC_RTL_Project/RISC_RTL_Project.srcs/sources_1/imports/AES_RISC/top/cv32e40x_wrapper.sv:163]
WARNING: [Synth 8-3295] tying undriven pin cv32e40x_core_i:xif_compressed_if\.mem_req[size][0] to constant 0 [C:/Users/aamalik3/Desktop/ICAP_Readback/Benchmarks/RISC_RTL_Project/RISC_RTL_Project.srcs/sources_1/imports/AES_RISC/top/cv32e40x_wrapper.sv:163]
WARNING: [Synth 8-3295] tying undriven pin cv32e40x_core_i:xif_compressed_if\.mem_req[be][3] to constant 0 [C:/Users/aamalik3/Desktop/ICAP_Readback/Benchmarks/RISC_RTL_Project/RISC_RTL_Project.srcs/sources_1/imports/AES_RISC/top/cv32e40x_wrapper.sv:163]
WARNING: [Synth 8-3295] tying undriven pin cv32e40x_core_i:xif_compressed_if\.mem_req[be][2] to constant 0 [C:/Users/aamalik3/Desktop/ICAP_Readback/Benchmarks/RISC_RTL_Project/RISC_RTL_Project.srcs/sources_1/imports/AES_RISC/top/cv32e40x_wrapper.sv:163]
WARNING: [Synth 8-3295] tying undriven pin cv32e40x_core_i:xif_compressed_if\.mem_req[be][1] to constant 0 [C:/Users/aamalik3/Desktop/ICAP_Readback/Benchmarks/RISC_RTL_Project/RISC_RTL_Project.srcs/sources_1/imports/AES_RISC/top/cv32e40x_wrapper.sv:163]
WARNING: [Synth 8-3295] tying undriven pin cv32e40x_core_i:xif_compressed_if\.mem_req[be][0] to constant 0 [C:/Users/aamalik3/Desktop/ICAP_Readback/Benchmarks/RISC_RTL_Project/RISC_RTL_Project.srcs/sources_1/imports/AES_RISC/top/cv32e40x_wrapper.sv:163]
WARNING: [Synth 8-3295] tying undriven pin cv32e40x_core_i:xif_compressed_if\.mem_req[attr][1] to constant 0 [C:/Users/aamalik3/Desktop/ICAP_Readback/Benchmarks/RISC_RTL_Project/RISC_RTL_Project.srcs/sources_1/imports/AES_RISC/top/cv32e40x_wrapper.sv:163]
WARNING: [Synth 8-3295] tying undriven pin cv32e40x_core_i:xif_compressed_if\.mem_req[attr][0] to constant 0 [C:/Users/aamalik3/Desktop/ICAP_Readback/Benchmarks/RISC_RTL_Project/RISC_RTL_Project.srcs/sources_1/imports/AES_RISC/top/cv32e40x_wrapper.sv:163]
WARNING: [Synth 8-3295] tying undriven pin cv32e40x_core_i:xif_compressed_if\.mem_req[wdata][31] to constant 0 [C:/Users/aamalik3/Desktop/ICAP_Readback/Benchmarks/RISC_RTL_Project/RISC_RTL_Project.srcs/sources_1/imports/AES_RISC/top/cv32e40x_wrapper.sv:163]
WARNING: [Synth 8-3295] tying undriven pin cv32e40x_core_i:xif_compressed_if\.mem_req[wdata][30] to constant 0 [C:/Users/aamalik3/Desktop/ICAP_Readback/Benchmarks/RISC_RTL_Project/RISC_RTL_Project.srcs/sources_1/imports/AES_RISC/top/cv32e40x_wrapper.sv:163]
WARNING: [Synth 8-3295] tying undriven pin cv32e40x_core_i:xif_compressed_if\.mem_req[wdata][29] to constant 0 [C:/Users/aamalik3/Desktop/ICAP_Readback/Benchmarks/RISC_RTL_Project/RISC_RTL_Project.srcs/sources_1/imports/AES_RISC/top/cv32e40x_wrapper.sv:163]
WARNING: [Synth 8-3295] tying undriven pin cv32e40x_core_i:xif_compressed_if\.mem_req[wdata][28] to constant 0 [C:/Users/aamalik3/Desktop/ICAP_Readback/Benchmarks/RISC_RTL_Project/RISC_RTL_Project.srcs/sources_1/imports/AES_RISC/top/cv32e40x_wrapper.sv:163]
WARNING: [Synth 8-3295] tying undriven pin cv32e40x_core_i:xif_compressed_if\.mem_req[wdata][27] to constant 0 [C:/Users/aamalik3/Desktop/ICAP_Readback/Benchmarks/RISC_RTL_Project/RISC_RTL_Project.srcs/sources_1/imports/AES_RISC/top/cv32e40x_wrapper.sv:163]
WARNING: [Synth 8-3295] tying undriven pin cv32e40x_core_i:xif_compressed_if\.mem_req[wdata][26] to constant 0 [C:/Users/aamalik3/Desktop/ICAP_Readback/Benchmarks/RISC_RTL_Project/RISC_RTL_Project.srcs/sources_1/imports/AES_RISC/top/cv32e40x_wrapper.sv:163]
WARNING: [Synth 8-3295] tying undriven pin cv32e40x_core_i:xif_compressed_if\.mem_req[wdata][25] to constant 0 [C:/Users/aamalik3/Desktop/ICAP_Readback/Benchmarks/RISC_RTL_Project/RISC_RTL_Project.srcs/sources_1/imports/AES_RISC/top/cv32e40x_wrapper.sv:163]
INFO: [Common 17-14] Message 'Synth 8-3295' appears 100 times and further instances of the messages will be disabled. Use the Tcl command set_msg_config to change the current settings.
---------------------------------------------------------------------------------
Start Handling Custom Attributes
---------------------------------------------------------------------------------
---------------------------------------------------------------------------------
Finished Handling Custom Attributes : Time (s): cpu = 00:00:12 ; elapsed = 00:00:11 . Memory (MB): peak = 2194.016 ; gain = 1243.957
---------------------------------------------------------------------------------
---------------------------------------------------------------------------------
Finished RTL Optimization Phase 1 : Time (s): cpu = 00:00:12 ; elapsed = 00:00:11 . Memory (MB): peak = 2194.016 ; gain = 1243.957
---------------------------------------------------------------------------------
INFO: [Device 21-403] Loading part xc7z020clg484-1
INFO: [Project 1-570] Preparing netlist for logic optimization

Processing XDC Constraints
Initializing timing engine
Completed Processing XDC Constraints

INFO: [Project 1-111] Unisim Transformation Summary:
No Unisim elements were transformed.

WARNING: [Constraints 18-5210] No constraint will be written out.
Constraint Validation Runtime : Time (s): cpu = 00:00:00 ; elapsed = 00:00:00.032 . Memory (MB): peak = 2194.016 ; gain = 0.000
---------------------------------------------------------------------------------
Finished Constraint Validation : Time (s): cpu = 00:00:23 ; elapsed = 00:00:24 . Memory (MB): peak = 2194.016 ; gain = 1243.957
---------------------------------------------------------------------------------
---------------------------------------------------------------------------------
Start Loading Part and Timing Information
---------------------------------------------------------------------------------
Loading part: xc7z020clg484-1
---------------------------------------------------------------------------------
Finished Loading Part and Timing Information : Time (s): cpu = 00:00:23 ; elapsed = 00:00:24 . Memory (MB): peak = 2194.016 ; gain = 1243.957
---------------------------------------------------------------------------------
---------------------------------------------------------------------------------
Start Applying 'set_property' XDC Constraints
---------------------------------------------------------------------------------
---------------------------------------------------------------------------------
Finished applying 'set_property' XDC Constraints : Time (s): cpu = 00:00:23 ; elapsed = 00:00:24 . Memory (MB): peak = 2194.016 ; gain = 1243.957
---------------------------------------------------------------------------------
INFO: [Synth 8-5818] HDL ADVISOR - The operator resource <adder> is shared. To prevent sharing consider applying a KEEP on the output of the operator [C:/Users/aamalik3/Desktop/ICAP_Readback/Benchmarks/RISC_RTL_Project/RISC_RTL_Project.srcs/sources_1/imports/AES_RISC/cv32e40x_core/cv32e40x_sequencer.sv:226]
INFO: [Synth 8-802] inferred FSM for state register 'seq_state_q_reg' in module 'cv32e40x_sequencer'
INFO: [Synth 8-5544] ROM "seq_move_s2a" won't be mapped to Block RAM because address size (2) smaller than threshold (5)
INFO: [Synth 8-5544] ROM "get_stack_adj_base" won't be mapped to Block RAM because address size (4) smaller than threshold (5)
INFO: [Synth 8-5544] ROM "seq_first_fsm" won't be mapped to Block RAM because address size (4) smaller than threshold (5)
INFO: [Synth 8-5544] ROM "seq_state_n" won't be mapped to Block RAM because address size (1) smaller than threshold (5)
INFO: [Synth 8-5544] ROM "seq_state_n" won't be mapped to Block RAM because address size (1) smaller than threshold (5)
INFO: [Synth 8-5544] ROM "resp_q_reg[0][bus_resp][rdata]" won't be mapped to Block RAM because address size (2) smaller than threshold (5)
INFO: [Synth 8-5544] ROM "resp_q_reg[0][bus_resp][err]" won't be mapped to Block RAM because address size (2) smaller than threshold (5)
INFO: [Synth 8-5544] ROM "resp_q_reg[1][bus_resp][rdata]" won't be mapped to Block RAM because address size (2) smaller than threshold (5)
INFO: [Synth 8-5544] ROM "resp_q_reg[1][bus_resp][err]" won't be mapped to Block RAM because address size (2) smaller than threshold (5)
INFO: [Synth 8-5544] ROM "resp_q_reg[2][bus_resp][rdata]" won't be mapped to Block RAM because address size (2) smaller than threshold (5)
INFO: [Synth 8-5544] ROM "resp_q_reg[2][bus_resp][err]" won't be mapped to Block RAM because address size (2) smaller than threshold (5)
INFO: [Synth 8-5544] ROM "aligned_n" won't be mapped to Block RAM because address size (2) smaller than threshold (5)
INFO: [Synth 8-5544] ROM "aligned_n" won't be mapped to Block RAM because address size (2) smaller than threshold (5)
INFO: [Synth 8-5544] ROM "n_incoming_ins" won't be mapped to Block RAM because address size (2) smaller than threshold (5)
INFO: [Synth 8-802] inferred FSM for state register 'state_q_reg' in module 'cv32e40x_mpu'
INFO: [Synth 8-5544] ROM "mpu_err_trans_valid" won't be mapped to Block RAM because address size (3) smaller than threshold (5)
INFO: [Synth 8-5544] ROM "mpu_block_core" won't be mapped to Block RAM because address size (3) smaller than threshold (5)
INFO: [Synth 8-5544] ROM "state_n0" won't be mapped to Block RAM because address size (1) smaller than threshold (5)
INFO: [Synth 8-5546] ROM "illegal_instr_o" won't be mapped to RAM because it is too sparse
INFO: [Synth 8-5546] ROM "illegal_instr_o" won't be mapped to RAM because it is too sparse
INFO: [Synth 8-5546] ROM "illegal_instr_o" won't be mapped to RAM because it is too sparse
INFO: [Synth 8-5818] HDL ADVISOR - The operator resource <adder> is shared. To prevent sharing consider applying a KEEP on the output of the operator [C:/Users/aamalik3/Desktop/ICAP_Readback/Benchmarks/RISC_RTL_Project/RISC_RTL_Project.srcs/sources_1/imports/AES_RISC/cv32e40x_core/cv32e40x_pc_target.sv:42]
INFO: [Synth 8-5546] ROM "decoder_ctrl_o" won't be mapped to RAM because it is too sparse
INFO: [Synth 8-5546] ROM "decoder_ctrl_o" won't be mapped to RAM because it is too sparse
INFO: [Synth 8-5546] ROM "decoder_ctrl_o" won't be mapped to RAM because it is too sparse
INFO: [Synth 8-5546] ROM "decoder_ctrl_o" won't be mapped to RAM because it is too sparse
INFO: [Synth 8-5546] ROM "decoder_ctrl_o" won't be mapped to RAM because it is too sparse
INFO: [Synth 8-5546] ROM "decoder_ctrl_o" won't be mapped to RAM because it is too sparse
INFO: [Synth 8-5546] ROM "decoder_ctrl_o" won't be mapped to RAM because it is too sparse
INFO: [Synth 8-5546] ROM "decoder_ctrl_o" won't be mapped to RAM because it is too sparse
INFO: [Synth 8-5546] ROM "decoder_ctrl_o" won't be mapped to RAM because it is too sparse
INFO: [Synth 8-5546] ROM "decoder_ctrl_o" won't be mapped to RAM because it is too sparse
INFO: [Synth 8-5546] ROM "decoder_ctrl_o" won't be mapped to RAM because it is too sparse
INFO: [Synth 8-5546] ROM "decoder_ctrl_o" won't be mapped to RAM because it is too sparse
INFO: [Synth 8-5546] ROM "decoder_ctrl_o" won't be mapped to RAM because it is too sparse
INFO: [Synth 8-5546] ROM "decoder_ctrl_o0" won't be mapped to RAM because it is too sparse
INFO: [Synth 8-5546] ROM "decoder_ctrl_o0" won't be mapped to RAM because it is too sparse
INFO: [Synth 8-5544] ROM "decoder_ctrl_o" won't be mapped to Block RAM because address size (3) smaller than threshold (5)
INFO: [Synth 8-5544] ROM "decoder_ctrl_o" won't be mapped to Block RAM because address size (3) smaller than threshold (5)
INFO: [Synth 8-5546] ROM "decoder_ctrl_o" won't be mapped to RAM because it is too sparse
INFO: [Synth 8-5546] ROM "decoder_ctrl_o" won't be mapped to RAM because it is too sparse
INFO: [Synth 8-5546] ROM "decoder_ctrl_o" won't be mapped to RAM because it is too sparse
INFO: [Synth 8-5544] ROM "decoder_ctrl_o" won't be mapped to Block RAM because address size (3) smaller than threshold (5)
INFO: [Synth 8-5544] ROM "decoder_ctrl_o" won't be mapped to Block RAM because address size (3) smaller than threshold (5)
INFO: [Synth 8-4471] merging register 'id_ex_pipe_o_reg[xif_meta][exception]' into 'id_ex_pipe_o_reg[xif_en]' [C:/Users/aamalik3/Desktop/ICAP_Readback/Benchmarks/RISC_RTL_Project/RISC_RTL_Project.srcs/sources_1/imports/AES_RISC/cv32e40x_core/cv32e40x_id_stage.sv:523]
INFO: [Synth 8-4471] merging register 'id_ex_pipe_o_reg[xif_meta][loadstore]' into 'id_ex_pipe_o_reg[xif_en]' [C:/Users/aamalik3/Desktop/ICAP_Readback/Benchmarks/RISC_RTL_Project/RISC_RTL_Project.srcs/sources_1/imports/AES_RISC/cv32e40x_core/cv32e40x_id_stage.sv:523]
INFO: [Synth 8-4471] merging register 'id_ex_pipe_o_reg[xif_meta][dualwrite]' into 'id_ex_pipe_o_reg[xif_en]' [C:/Users/aamalik3/Desktop/ICAP_Readback/Benchmarks/RISC_RTL_Project/RISC_RTL_Project.srcs/sources_1/imports/AES_RISC/cv32e40x_core/cv32e40x_id_stage.sv:523]
INFO: [Synth 8-4471] merging register 'id_ex_pipe_o_reg[xif_meta][accepted]' into 'id_ex_pipe_o_reg[xif_en]' [C:/Users/aamalik3/Desktop/ICAP_Readback/Benchmarks/RISC_RTL_Project/RISC_RTL_Project.srcs/sources_1/imports/AES_RISC/cv32e40x_core/cv32e40x_id_stage.sv:523]
WARNING: [Synth 8-6014] Unused sequential element id_ex_pipe_o_reg[xif_meta][exception] was removed.  [C:/Users/aamalik3/Desktop/ICAP_Readback/Benchmarks/RISC_RTL_Project/RISC_RTL_Project.srcs/sources_1/imports/AES_RISC/cv32e40x_core/cv32e40x_id_stage.sv:523]
WARNING: [Synth 8-6014] Unused sequential element id_ex_pipe_o_reg[xif_meta][loadstore] was removed.  [C:/Users/aamalik3/Desktop/ICAP_Readback/Benchmarks/RISC_RTL_Project/RISC_RTL_Project.srcs/sources_1/imports/AES_RISC/cv32e40x_core/cv32e40x_id_stage.sv:523]
WARNING: [Synth 8-6014] Unused sequential element id_ex_pipe_o_reg[xif_meta][dualwrite] was removed.  [C:/Users/aamalik3/Desktop/ICAP_Readback/Benchmarks/RISC_RTL_Project/RISC_RTL_Project.srcs/sources_1/imports/AES_RISC/cv32e40x_core/cv32e40x_id_stage.sv:523]
WARNING: [Synth 8-6014] Unused sequential element id_ex_pipe_o_reg[xif_meta][accepted] was removed.  [C:/Users/aamalik3/Desktop/ICAP_Readback/Benchmarks/RISC_RTL_Project/RISC_RTL_Project.srcs/sources_1/imports/AES_RISC/cv32e40x_core/cv32e40x_id_stage.sv:523]
INFO: [Synth 8-5818] HDL ADVISOR - The operator resource <adder> is shared. To prevent sharing consider applying a KEEP on the output of the operator [C:/Users/aamalik3/Desktop/ICAP_Readback/Benchmarks/RISC_RTL_Project/RISC_RTL_Project.srcs/sources_1/imports/AES_RISC/cv32e40x_core/cv32e40x_div.sv:171]
INFO: [Synth 8-802] inferred FSM for state register 'state_reg' in module 'cv32e40x_div'
INFO: [Synth 8-5544] ROM "quotient_en" won't be mapped to Block RAM because address size (2) smaller than threshold (5)
INFO: [Synth 8-5544] ROM "divisor_en" won't be mapped to Block RAM because address size (2) smaller than threshold (5)
INFO: [Synth 8-5544] ROM "init_en" won't be mapped to Block RAM because address size (2) smaller than threshold (5)
INFO: [Synth 8-5544] ROM "valid_o" won't be mapped to Block RAM because address size (2) smaller than threshold (5)
INFO: [Synth 8-5544] ROM "next_state" won't be mapped to Block RAM because address size (1) smaller than threshold (5)
INFO: [Synth 8-802] inferred FSM for state register 'state_q_reg' in module 'cv32e40x_wpt'
INFO: [Synth 8-5544] ROM "wpt_block_core" won't be mapped to Block RAM because address size (2) smaller than threshold (5)
INFO: [Synth 8-5544] ROM "wpt_trans_valid" won't be mapped to Block RAM because address size (2) smaller than threshold (5)
INFO: [Synth 8-5544] ROM "state_n0" won't be mapped to Block RAM because address size (1) smaller than threshold (5)
INFO: [Synth 8-802] inferred FSM for state register 'state_q_reg' in module 'cv32e40x_mpu__parameterized0'
INFO: [Synth 8-5544] ROM "mpu_err_trans_valid" won't be mapped to Block RAM because address size (3) smaller than threshold (5)
INFO: [Synth 8-5544] ROM "mpu_block_core" won't be mapped to Block RAM because address size (3) smaller than threshold (5)
INFO: [Synth 8-5544] ROM "state_n0" won't be mapped to Block RAM because address size (1) smaller than threshold (5)
INFO: [Synth 8-5544] ROM "state_n0" won't be mapped to Block RAM because address size (1) smaller than threshold (5)
INFO: [Synth 8-4471] merging register 'outstanding_q_reg[0][store]' into 'outstanding_q_reg[0][bufferable]' [C:/Users/aamalik3/Desktop/ICAP_Readback/Benchmarks/RISC_RTL_Project/RISC_RTL_Project.srcs/sources_1/imports/AES_RISC/cv32e40x_core/cv32e40x_lsu_response_filter.sv:149]
WARNING: [Synth 8-6014] Unused sequential element outstanding_q_reg[0][store] was removed.  [C:/Users/aamalik3/Desktop/ICAP_Readback/Benchmarks/RISC_RTL_Project/RISC_RTL_Project.srcs/sources_1/imports/AES_RISC/cv32e40x_core/cv32e40x_lsu_response_filter.sv:149]
INFO: [Synth 8-5544] ROM "lsu_split_0_o" won't be mapped to Block RAM because address size (2) smaller than threshold (5)
INFO: [Synth 8-5546] ROM "dcsr_we" won't be mapped to RAM because it is too sparse
INFO: [Synth 8-5546] ROM "dpc_we" won't be mapped to RAM because it is too sparse
INFO: [Synth 8-5546] ROM "jvt_we" won't be mapped to RAM because it is too sparse
INFO: [Synth 8-5546] ROM "mcause_we" won't be mapped to RAM because it is too sparse
INFO: [Synth 8-5546] ROM "mepc_we" won't be mapped to RAM because it is too sparse
INFO: [Synth 8-5546] ROM "mie_we" won't be mapped to RAM because it is too sparse
INFO: [Synth 8-5546] ROM "mstatus_we" won't be mapped to RAM because it is too sparse
INFO: [Synth 8-5546] ROM "csr_counter_read_o" won't be mapped to RAM because it is too sparse
INFO: [Synth 8-5546] ROM "mscratch_we" won't be mapped to RAM because it is too sparse
INFO: [Synth 8-5546] ROM "tselect_we" won't be mapped to RAM because it is too sparse
INFO: [Synth 8-5546] ROM "tinfo_we" won't be mapped to RAM because it is too sparse
INFO: [Synth 8-5546] ROM "tcontrol_we" won't be mapped to RAM because it is too sparse
INFO: [Synth 8-5546] ROM "dscratch0_we" won't be mapped to RAM because it is too sparse
INFO: [Synth 8-5546] ROM "dscratch1_we" won't be mapped to RAM because it is too sparse
INFO: [Synth 8-802] inferred FSM for state register 'ctrl_fsm_cs_reg' in module 'cv32e40x_controller_fsm'
INFO: [Synth 8-802] inferred FSM for state register 'debug_fsm_cs_reg' in module 'cv32e40x_controller_fsm'
INFO: [Synth 8-5544] ROM "ctrl_fsm_o[nmi_mtvec_index]" won't be mapped to Block RAM because address size (2) smaller than threshold (5)
INFO: [Synth 8-5544] ROM "exception_cause_wb4" won't be mapped to Block RAM because address size (2) smaller than threshold (5)
INFO: [Synth 8-5544] ROM "ctrl_fsm_o" won't be mapped to Block RAM because address size (2) smaller than threshold (5)
INFO: [Synth 8-5544] ROM "ctrl_fsm_ns" won't be mapped to Block RAM because address size (1) smaller than threshold (5)
INFO: [Synth 8-5544] ROM "debug_fsm_ns" won't be mapped to Block RAM because address size (1) smaller than threshold (5)
INFO: [Synth 8-5544] ROM "ctrl_fsm_o[nmi_mtvec_index]" won't be mapped to Block RAM because address size (2) smaller than threshold (5)
INFO: [Synth 8-5544] ROM "exception_cause_wb4" won't be mapped to Block RAM because address size (2) smaller than threshold (5)
INFO: [Synth 8-5544] ROM "ctrl_fsm_o" won't be mapped to Block RAM because address size (2) smaller than threshold (5)
INFO: [Synth 8-5544] ROM "ctrl_fsm_ns" won't be mapped to Block RAM because address size (1) smaller than threshold (5)
INFO: [Synth 8-5544] ROM "debug_fsm_ns" won't be mapped to Block RAM because address size (1) smaller than threshold (5)
INFO: [Synth 8-5544] ROM "ctrl_fsm_ns" won't be mapped to Block RAM because address size (1) smaller than threshold (5)
INFO: [Synth 8-5544] ROM "ctrl_fsm_o0" won't be mapped to Block RAM because address size (1) smaller than threshold (5)
INFO: [Synth 8-5544] ROM "ctrl_fsm_o" won't be mapped to Block RAM because address size (1) smaller than threshold (5)
INFO: [Synth 8-5544] ROM "ctrl_fsm_o1" won't be mapped to Block RAM because address size (1) smaller than threshold (5)
INFO: [Synth 8-5544] ROM "ctrl_fsm_o" won't be mapped to Block RAM because address size (1) smaller than threshold (5)
INFO: [Synth 8-5544] ROM "ctrl_fsm_o0" won't be mapped to Block RAM because address size (1) smaller than threshold (5)
INFO: [Synth 8-5544] ROM "debug_cause_n" won't be mapped to Block RAM because address size (1) smaller than threshold (5)
INFO: [Synth 8-5544] ROM "sync_debug_cause1" won't be mapped to Block RAM because address size (1) smaller than threshold (5)
---------------------------------------------------------------------------------------------------
                   State |                     New Encoding |                Previous Encoding 
---------------------------------------------------------------------------------------------------
                  S_IDLE |                              000 |                             0000
                   S_POP |                              001 |                             0010
                  S_PUSH |                              010 |                             0001
                    S_RA |                              011 |                             0100
                    S_SP |                              100 |                             0101
                    S_A0 |                              101 |                             0110
                   S_RET |                              110 |                             0111
                 S_DMOVE |                              111 |                             0011
---------------------------------------------------------------------------------------------------
INFO: [Synth 8-3354] encoded FSM with state register 'seq_state_q_reg' using encoding 'sequential' in module 'cv32e40x_sequencer'
---------------------------------------------------------------------------------------------------
                   State |                     New Encoding |                Previous Encoding 
---------------------------------------------------------------------------------------------------
                  iSTATE |                               00 |                              000
                 iSTATE2 |                               01 |                              010
                 iSTATE3 |                               10 |                              001
                 iSTATE1 |                               11 |                              011
---------------------------------------------------------------------------------------------------
INFO: [Synth 8-3354] encoded FSM with state register 'state_q_reg' using encoding 'sequential' in module 'cv32e40x_mpu'
---------------------------------------------------------------------------------------------------
                   State |                     New Encoding |                Previous Encoding 
---------------------------------------------------------------------------------------------------
                DIV_IDLE |                               00 |                               00
              DIV_DIVIDE |                               01 |                               01
               DIV_DUMMY |                               10 |                               10
              DIV_FINISH |                               11 |                               11
---------------------------------------------------------------------------------------------------
INFO: [Synth 8-3354] encoded FSM with state register 'state_reg' using encoding 'sequential' in module 'cv32e40x_div'
---------------------------------------------------------------------------------------------------
                   State |                     New Encoding |                Previous Encoding 
---------------------------------------------------------------------------------------------------
                WPT_IDLE |                               00 |                               00
          WPT_MATCH_WAIT |                               01 |                               01
          WPT_MATCH_RESP |                               10 |                               10
---------------------------------------------------------------------------------------------------
INFO: [Synth 8-3354] encoded FSM with state register 'state_q_reg' using encoding 'sequential' in module 'cv32e40x_wpt'
---------------------------------------------------------------------------------------------------
                   State |                     New Encoding |                Previous Encoding 
---------------------------------------------------------------------------------------------------
                  iSTATE |                              000 |                              000
                 iSTATE0 |                              001 |                              100
                 iSTATE2 |                              010 |                              010
                 iSTATE3 |                              011 |                              001
                 iSTATE1 |                              100 |                              011
---------------------------------------------------------------------------------------------------
INFO: [Synth 8-3354] encoded FSM with state register 'state_q_reg' using encoding 'sequential' in module 'cv32e40x_mpu__parameterized0'
---------------------------------------------------------------------------------------------------
                   State |                     New Encoding |                Previous Encoding 
---------------------------------------------------------------------------------------------------
                   RESET |                               00 |                               00
              FUNCTIONAL |                               01 |                               01
             DEBUG_TAKEN |                               10 |                               11
                   SLEEP |                               11 |                               10
---------------------------------------------------------------------------------------------------
INFO: [Synth 8-3354] encoded FSM with state register 'ctrl_fsm_cs_reg' using encoding 'sequential' in module 'cv32e40x_controller_fsm'
INFO: [Synth 8-3898] No Re-encoding of one hot register 'debug_fsm_cs_reg' in module 'fsm16C42BCA6C01'
---------------------------------------------------------------------------------
Finished RTL Optimization Phase 2 : Time (s): cpu = 00:00:29 ; elapsed = 00:00:30 . Memory (MB): peak = 2194.016 ; gain = 1243.957
---------------------------------------------------------------------------------

Report RTL Partitions: 
+-+--------------+------------+----------+
| |RTL Partition |Replication |Instances |
+-+--------------+------------+----------+
+-+--------------+------------+----------+
---------------------------------------------------------------------------------
Start RTL Component Statistics 
---------------------------------------------------------------------------------
Detailed RTL Component Info : 
+---Adders : 
	   2 Input     64 Bit       Adders := 2     
	   2 Input     34 Bit       Adders := 1     
	   2 Input     33 Bit       Adders := 1     
	   2 Input     32 Bit       Adders := 8     
	   2 Input     17 Bit       Adders := 2     
	   3 Input     12 Bit       Adders := 1     
	   2 Input      8 Bit       Adders := 1     
	   2 Input      6 Bit       Adders := 3     
	  32 Input      6 Bit       Adders := 1     
	   3 Input      5 Bit       Adders := 1     
	   2 Input      5 Bit       Adders := 1     
	   2 Input      4 Bit       Adders := 1     
	   3 Input      4 Bit       Adders := 2     
	   4 Input      3 Bit       Adders := 1     
	   2 Input      2 Bit       Adders := 10    
	   3 Input      2 Bit       Adders := 2     
+---XORs : 
	   2 Input     32 Bit         XORs := 3     
	   2 Input      1 Bit         XORs := 2     
+---Registers : 
	              128 Bit    Registers := 1     
	               64 Bit    Registers := 2     
	               33 Bit    Registers := 1     
	               32 Bit    Registers := 76    
	               16 Bit    Registers := 1     
	               12 Bit    Registers := 1     
	                8 Bit    Registers := 8     
	                6 Bit    Registers := 4     
	                5 Bit    Registers := 2     
	                4 Bit    Registers := 2     
	                3 Bit    Registers := 5     
	                2 Bit    Registers := 28    
	                1 Bit    Registers := 130   
+---Multipliers : 
	                32x32  Multipliers := 1     
+---RAMs : 
	            1024K Bit         RAMs := 4     
+---Muxes : 
	   2 Input    128 Bit        Muxes := 1     
	   4 Input    128 Bit        Muxes := 1     
	   2 Input     64 Bit        Muxes := 14    
	   2 Input     33 Bit        Muxes := 2     
	   4 Input     33 Bit        Muxes := 1     
	   2 Input     32 Bit        Muxes := 92    
	   8 Input     32 Bit        Muxes := 1     
	   4 Input     32 Bit        Muxes := 16    
	   3 Input     32 Bit        Muxes := 3     
	   6 Input     32 Bit        Muxes := 1     
	   5 Input     32 Bit        Muxes := 3     
	  23 Input     32 Bit        Muxes := 1     
	   2 Input     25 Bit        Muxes := 1     
	   4 Input     17 Bit        Muxes := 2     
	   3 Input     16 Bit        Muxes := 1     
	   2 Input     16 Bit        Muxes := 10    
	   2 Input     12 Bit        Muxes := 2     
	   3 Input     12 Bit        Muxes := 2     
	   5 Input     11 Bit        Muxes := 1     
	   2 Input     11 Bit        Muxes := 1     
	   3 Input     11 Bit        Muxes := 1     
	   4 Input     11 Bit        Muxes := 1     
	   2 Input     10 Bit        Muxes := 8     
	   4 Input     10 Bit        Muxes := 2     
	   2 Input      8 Bit        Muxes := 2     
	   3 Input      8 Bit        Muxes := 1     
	   5 Input      8 Bit        Muxes := 1     
	   5 Input      7 Bit        Muxes := 1     
	   5 Input      6 Bit        Muxes := 1     
	   2 Input      6 Bit        Muxes := 8     
	  19 Input      5 Bit        Muxes := 1     
	   2 Input      5 Bit        Muxes := 15    
	   8 Input      5 Bit        Muxes := 2     
	   7 Input      5 Bit        Muxes := 1     
	  10 Input      5 Bit        Muxes := 1     
	  12 Input      5 Bit        Muxes := 1     
	   6 Input      5 Bit        Muxes := 1     
	   9 Input      5 Bit        Muxes := 1     
	   2 Input      4 Bit        Muxes := 13    
	   9 Input      4 Bit        Muxes := 1     
	   4 Input      4 Bit        Muxes := 2     
	  10 Input      4 Bit        Muxes := 1     
	   8 Input      4 Bit        Muxes := 1     
	   2 Input      3 Bit        Muxes := 24    
	   4 Input      3 Bit        Muxes := 5     
	   3 Input      3 Bit        Muxes := 4     
	  18 Input      3 Bit        Muxes := 1     
	  12 Input      3 Bit        Muxes := 1     
	   5 Input      3 Bit        Muxes := 4     
	   4 Input      2 Bit        Muxes := 12    
	   2 Input      2 Bit        Muxes := 107   
	   3 Input      2 Bit        Muxes := 5     
	   5 Input      2 Bit        Muxes := 15    
	   8 Input      2 Bit        Muxes := 4     
	   7 Input      2 Bit        Muxes := 6     
	  10 Input      2 Bit        Muxes := 2     
	  12 Input      2 Bit        Muxes := 9     
	  14 Input      2 Bit        Muxes := 1     
	   2 Input      1 Bit        Muxes := 239   
	   5 Input      1 Bit        Muxes := 43    
	   3 Input      1 Bit        Muxes := 27    
	   8 Input      1 Bit        Muxes := 10    
	  14 Input      1 Bit        Muxes := 1     
	   7 Input      1 Bit        Muxes := 9     
	   4 Input      1 Bit        Muxes := 50    
	   6 Input      1 Bit        Muxes := 2     
	  10 Input      1 Bit        Muxes := 5     
	  12 Input      1 Bit        Muxes := 20    
	   9 Input      1 Bit        Muxes := 2     
	  39 Input      1 Bit        Muxes := 2     
	  28 Input      1 Bit        Muxes := 17    
---------------------------------------------------------------------------------
Finished RTL Component Statistics 
---------------------------------------------------------------------------------
---------------------------------------------------------------------------------
Start RTL Hierarchical Component Statistics 
---------------------------------------------------------------------------------
Hierarchical RTL Component report 
Module cv32e40x_int_controller 
Detailed RTL Component Info : 
+---Registers : 
	               32 Bit    Registers := 1     
+---Muxes : 
	  19 Input      5 Bit        Muxes := 1     
Module cv32e40x_sleep_unit 
Detailed RTL Component Info : 
+---Registers : 
	                1 Bit    Registers := 2     
Module cv32e40x_sequencer 
Detailed RTL Component Info : 
+---Adders : 
	   2 Input     32 Bit       Adders := 1     
	   3 Input     12 Bit       Adders := 1     
	   2 Input      8 Bit       Adders := 1     
	   3 Input      5 Bit       Adders := 1     
	   2 Input      5 Bit       Adders := 1     
	   2 Input      4 Bit       Adders := 1     
	   3 Input      4 Bit       Adders := 1     
+---Registers : 
	                4 Bit    Registers := 1     
+---Muxes : 
	   2 Input     32 Bit        Muxes := 13    
	   8 Input     32 Bit        Muxes := 1     
	   2 Input     12 Bit        Muxes := 2     
	   3 Input     12 Bit        Muxes := 2     
	   2 Input      8 Bit        Muxes := 1     
	   3 Input      8 Bit        Muxes := 1     
	   5 Input      7 Bit        Muxes := 1     
	   2 Input      5 Bit        Muxes := 6     
	   2 Input      4 Bit        Muxes := 2     
	   2 Input      3 Bit        Muxes := 3     
	   4 Input      3 Bit        Muxes := 1     
	   3 Input      3 Bit        Muxes := 1     
	  18 Input      3 Bit        Muxes := 1     
	   4 Input      2 Bit        Muxes := 1     
	   2 Input      2 Bit        Muxes := 1     
	   2 Input      1 Bit        Muxes := 29    
	   5 Input      1 Bit        Muxes := 6     
	   3 Input      1 Bit        Muxes := 3     
	   8 Input      1 Bit        Muxes := 4     
Module cv32e40x_prefetcher 
Detailed RTL Component Info : 
+---Adders : 
	   2 Input     32 Bit       Adders := 1     
+---Registers : 
	               32 Bit    Registers := 1     
	                2 Bit    Registers := 1     
	                1 Bit    Registers := 2     
+---Muxes : 
	   2 Input     32 Bit        Muxes := 6     
	   2 Input      2 Bit        Muxes := 3     
	   2 Input      1 Bit        Muxes := 4     
Module cv32e40x_alignment_buffer 
Detailed RTL Component Info : 
+---Adders : 
	   2 Input     32 Bit       Adders := 1     
	   3 Input      4 Bit       Adders := 1     
	   4 Input      3 Bit       Adders := 1     
	   2 Input      2 Bit       Adders := 8     
+---Registers : 
	               32 Bit    Registers := 4     
	                3 Bit    Registers := 2     
	                2 Bit    Registers := 7     
	                1 Bit    Registers := 10    
+---Muxes : 
	   2 Input     32 Bit        Muxes := 12    
	   4 Input     32 Bit        Muxes := 1     
	   3 Input     32 Bit        Muxes := 2     
	   3 Input     16 Bit        Muxes := 1     
	   2 Input      3 Bit        Muxes := 8     
	   2 Input      2 Bit        Muxes := 23    
	   4 Input      2 Bit        Muxes := 2     
	   3 Input      2 Bit        Muxes := 3     
	   2 Input      1 Bit        Muxes := 24    
	   3 Input      1 Bit        Muxes := 4     
Module cv32e40x_pma 
Detailed RTL Component Info : 
+---Muxes : 
	   2 Input      1 Bit        Muxes := 1     
Module cv32e40x_mpu 
Detailed RTL Component Info : 
+---Muxes : 
	   4 Input      2 Bit        Muxes := 2     
	   2 Input      2 Bit        Muxes := 1     
	   3 Input      1 Bit        Muxes := 4     
Module cv32e40x_instr_obi_interface 
Detailed RTL Component Info : 
+---Registers : 
	               32 Bit    Registers := 1     
	                3 Bit    Registers := 1     
	                2 Bit    Registers := 1     
	                1 Bit    Registers := 2     
+---Muxes : 
	   2 Input     32 Bit        Muxes := 2     
	   2 Input      3 Bit        Muxes := 2     
	   2 Input      2 Bit        Muxes := 2     
	   2 Input      1 Bit        Muxes := 4     
Module cv32e40x_compressed_decoder 
Detailed RTL Component Info : 
+---Muxes : 
	   2 Input     32 Bit        Muxes := 9     
	   4 Input     32 Bit        Muxes := 4     
	   6 Input     32 Bit        Muxes := 1     
	   3 Input     32 Bit        Muxes := 1     
	   5 Input      2 Bit        Muxes := 2     
	   2 Input      1 Bit        Muxes := 3     
	   5 Input      1 Bit        Muxes := 1     
	  14 Input      1 Bit        Muxes := 1     
	   7 Input      1 Bit        Muxes := 1     
	   4 Input      1 Bit        Muxes := 2     
	   6 Input      1 Bit        Muxes := 1     
Module cv32e40x_if_stage 
Detailed RTL Component Info : 
+---Registers : 
	               32 Bit    Registers := 4     
	               16 Bit    Registers := 1     
	                2 Bit    Registers := 2     
	                1 Bit    Registers := 12    
+---Muxes : 
	   2 Input     32 Bit        Muxes := 1     
	   2 Input      2 Bit        Muxes := 2     
	   2 Input      1 Bit        Muxes := 5     
Module cv32e40x_pc_target 
Detailed RTL Component Info : 
+---Adders : 
	   2 Input     32 Bit       Adders := 1     
+---Muxes : 
	   4 Input     32 Bit        Muxes := 2     
Module cv32e40x_m_decoder 
Detailed RTL Component Info : 
+---Muxes : 
	   2 Input      5 Bit        Muxes := 2     
	   8 Input      5 Bit        Muxes := 1     
	   2 Input      2 Bit        Muxes := 6     
	   8 Input      2 Bit        Muxes := 3     
	   2 Input      1 Bit        Muxes := 9     
	   8 Input      1 Bit        Muxes := 4     
Module cv32e40x_i_decoder 
Detailed RTL Component Info : 
+---Muxes : 
	   7 Input      5 Bit        Muxes := 1     
	  10 Input      5 Bit        Muxes := 1     
	  12 Input      5 Bit        Muxes := 1     
	   6 Input      5 Bit        Muxes := 1     
	  12 Input      3 Bit        Muxes := 1     
	   7 Input      2 Bit        Muxes := 5     
	  10 Input      2 Bit        Muxes := 2     
	  12 Input      2 Bit        Muxes := 9     
	   2 Input      2 Bit        Muxes := 15    
	   4 Input      2 Bit        Muxes := 1     
	   5 Input      2 Bit        Muxes := 2     
	   7 Input      1 Bit        Muxes := 8     
	  10 Input      1 Bit        Muxes := 2     
	  12 Input      1 Bit        Muxes := 20    
	   4 Input      1 Bit        Muxes := 2     
	   2 Input      1 Bit        Muxes := 21    
	   5 Input      1 Bit        Muxes := 1     
	   9 Input      1 Bit        Muxes := 2     
Module cv32e40x_decoder 
Detailed RTL Component Info : 
+---Muxes : 
	   5 Input      6 Bit        Muxes := 1     
	   2 Input      6 Bit        Muxes := 2     
	   5 Input      3 Bit        Muxes := 1     
	   2 Input      3 Bit        Muxes := 2     
	   5 Input      2 Bit        Muxes := 5     
	   2 Input      2 Bit        Muxes := 14    
	   2 Input      1 Bit        Muxes := 4     
	   5 Input      1 Bit        Muxes := 7     
Module cv32e40x_id_stage 
Detailed RTL Component Info : 
+---Registers : 
	               32 Bit    Registers := 8     
	                6 Bit    Registers := 2     
	                5 Bit    Registers := 1     
	                2 Bit    Registers := 6     
	                1 Bit    Registers := 33    
+---Muxes : 
	   4 Input     32 Bit        Muxes := 3     
	   2 Input     32 Bit        Muxes := 6     
	   2 Input      5 Bit        Muxes := 1     
	   2 Input      3 Bit        Muxes := 1     
	   2 Input      2 Bit        Muxes := 1     
	   2 Input      1 Bit        Muxes := 1     
Module cv32e40x_div 
Detailed RTL Component Info : 
+---Adders : 
	   2 Input     32 Bit       Adders := 1     
	   2 Input      6 Bit       Adders := 2     
+---XORs : 
	   2 Input      1 Bit         XORs := 2     
+---Registers : 
	               32 Bit    Registers := 2     
	                6 Bit    Registers := 1     
	                1 Bit    Registers := 3     
+---Muxes : 
	   2 Input     32 Bit        Muxes := 7     
	   2 Input      6 Bit        Muxes := 2     
	   7 Input      2 Bit        Muxes := 1     
	   2 Input      1 Bit        Muxes := 5     
	   4 Input      1 Bit        Muxes := 8     
Module cv32e40x_mult 
Detailed RTL Component Info : 
+---Adders : 
	   2 Input     34 Bit       Adders := 1     
+---Registers : 
	               33 Bit    Registers := 1     
	                2 Bit    Registers := 1     
+---Multipliers : 
	                32x32  Multipliers := 1     
+---Muxes : 
	   2 Input     33 Bit        Muxes := 2     
	   4 Input     33 Bit        Muxes := 1     
	   2 Input     32 Bit        Muxes := 2     
	   4 Input     17 Bit        Muxes := 2     
	   5 Input      2 Bit        Muxes := 1     
	   2 Input      1 Bit        Muxes := 2     
	   4 Input      1 Bit        Muxes := 4     
Module cv32e40x_ff_one 
Detailed RTL Component Info : 
+---Muxes : 
	   8 Input      5 Bit        Muxes := 1     
	   9 Input      5 Bit        Muxes := 1     
	   2 Input      5 Bit        Muxes := 1     
	   9 Input      4 Bit        Muxes := 1     
	   5 Input      3 Bit        Muxes := 1     
	   3 Input      2 Bit        Muxes := 1     
	   2 Input      1 Bit        Muxes := 1     
Module cv32e40x_alu_b_cpop 
Detailed RTL Component Info : 
+---Adders : 
	  32 Input      6 Bit       Adders := 1     
Module cv32e40x_alu 
Detailed RTL Component Info : 
+---Adders : 
	   2 Input     33 Bit       Adders := 1     
	   2 Input     32 Bit       Adders := 1     
	   2 Input      6 Bit       Adders := 1     
+---XORs : 
	   2 Input     32 Bit         XORs := 3     
+---Muxes : 
	   2 Input     64 Bit        Muxes := 5     
	   2 Input     32 Bit        Muxes := 8     
	   4 Input     32 Bit        Muxes := 2     
	   5 Input     32 Bit        Muxes := 1     
	  23 Input     32 Bit        Muxes := 1     
	   2 Input      6 Bit        Muxes := 3     
	   5 Input      3 Bit        Muxes := 1     
	   2 Input      3 Bit        Muxes := 1     
	   3 Input      3 Bit        Muxes := 1     
	   5 Input      2 Bit        Muxes := 1     
	   4 Input      1 Bit        Muxes := 1     
	   2 Input      1 Bit        Muxes := 1     
Module cv32e40x_ex_stage 
Detailed RTL Component Info : 
+---Registers : 
	               32 Bit    Registers := 5     
	               12 Bit    Registers := 1     
	                5 Bit    Registers := 1     
	                2 Bit    Registers := 3     
	                1 Bit    Registers := 33    
+---Muxes : 
	   2 Input      1 Bit        Muxes := 3     
Module cv32e40x_wpt 
Detailed RTL Component Info : 
+---Muxes : 
	   3 Input      2 Bit        Muxes := 1     
	   2 Input      2 Bit        Muxes := 1     
	   3 Input      1 Bit        Muxes := 5     
Module cv32e40x_mpu__parameterized0 
Detailed RTL Component Info : 
+---Muxes : 
	   4 Input      3 Bit        Muxes := 1     
	   2 Input      3 Bit        Muxes := 3     
	   4 Input      2 Bit        Muxes := 1     
	   3 Input      1 Bit        Muxes := 5     
Module cv32e40x_lsu_response_filter 
Detailed RTL Component Info : 
+---Adders : 
	   3 Input      2 Bit       Adders := 2     
+---Registers : 
	                2 Bit    Registers := 2     
	                1 Bit    Registers := 5     
+---Muxes : 
	   3 Input      1 Bit        Muxes := 3     
	   2 Input      1 Bit        Muxes := 1     
Module cv32e40x_write_buffer 
Detailed RTL Component Info : 
+---Registers : 
	               32 Bit    Registers := 2     
	                6 Bit    Registers := 1     
	                4 Bit    Registers := 1     
	                3 Bit    Registers := 1     
	                2 Bit    Registers := 1     
	                1 Bit    Registers := 3     
+---Muxes : 
	   2 Input     32 Bit        Muxes := 2     
	   2 Input      6 Bit        Muxes := 1     
	   2 Input      4 Bit        Muxes := 1     
	   2 Input      3 Bit        Muxes := 1     
	   2 Input      2 Bit        Muxes := 1     
	   2 Input      1 Bit        Muxes := 6     
Module cv32e40x_load_store_unit 
Detailed RTL Component Info : 
+---Adders : 
	   2 Input     32 Bit       Adders := 2     
	   2 Input      2 Bit       Adders := 2     
+---Registers : 
	               32 Bit    Registers := 1     
	                2 Bit    Registers := 3     
	                1 Bit    Registers := 4     
+---Muxes : 
	   2 Input     64 Bit        Muxes := 1     
	   2 Input     32 Bit        Muxes := 6     
	   4 Input     32 Bit        Muxes := 1     
	   2 Input      4 Bit        Muxes := 1     
	   4 Input      4 Bit        Muxes := 1     
	  10 Input      4 Bit        Muxes := 1     
	   4 Input      3 Bit        Muxes := 1     
	   4 Input      2 Bit        Muxes := 2     
	   2 Input      1 Bit        Muxes := 6     
	   4 Input      1 Bit        Muxes := 1     
	   3 Input      1 Bit        Muxes := 1     
Module cv32e40x_wb_stage 
Detailed RTL Component Info : 
+---Registers : 
	                2 Bit    Registers := 1     
	                1 Bit    Registers := 2     
+---Muxes : 
	   2 Input     32 Bit        Muxes := 3     
	   2 Input      2 Bit        Muxes := 4     
	   2 Input      1 Bit        Muxes := 4     
Module cv32e40x_csr 
Detailed RTL Component Info : 
+---Registers : 
	               32 Bit    Registers := 1     
Module cv32e40x_csr__parameterized0 
Detailed RTL Component Info : 
+---Registers : 
	               32 Bit    Registers := 1     
Module cv32e40x_csr__parameterized1 
Detailed RTL Component Info : 
+---Registers : 
	               32 Bit    Registers := 1     
Module cv32e40x_csr__parameterized2 
Detailed RTL Component Info : 
+---Registers : 
	               32 Bit    Registers := 1     
Module cv32e40x_csr__parameterized3 
Detailed RTL Component Info : 
+---Registers : 
	               32 Bit    Registers := 1     
Module cv32e40x_debug_triggers 
Detailed RTL Component Info : 
+---Muxes : 
	   2 Input     32 Bit        Muxes := 6     
	   4 Input     32 Bit        Muxes := 1     
	   2 Input      2 Bit        Muxes := 5     
	   3 Input      1 Bit        Muxes := 2     
	   2 Input      1 Bit        Muxes := 2     
Module cv32e40x_cs_registers 
Detailed RTL Component Info : 
+---Adders : 
	   2 Input     64 Bit       Adders := 2     
+---Registers : 
	               64 Bit    Registers := 2     
	               32 Bit    Registers := 1     
+---Muxes : 
	   2 Input     64 Bit        Muxes := 8     
	   4 Input     32 Bit        Muxes := 1     
	   2 Input     32 Bit        Muxes := 9     
	   5 Input     32 Bit        Muxes := 2     
	   2 Input     25 Bit        Muxes := 1     
	   2 Input     16 Bit        Muxes := 10    
	   5 Input     11 Bit        Muxes := 1     
	   2 Input     11 Bit        Muxes := 1     
	   5 Input      8 Bit        Muxes := 1     
	   2 Input      8 Bit        Muxes := 1     
	   5 Input      3 Bit        Muxes := 1     
	   2 Input      3 Bit        Muxes := 1     
	   2 Input      2 Bit        Muxes := 9     
	   5 Input      2 Bit        Muxes := 4     
	   4 Input      1 Bit        Muxes := 1     
	  39 Input      1 Bit        Muxes := 2     
	  28 Input      1 Bit        Muxes := 17    
	   5 Input      1 Bit        Muxes := 28    
	   2 Input      1 Bit        Muxes := 23    
Module cv32e40x_controller_fsm 
Detailed RTL Component Info : 
+---Registers : 
	                3 Bit    Registers := 1     
	                1 Bit    Registers := 15    
+---Muxes : 
	   4 Input     32 Bit        Muxes := 1     
	   3 Input     11 Bit        Muxes := 1     
	   4 Input     11 Bit        Muxes := 1     
	   2 Input     10 Bit        Muxes := 8     
	   4 Input     10 Bit        Muxes := 2     
	   2 Input      5 Bit        Muxes := 5     
	   2 Input      4 Bit        Muxes := 9     
	   8 Input      4 Bit        Muxes := 1     
	   4 Input      4 Bit        Muxes := 1     
	   3 Input      3 Bit        Muxes := 2     
	   2 Input      3 Bit        Muxes := 2     
	   4 Input      3 Bit        Muxes := 2     
	   2 Input      2 Bit        Muxes := 15    
	   8 Input      2 Bit        Muxes := 1     
	   4 Input      2 Bit        Muxes := 3     
	  14 Input      2 Bit        Muxes := 1     
	   2 Input      1 Bit        Muxes := 44    
	   8 Input      1 Bit        Muxes := 2     
	  10 Input      1 Bit        Muxes := 3     
	   6 Input      1 Bit        Muxes := 1     
	   4 Input      1 Bit        Muxes := 31    
Module cv32e40x_controller_bypass 
Detailed RTL Component Info : 
+---Muxes : 
	   2 Input      2 Bit        Muxes := 4     
Module cv32e40x_register_file 
Detailed RTL Component Info : 
+---Registers : 
	               32 Bit    Registers := 32    
+---Muxes : 
	   2 Input      1 Bit        Muxes := 31    
Module dp_ram_1 
Detailed RTL Component Info : 
+---Registers : 
	                8 Bit    Registers := 2     
+---RAMs : 
	            1024K Bit         RAMs := 1     
Module dp_ram_2 
Detailed RTL Component Info : 
+---Registers : 
	                8 Bit    Registers := 2     
+---RAMs : 
	            1024K Bit         RAMs := 1     
Module dp_ram_3 
Detailed RTL Component Info : 
+---Registers : 
	                8 Bit    Registers := 2     
+---RAMs : 
	            1024K Bit         RAMs := 1     
Module dp_ram_4 
Detailed RTL Component Info : 
+---Registers : 
	                8 Bit    Registers := 2     
+---RAMs : 
	            1024K Bit         RAMs := 1     
Module cv32e40x_wrapper 
Detailed RTL Component Info : 
+---Adders : 
	   2 Input     17 Bit       Adders := 2     
+---Registers : 
	              128 Bit    Registers := 1     
	                1 Bit    Registers := 4     
+---Muxes : 
	   2 Input    128 Bit        Muxes := 1     
	   4 Input    128 Bit        Muxes := 1     
	   2 Input      1 Bit        Muxes := 4     
---------------------------------------------------------------------------------
Finished RTL Hierarchical Component Statistics
---------------------------------------------------------------------------------
---------------------------------------------------------------------------------
Start Part Resource Summary
---------------------------------------------------------------------------------
Part Resources:
DSPs: 220 (col length:60)
BRAMs: 280 (col length: RAMB18 60 RAMB36 30)
---------------------------------------------------------------------------------
Finished Part Resource Summary
---------------------------------------------------------------------------------
---------------------------------------------------------------------------------
Start Cross Boundary and Area Optimization
---------------------------------------------------------------------------------
Warning: Parallel synthesis criteria is not met 
INFO: [Synth 8-5546] ROM "decoder_i/i_decoder_i/decoder_ctrl_o" won't be mapped to RAM because it is too sparse
INFO: [Synth 8-5845] Not enough pipeline registers after wide multiplier. Recommended levels of pipeline registers is 4 [C:/Users/aamalik3/Desktop/ICAP_Readback/Benchmarks/RISC_RTL_Project/RISC_RTL_Project.srcs/sources_1/imports/AES_RISC/cv32e40x_core/cv32e40x_mult.sv:196]
DSP Report: Generating DSP int_result, operation Mode is: A*B.
DSP Report: operator int_result is absorbed into DSP int_result.
DSP Report: operator int_result is absorbed into DSP int_result.
DSP Report: Generating DSP int_result, operation Mode is: (PCIN>>17)+A*B.
DSP Report: operator int_result is absorbed into DSP int_result.
DSP Report: operator int_result is absorbed into DSP int_result.
DSP Report: Generating DSP int_result, operation Mode is: A*B.
DSP Report: operator int_result is absorbed into DSP int_result.
DSP Report: operator int_result is absorbed into DSP int_result.
DSP Report: Generating DSP int_result, operation Mode is: (PCIN>>17)+A*B.
DSP Report: operator int_result is absorbed into DSP int_result.
DSP Report: operator int_result is absorbed into DSP int_result.
INFO: [Synth 8-4471] merging register 'response_filter_i/outstanding_q_reg[0][bufferable]' into 'response_filter_i/outstanding_q_reg[1][bufferable]' [C:/Users/aamalik3/Desktop/ICAP_Readback/Benchmarks/RISC_RTL_Project/RISC_RTL_Project.srcs/sources_1/imports/AES_RISC/cv32e40x_core/cv32e40x_lsu_response_filter.sv:149]
WARNING: [Synth 8-6014] Unused sequential element response_filter_i/outstanding_q_reg[0][bufferable] was removed.  [C:/Users/aamalik3/Desktop/ICAP_Readback/Benchmarks/RISC_RTL_Project/RISC_RTL_Project.srcs/sources_1/imports/AES_RISC/cv32e40x_core/cv32e40x_lsu_response_filter.sv:149]
INFO: [Synth 8-5546] ROM "csr_counter_read_o" won't be mapped to RAM because it is too sparse
INFO: [Synth 8-5546] ROM "mstatus_we" won't be mapped to RAM because it is too sparse
INFO: [Synth 8-5546] ROM "mie_we" won't be mapped to RAM because it is too sparse
INFO: [Synth 8-5546] ROM "dcsr_we" won't be mapped to RAM because it is too sparse
INFO: [Synth 8-5546] ROM "dpc_we" won't be mapped to RAM because it is too sparse
INFO: [Synth 8-5546] ROM "jvt_we" won't be mapped to RAM because it is too sparse
INFO: [Synth 8-5546] ROM "mcause_we" won't be mapped to RAM because it is too sparse
INFO: [Synth 8-5546] ROM "mepc_we" won't be mapped to RAM because it is too sparse
INFO: [Synth 8-5546] ROM "mscratch_we" won't be mapped to RAM because it is too sparse
INFO: [Synth 8-5546] ROM "tselect_we" won't be mapped to RAM because it is too sparse
INFO: [Synth 8-5546] ROM "tinfo_we" won't be mapped to RAM because it is too sparse
INFO: [Synth 8-5546] ROM "tcontrol_we" won't be mapped to RAM because it is too sparse
INFO: [Synth 8-5546] ROM "dscratch0_we" won't be mapped to RAM because it is too sparse
INFO: [Synth 8-5546] ROM "dscratch1_we" won't be mapped to RAM because it is too sparse
WARNING: [Synth 8-6026] Ignoring keep related attribute (keep/mark_debug/dont_touch) applied on memory
WARNING: [Synth 8-6026] Ignoring keep related attribute (keep/mark_debug/dont_touch) applied on memory
WARNING: [Synth 8-6026] Ignoring keep related attribute (keep/mark_debug/dont_touch) applied on memory [C:/Users/aamalik3/Desktop/ICAP_Readback/Benchmarks/RISC_RTL_Project/RISC_RTL_Project.srcs/sources_1/imports/top/dp_ram_1.sv:24]
WARNING: [Synth 8-6026] Ignoring keep related attribute (keep/mark_debug/dont_touch) applied on memory
WARNING: [Synth 8-6026] Ignoring keep related attribute (keep/mark_debug/dont_touch) applied on memory
WARNING: [Synth 8-6026] Ignoring keep related attribute (keep/mark_debug/dont_touch) applied on memory
WARNING: [Synth 8-6014] Unused sequential element cv32e40x_wrapper_i/trigger_o_reg was removed.  [C:/Users/aamalik3/Desktop/ICAP_Readback/Benchmarks/RISC_RTL_Project/RISC_RTL_Project.srcs/sources_1/imports/AES_RISC/top/cv32e40x_wrapper.sv:76]
WARNING: [Synth 8-6014] Unused sequential element cv32e40x_wrapper_i/dp_ram_1/memory_reg was removed. 
INFO: [Synth 8-3333] propagating constant 0 across sequential element (\cv32e40x_wrapper_i/cv32e40x_core_i /load_store_unit_i/\write_buffer_i/trans_q_reg[wdata][0] )
INFO: [Synth 8-3333] propagating constant 0 across sequential element (\cv32e40x_wrapper_i/cv32e40x_core_i /load_store_unit_i/\write_buffer_i/trans_q_reg[wdata][1] )
INFO: [Synth 8-3333] propagating constant 0 across sequential element (\cv32e40x_wrapper_i/cv32e40x_core_i /load_store_unit_i/\write_buffer_i/trans_q_reg[wdata][2] )
INFO: [Synth 8-3333] propagating constant 0 across sequential element (\cv32e40x_wrapper_i/cv32e40x_core_i /load_store_unit_i/\write_buffer_i/trans_q_reg[wdata][3] )
INFO: [Synth 8-3333] propagating constant 0 across sequential element (\cv32e40x_wrapper_i/cv32e40x_core_i /load_store_unit_i/\write_buffer_i/trans_q_reg[wdata][4] )
INFO: [Synth 8-3333] propagating constant 0 across sequential element (\cv32e40x_wrapper_i/cv32e40x_core_i /load_store_unit_i/\write_buffer_i/trans_q_reg[wdata][5] )
INFO: [Synth 8-3333] propagating constant 0 across sequential element (\cv32e40x_wrapper_i/cv32e40x_core_i /load_store_unit_i/\write_buffer_i/trans_q_reg[wdata][6] )
INFO: [Synth 8-3333] propagating constant 0 across sequential element (\cv32e40x_wrapper_i/cv32e40x_core_i /load_store_unit_i/\write_buffer_i/trans_q_reg[wdata][7] )
INFO: [Synth 8-3333] propagating constant 0 across sequential element (\cv32e40x_wrapper_i/cv32e40x_core_i /load_store_unit_i/\write_buffer_i/trans_q_reg[wdata][8] )
INFO: [Synth 8-3333] propagating constant 0 across sequential element (\cv32e40x_wrapper_i/cv32e40x_core_i /load_store_unit_i/\write_buffer_i/trans_q_reg[wdata][9] )
INFO: [Synth 8-3333] propagating constant 0 across sequential element (\cv32e40x_wrapper_i/cv32e40x_core_i /load_store_unit_i/\write_buffer_i/trans_q_reg[wdata][10] )
INFO: [Synth 8-3333] propagating constant 0 across sequential element (\cv32e40x_wrapper_i/cv32e40x_core_i /load_store_unit_i/\write_buffer_i/trans_q_reg[wdata][11] )
INFO: [Synth 8-3333] propagating constant 0 across sequential element (\cv32e40x_wrapper_i/cv32e40x_core_i /load_store_unit_i/\write_buffer_i/trans_q_reg[wdata][12] )
INFO: [Synth 8-3333] propagating constant 0 across sequential element (\cv32e40x_wrapper_i/cv32e40x_core_i /load_store_unit_i/\write_buffer_i/trans_q_reg[wdata][13] )
INFO: [Synth 8-3333] propagating constant 0 across sequential element (\cv32e40x_wrapper_i/cv32e40x_core_i /load_store_unit_i/\write_buffer_i/trans_q_reg[wdata][14] )
INFO: [Synth 8-3333] propagating constant 0 across sequential element (\cv32e40x_wrapper_i/cv32e40x_core_i /load_store_unit_i/\write_buffer_i/trans_q_reg[wdata][15] )
INFO: [Synth 8-3333] propagating constant 0 across sequential element (\cv32e40x_wrapper_i/cv32e40x_core_i /load_store_unit_i/\write_buffer_i/trans_q_reg[wdata][16] )
INFO: [Synth 8-3333] propagating constant 0 across sequential element (\cv32e40x_wrapper_i/cv32e40x_core_i /load_store_unit_i/\write_buffer_i/trans_q_reg[wdata][17] )
INFO: [Synth 8-3333] propagating constant 0 across sequential element (\cv32e40x_wrapper_i/cv32e40x_core_i /load_store_unit_i/\write_buffer_i/trans_q_reg[wdata][18] )
INFO: [Synth 8-3333] propagating constant 0 across sequential element (\cv32e40x_wrapper_i/cv32e40x_core_i /load_store_unit_i/\write_buffer_i/trans_q_reg[wdata][19] )
INFO: [Synth 8-3333] propagating constant 0 across sequential element (\cv32e40x_wrapper_i/cv32e40x_core_i /load_store_unit_i/\write_buffer_i/trans_q_reg[wdata][20] )
INFO: [Synth 8-3333] propagating constant 0 across sequential element (\cv32e40x_wrapper_i/cv32e40x_core_i /load_store_unit_i/\write_buffer_i/trans_q_reg[wdata][21] )
INFO: [Synth 8-3333] propagating constant 0 across sequential element (\cv32e40x_wrapper_i/cv32e40x_core_i /load_store_unit_i/\write_buffer_i/trans_q_reg[wdata][22] )
INFO: [Synth 8-3333] propagating constant 0 across sequential element (\cv32e40x_wrapper_i/cv32e40x_core_i /load_store_unit_i/\write_buffer_i/trans_q_reg[wdata][23] )
INFO: [Synth 8-3333] propagating constant 0 across sequential element (\cv32e40x_wrapper_i/cv32e40x_core_i /load_store_unit_i/\write_buffer_i/trans_q_reg[wdata][24] )
INFO: [Synth 8-3333] propagating constant 0 across sequential element (\cv32e40x_wrapper_i/cv32e40x_core_i /load_store_unit_i/\write_buffer_i/trans_q_reg[wdata][25] )
INFO: [Synth 8-3333] propagating constant 0 across sequential element (\cv32e40x_wrapper_i/cv32e40x_core_i /load_store_unit_i/\write_buffer_i/trans_q_reg[wdata][26] )
INFO: [Synth 8-3333] propagating constant 0 across sequential element (\cv32e40x_wrapper_i/cv32e40x_core_i /load_store_unit_i/\write_buffer_i/trans_q_reg[wdata][27] )
INFO: [Synth 8-3333] propagating constant 0 across sequential element (\cv32e40x_wrapper_i/cv32e40x_core_i /load_store_unit_i/\write_buffer_i/trans_q_reg[wdata][28] )
INFO: [Synth 8-3333] propagating constant 0 across sequential element (\cv32e40x_wrapper_i/cv32e40x_core_i /load_store_unit_i/\write_buffer_i/trans_q_reg[wdata][29] )
INFO: [Synth 8-3333] propagating constant 0 across sequential element (\cv32e40x_wrapper_i/cv32e40x_core_i /load_store_unit_i/\write_buffer_i/trans_q_reg[wdata][30] )
INFO: [Synth 8-3333] propagating constant 0 across sequential element (\cv32e40x_wrapper_i/cv32e40x_core_i /load_store_unit_i/\write_buffer_i/trans_q_reg[wdata][31] )
INFO: [Synth 8-3333] propagating constant 0 across sequential element (\cv32e40x_wrapper_i/cv32e40x_core_i /controller_i/\controller_fsm_i/nmi_is_store_q_reg )
INFO: [Synth 8-3333] propagating constant 0 across sequential element (\cv32e40x_wrapper_i/cv32e40x_core_i /load_store_unit_i/\write_buffer_i/trans_q_reg[be][0] )
INFO: [Synth 8-3333] propagating constant 0 across sequential element (\cv32e40x_wrapper_i/cv32e40x_core_i /load_store_unit_i/\write_buffer_i/trans_q_reg[be][3] )
INFO: [Synth 8-3333] propagating constant 0 across sequential element (\cv32e40x_wrapper_i/cv32e40x_core_i /load_store_unit_i/\write_buffer_i/trans_q_reg[be][1] )
INFO: [Synth 8-3333] propagating constant 0 across sequential element (\cv32e40x_wrapper_i/cv32e40x_core_i /load_store_unit_i/\write_buffer_i/trans_q_reg[be][2] )
INFO: [Synth 8-3333] propagating constant 0 across sequential element (\cv32e40x_wrapper_i/cv32e40x_core_i /load_store_unit_i/\write_buffer_i/trans_q_reg[we] )
INFO: [Synth 8-3333] propagating constant 0 across sequential element (\cv32e40x_wrapper_i/cv32e40x_core_i /load_store_unit_i/\write_buffer_i/trans_q_reg[addr][30] )
INFO: [Synth 8-3333] propagating constant 0 across sequential element (\cv32e40x_wrapper_i/cv32e40x_core_i /load_store_unit_i/\write_buffer_i/trans_q_reg[addr][31] )
INFO: [Synth 8-3333] propagating constant 0 across sequential element (\cv32e40x_wrapper_i/cv32e40x_core_i /load_store_unit_i/\write_buffer_i/trans_q_reg[addr][29] )
INFO: [Synth 8-3333] propagating constant 0 across sequential element (\cv32e40x_wrapper_i/cv32e40x_core_i /load_store_unit_i/\write_buffer_i/trans_q_reg[addr][28] )
INFO: [Synth 8-3333] propagating constant 0 across sequential element (\cv32e40x_wrapper_i/cv32e40x_core_i /load_store_unit_i/\write_buffer_i/trans_q_reg[addr][27] )
INFO: [Synth 8-3333] propagating constant 0 across sequential element (\cv32e40x_wrapper_i/cv32e40x_core_i /load_store_unit_i/\write_buffer_i/trans_q_reg[addr][26] )
INFO: [Synth 8-3333] propagating constant 0 across sequential element (\cv32e40x_wrapper_i/cv32e40x_core_i /load_store_unit_i/\write_buffer_i/trans_q_reg[addr][25] )
INFO: [Synth 8-3333] propagating constant 0 across sequential element (\cv32e40x_wrapper_i/cv32e40x_core_i /load_store_unit_i/\write_buffer_i/trans_q_reg[addr][24] )
INFO: [Synth 8-3333] propagating constant 0 across sequential element (\cv32e40x_wrapper_i/cv32e40x_core_i /load_store_unit_i/\write_buffer_i/trans_q_reg[addr][23] )
INFO: [Synth 8-3333] propagating constant 0 across sequential element (\cv32e40x_wrapper_i/cv32e40x_core_i /load_store_unit_i/\write_buffer_i/trans_q_reg[addr][22] )
INFO: [Synth 8-3333] propagating constant 0 across sequential element (\cv32e40x_wrapper_i/cv32e40x_core_i /load_store_unit_i/\write_buffer_i/trans_q_reg[addr][4] )
INFO: [Synth 8-3333] propagating constant 0 across sequential element (\cv32e40x_wrapper_i/cv32e40x_core_i /load_store_unit_i/\write_buffer_i/trans_q_reg[addr][0] )
INFO: [Synth 8-3333] propagating constant 0 across sequential element (\cv32e40x_wrapper_i/cv32e40x_core_i /load_store_unit_i/\write_buffer_i/trans_q_reg[addr][1] )
INFO: [Synth 8-3333] propagating constant 0 across sequential element (\cv32e40x_wrapper_i/cv32e40x_core_i /load_store_unit_i/\write_buffer_i/trans_q_reg[addr][21] )
INFO: [Synth 8-3333] propagating constant 0 across sequential element (\cv32e40x_wrapper_i/cv32e40x_core_i /load_store_unit_i/\write_buffer_i/trans_q_reg[addr][17] )
INFO: [Synth 8-3333] propagating constant 0 across sequential element (\cv32e40x_wrapper_i/cv32e40x_core_i /load_store_unit_i/\write_buffer_i/trans_q_reg[addr][16] )
INFO: [Synth 8-3333] propagating constant 0 across sequential element (\cv32e40x_wrapper_i/cv32e40x_core_i /load_store_unit_i/\write_buffer_i/trans_q_reg[addr][15] )
INFO: [Synth 8-3333] propagating constant 0 across sequential element (\cv32e40x_wrapper_i/cv32e40x_core_i /load_store_unit_i/\write_buffer_i/trans_q_reg[addr][14] )
INFO: [Synth 8-3333] propagating constant 0 across sequential element (\cv32e40x_wrapper_i/cv32e40x_core_i /load_store_unit_i/\write_buffer_i/trans_q_reg[addr][13] )
INFO: [Synth 8-3333] propagating constant 0 across sequential element (\cv32e40x_wrapper_i/cv32e40x_core_i /load_store_unit_i/\write_buffer_i/trans_q_reg[addr][12] )
INFO: [Synth 8-3333] propagating constant 0 across sequential element (\cv32e40x_wrapper_i/cv32e40x_core_i /load_store_unit_i/\write_buffer_i/trans_q_reg[addr][11] )
INFO: [Synth 8-3333] propagating constant 0 across sequential element (\cv32e40x_wrapper_i/cv32e40x_core_i /load_store_unit_i/\write_buffer_i/trans_q_reg[addr][10] )
INFO: [Synth 8-3333] propagating constant 0 across sequential element (\cv32e40x_wrapper_i/cv32e40x_core_i /load_store_unit_i/\write_buffer_i/trans_q_reg[addr][9] )
INFO: [Synth 8-3333] propagating constant 0 across sequential element (\cv32e40x_wrapper_i/cv32e40x_core_i /load_store_unit_i/\write_buffer_i/trans_q_reg[addr][8] )
INFO: [Synth 8-3333] propagating constant 0 across sequential element (\cv32e40x_wrapper_i/cv32e40x_core_i /load_store_unit_i/\write_buffer_i/trans_q_reg[addr][7] )
INFO: [Synth 8-3333] propagating constant 0 across sequential element (\cv32e40x_wrapper_i/cv32e40x_core_i /load_store_unit_i/\write_buffer_i/trans_q_reg[addr][6] )
INFO: [Synth 8-3333] propagating constant 0 across sequential element (\cv32e40x_wrapper_i/cv32e40x_core_i /load_store_unit_i/\write_buffer_i/trans_q_reg[addr][5] )
INFO: [Synth 8-3333] propagating constant 0 across sequential element (\cv32e40x_wrapper_i/cv32e40x_core_i /load_store_unit_i/\write_buffer_i/trans_q_reg[addr][18] )
INFO: [Synth 8-3333] propagating constant 0 across sequential element (\cv32e40x_wrapper_i/cv32e40x_core_i /load_store_unit_i/\write_buffer_i/trans_q_reg[addr][3] )
INFO: [Synth 8-3333] propagating constant 0 across sequential element (\cv32e40x_wrapper_i/cv32e40x_core_i /load_store_unit_i/\write_buffer_i/trans_q_reg[addr][2] )
INFO: [Synth 8-3333] propagating constant 0 across sequential element (\cv32e40x_wrapper_i/cv32e40x_core_i /load_store_unit_i/\write_buffer_i/trans_q_reg[addr][19] )
INFO: [Synth 8-3333] propagating constant 0 across sequential element (\cv32e40x_wrapper_i/cv32e40x_core_i /load_store_unit_i/\write_buffer_i/trans_q_reg[addr][20] )
INFO: [Synth 8-3886] merging instance 'cv32e40x_wrapper_i/cv32e40x_core_i/cs_registers_i/gen_debug_csr.dcsr_csr_i/rdata_q_reg[0]' (FDPE) to 'cv32e40x_wrapper_i/cv32e40x_core_i/cs_registers_i/gen_debug_csr.dcsr_csr_i/rdata_q_reg[1]'
INFO: [Synth 8-3333] propagating constant 1 across sequential element (\cv32e40x_wrapper_i/cv32e40x_core_i /cs_registers_i/\gen_debug_csr.dcsr_csr_i /\rdata_q_reg[1] )
INFO: [Synth 8-3333] propagating constant 0 across sequential element (\cv32e40x_wrapper_i/cv32e40x_core_i /cs_registers_i/\basic_mode_csrs.mtvec_csr_i /\rdata_q_reg[2] )
INFO: [Synth 8-3333] propagating constant 0 across sequential element (\cv32e40x_wrapper_i/cv32e40x_core_i /cs_registers_i/\basic_mode_csrs.mtvec_csr_i /\rdata_q_reg[3] )
INFO: [Synth 8-3333] propagating constant 1 across sequential element (\cv32e40x_wrapper_i/cv32e40x_core_i /cs_registers_i/\gen_debug_csr.dcsr_csr_i /\rdata_q_reg[4] )
INFO: [Synth 8-3333] propagating constant 0 across sequential element (\cv32e40x_wrapper_i/cv32e40x_core_i /cs_registers_i/\basic_mode_csrs.mtvec_csr_i /\rdata_q_reg[4] )
INFO: [Synth 8-3886] merging instance 'cv32e40x_wrapper_i/cv32e40x_core_i/cs_registers_i/gen_debug_csr.dcsr_csr_i/rdata_q_reg[5]' (FDCE) to 'cv32e40x_wrapper_i/cv32e40x_core_i/cs_registers_i/gen_debug_csr.dcsr_csr_i/rdata_q_reg[27]'
INFO: [Synth 8-3333] propagating constant 0 across sequential element (\cv32e40x_wrapper_i/cv32e40x_core_i /cs_registers_i/\basic_mode_csrs.mtvec_csr_i /\rdata_q_reg[5] )
INFO: [Synth 8-3333] propagating constant 0 across sequential element (\cv32e40x_wrapper_i/cv32e40x_core_i /cs_registers_i/\basic_mode_csrs.mtvec_csr_i /\rdata_q_reg[6] )
INFO: [Synth 8-3886] merging instance 'cv32e40x_wrapper_i/cv32e40x_core_i/cs_registers_i/gen_debug_csr.dcsr_csr_i/rdata_q_reg[9]' (FDCE) to 'cv32e40x_wrapper_i/cv32e40x_core_i/cs_registers_i/gen_debug_csr.dcsr_csr_i/rdata_q_reg[27]'
INFO: [Synth 8-3886] merging instance 'cv32e40x_wrapper_i/cv32e40x_core_i/cs_registers_i/gen_debug_csr.dcsr_csr_i/rdata_q_reg[13]' (FDCE) to 'cv32e40x_wrapper_i/cv32e40x_core_i/cs_registers_i/gen_debug_csr.dcsr_csr_i/rdata_q_reg[27]'
INFO: [Synth 8-3886] merging instance 'cv32e40x_wrapper_i/cv32e40x_core_i/cs_registers_i/gen_debug_csr.dcsr_csr_i/rdata_q_reg[14]' (FDCE) to 'cv32e40x_wrapper_i/cv32e40x_core_i/cs_registers_i/gen_debug_csr.dcsr_csr_i/rdata_q_reg[27]'
INFO: [Synth 8-3886] merging instance 'cv32e40x_wrapper_i/cv32e40x_core_i/cs_registers_i/gen_debug_csr.dcsr_csr_i/rdata_q_reg[16]' (FDCE) to 'cv32e40x_wrapper_i/cv32e40x_core_i/cs_registers_i/gen_debug_csr.dcsr_csr_i/rdata_q_reg[27]'
INFO: [Synth 8-3886] merging instance 'cv32e40x_wrapper_i/cv32e40x_core_i/cs_registers_i/gen_debug_csr.dcsr_csr_i/rdata_q_reg[17]' (FDCE) to 'cv32e40x_wrapper_i/cv32e40x_core_i/cs_registers_i/gen_debug_csr.dcsr_csr_i/rdata_q_reg[27]'
INFO: [Synth 8-3333] propagating constant 0 across sequential element (\cv32e40x_wrapper_i/cv32e40x_core_i /\register_file_wrapper_i/register_file_i /\mem_reg[0][17] )
INFO: [Synth 8-3886] merging instance 'cv32e40x_wrapper_i/cv32e40x_core_i/cs_registers_i/gen_debug_csr.dcsr_csr_i/rdata_q_reg[18]' (FDCE) to 'cv32e40x_wrapper_i/cv32e40x_core_i/cs_registers_i/gen_debug_csr.dcsr_csr_i/rdata_q_reg[27]'
INFO: [Synth 8-3333] propagating constant 0 across sequential element (\cv32e40x_wrapper_i/cv32e40x_core_i /\register_file_wrapper_i/register_file_i /\mem_reg[0][18] )
INFO: [Synth 8-3886] merging instance 'cv32e40x_wrapper_i/cv32e40x_core_i/cs_registers_i/gen_debug_csr.dcsr_csr_i/rdata_q_reg[19]' (FDCE) to 'cv32e40x_wrapper_i/cv32e40x_core_i/cs_registers_i/gen_debug_csr.dcsr_csr_i/rdata_q_reg[27]'
INFO: [Synth 8-3333] propagating constant 0 across sequential element (\cv32e40x_wrapper_i/cv32e40x_core_i /\register_file_wrapper_i/register_file_i /\mem_reg[0][19] )
INFO: [Synth 8-3886] merging instance 'cv32e40x_wrapper_i/cv32e40x_core_i/cs_registers_i/gen_debug_csr.dcsr_csr_i/rdata_q_reg[20]' (FDCE) to 'cv32e40x_wrapper_i/cv32e40x_core_i/cs_registers_i/gen_debug_csr.dcsr_csr_i/rdata_q_reg[27]'
INFO: [Synth 8-3333] propagating constant 0 across sequential element (\cv32e40x_wrapper_i/cv32e40x_core_i /\register_file_wrapper_i/register_file_i /\mem_reg[0][20] )
INFO: [Synth 8-3886] merging instance 'cv32e40x_wrapper_i/cv32e40x_core_i/cs_registers_i/gen_debug_csr.dcsr_csr_i/rdata_q_reg[21]' (FDCE) to 'cv32e40x_wrapper_i/cv32e40x_core_i/cs_registers_i/gen_debug_csr.dcsr_csr_i/rdata_q_reg[27]'
INFO: [Synth 8-3333] propagating constant 0 across sequential element (\cv32e40x_wrapper_i/cv32e40x_core_i /\register_file_wrapper_i/register_file_i /\mem_reg[0][21] )
INFO: [Synth 8-3886] merging instance 'cv32e40x_wrapper_i/cv32e40x_core_i/cs_registers_i/gen_debug_csr.dcsr_csr_i/rdata_q_reg[22]' (FDCE) to 'cv32e40x_wrapper_i/cv32e40x_core_i/cs_registers_i/gen_debug_csr.dcsr_csr_i/rdata_q_reg[27]'
INFO: [Synth 8-3333] propagating constant 0 across sequential element (\cv32e40x_wrapper_i/cv32e40x_core_i /\register_file_wrapper_i/register_file_i /\mem_reg[0][22] )
INFO: [Synth 8-3886] merging instance 'cv32e40x_wrapper_i/cv32e40x_core_i/cs_registers_i/gen_debug_csr.dcsr_csr_i/rdata_q_reg[23]' (FDCE) to 'cv32e40x_wrapper_i/cv32e40x_core_i/cs_registers_i/gen_debug_csr.dcsr_csr_i/rdata_q_reg[27]'
INFO: [Synth 8-3333] propagating constant 0 across sequential element (\cv32e40x_wrapper_i/cv32e40x_core_i /\register_file_wrapper_i/register_file_i /\mem_reg[0][23] )
INFO: [Synth 8-3886] merging instance 'cv32e40x_wrapper_i/cv32e40x_core_i/cs_registers_i/gen_debug_csr.dcsr_csr_i/rdata_q_reg[24]' (FDCE) to 'cv32e40x_wrapper_i/cv32e40x_core_i/cs_registers_i/gen_debug_csr.dcsr_csr_i/rdata_q_reg[27]'
INFO: [Synth 8-3333] propagating constant 0 across sequential element (\cv32e40x_wrapper_i/cv32e40x_core_i /\register_file_wrapper_i/register_file_i /\mem_reg[0][24] )
INFO: [Synth 8-3886] merging instance 'cv32e40x_wrapper_i/cv32e40x_core_i/cs_registers_i/gen_debug_csr.dcsr_csr_i/rdata_q_reg[25]' (FDCE) to 'cv32e40x_wrapper_i/cv32e40x_core_i/cs_registers_i/gen_debug_csr.dcsr_csr_i/rdata_q_reg[27]'
INFO: [Synth 8-3333] propagating constant 0 across sequential element (\cv32e40x_wrapper_i/cv32e40x_core_i /\register_file_wrapper_i/register_file_i /\mem_reg[0][25] )
INFO: [Synth 8-3886] merging instance 'cv32e40x_wrapper_i/cv32e40x_core_i/cs_registers_i/gen_debug_csr.dcsr_csr_i/rdata_q_reg[26]' (FDCE) to 'cv32e40x_wrapper_i/cv32e40x_core_i/cs_registers_i/gen_debug_csr.dcsr_csr_i/rdata_q_reg[27]'
INFO: [Synth 8-3333] propagating constant 0 across sequential element (\cv32e40x_wrapper_i/cv32e40x_core_i /\register_file_wrapper_i/register_file_i /\mem_reg[0][26] )
INFO: [Synth 8-3333] propagating constant 0 across sequential element (\cv32e40x_wrapper_i/cv32e40x_core_i /cs_registers_i/\gen_debug_csr.dcsr_csr_i /\rdata_q_reg[27] )
INFO: [Synth 8-3333] propagating constant 0 across sequential element (\cv32e40x_wrapper_i/cv32e40x_core_i /\register_file_wrapper_i/register_file_i /\mem_reg[0][27] )
INFO: [Synth 8-3333] propagating constant 0 across sequential element (\cv32e40x_wrapper_i/cv32e40x_core_i /cs_registers_i/\gen_debug_csr.dcsr_csr_i /\rdata_q_reg[28] )
INFO: [Synth 8-3333] propagating constant 0 across sequential element (\cv32e40x_wrapper_i/cv32e40x_core_i /\register_file_wrapper_i/register_file_i /\mem_reg[0][28] )
INFO: [Synth 8-3333] propagating constant 0 across sequential element (\cv32e40x_wrapper_i/cv32e40x_core_i /cs_registers_i/\gen_debug_csr.dcsr_csr_i /\rdata_q_reg[29] )
INFO: [Synth 8-3333] propagating constant 0 across sequential element (\cv32e40x_wrapper_i/cv32e40x_core_i /\register_file_wrapper_i/register_file_i /\mem_reg[0][29] )
INFO: [Synth 8-3333] propagating constant 1 across sequential element (\cv32e40x_wrapper_i/cv32e40x_core_i /cs_registers_i/\gen_debug_csr.dcsr_csr_i /\rdata_q_reg[30] )
INFO: [Synth 8-3333] propagating constant 0 across sequential element (\cv32e40x_wrapper_i/cv32e40x_core_i /\register_file_wrapper_i/register_file_i /\mem_reg[0][30] )
INFO: [Synth 8-3333] propagating constant 0 across sequential element (\cv32e40x_wrapper_i/cv32e40x_core_i /cs_registers_i/\gen_debug_csr.dcsr_csr_i /\rdata_q_reg[31] )
INFO: [Synth 8-3333] propagating constant 0 across sequential element (\cv32e40x_wrapper_i/cv32e40x_core_i /\register_file_wrapper_i/register_file_i /\mem_reg[0][31] )
INFO: [Synth 8-3333] propagating constant 0 across sequential element (\cv32e40x_wrapper_i/cv32e40x_core_i /if_stage_i/\prefetch_unit_i/alignment_buffer_i/addr_q_reg[0] )
INFO: [Synth 8-3333] propagating constant 0 across sequential element (\cv32e40x_wrapper_i/cv32e40x_core_i /controller_i/\controller_fsm_i/clic_ptr_in_progress_id_reg )
INFO: [Synth 8-3333] propagating constant 0 across sequential element (\cv32e40x_wrapper_i/cv32e40x_core_i /id_stage_i/\id_ex_pipe_o_reg[xif_en] )
INFO: [Common 17-14] Message 'Synth 8-3333' appears 100 times and further instances of the messages will be disabled. Use the Tcl command set_msg_config to change the current settings.
INFO: [Synth 8-3886] merging instance 'cv32e40x_wrapper_i/cv32e40x_core_i/id_stage_i/id_ex_pipe_o_reg[lsu_atop][4]' (FDCE) to 'cv32e40x_wrapper_i/cv32e40x_core_i/id_stage_i/id_ex_pipe_o_reg[lsu_atop][5]'
INFO: [Synth 8-3886] merging instance 'cv32e40x_wrapper_i/cv32e40x_core_i/id_stage_i/id_ex_pipe_o_reg[lsu_atop][3]' (FDCE) to 'cv32e40x_wrapper_i/cv32e40x_core_i/id_stage_i/id_ex_pipe_o_reg[lsu_atop][5]'
INFO: [Synth 8-3886] merging instance 'cv32e40x_wrapper_i/cv32e40x_core_i/id_stage_i/id_ex_pipe_o_reg[lsu_atop][2]' (FDCE) to 'cv32e40x_wrapper_i/cv32e40x_core_i/id_stage_i/id_ex_pipe_o_reg[lsu_atop][5]'
INFO: [Synth 8-3886] merging instance 'cv32e40x_wrapper_i/cv32e40x_core_i/id_stage_i/id_ex_pipe_o_reg[lsu_atop][1]' (FDCE) to 'cv32e40x_wrapper_i/cv32e40x_core_i/id_stage_i/id_ex_pipe_o_reg[lsu_atop][5]'
INFO: [Synth 8-3886] merging instance 'cv32e40x_wrapper_i/cv32e40x_core_i/id_stage_i/id_ex_pipe_o_reg[lsu_atop][0]' (FDCE) to 'cv32e40x_wrapper_i/cv32e40x_core_i/id_stage_i/id_ex_pipe_o_reg[lsu_atop][5]'
INFO: [Synth 8-3886] merging instance 'cv32e40x_wrapper_i/cv32e40x_core_i/ex_stage_i/ex_wb_pipe_o_reg[xif_meta][accepted]' (FDCE) to 'cv32e40x_wrapper_i/cv32e40x_core_i/ex_stage_i/ex_wb_pipe_o_reg[xif_meta][exception]'
INFO: [Synth 8-3886] merging instance 'cv32e40x_wrapper_i/cv32e40x_core_i/ex_stage_i/ex_wb_pipe_o_reg[xif_meta][exception]' (FDCE) to 'cv32e40x_wrapper_i/cv32e40x_core_i/ex_stage_i/ex_wb_pipe_o_reg[xif_en]'
INFO: [Synth 8-3886] merging instance 'cv32e40x_wrapper_i/cv32e40x_core_i/controller_i/controller_fsm_i/woke_to_debug_q_reg' (FDC) to 'cv32e40x_wrapper_i/cv32e40x_core_i/controller_i/controller_fsm_i/woke_to_interrupt_q_reg'
INFO: [Synth 8-3886] merging instance 'cv32e40x_wrapper_i/cv32e40x_core_i/controller_i/controller_fsm_i/woke_to_interrupt_q_reg' (FDC) to 'cv32e40x_wrapper_i/cv32e40x_core_i/controller_i/controller_fsm_i/fencei_req_and_ack_q_reg'
INFO: [Synth 8-3886] merging instance 'cv32e40x_wrapper_i/cv32e40x_core_i/gen_basic_interrupt.int_controller_i/irq_q_reg[0]' (FDC) to 'cv32e40x_wrapper_i/cv32e40x_core_i/gen_basic_interrupt.int_controller_i/irq_q_reg[1]'
INFO: [Synth 8-3886] merging instance 'cv32e40x_wrapper_i/cv32e40x_core_i/gen_basic_interrupt.int_controller_i/irq_q_reg[1]' (FDC) to 'cv32e40x_wrapper_i/cv32e40x_core_i/gen_basic_interrupt.int_controller_i/irq_q_reg[2]'
INFO: [Synth 8-3886] merging instance 'cv32e40x_wrapper_i/cv32e40x_core_i/gen_basic_interrupt.int_controller_i/irq_q_reg[2]' (FDC) to 'cv32e40x_wrapper_i/cv32e40x_core_i/gen_basic_interrupt.int_controller_i/irq_q_reg[3]'
INFO: [Synth 8-3886] merging instance 'cv32e40x_wrapper_i/cv32e40x_core_i/gen_basic_interrupt.int_controller_i/irq_q_reg[3]' (FDC) to 'cv32e40x_wrapper_i/cv32e40x_core_i/gen_basic_interrupt.int_controller_i/irq_q_reg[4]'
INFO: [Synth 8-3886] merging instance 'cv32e40x_wrapper_i/cv32e40x_core_i/gen_basic_interrupt.int_controller_i/irq_q_reg[4]' (FDC) to 'cv32e40x_wrapper_i/cv32e40x_core_i/gen_basic_interrupt.int_controller_i/irq_q_reg[5]'
INFO: [Synth 8-3886] merging instance 'cv32e40x_wrapper_i/cv32e40x_core_i/gen_basic_interrupt.int_controller_i/irq_q_reg[5]' (FDC) to 'cv32e40x_wrapper_i/cv32e40x_core_i/gen_basic_interrupt.int_controller_i/irq_q_reg[6]'
INFO: [Synth 8-3886] merging instance 'cv32e40x_wrapper_i/cv32e40x_core_i/gen_basic_interrupt.int_controller_i/irq_q_reg[6]' (FDC) to 'cv32e40x_wrapper_i/cv32e40x_core_i/gen_basic_interrupt.int_controller_i/irq_q_reg[7]'
INFO: [Synth 8-3886] merging instance 'cv32e40x_wrapper_i/cv32e40x_core_i/gen_basic_interrupt.int_controller_i/irq_q_reg[7]' (FDC) to 'cv32e40x_wrapper_i/cv32e40x_core_i/gen_basic_interrupt.int_controller_i/irq_q_reg[8]'
INFO: [Synth 8-3886] merging instance 'cv32e40x_wrapper_i/cv32e40x_core_i/gen_basic_interrupt.int_controller_i/irq_q_reg[8]' (FDC) to 'cv32e40x_wrapper_i/cv32e40x_core_i/gen_basic_interrupt.int_controller_i/irq_q_reg[9]'
INFO: [Synth 8-3886] merging instance 'cv32e40x_wrapper_i/cv32e40x_core_i/gen_basic_interrupt.int_controller_i/irq_q_reg[9]' (FDC) to 'cv32e40x_wrapper_i/cv32e40x_core_i/gen_basic_interrupt.int_controller_i/irq_q_reg[10]'
INFO: [Synth 8-3886] merging instance 'cv32e40x_wrapper_i/cv32e40x_core_i/gen_basic_interrupt.int_controller_i/irq_q_reg[10]' (FDC) to 'cv32e40x_wrapper_i/cv32e40x_core_i/gen_basic_interrupt.int_controller_i/irq_q_reg[11]'
INFO: [Synth 8-3886] merging instance 'cv32e40x_wrapper_i/cv32e40x_core_i/gen_basic_interrupt.int_controller_i/irq_q_reg[11]' (FDC) to 'cv32e40x_wrapper_i/cv32e40x_core_i/gen_basic_interrupt.int_controller_i/irq_q_reg[12]'
INFO: [Synth 8-3886] merging instance 'cv32e40x_wrapper_i/cv32e40x_core_i/gen_basic_interrupt.int_controller_i/irq_q_reg[12]' (FDC) to 'cv32e40x_wrapper_i/cv32e40x_core_i/gen_basic_interrupt.int_controller_i/irq_q_reg[13]'
INFO: [Synth 8-3886] merging instance 'cv32e40x_wrapper_i/cv32e40x_core_i/gen_basic_interrupt.int_controller_i/irq_q_reg[13]' (FDC) to 'cv32e40x_wrapper_i/cv32e40x_core_i/gen_basic_interrupt.int_controller_i/irq_q_reg[14]'
INFO: [Synth 8-3886] merging instance 'cv32e40x_wrapper_i/cv32e40x_core_i/gen_basic_interrupt.int_controller_i/irq_q_reg[14]' (FDC) to 'cv32e40x_wrapper_i/cv32e40x_core_i/gen_basic_interrupt.int_controller_i/irq_q_reg[15]'
INFO: [Synth 8-3886] merging instance 'cv32e40x_wrapper_i/cv32e40x_core_i/gen_basic_interrupt.int_controller_i/irq_q_reg[15]' (FDC) to 'cv32e40x_wrapper_i/cv32e40x_core_i/gen_basic_interrupt.int_controller_i/irq_q_reg[16]'
INFO: [Synth 8-3886] merging instance 'cv32e40x_wrapper_i/cv32e40x_core_i/gen_basic_interrupt.int_controller_i/irq_q_reg[16]' (FDC) to 'cv32e40x_wrapper_i/cv32e40x_core_i/gen_basic_interrupt.int_controller_i/irq_q_reg[17]'
INFO: [Synth 8-3886] merging instance 'cv32e40x_wrapper_i/cv32e40x_core_i/gen_basic_interrupt.int_controller_i/irq_q_reg[17]' (FDC) to 'cv32e40x_wrapper_i/cv32e40x_core_i/gen_basic_interrupt.int_controller_i/irq_q_reg[18]'
INFO: [Synth 8-3886] merging instance 'cv32e40x_wrapper_i/cv32e40x_core_i/gen_basic_interrupt.int_controller_i/irq_q_reg[18]' (FDC) to 'cv32e40x_wrapper_i/cv32e40x_core_i/gen_basic_interrupt.int_controller_i/irq_q_reg[19]'
INFO: [Synth 8-3886] merging instance 'cv32e40x_wrapper_i/cv32e40x_core_i/gen_basic_interrupt.int_controller_i/irq_q_reg[19]' (FDC) to 'cv32e40x_wrapper_i/cv32e40x_core_i/gen_basic_interrupt.int_controller_i/irq_q_reg[20]'
INFO: [Synth 8-3886] merging instance 'cv32e40x_wrapper_i/cv32e40x_core_i/gen_basic_interrupt.int_controller_i/irq_q_reg[20]' (FDC) to 'cv32e40x_wrapper_i/cv32e40x_core_i/gen_basic_interrupt.int_controller_i/irq_q_reg[21]'
INFO: [Synth 8-3886] merging instance 'cv32e40x_wrapper_i/cv32e40x_core_i/gen_basic_interrupt.int_controller_i/irq_q_reg[21]' (FDC) to 'cv32e40x_wrapper_i/cv32e40x_core_i/gen_basic_interrupt.int_controller_i/irq_q_reg[22]'
INFO: [Synth 8-3886] merging instance 'cv32e40x_wrapper_i/cv32e40x_core_i/gen_basic_interrupt.int_controller_i/irq_q_reg[22]' (FDC) to 'cv32e40x_wrapper_i/cv32e40x_core_i/gen_basic_interrupt.int_controller_i/irq_q_reg[23]'
INFO: [Synth 8-3886] merging instance 'cv32e40x_wrapper_i/cv32e40x_core_i/gen_basic_interrupt.int_controller_i/irq_q_reg[23]' (FDC) to 'cv32e40x_wrapper_i/cv32e40x_core_i/gen_basic_interrupt.int_controller_i/irq_q_reg[24]'
INFO: [Synth 8-3886] merging instance 'cv32e40x_wrapper_i/cv32e40x_core_i/gen_basic_interrupt.int_controller_i/irq_q_reg[24]' (FDC) to 'cv32e40x_wrapper_i/cv32e40x_core_i/gen_basic_interrupt.int_controller_i/irq_q_reg[25]'
INFO: [Synth 8-3886] merging instance 'cv32e40x_wrapper_i/cv32e40x_core_i/gen_basic_interrupt.int_controller_i/irq_q_reg[25]' (FDC) to 'cv32e40x_wrapper_i/cv32e40x_core_i/gen_basic_interrupt.int_controller_i/irq_q_reg[26]'
INFO: [Synth 8-3886] merging instance 'cv32e40x_wrapper_i/cv32e40x_core_i/gen_basic_interrupt.int_controller_i/irq_q_reg[26]' (FDC) to 'cv32e40x_wrapper_i/cv32e40x_core_i/gen_basic_interrupt.int_controller_i/irq_q_reg[27]'
INFO: [Synth 8-3886] merging instance 'cv32e40x_wrapper_i/cv32e40x_core_i/gen_basic_interrupt.int_controller_i/irq_q_reg[27]' (FDC) to 'cv32e40x_wrapper_i/cv32e40x_core_i/gen_basic_interrupt.int_controller_i/irq_q_reg[28]'
INFO: [Synth 8-3886] merging instance 'cv32e40x_wrapper_i/cv32e40x_core_i/gen_basic_interrupt.int_controller_i/irq_q_reg[28]' (FDC) to 'cv32e40x_wrapper_i/cv32e40x_core_i/gen_basic_interrupt.int_controller_i/irq_q_reg[29]'
INFO: [Synth 8-3886] merging instance 'cv32e40x_wrapper_i/cv32e40x_core_i/gen_basic_interrupt.int_controller_i/irq_q_reg[29]' (FDC) to 'cv32e40x_wrapper_i/cv32e40x_core_i/gen_basic_interrupt.int_controller_i/irq_q_reg[30]'
INFO: [Synth 8-3886] merging instance 'cv32e40x_wrapper_i/cv32e40x_core_i/gen_basic_interrupt.int_controller_i/irq_q_reg[30]' (FDC) to 'cv32e40x_wrapper_i/cv32e40x_core_i/gen_basic_interrupt.int_controller_i/irq_q_reg[31]'
INFO: [Synth 8-3886] merging instance 'cv32e40x_wrapper_i/cv32e40x_core_i/id_stage_i/id_ex_pipe_o_reg[xif_en]' (FDCE) to 'cv32e40x_wrapper_i/cv32e40x_core_i/id_stage_i/id_ex_pipe_o_reg[pc][0]'
WARNING: [Synth 8-3332] Sequential element (irq_q_reg[31]) is unused and will be removed from module cv32e40x_int_controller.
WARNING: [Synth 8-3332] Sequential element (sleep_unit_i/core_busy_q_reg) is unused and will be removed from module cv32e40x_core.
WARNING: [Synth 8-3332] Sequential element (prefetch_unit_i/prefetcher_i/trans_addr_q_reg[31]) is unused and will be removed from module cv32e40x_if_stage.
WARNING: [Synth 8-3332] Sequential element (prefetch_unit_i/prefetcher_i/trans_addr_q_reg[30]) is unused and will be removed from module cv32e40x_if_stage.
WARNING: [Synth 8-3332] Sequential element (prefetch_unit_i/prefetcher_i/trans_addr_q_reg[29]) is unused and will be removed from module cv32e40x_if_stage.
WARNING: [Synth 8-3332] Sequential element (prefetch_unit_i/prefetcher_i/trans_addr_q_reg[28]) is unused and will be removed from module cv32e40x_if_stage.
WARNING: [Synth 8-3332] Sequential element (prefetch_unit_i/prefetcher_i/trans_addr_q_reg[27]) is unused and will be removed from module cv32e40x_if_stage.
WARNING: [Synth 8-3332] Sequential element (prefetch_unit_i/prefetcher_i/trans_addr_q_reg[26]) is unused and will be removed from module cv32e40x_if_stage.
WARNING: [Synth 8-3332] Sequential element (prefetch_unit_i/prefetcher_i/trans_addr_q_reg[25]) is unused and will be removed from module cv32e40x_if_stage.
WARNING: [Synth 8-3332] Sequential element (prefetch_unit_i/prefetcher_i/trans_addr_q_reg[24]) is unused and will be removed from module cv32e40x_if_stage.
WARNING: [Synth 8-3332] Sequential element (prefetch_unit_i/prefetcher_i/trans_addr_q_reg[23]) is unused and will be removed from module cv32e40x_if_stage.
WARNING: [Synth 8-3332] Sequential element (prefetch_unit_i/prefetcher_i/trans_addr_q_reg[22]) is unused and will be removed from module cv32e40x_if_stage.
WARNING: [Synth 8-3332] Sequential element (prefetch_unit_i/prefetcher_i/trans_addr_q_reg[21]) is unused and will be removed from module cv32e40x_if_stage.
WARNING: [Synth 8-3332] Sequential element (prefetch_unit_i/prefetcher_i/trans_addr_q_reg[20]) is unused and will be removed from module cv32e40x_if_stage.
WARNING: [Synth 8-3332] Sequential element (prefetch_unit_i/prefetcher_i/trans_addr_q_reg[19]) is unused and will be removed from module cv32e40x_if_stage.
WARNING: [Synth 8-3332] Sequential element (prefetch_unit_i/prefetcher_i/trans_addr_q_reg[18]) is unused and will be removed from module cv32e40x_if_stage.
WARNING: [Synth 8-3332] Sequential element (prefetch_unit_i/prefetcher_i/trans_addr_q_reg[17]) is unused and will be removed from module cv32e40x_if_stage.
WARNING: [Synth 8-3332] Sequential element (prefetch_unit_i/prefetcher_i/trans_addr_q_reg[0]) is unused and will be removed from module cv32e40x_if_stage.
WARNING: [Synth 8-3332] Sequential element (prefetch_unit_i/alignment_buffer_i/addr_q_reg[0]) is unused and will be removed from module cv32e40x_if_stage.
WARNING: [Synth 8-3332] Sequential element (instruction_obi_i/state_q_reg) is unused and will be removed from module cv32e40x_if_stage.
WARNING: [Synth 8-3332] Sequential element (instruction_obi_i/obi_a_req_q_reg[addr][31]) is unused and will be removed from module cv32e40x_if_stage.
WARNING: [Synth 8-3332] Sequential element (instruction_obi_i/obi_a_req_q_reg[addr][30]) is unused and will be removed from module cv32e40x_if_stage.
WARNING: [Synth 8-3332] Sequential element (instruction_obi_i/obi_a_req_q_reg[addr][29]) is unused and will be removed from module cv32e40x_if_stage.
WARNING: [Synth 8-3332] Sequential element (instruction_obi_i/obi_a_req_q_reg[addr][28]) is unused and will be removed from module cv32e40x_if_stage.
WARNING: [Synth 8-3332] Sequential element (instruction_obi_i/obi_a_req_q_reg[addr][27]) is unused and will be removed from module cv32e40x_if_stage.
WARNING: [Synth 8-3332] Sequential element (instruction_obi_i/obi_a_req_q_reg[addr][26]) is unused and will be removed from module cv32e40x_if_stage.
WARNING: [Synth 8-3332] Sequential element (instruction_obi_i/obi_a_req_q_reg[addr][25]) is unused and will be removed from module cv32e40x_if_stage.
WARNING: [Synth 8-3332] Sequential element (instruction_obi_i/obi_a_req_q_reg[addr][24]) is unused and will be removed from module cv32e40x_if_stage.
WARNING: [Synth 8-3332] Sequential element (instruction_obi_i/obi_a_req_q_reg[addr][23]) is unused and will be removed from module cv32e40x_if_stage.
WARNING: [Synth 8-3332] Sequential element (instruction_obi_i/obi_a_req_q_reg[addr][22]) is unused and will be removed from module cv32e40x_if_stage.
WARNING: [Synth 8-3332] Sequential element (instruction_obi_i/obi_a_req_q_reg[addr][21]) is unused and will be removed from module cv32e40x_if_stage.
WARNING: [Synth 8-3332] Sequential element (instruction_obi_i/obi_a_req_q_reg[addr][20]) is unused and will be removed from module cv32e40x_if_stage.
WARNING: [Synth 8-3332] Sequential element (instruction_obi_i/obi_a_req_q_reg[addr][19]) is unused and will be removed from module cv32e40x_if_stage.
WARNING: [Synth 8-3332] Sequential element (instruction_obi_i/obi_a_req_q_reg[addr][18]) is unused and will be removed from module cv32e40x_if_stage.
WARNING: [Synth 8-3332] Sequential element (instruction_obi_i/obi_a_req_q_reg[addr][17]) is unused and will be removed from module cv32e40x_if_stage.
WARNING: [Synth 8-3332] Sequential element (instruction_obi_i/obi_a_req_q_reg[addr][16]) is unused and will be removed from module cv32e40x_if_stage.
WARNING: [Synth 8-3332] Sequential element (instruction_obi_i/obi_a_req_q_reg[addr][15]) is unused and will be removed from module cv32e40x_if_stage.
WARNING: [Synth 8-3332] Sequential element (instruction_obi_i/obi_a_req_q_reg[addr][14]) is unused and will be removed from module cv32e40x_if_stage.
WARNING: [Synth 8-3332] Sequential element (instruction_obi_i/obi_a_req_q_reg[addr][13]) is unused and will be removed from module cv32e40x_if_stage.
WARNING: [Synth 8-3332] Sequential element (instruction_obi_i/obi_a_req_q_reg[addr][12]) is unused and will be removed from module cv32e40x_if_stage.
WARNING: [Synth 8-3332] Sequential element (instruction_obi_i/obi_a_req_q_reg[addr][11]) is unused and will be removed from module cv32e40x_if_stage.
WARNING: [Synth 8-3332] Sequential element (instruction_obi_i/obi_a_req_q_reg[addr][10]) is unused and will be removed from module cv32e40x_if_stage.
WARNING: [Synth 8-3332] Sequential element (instruction_obi_i/obi_a_req_q_reg[addr][9]) is unused and will be removed from module cv32e40x_if_stage.
WARNING: [Synth 8-3332] Sequential element (instruction_obi_i/obi_a_req_q_reg[addr][8]) is unused and will be removed from module cv32e40x_if_stage.
WARNING: [Synth 8-3332] Sequential element (instruction_obi_i/obi_a_req_q_reg[addr][7]) is unused and will be removed from module cv32e40x_if_stage.
WARNING: [Synth 8-3332] Sequential element (instruction_obi_i/obi_a_req_q_reg[addr][6]) is unused and will be removed from module cv32e40x_if_stage.
WARNING: [Synth 8-3332] Sequential element (instruction_obi_i/obi_a_req_q_reg[addr][5]) is unused and will be removed from module cv32e40x_if_stage.
WARNING: [Synth 8-3332] Sequential element (instruction_obi_i/obi_a_req_q_reg[addr][4]) is unused and will be removed from module cv32e40x_if_stage.
WARNING: [Synth 8-3332] Sequential element (instruction_obi_i/obi_a_req_q_reg[addr][3]) is unused and will be removed from module cv32e40x_if_stage.
WARNING: [Synth 8-3332] Sequential element (instruction_obi_i/obi_a_req_q_reg[addr][2]) is unused and will be removed from module cv32e40x_if_stage.
WARNING: [Synth 8-3332] Sequential element (instruction_obi_i/obi_a_req_q_reg[addr][1]) is unused and will be removed from module cv32e40x_if_stage.
WARNING: [Synth 8-3332] Sequential element (instruction_obi_i/obi_a_req_q_reg[addr][0]) is unused and will be removed from module cv32e40x_if_stage.
WARNING: [Synth 8-3332] Sequential element (instruction_obi_i/obi_a_req_q_reg[memtype][1]) is unused and will be removed from module cv32e40x_if_stage.
WARNING: [Synth 8-3332] Sequential element (instruction_obi_i/obi_a_req_q_reg[memtype][0]) is unused and will be removed from module cv32e40x_if_stage.
WARNING: [Synth 8-3332] Sequential element (instruction_obi_i/obi_a_req_q_reg[prot][2]) is unused and will be removed from module cv32e40x_if_stage.
WARNING: [Synth 8-3332] Sequential element (instruction_obi_i/obi_a_req_q_reg[prot][1]) is unused and will be removed from module cv32e40x_if_stage.
WARNING: [Synth 8-3332] Sequential element (instruction_obi_i/obi_a_req_q_reg[prot][0]) is unused and will be removed from module cv32e40x_if_stage.
WARNING: [Synth 8-3332] Sequential element (instruction_obi_i/obi_a_req_q_reg[dbg]) is unused and will be removed from module cv32e40x_if_stage.
WARNING: [Synth 8-3332] Sequential element (if_id_pipe_o_reg[instr_meta][pushpop]) is unused and will be removed from module cv32e40x_if_stage.
WARNING: [Synth 8-3332] Sequential element (if_id_pipe_o_reg[pc][0]) is unused and will be removed from module cv32e40x_if_stage.
WARNING: [Synth 8-3332] Sequential element (if_id_pipe_o_reg[compressed_instr][15]) is unused and will be removed from module cv32e40x_if_stage.
WARNING: [Synth 8-3332] Sequential element (if_id_pipe_o_reg[compressed_instr][14]) is unused and will be removed from module cv32e40x_if_stage.
WARNING: [Synth 8-3332] Sequential element (if_id_pipe_o_reg[compressed_instr][13]) is unused and will be removed from module cv32e40x_if_stage.
WARNING: [Synth 8-3332] Sequential element (if_id_pipe_o_reg[compressed_instr][12]) is unused and will be removed from module cv32e40x_if_stage.
WARNING: [Synth 8-3332] Sequential element (if_id_pipe_o_reg[compressed_instr][11]) is unused and will be removed from module cv32e40x_if_stage.
WARNING: [Synth 8-3332] Sequential element (if_id_pipe_o_reg[compressed_instr][10]) is unused and will be removed from module cv32e40x_if_stage.
WARNING: [Synth 8-3332] Sequential element (if_id_pipe_o_reg[compressed_instr][9]) is unused and will be removed from module cv32e40x_if_stage.
WARNING: [Synth 8-3332] Sequential element (if_id_pipe_o_reg[compressed_instr][8]) is unused and will be removed from module cv32e40x_if_stage.
WARNING: [Synth 8-3332] Sequential element (if_id_pipe_o_reg[compressed_instr][7]) is unused and will be removed from module cv32e40x_if_stage.
WARNING: [Synth 8-3332] Sequential element (if_id_pipe_o_reg[compressed_instr][6]) is unused and will be removed from module cv32e40x_if_stage.
WARNING: [Synth 8-3332] Sequential element (if_id_pipe_o_reg[compressed_instr][5]) is unused and will be removed from module cv32e40x_if_stage.
WARNING: [Synth 8-3332] Sequential element (if_id_pipe_o_reg[compressed_instr][4]) is unused and will be removed from module cv32e40x_if_stage.
WARNING: [Synth 8-3332] Sequential element (if_id_pipe_o_reg[compressed_instr][3]) is unused and will be removed from module cv32e40x_if_stage.
WARNING: [Synth 8-3332] Sequential element (if_id_pipe_o_reg[compressed_instr][2]) is unused and will be removed from module cv32e40x_if_stage.
WARNING: [Synth 8-3332] Sequential element (if_id_pipe_o_reg[compressed_instr][1]) is unused and will be removed from module cv32e40x_if_stage.
WARNING: [Synth 8-3332] Sequential element (if_id_pipe_o_reg[compressed_instr][0]) is unused and will be removed from module cv32e40x_if_stage.
WARNING: [Synth 8-3332] Sequential element (if_id_pipe_o_reg[xif_id][31]) is unused and will be removed from module cv32e40x_if_stage.
WARNING: [Synth 8-3332] Sequential element (if_id_pipe_o_reg[xif_id][30]) is unused and will be removed from module cv32e40x_if_stage.
WARNING: [Synth 8-3332] Sequential element (if_id_pipe_o_reg[xif_id][29]) is unused and will be removed from module cv32e40x_if_stage.
WARNING: [Synth 8-3332] Sequential element (if_id_pipe_o_reg[xif_id][28]) is unused and will be removed from module cv32e40x_if_stage.
WARNING: [Synth 8-3332] Sequential element (if_id_pipe_o_reg[xif_id][27]) is unused and will be removed from module cv32e40x_if_stage.
WARNING: [Synth 8-3332] Sequential element (if_id_pipe_o_reg[xif_id][26]) is unused and will be removed from module cv32e40x_if_stage.
WARNING: [Synth 8-3332] Sequential element (if_id_pipe_o_reg[xif_id][25]) is unused and will be removed from module cv32e40x_if_stage.
WARNING: [Synth 8-3332] Sequential element (if_id_pipe_o_reg[xif_id][24]) is unused and will be removed from module cv32e40x_if_stage.
WARNING: [Synth 8-3332] Sequential element (if_id_pipe_o_reg[xif_id][23]) is unused and will be removed from module cv32e40x_if_stage.
WARNING: [Synth 8-3332] Sequential element (if_id_pipe_o_reg[xif_id][22]) is unused and will be removed from module cv32e40x_if_stage.
WARNING: [Synth 8-3332] Sequential element (if_id_pipe_o_reg[xif_id][21]) is unused and will be removed from module cv32e40x_if_stage.
WARNING: [Synth 8-3332] Sequential element (if_id_pipe_o_reg[xif_id][20]) is unused and will be removed from module cv32e40x_if_stage.
WARNING: [Synth 8-3332] Sequential element (if_id_pipe_o_reg[xif_id][19]) is unused and will be removed from module cv32e40x_if_stage.
WARNING: [Synth 8-3332] Sequential element (if_id_pipe_o_reg[xif_id][18]) is unused and will be removed from module cv32e40x_if_stage.
WARNING: [Synth 8-3332] Sequential element (if_id_pipe_o_reg[xif_id][17]) is unused and will be removed from module cv32e40x_if_stage.
WARNING: [Synth 8-3332] Sequential element (if_id_pipe_o_reg[xif_id][16]) is unused and will be removed from module cv32e40x_if_stage.
WARNING: [Synth 8-3332] Sequential element (if_id_pipe_o_reg[xif_id][15]) is unused and will be removed from module cv32e40x_if_stage.
WARNING: [Synth 8-3332] Sequential element (if_id_pipe_o_reg[xif_id][14]) is unused and will be removed from module cv32e40x_if_stage.
WARNING: [Synth 8-3332] Sequential element (if_id_pipe_o_reg[xif_id][13]) is unused and will be removed from module cv32e40x_if_stage.
WARNING: [Synth 8-3332] Sequential element (if_id_pipe_o_reg[xif_id][12]) is unused and will be removed from module cv32e40x_if_stage.
WARNING: [Synth 8-3332] Sequential element (if_id_pipe_o_reg[xif_id][11]) is unused and will be removed from module cv32e40x_if_stage.
WARNING: [Synth 8-3332] Sequential element (if_id_pipe_o_reg[xif_id][10]) is unused and will be removed from module cv32e40x_if_stage.
WARNING: [Synth 8-3332] Sequential element (if_id_pipe_o_reg[xif_id][9]) is unused and will be removed from module cv32e40x_if_stage.
WARNING: [Synth 8-3332] Sequential element (if_id_pipe_o_reg[xif_id][8]) is unused and will be removed from module cv32e40x_if_stage.
INFO: [Common 17-14] Message 'Synth 8-3332' appears 100 times and further instances of the messages will be disabled. Use the Tcl command set_msg_config to change the current settings.
INFO: [Synth 8-3886] merging instance 'cv32e40x_wrapper_i/cv32e40x_core_i/cs_registers_i/basic_mode_csrs.mie_csr_i/rdata_q_reg[0]' (FDCE) to 'cv32e40x_wrapper_i/cv32e40x_core_i/cs_registers_i/basic_mode_csrs.mie_csr_i/rdata_q_reg[15]'
INFO: [Synth 8-3886] merging instance 'cv32e40x_wrapper_i/cv32e40x_core_i/cs_registers_i/basic_mode_csrs.mie_csr_i/rdata_q_reg[1]' (FDCE) to 'cv32e40x_wrapper_i/cv32e40x_core_i/cs_registers_i/basic_mode_csrs.mie_csr_i/rdata_q_reg[15]'
INFO: [Synth 8-3886] merging instance 'cv32e40x_wrapper_i/cv32e40x_core_i/cs_registers_i/basic_mode_csrs.mie_csr_i/rdata_q_reg[2]' (FDCE) to 'cv32e40x_wrapper_i/cv32e40x_core_i/cs_registers_i/basic_mode_csrs.mie_csr_i/rdata_q_reg[15]'
INFO: [Synth 8-3886] merging instance 'cv32e40x_wrapper_i/cv32e40x_core_i/cs_registers_i/basic_mode_csrs.mie_csr_i/rdata_q_reg[4]' (FDCE) to 'cv32e40x_wrapper_i/cv32e40x_core_i/cs_registers_i/basic_mode_csrs.mie_csr_i/rdata_q_reg[15]'
INFO: [Synth 8-3886] merging instance 'cv32e40x_wrapper_i/cv32e40x_core_i/cs_registers_i/basic_mode_csrs.mie_csr_i/rdata_q_reg[5]' (FDCE) to 'cv32e40x_wrapper_i/cv32e40x_core_i/cs_registers_i/basic_mode_csrs.mie_csr_i/rdata_q_reg[15]'
INFO: [Synth 8-3886] merging instance 'cv32e40x_wrapper_i/cv32e40x_core_i/cs_registers_i/basic_mode_csrs.mie_csr_i/rdata_q_reg[6]' (FDCE) to 'cv32e40x_wrapper_i/cv32e40x_core_i/cs_registers_i/basic_mode_csrs.mie_csr_i/rdata_q_reg[15]'
INFO: [Synth 8-3886] merging instance 'cv32e40x_wrapper_i/cv32e40x_core_i/cs_registers_i/basic_mode_csrs.mie_csr_i/rdata_q_reg[8]' (FDCE) to 'cv32e40x_wrapper_i/cv32e40x_core_i/cs_registers_i/basic_mode_csrs.mie_csr_i/rdata_q_reg[15]'
INFO: [Synth 8-3886] merging instance 'cv32e40x_wrapper_i/cv32e40x_core_i/cs_registers_i/basic_mode_csrs.mie_csr_i/rdata_q_reg[9]' (FDCE) to 'cv32e40x_wrapper_i/cv32e40x_core_i/cs_registers_i/basic_mode_csrs.mie_csr_i/rdata_q_reg[15]'
INFO: [Synth 8-3886] merging instance 'cv32e40x_wrapper_i/cv32e40x_core_i/cs_registers_i/basic_mode_csrs.mie_csr_i/rdata_q_reg[10]' (FDCE) to 'cv32e40x_wrapper_i/cv32e40x_core_i/cs_registers_i/basic_mode_csrs.mie_csr_i/rdata_q_reg[15]'
INFO: [Synth 8-3886] merging instance 'cv32e40x_wrapper_i/cv32e40x_core_i/cs_registers_i/basic_mode_csrs.mcause_csr_i/rdata_q_reg[11]' (FDCE) to 'cv32e40x_wrapper_i/cv32e40x_core_i/cs_registers_i/basic_mode_csrs.mcause_csr_i/rdata_q_reg[30]'
INFO: [Synth 8-3886] merging instance 'cv32e40x_wrapper_i/cv32e40x_core_i/cs_registers_i/basic_mode_csrs.mie_csr_i/rdata_q_reg[12]' (FDCE) to 'cv32e40x_wrapper_i/cv32e40x_core_i/cs_registers_i/basic_mode_csrs.mie_csr_i/rdata_q_reg[15]'
INFO: [Synth 8-3886] merging instance 'cv32e40x_wrapper_i/cv32e40x_core_i/cs_registers_i/basic_mode_csrs.mcause_csr_i/rdata_q_reg[12]' (FDCE) to 'cv32e40x_wrapper_i/cv32e40x_core_i/cs_registers_i/basic_mode_csrs.mcause_csr_i/rdata_q_reg[30]'
INFO: [Synth 8-3886] merging instance 'cv32e40x_wrapper_i/cv32e40x_core_i/cs_registers_i/basic_mode_csrs.mie_csr_i/rdata_q_reg[13]' (FDCE) to 'cv32e40x_wrapper_i/cv32e40x_core_i/cs_registers_i/basic_mode_csrs.mie_csr_i/rdata_q_reg[15]'
INFO: [Synth 8-3886] merging instance 'cv32e40x_wrapper_i/cv32e40x_core_i/cs_registers_i/basic_mode_csrs.mcause_csr_i/rdata_q_reg[13]' (FDCE) to 'cv32e40x_wrapper_i/cv32e40x_core_i/cs_registers_i/basic_mode_csrs.mcause_csr_i/rdata_q_reg[30]'
INFO: [Synth 8-3886] merging instance 'cv32e40x_wrapper_i/cv32e40x_core_i/cs_registers_i/basic_mode_csrs.mie_csr_i/rdata_q_reg[14]' (FDCE) to 'cv32e40x_wrapper_i/cv32e40x_core_i/cs_registers_i/basic_mode_csrs.mie_csr_i/rdata_q_reg[15]'
INFO: [Synth 8-3886] merging instance 'cv32e40x_wrapper_i/cv32e40x_core_i/cs_registers_i/basic_mode_csrs.mcause_csr_i/rdata_q_reg[14]' (FDCE) to 'cv32e40x_wrapper_i/cv32e40x_core_i/cs_registers_i/basic_mode_csrs.mcause_csr_i/rdata_q_reg[30]'
INFO: [Synth 8-3886] merging instance 'cv32e40x_wrapper_i/cv32e40x_core_i/cs_registers_i/basic_mode_csrs.mcause_csr_i/rdata_q_reg[15]' (FDCE) to 'cv32e40x_wrapper_i/cv32e40x_core_i/cs_registers_i/basic_mode_csrs.mcause_csr_i/rdata_q_reg[30]'
INFO: [Synth 8-3886] merging instance 'cv32e40x_wrapper_i/cv32e40x_core_i/cs_registers_i/basic_mode_csrs.mcause_csr_i/rdata_q_reg[16]' (FDCE) to 'cv32e40x_wrapper_i/cv32e40x_core_i/cs_registers_i/basic_mode_csrs.mcause_csr_i/rdata_q_reg[30]'
INFO: [Synth 8-3886] merging instance 'cv32e40x_wrapper_i/cv32e40x_core_i/cs_registers_i/basic_mode_csrs.mcause_csr_i/rdata_q_reg[17]' (FDCE) to 'cv32e40x_wrapper_i/cv32e40x_core_i/cs_registers_i/basic_mode_csrs.mcause_csr_i/rdata_q_reg[30]'
INFO: [Synth 8-3886] merging instance 'cv32e40x_wrapper_i/cv32e40x_core_i/cs_registers_i/basic_mode_csrs.mcause_csr_i/rdata_q_reg[18]' (FDCE) to 'cv32e40x_wrapper_i/cv32e40x_core_i/cs_registers_i/basic_mode_csrs.mcause_csr_i/rdata_q_reg[30]'
INFO: [Synth 8-3886] merging instance 'cv32e40x_wrapper_i/cv32e40x_core_i/cs_registers_i/basic_mode_csrs.mcause_csr_i/rdata_q_reg[19]' (FDCE) to 'cv32e40x_wrapper_i/cv32e40x_core_i/cs_registers_i/basic_mode_csrs.mcause_csr_i/rdata_q_reg[30]'
INFO: [Synth 8-3886] merging instance 'cv32e40x_wrapper_i/cv32e40x_core_i/cs_registers_i/basic_mode_csrs.mcause_csr_i/rdata_q_reg[20]' (FDCE) to 'cv32e40x_wrapper_i/cv32e40x_core_i/cs_registers_i/basic_mode_csrs.mcause_csr_i/rdata_q_reg[30]'
INFO: [Synth 8-3886] merging instance 'cv32e40x_wrapper_i/cv32e40x_core_i/cs_registers_i/basic_mode_csrs.mcause_csr_i/rdata_q_reg[21]' (FDCE) to 'cv32e40x_wrapper_i/cv32e40x_core_i/cs_registers_i/basic_mode_csrs.mcause_csr_i/rdata_q_reg[30]'
INFO: [Synth 8-3886] merging instance 'cv32e40x_wrapper_i/cv32e40x_core_i/cs_registers_i/basic_mode_csrs.mcause_csr_i/rdata_q_reg[22]' (FDCE) to 'cv32e40x_wrapper_i/cv32e40x_core_i/cs_registers_i/basic_mode_csrs.mcause_csr_i/rdata_q_reg[30]'
INFO: [Synth 8-3886] merging instance 'cv32e40x_wrapper_i/cv32e40x_core_i/cs_registers_i/basic_mode_csrs.mcause_csr_i/rdata_q_reg[23]' (FDCE) to 'cv32e40x_wrapper_i/cv32e40x_core_i/cs_registers_i/basic_mode_csrs.mcause_csr_i/rdata_q_reg[30]'
INFO: [Synth 8-3886] merging instance 'cv32e40x_wrapper_i/cv32e40x_core_i/cs_registers_i/basic_mode_csrs.mcause_csr_i/rdata_q_reg[24]' (FDCE) to 'cv32e40x_wrapper_i/cv32e40x_core_i/cs_registers_i/basic_mode_csrs.mcause_csr_i/rdata_q_reg[30]'
INFO: [Synth 8-3886] merging instance 'cv32e40x_wrapper_i/cv32e40x_core_i/cs_registers_i/basic_mode_csrs.mcause_csr_i/rdata_q_reg[25]' (FDCE) to 'cv32e40x_wrapper_i/cv32e40x_core_i/cs_registers_i/basic_mode_csrs.mcause_csr_i/rdata_q_reg[30]'
INFO: [Synth 8-3886] merging instance 'cv32e40x_wrapper_i/cv32e40x_core_i/cs_registers_i/basic_mode_csrs.mcause_csr_i/rdata_q_reg[26]' (FDCE) to 'cv32e40x_wrapper_i/cv32e40x_core_i/cs_registers_i/basic_mode_csrs.mcause_csr_i/rdata_q_reg[30]'
INFO: [Synth 8-3886] merging instance 'cv32e40x_wrapper_i/cv32e40x_core_i/cs_registers_i/basic_mode_csrs.mcause_csr_i/rdata_q_reg[27]' (FDCE) to 'cv32e40x_wrapper_i/cv32e40x_core_i/cs_registers_i/basic_mode_csrs.mcause_csr_i/rdata_q_reg[30]'
INFO: [Synth 8-3886] merging instance 'cv32e40x_wrapper_i/cv32e40x_core_i/cs_registers_i/basic_mode_csrs.mcause_csr_i/rdata_q_reg[28]' (FDCE) to 'cv32e40x_wrapper_i/cv32e40x_core_i/cs_registers_i/basic_mode_csrs.mcause_csr_i/rdata_q_reg[30]'
INFO: [Synth 8-3886] merging instance 'cv32e40x_wrapper_i/cv32e40x_core_i/cs_registers_i/basic_mode_csrs.mcause_csr_i/rdata_q_reg[29]' (FDCE) to 'cv32e40x_wrapper_i/cv32e40x_core_i/cs_registers_i/basic_mode_csrs.mcause_csr_i/rdata_q_reg[30]'
INFO: [Synth 8-3886] merging instance 'cv32e40x_wrapper_i/cv32e40x_core_i/cs_registers_i/jvt_csr_i/rdata_q_reg[0]' (FDCE) to 'cv32e40x_wrapper_i/cv32e40x_core_i/cs_registers_i/jvt_csr_i/rdata_q_reg[5]'
INFO: [Synth 8-3886] merging instance 'cv32e40x_wrapper_i/cv32e40x_core_i/cs_registers_i/jvt_csr_i/rdata_q_reg[1]' (FDCE) to 'cv32e40x_wrapper_i/cv32e40x_core_i/cs_registers_i/jvt_csr_i/rdata_q_reg[5]'
INFO: [Synth 8-3886] merging instance 'cv32e40x_wrapper_i/cv32e40x_core_i/cs_registers_i/jvt_csr_i/rdata_q_reg[2]' (FDCE) to 'cv32e40x_wrapper_i/cv32e40x_core_i/cs_registers_i/jvt_csr_i/rdata_q_reg[5]'
INFO: [Synth 8-3886] merging instance 'cv32e40x_wrapper_i/cv32e40x_core_i/cs_registers_i/jvt_csr_i/rdata_q_reg[3]' (FDCE) to 'cv32e40x_wrapper_i/cv32e40x_core_i/cs_registers_i/jvt_csr_i/rdata_q_reg[5]'
INFO: [Synth 8-3886] merging instance 'cv32e40x_wrapper_i/cv32e40x_core_i/cs_registers_i/jvt_csr_i/rdata_q_reg[4]' (FDCE) to 'cv32e40x_wrapper_i/cv32e40x_core_i/cs_registers_i/jvt_csr_i/rdata_q_reg[5]'
INFO: [Synth 8-3886] merging instance 'cv32e40x_wrapper_i/cv32e40x_core_i/id_stage_i/id_ex_pipe_o_reg[instr_meta][mret_ptr]' (FDCE) to 'cv32e40x_wrapper_i/cv32e40x_core_i/id_stage_i/id_ex_pipe_o_reg[instr_meta][clic_ptr]'
---------------------------------------------------------------------------------
Finished Cross Boundary and Area Optimization : Time (s): cpu = 00:01:14 ; elapsed = 00:01:15 . Memory (MB): peak = 2194.016 ; gain = 1243.957
---------------------------------------------------------------------------------
---------------------------------------------------------------------------------
Start ROM, RAM, DSP and Shift Register Reporting
---------------------------------------------------------------------------------

Block RAM: Preliminary Mapping  Report (see note below)
+------------------+----------------------------------------+------------------------+---+---+------------------------+---+---+------------------+--------+--------+
|Module Name       | RTL Object                             | PORT A (Depth x Width) | W | R | PORT B (Depth x Width) | W | R | Ports driving FF | RAMB18 | RAMB36 | 
+------------------+----------------------------------------+------------------------+---+---+------------------------+---+---+------------------+--------+--------+
|RISC_BENCHMARK_IP | cv32e40x_wrapper_i/dp_ram_1/memory_reg | 32 K x 8(READ_FIRST)   | W | R | 32 K x 8(WRITE_FIRST)  |   | R | Port A and B     | 0      | 8      | 
|RISC_BENCHMARK_IP | cv32e40x_wrapper_i/dp_ram_2/memory_reg | 32 K x 8(READ_FIRST)   | W | R | 32 K x 8(WRITE_FIRST)  |   | R | Port A and B     | 0      | 8      | 
|RISC_BENCHMARK_IP | cv32e40x_wrapper_i/dp_ram_3/memory_reg | 32 K x 8(READ_FIRST)   | W | R | 32 K x 8(WRITE_FIRST)  |   | R | Port A and B     | 0      | 8      | 
|RISC_BENCHMARK_IP | cv32e40x_wrapper_i/dp_ram_4/memory_reg | 32 K x 8(READ_FIRST)   | W | R | 32 K x 8(WRITE_FIRST)  |   | R | Port A and B     | 0      | 8      | 
+------------------+----------------------------------------+------------------------+---+---+------------------------+---+---+------------------+--------+--------+

Note: The tale above is a preliminary report that shows the Block RAMs at the current stage of the synthesis flow. Some Block RAMs may be reimplemented as non Block RAM primitives later in the synthesis flow. Multiple instantiated Block RAMs are reported only once. 

DSP: Preliminary Mapping  Report (see note below)
+--------------+----------------+--------+--------+--------+--------+--------+------+------+------+------+-------+------+------+
|Module Name   | DSP Mapping    | A Size | B Size | C Size | D Size | P Size | AREG | BREG | CREG | DREG | ADREG | MREG | PREG | 
+--------------+----------------+--------+--------+--------+--------+--------+------+------+------+------+-------+------+------+
|cv32e40x_mult | A*B            | 18     | 15     | -      | -      | 48     | 0    | 0    | -    | -    | -     | 0    | 0    | 
|cv32e40x_mult | (PCIN>>17)+A*B | 15     | 15     | -      | -      | 48     | 0    | 0    | -    | -    | -     | 0    | 0    | 
|cv32e40x_mult | A*B            | 18     | 18     | -      | -      | 48     | 0    | 0    | -    | -    | -     | 0    | 0    | 
|cv32e40x_mult | (PCIN>>17)+A*B | 18     | 15     | -      | -      | 48     | 0    | 0    | -    | -    | -     | 0    | 0    | 
+--------------+----------------+--------+--------+--------+--------+--------+------+------+------+------+-------+------+------+

Note: The table above is a preliminary report that shows the DSPs inferred at the current stage of the synthesis flow. Some DSP may be reimplemented as non DSP primitives later in the synthesis flow. Multiple instantiated DSPs are reported only once.
---------------------------------------------------------------------------------
Finished ROM, RAM, DSP and Shift Register Reporting
---------------------------------------------------------------------------------
INFO: [Synth 8-4480] The timing for the instance cv32e40x_wrapper_ii_0/cv32e40x_wrapper_i/dp_ram_1/memory_reg_0_0 (implemented as a block RAM) might be sub-optimal as no optional output register could be merged into the block ram. Providing additional output register may help in improving timing.
INFO: [Synth 8-4480] The timing for the instance cv32e40x_wrapper_ii_0/cv32e40x_wrapper_i/dp_ram_1/memory_reg_0_0 (implemented as a block RAM) might be sub-optimal as no optional output register could be merged into the block ram. Providing additional output register may help in improving timing.
INFO: [Synth 8-4480] The timing for the instance cv32e40x_wrapper_ii_0/cv32e40x_wrapper_i/dp_ram_1/memory_reg_0_1 (implemented as a block RAM) might be sub-optimal as no optional output register could be merged into the block ram. Providing additional output register may help in improving timing.
INFO: [Synth 8-4480] The timing for the instance cv32e40x_wrapper_ii_0/cv32e40x_wrapper_i/dp_ram_1/memory_reg_0_1 (implemented as a block RAM) might be sub-optimal as no optional output register could be merged into the block ram. Providing additional output register may help in improving timing.
INFO: [Synth 8-4480] The timing for the instance cv32e40x_wrapper_ii_0/cv32e40x_wrapper_i/dp_ram_1/memory_reg_0_2 (implemented as a block RAM) might be sub-optimal as no optional output register could be merged into the block ram. Providing additional output register may help in improving timing.
INFO: [Synth 8-4480] The timing for the instance cv32e40x_wrapper_ii_0/cv32e40x_wrapper_i/dp_ram_1/memory_reg_0_2 (implemented as a block RAM) might be sub-optimal as no optional output register could be merged into the block ram. Providing additional output register may help in improving timing.
INFO: [Synth 8-4480] The timing for the instance cv32e40x_wrapper_ii_0/cv32e40x_wrapper_i/dp_ram_1/memory_reg_0_3 (implemented as a block RAM) might be sub-optimal as no optional output register could be merged into the block ram. Providing additional output register may help in improving timing.
INFO: [Synth 8-4480] The timing for the instance cv32e40x_wrapper_ii_0/cv32e40x_wrapper_i/dp_ram_1/memory_reg_0_3 (implemented as a block RAM) might be sub-optimal as no optional output register could be merged into the block ram. Providing additional output register may help in improving timing.
INFO: [Synth 8-4480] The timing for the instance cv32e40x_wrapper_ii_0/cv32e40x_wrapper_i/dp_ram_1/memory_reg_0_4 (implemented as a block RAM) might be sub-optimal as no optional output register could be merged into the block ram. Providing additional output register may help in improving timing.
INFO: [Synth 8-4480] The timing for the instance cv32e40x_wrapper_ii_0/cv32e40x_wrapper_i/dp_ram_1/memory_reg_0_4 (implemented as a block RAM) might be sub-optimal as no optional output register could be merged into the block ram. Providing additional output register may help in improving timing.
INFO: [Synth 8-4480] The timing for the instance cv32e40x_wrapper_ii_0/cv32e40x_wrapper_i/dp_ram_1/memory_reg_0_5 (implemented as a block RAM) might be sub-optimal as no optional output register could be merged into the block ram. Providing additional output register may help in improving timing.
INFO: [Synth 8-4480] The timing for the instance cv32e40x_wrapper_ii_0/cv32e40x_wrapper_i/dp_ram_1/memory_reg_0_5 (implemented as a block RAM) might be sub-optimal as no optional output register could be merged into the block ram. Providing additional output register may help in improving timing.
INFO: [Synth 8-4480] The timing for the instance cv32e40x_wrapper_ii_0/cv32e40x_wrapper_i/dp_ram_1/memory_reg_0_6 (implemented as a block RAM) might be sub-optimal as no optional output register could be merged into the block ram. Providing additional output register may help in improving timing.
INFO: [Synth 8-4480] The timing for the instance cv32e40x_wrapper_ii_0/cv32e40x_wrapper_i/dp_ram_1/memory_reg_0_6 (implemented as a block RAM) might be sub-optimal as no optional output register could be merged into the block ram. Providing additional output register may help in improving timing.
INFO: [Synth 8-4480] The timing for the instance cv32e40x_wrapper_ii_0/cv32e40x_wrapper_i/dp_ram_1/memory_reg_0_7 (implemented as a block RAM) might be sub-optimal as no optional output register could be merged into the block ram. Providing additional output register may help in improving timing.
INFO: [Synth 8-4480] The timing for the instance cv32e40x_wrapper_ii_0/cv32e40x_wrapper_i/dp_ram_1/memory_reg_0_7 (implemented as a block RAM) might be sub-optimal as no optional output register could be merged into the block ram. Providing additional output register may help in improving timing.
INFO: [Synth 8-4480] The timing for the instance cv32e40x_wrapper_ii_1/cv32e40x_wrapper_i/dp_ram_2/memory_reg_0_0 (implemented as a block RAM) might be sub-optimal as no optional output register could be merged into the block ram. Providing additional output register may help in improving timing.
INFO: [Synth 8-4480] The timing for the instance cv32e40x_wrapper_ii_1/cv32e40x_wrapper_i/dp_ram_2/memory_reg_0_0 (implemented as a block RAM) might be sub-optimal as no optional output register could be merged into the block ram. Providing additional output register may help in improving timing.
INFO: [Synth 8-4480] The timing for the instance cv32e40x_wrapper_ii_1/cv32e40x_wrapper_i/dp_ram_2/memory_reg_0_1 (implemented as a block RAM) might be sub-optimal as no optional output register could be merged into the block ram. Providing additional output register may help in improving timing.
INFO: [Synth 8-4480] The timing for the instance cv32e40x_wrapper_ii_1/cv32e40x_wrapper_i/dp_ram_2/memory_reg_0_1 (implemented as a block RAM) might be sub-optimal as no optional output register could be merged into the block ram. Providing additional output register may help in improving timing.
INFO: [Synth 8-4480] The timing for the instance cv32e40x_wrapper_ii_1/cv32e40x_wrapper_i/dp_ram_2/memory_reg_0_2 (implemented as a block RAM) might be sub-optimal as no optional output register could be merged into the block ram. Providing additional output register may help in improving timing.
INFO: [Synth 8-4480] The timing for the instance cv32e40x_wrapper_ii_1/cv32e40x_wrapper_i/dp_ram_2/memory_reg_0_2 (implemented as a block RAM) might be sub-optimal as no optional output register could be merged into the block ram. Providing additional output register may help in improving timing.
INFO: [Synth 8-4480] The timing for the instance cv32e40x_wrapper_ii_1/cv32e40x_wrapper_i/dp_ram_2/memory_reg_0_3 (implemented as a block RAM) might be sub-optimal as no optional output register could be merged into the block ram. Providing additional output register may help in improving timing.
INFO: [Synth 8-4480] The timing for the instance cv32e40x_wrapper_ii_1/cv32e40x_wrapper_i/dp_ram_2/memory_reg_0_3 (implemented as a block RAM) might be sub-optimal as no optional output register could be merged into the block ram. Providing additional output register may help in improving timing.
INFO: [Synth 8-4480] The timing for the instance cv32e40x_wrapper_ii_1/cv32e40x_wrapper_i/dp_ram_2/memory_reg_0_4 (implemented as a block RAM) might be sub-optimal as no optional output register could be merged into the block ram. Providing additional output register may help in improving timing.
INFO: [Synth 8-4480] The timing for the instance cv32e40x_wrapper_ii_1/cv32e40x_wrapper_i/dp_ram_2/memory_reg_0_4 (implemented as a block RAM) might be sub-optimal as no optional output register could be merged into the block ram. Providing additional output register may help in improving timing.
INFO: [Synth 8-4480] The timing for the instance cv32e40x_wrapper_ii_1/cv32e40x_wrapper_i/dp_ram_2/memory_reg_0_5 (implemented as a block RAM) might be sub-optimal as no optional output register could be merged into the block ram. Providing additional output register may help in improving timing.
INFO: [Synth 8-4480] The timing for the instance cv32e40x_wrapper_ii_1/cv32e40x_wrapper_i/dp_ram_2/memory_reg_0_5 (implemented as a block RAM) might be sub-optimal as no optional output register could be merged into the block ram. Providing additional output register may help in improving timing.
INFO: [Synth 8-4480] The timing for the instance cv32e40x_wrapper_ii_1/cv32e40x_wrapper_i/dp_ram_2/memory_reg_0_6 (implemented as a block RAM) might be sub-optimal as no optional output register could be merged into the block ram. Providing additional output register may help in improving timing.
INFO: [Synth 8-4480] The timing for the instance cv32e40x_wrapper_ii_1/cv32e40x_wrapper_i/dp_ram_2/memory_reg_0_6 (implemented as a block RAM) might be sub-optimal as no optional output register could be merged into the block ram. Providing additional output register may help in improving timing.
INFO: [Synth 8-4480] The timing for the instance cv32e40x_wrapper_ii_1/cv32e40x_wrapper_i/dp_ram_2/memory_reg_0_7 (implemented as a block RAM) might be sub-optimal as no optional output register could be merged into the block ram. Providing additional output register may help in improving timing.
INFO: [Synth 8-4480] The timing for the instance cv32e40x_wrapper_ii_1/cv32e40x_wrapper_i/dp_ram_2/memory_reg_0_7 (implemented as a block RAM) might be sub-optimal as no optional output register could be merged into the block ram. Providing additional output register may help in improving timing.
INFO: [Synth 8-4480] The timing for the instance cv32e40x_wrapper_ii_2/cv32e40x_wrapper_i/dp_ram_3/memory_reg_0_0 (implemented as a block RAM) might be sub-optimal as no optional output register could be merged into the block ram. Providing additional output register may help in improving timing.
INFO: [Synth 8-4480] The timing for the instance cv32e40x_wrapper_ii_2/cv32e40x_wrapper_i/dp_ram_3/memory_reg_0_0 (implemented as a block RAM) might be sub-optimal as no optional output register could be merged into the block ram. Providing additional output register may help in improving timing.
INFO: [Synth 8-4480] The timing for the instance cv32e40x_wrapper_ii_2/cv32e40x_wrapper_i/dp_ram_3/memory_reg_0_1 (implemented as a block RAM) might be sub-optimal as no optional output register could be merged into the block ram. Providing additional output register may help in improving timing.
INFO: [Synth 8-4480] The timing for the instance cv32e40x_wrapper_ii_2/cv32e40x_wrapper_i/dp_ram_3/memory_reg_0_1 (implemented as a block RAM) might be sub-optimal as no optional output register could be merged into the block ram. Providing additional output register may help in improving timing.
INFO: [Synth 8-4480] The timing for the instance cv32e40x_wrapper_ii_2/cv32e40x_wrapper_i/dp_ram_3/memory_reg_0_2 (implemented as a block RAM) might be sub-optimal as no optional output register could be merged into the block ram. Providing additional output register may help in improving timing.
INFO: [Synth 8-4480] The timing for the instance cv32e40x_wrapper_ii_2/cv32e40x_wrapper_i/dp_ram_3/memory_reg_0_2 (implemented as a block RAM) might be sub-optimal as no optional output register could be merged into the block ram. Providing additional output register may help in improving timing.
INFO: [Synth 8-4480] The timing for the instance cv32e40x_wrapper_ii_2/cv32e40x_wrapper_i/dp_ram_3/memory_reg_0_3 (implemented as a block RAM) might be sub-optimal as no optional output register could be merged into the block ram. Providing additional output register may help in improving timing.
INFO: [Synth 8-4480] The timing for the instance cv32e40x_wrapper_ii_2/cv32e40x_wrapper_i/dp_ram_3/memory_reg_0_3 (implemented as a block RAM) might be sub-optimal as no optional output register could be merged into the block ram. Providing additional output register may help in improving timing.
INFO: [Synth 8-4480] The timing for the instance cv32e40x_wrapper_ii_2/cv32e40x_wrapper_i/dp_ram_3/memory_reg_0_4 (implemented as a block RAM) might be sub-optimal as no optional output register could be merged into the block ram. Providing additional output register may help in improving timing.
INFO: [Synth 8-4480] The timing for the instance cv32e40x_wrapper_ii_2/cv32e40x_wrapper_i/dp_ram_3/memory_reg_0_4 (implemented as a block RAM) might be sub-optimal as no optional output register could be merged into the block ram. Providing additional output register may help in improving timing.
INFO: [Synth 8-4480] The timing for the instance cv32e40x_wrapper_ii_2/cv32e40x_wrapper_i/dp_ram_3/memory_reg_0_5 (implemented as a block RAM) might be sub-optimal as no optional output register could be merged into the block ram. Providing additional output register may help in improving timing.
INFO: [Synth 8-4480] The timing for the instance cv32e40x_wrapper_ii_2/cv32e40x_wrapper_i/dp_ram_3/memory_reg_0_5 (implemented as a block RAM) might be sub-optimal as no optional output register could be merged into the block ram. Providing additional output register may help in improving timing.
INFO: [Synth 8-4480] The timing for the instance cv32e40x_wrapper_ii_2/cv32e40x_wrapper_i/dp_ram_3/memory_reg_0_6 (implemented as a block RAM) might be sub-optimal as no optional output register could be merged into the block ram. Providing additional output register may help in improving timing.
INFO: [Synth 8-4480] The timing for the instance cv32e40x_wrapper_ii_2/cv32e40x_wrapper_i/dp_ram_3/memory_reg_0_6 (implemented as a block RAM) might be sub-optimal as no optional output register could be merged into the block ram. Providing additional output register may help in improving timing.
INFO: [Synth 8-4480] The timing for the instance cv32e40x_wrapper_ii_2/cv32e40x_wrapper_i/dp_ram_3/memory_reg_0_7 (implemented as a block RAM) might be sub-optimal as no optional output register could be merged into the block ram. Providing additional output register may help in improving timing.
INFO: [Synth 8-4480] The timing for the instance cv32e40x_wrapper_ii_2/cv32e40x_wrapper_i/dp_ram_3/memory_reg_0_7 (implemented as a block RAM) might be sub-optimal as no optional output register could be merged into the block ram. Providing additional output register may help in improving timing.
INFO: [Synth 8-4480] The timing for the instance cv32e40x_wrapper_ii_3/cv32e40x_wrapper_i/dp_ram_4/memory_reg_0_0 (implemented as a block RAM) might be sub-optimal as no optional output register could be merged into the block ram. Providing additional output register may help in improving timing.
INFO: [Synth 8-4480] The timing for the instance cv32e40x_wrapper_ii_3/cv32e40x_wrapper_i/dp_ram_4/memory_reg_0_0 (implemented as a block RAM) might be sub-optimal as no optional output register could be merged into the block ram. Providing additional output register may help in improving timing.
INFO: [Synth 8-4480] The timing for the instance cv32e40x_wrapper_ii_3/cv32e40x_wrapper_i/dp_ram_4/memory_reg_0_1 (implemented as a block RAM) might be sub-optimal as no optional output register could be merged into the block ram. Providing additional output register may help in improving timing.
INFO: [Synth 8-4480] The timing for the instance cv32e40x_wrapper_ii_3/cv32e40x_wrapper_i/dp_ram_4/memory_reg_0_1 (implemented as a block RAM) might be sub-optimal as no optional output register could be merged into the block ram. Providing additional output register may help in improving timing.
INFO: [Synth 8-4480] The timing for the instance cv32e40x_wrapper_ii_3/cv32e40x_wrapper_i/dp_ram_4/memory_reg_0_2 (implemented as a block RAM) might be sub-optimal as no optional output register could be merged into the block ram. Providing additional output register may help in improving timing.
INFO: [Synth 8-4480] The timing for the instance cv32e40x_wrapper_ii_3/cv32e40x_wrapper_i/dp_ram_4/memory_reg_0_2 (implemented as a block RAM) might be sub-optimal as no optional output register could be merged into the block ram. Providing additional output register may help in improving timing.
INFO: [Synth 8-4480] The timing for the instance cv32e40x_wrapper_ii_3/cv32e40x_wrapper_i/dp_ram_4/memory_reg_0_3 (implemented as a block RAM) might be sub-optimal as no optional output register could be merged into the block ram. Providing additional output register may help in improving timing.
INFO: [Synth 8-4480] The timing for the instance cv32e40x_wrapper_ii_3/cv32e40x_wrapper_i/dp_ram_4/memory_reg_0_3 (implemented as a block RAM) might be sub-optimal as no optional output register could be merged into the block ram. Providing additional output register may help in improving timing.
INFO: [Synth 8-4480] The timing for the instance cv32e40x_wrapper_ii_3/cv32e40x_wrapper_i/dp_ram_4/memory_reg_0_4 (implemented as a block RAM) might be sub-optimal as no optional output register could be merged into the block ram. Providing additional output register may help in improving timing.
INFO: [Synth 8-4480] The timing for the instance cv32e40x_wrapper_ii_3/cv32e40x_wrapper_i/dp_ram_4/memory_reg_0_4 (implemented as a block RAM) might be sub-optimal as no optional output register could be merged into the block ram. Providing additional output register may help in improving timing.
INFO: [Synth 8-4480] The timing for the instance cv32e40x_wrapper_ii_3/cv32e40x_wrapper_i/dp_ram_4/memory_reg_0_5 (implemented as a block RAM) might be sub-optimal as no optional output register could be merged into the block ram. Providing additional output register may help in improving timing.
INFO: [Synth 8-4480] The timing for the instance cv32e40x_wrapper_ii_3/cv32e40x_wrapper_i/dp_ram_4/memory_reg_0_5 (implemented as a block RAM) might be sub-optimal as no optional output register could be merged into the block ram. Providing additional output register may help in improving timing.
INFO: [Synth 8-4480] The timing for the instance cv32e40x_wrapper_ii_3/cv32e40x_wrapper_i/dp_ram_4/memory_reg_0_6 (implemented as a block RAM) might be sub-optimal as no optional output register could be merged into the block ram. Providing additional output register may help in improving timing.
INFO: [Synth 8-4480] The timing for the instance cv32e40x_wrapper_ii_3/cv32e40x_wrapper_i/dp_ram_4/memory_reg_0_6 (implemented as a block RAM) might be sub-optimal as no optional output register could be merged into the block ram. Providing additional output register may help in improving timing.
INFO: [Synth 8-4480] The timing for the instance cv32e40x_wrapper_ii_3/cv32e40x_wrapper_i/dp_ram_4/memory_reg_0_7 (implemented as a block RAM) might be sub-optimal as no optional output register could be merged into the block ram. Providing additional output register may help in improving timing.
INFO: [Synth 8-4480] The timing for the instance cv32e40x_wrapper_ii_3/cv32e40x_wrapper_i/dp_ram_4/memory_reg_0_7 (implemented as a block RAM) might be sub-optimal as no optional output register could be merged into the block ram. Providing additional output register may help in improving timing.

Report RTL Partitions: 
+-+--------------+------------+----------+
| |RTL Partition |Replication |Instances |
+-+--------------+------------+----------+
+-+--------------+------------+----------+
---------------------------------------------------------------------------------
Start Applying XDC Timing Constraints
---------------------------------------------------------------------------------
---------------------------------------------------------------------------------
Finished Applying XDC Timing Constraints : Time (s): cpu = 00:01:22 ; elapsed = 00:01:24 . Memory (MB): peak = 2194.016 ; gain = 1243.957
---------------------------------------------------------------------------------
---------------------------------------------------------------------------------
Start Timing Optimization
---------------------------------------------------------------------------------
---------------------------------------------------------------------------------
Finished Timing Optimization : Time (s): cpu = 00:01:25 ; elapsed = 00:01:26 . Memory (MB): peak = 2194.016 ; gain = 1243.957
---------------------------------------------------------------------------------
---------------------------------------------------------------------------------
Start ROM, RAM, DSP and Shift Register Reporting
---------------------------------------------------------------------------------

Block RAM: Final Mapping  Report
+------------------+----------------------------------------+------------------------+---+---+------------------------+---+---+------------------+--------+--------+
|Module Name       | RTL Object                             | PORT A (Depth x Width) | W | R | PORT B (Depth x Width) | W | R | Ports driving FF | RAMB18 | RAMB36 | 
+------------------+----------------------------------------+------------------------+---+---+------------------------+---+---+------------------+--------+--------+
|RISC_BENCHMARK_IP | cv32e40x_wrapper_i/dp_ram_1/memory_reg | 32 K x 8(READ_FIRST)   | W | R | 32 K x 8(WRITE_FIRST)  |   | R | Port A and B     | 0      | 8      | 
|RISC_BENCHMARK_IP | cv32e40x_wrapper_i/dp_ram_2/memory_reg | 32 K x 8(READ_FIRST)   | W | R | 32 K x 8(WRITE_FIRST)  |   | R | Port A and B     | 0      | 8      | 
|RISC_BENCHMARK_IP | cv32e40x_wrapper_i/dp_ram_3/memory_reg | 32 K x 8(READ_FIRST)   | W | R | 32 K x 8(WRITE_FIRST)  |   | R | Port A and B     | 0      | 8      | 
|RISC_BENCHMARK_IP | cv32e40x_wrapper_i/dp_ram_4/memory_reg | 32 K x 8(READ_FIRST)   | W | R | 32 K x 8(WRITE_FIRST)  |   | R | Port A and B     | 0      | 8      | 
+------------------+----------------------------------------+------------------------+---+---+------------------------+---+---+------------------+--------+--------+

---------------------------------------------------------------------------------
Finished ROM, RAM, DSP and Shift Register Reporting
---------------------------------------------------------------------------------

Report RTL Partitions: 
+-+--------------+------------+----------+
| |RTL Partition |Replication |Instances |
+-+--------------+------------+----------+
+-+--------------+------------+----------+
---------------------------------------------------------------------------------
Start Technology Mapping
---------------------------------------------------------------------------------
INFO: [Synth 8-3886] merging instance 'cv32e40x_wrapper_ii_12378' (FD) to 'cv32e40x_wrapper_ii_12377'
INFO: [Synth 8-3886] merging instance 'cv32e40x_wrapper_ii_12377' (FD) to 'cv32e40x_wrapper_ii_12158'
INFO: [Synth 8-3886] merging instance 'cv32e40x_wrapper_ii_12158' (FD) to 'cv32e40x_wrapper_ii_12191'
INFO: [Synth 8-4480] The timing for the instance cv32e40x_wrapper_i/dp_ram_1/memory_reg_0_0 (implemented as a block RAM) might be sub-optimal as no optional output register could be merged into the block ram. Providing additional output register may help in improving timing.
INFO: [Synth 8-4480] The timing for the instance cv32e40x_wrapper_i/dp_ram_1/memory_reg_0_0 (implemented as a block RAM) might be sub-optimal as no optional output register could be merged into the block ram. Providing additional output register may help in improving timing.
INFO: [Synth 8-4480] The timing for the instance cv32e40x_wrapper_i/dp_ram_1/memory_reg_0_1 (implemented as a block RAM) might be sub-optimal as no optional output register could be merged into the block ram. Providing additional output register may help in improving timing.
INFO: [Synth 8-4480] The timing for the instance cv32e40x_wrapper_i/dp_ram_1/memory_reg_0_1 (implemented as a block RAM) might be sub-optimal as no optional output register could be merged into the block ram. Providing additional output register may help in improving timing.
INFO: [Synth 8-4480] The timing for the instance cv32e40x_wrapper_i/dp_ram_1/memory_reg_0_2 (implemented as a block RAM) might be sub-optimal as no optional output register could be merged into the block ram. Providing additional output register may help in improving timing.
INFO: [Synth 8-4480] The timing for the instance cv32e40x_wrapper_i/dp_ram_1/memory_reg_0_2 (implemented as a block RAM) might be sub-optimal as no optional output register could be merged into the block ram. Providing additional output register may help in improving timing.
INFO: [Synth 8-4480] The timing for the instance cv32e40x_wrapper_i/dp_ram_1/memory_reg_0_3 (implemented as a block RAM) might be sub-optimal as no optional output register could be merged into the block ram. Providing additional output register may help in improving timing.
INFO: [Synth 8-4480] The timing for the instance cv32e40x_wrapper_i/dp_ram_1/memory_reg_0_3 (implemented as a block RAM) might be sub-optimal as no optional output register could be merged into the block ram. Providing additional output register may help in improving timing.
INFO: [Synth 8-4480] The timing for the instance cv32e40x_wrapper_i/dp_ram_1/memory_reg_0_4 (implemented as a block RAM) might be sub-optimal as no optional output register could be merged into the block ram. Providing additional output register may help in improving timing.
INFO: [Synth 8-4480] The timing for the instance cv32e40x_wrapper_i/dp_ram_1/memory_reg_0_4 (implemented as a block RAM) might be sub-optimal as no optional output register could be merged into the block ram. Providing additional output register may help in improving timing.
INFO: [Synth 8-4480] The timing for the instance cv32e40x_wrapper_i/dp_ram_1/memory_reg_0_5 (implemented as a block RAM) might be sub-optimal as no optional output register could be merged into the block ram. Providing additional output register may help in improving timing.
INFO: [Synth 8-4480] The timing for the instance cv32e40x_wrapper_i/dp_ram_1/memory_reg_0_5 (implemented as a block RAM) might be sub-optimal as no optional output register could be merged into the block ram. Providing additional output register may help in improving timing.
INFO: [Synth 8-4480] The timing for the instance cv32e40x_wrapper_i/dp_ram_1/memory_reg_0_6 (implemented as a block RAM) might be sub-optimal as no optional output register could be merged into the block ram. Providing additional output register may help in improving timing.
INFO: [Synth 8-4480] The timing for the instance cv32e40x_wrapper_i/dp_ram_1/memory_reg_0_6 (implemented as a block RAM) might be sub-optimal as no optional output register could be merged into the block ram. Providing additional output register may help in improving timing.
INFO: [Synth 8-4480] The timing for the instance cv32e40x_wrapper_i/dp_ram_1/memory_reg_0_7 (implemented as a block RAM) might be sub-optimal as no optional output register could be merged into the block ram. Providing additional output register may help in improving timing.
INFO: [Synth 8-4480] The timing for the instance cv32e40x_wrapper_i/dp_ram_1/memory_reg_0_7 (implemented as a block RAM) might be sub-optimal as no optional output register could be merged into the block ram. Providing additional output register may help in improving timing.
INFO: [Synth 8-4480] The timing for the instance cv32e40x_wrapper_i/dp_ram_2/memory_reg_0_0 (implemented as a block RAM) might be sub-optimal as no optional output register could be merged into the block ram. Providing additional output register may help in improving timing.
INFO: [Synth 8-4480] The timing for the instance cv32e40x_wrapper_i/dp_ram_2/memory_reg_0_0 (implemented as a block RAM) might be sub-optimal as no optional output register could be merged into the block ram. Providing additional output register may help in improving timing.
INFO: [Synth 8-4480] The timing for the instance cv32e40x_wrapper_i/dp_ram_2/memory_reg_0_1 (implemented as a block RAM) might be sub-optimal as no optional output register could be merged into the block ram. Providing additional output register may help in improving timing.
INFO: [Synth 8-4480] The timing for the instance cv32e40x_wrapper_i/dp_ram_2/memory_reg_0_1 (implemented as a block RAM) might be sub-optimal as no optional output register could be merged into the block ram. Providing additional output register may help in improving timing.
INFO: [Synth 8-4480] The timing for the instance cv32e40x_wrapper_i/dp_ram_2/memory_reg_0_2 (implemented as a block RAM) might be sub-optimal as no optional output register could be merged into the block ram. Providing additional output register may help in improving timing.
INFO: [Synth 8-4480] The timing for the instance cv32e40x_wrapper_i/dp_ram_2/memory_reg_0_2 (implemented as a block RAM) might be sub-optimal as no optional output register could be merged into the block ram. Providing additional output register may help in improving timing.
INFO: [Synth 8-4480] The timing for the instance cv32e40x_wrapper_i/dp_ram_2/memory_reg_0_3 (implemented as a block RAM) might be sub-optimal as no optional output register could be merged into the block ram. Providing additional output register may help in improving timing.
INFO: [Synth 8-4480] The timing for the instance cv32e40x_wrapper_i/dp_ram_2/memory_reg_0_3 (implemented as a block RAM) might be sub-optimal as no optional output register could be merged into the block ram. Providing additional output register may help in improving timing.
INFO: [Synth 8-4480] The timing for the instance cv32e40x_wrapper_i/dp_ram_2/memory_reg_0_4 (implemented as a block RAM) might be sub-optimal as no optional output register could be merged into the block ram. Providing additional output register may help in improving timing.
INFO: [Synth 8-4480] The timing for the instance cv32e40x_wrapper_i/dp_ram_2/memory_reg_0_4 (implemented as a block RAM) might be sub-optimal as no optional output register could be merged into the block ram. Providing additional output register may help in improving timing.
INFO: [Synth 8-4480] The timing for the instance cv32e40x_wrapper_i/dp_ram_2/memory_reg_0_5 (implemented as a block RAM) might be sub-optimal as no optional output register could be merged into the block ram. Providing additional output register may help in improving timing.
INFO: [Synth 8-4480] The timing for the instance cv32e40x_wrapper_i/dp_ram_2/memory_reg_0_5 (implemented as a block RAM) might be sub-optimal as no optional output register could be merged into the block ram. Providing additional output register may help in improving timing.
INFO: [Synth 8-4480] The timing for the instance cv32e40x_wrapper_i/dp_ram_2/memory_reg_0_6 (implemented as a block RAM) might be sub-optimal as no optional output register could be merged into the block ram. Providing additional output register may help in improving timing.
INFO: [Synth 8-4480] The timing for the instance cv32e40x_wrapper_i/dp_ram_2/memory_reg_0_6 (implemented as a block RAM) might be sub-optimal as no optional output register could be merged into the block ram. Providing additional output register may help in improving timing.
INFO: [Synth 8-4480] The timing for the instance cv32e40x_wrapper_i/dp_ram_2/memory_reg_0_7 (implemented as a block RAM) might be sub-optimal as no optional output register could be merged into the block ram. Providing additional output register may help in improving timing.
INFO: [Synth 8-4480] The timing for the instance cv32e40x_wrapper_i/dp_ram_2/memory_reg_0_7 (implemented as a block RAM) might be sub-optimal as no optional output register could be merged into the block ram. Providing additional output register may help in improving timing.
INFO: [Synth 8-4480] The timing for the instance cv32e40x_wrapper_i/dp_ram_3/memory_reg_0_0 (implemented as a block RAM) might be sub-optimal as no optional output register could be merged into the block ram. Providing additional output register may help in improving timing.
INFO: [Synth 8-4480] The timing for the instance cv32e40x_wrapper_i/dp_ram_3/memory_reg_0_0 (implemented as a block RAM) might be sub-optimal as no optional output register could be merged into the block ram. Providing additional output register may help in improving timing.
INFO: [Synth 8-4480] The timing for the instance cv32e40x_wrapper_i/dp_ram_3/memory_reg_0_1 (implemented as a block RAM) might be sub-optimal as no optional output register could be merged into the block ram. Providing additional output register may help in improving timing.
INFO: [Synth 8-4480] The timing for the instance cv32e40x_wrapper_i/dp_ram_3/memory_reg_0_1 (implemented as a block RAM) might be sub-optimal as no optional output register could be merged into the block ram. Providing additional output register may help in improving timing.
INFO: [Common 17-14] Message 'Synth 8-4480' appears 100 times and further instances of the messages will be disabled. Use the Tcl command set_msg_config to change the current settings.
---------------------------------------------------------------------------------
Finished Technology Mapping : Time (s): cpu = 00:01:27 ; elapsed = 00:01:29 . Memory (MB): peak = 2194.016 ; gain = 1243.957
---------------------------------------------------------------------------------

Report RTL Partitions: 
+-+--------------+------------+----------+
| |RTL Partition |Replication |Instances |
+-+--------------+------------+----------+
+-+--------------+------------+----------+
---------------------------------------------------------------------------------
Start IO Insertion
---------------------------------------------------------------------------------
---------------------------------------------------------------------------------
Start Flattening Before IO Insertion
---------------------------------------------------------------------------------
---------------------------------------------------------------------------------
Finished Flattening Before IO Insertion
---------------------------------------------------------------------------------
---------------------------------------------------------------------------------
Start Final Netlist Cleanup
---------------------------------------------------------------------------------
INFO: [Synth 8-6064] Net n_0_4391 is driving 32 big block pins (URAM, BRAM and DSP loads). Created 4 replicas of its driver. 
INFO: [Synth 8-6064] Net n_0_4392 is driving 32 big block pins (URAM, BRAM and DSP loads). Created 4 replicas of its driver. 
INFO: [Synth 8-6064] Net n_0_4393 is driving 32 big block pins (URAM, BRAM and DSP loads). Created 4 replicas of its driver. 
INFO: [Synth 8-6064] Net p_4_in is driving 32 big block pins (URAM, BRAM and DSP loads). Created 4 replicas of its driver. 
---------------------------------------------------------------------------------
Finished Final Netlist Cleanup
---------------------------------------------------------------------------------
---------------------------------------------------------------------------------
Finished IO Insertion : Time (s): cpu = 00:01:28 ; elapsed = 00:01:30 . Memory (MB): peak = 2194.016 ; gain = 1243.957
---------------------------------------------------------------------------------

Report Check Netlist: 
+------+------------------+-------+---------+-------+------------------+
|      |Item              |Errors |Warnings |Status |Description       |
+------+------------------+-------+---------+-------+------------------+
|1     |multi_driven_nets |      0|        0|Passed |Multi driven nets |
+------+------------------+-------+---------+-------+------------------+
---------------------------------------------------------------------------------
Start Renaming Generated Instances
---------------------------------------------------------------------------------
---------------------------------------------------------------------------------
Finished Renaming Generated Instances : Time (s): cpu = 00:01:28 ; elapsed = 00:01:30 . Memory (MB): peak = 2194.016 ; gain = 1243.957
---------------------------------------------------------------------------------

Report RTL Partitions: 
+-+--------------+------------+----------+
| |RTL Partition |Replication |Instances |
+-+--------------+------------+----------+
+-+--------------+------------+----------+
---------------------------------------------------------------------------------
Start Rebuilding User Hierarchy
---------------------------------------------------------------------------------
---------------------------------------------------------------------------------
Finished Rebuilding User Hierarchy : Time (s): cpu = 00:01:29 ; elapsed = 00:01:30 . Memory (MB): peak = 2194.016 ; gain = 1243.957
---------------------------------------------------------------------------------
---------------------------------------------------------------------------------
Start Renaming Generated Ports
---------------------------------------------------------------------------------
---------------------------------------------------------------------------------
Finished Renaming Generated Ports : Time (s): cpu = 00:01:29 ; elapsed = 00:01:30 . Memory (MB): peak = 2194.016 ; gain = 1243.957
---------------------------------------------------------------------------------
---------------------------------------------------------------------------------
Start Handling Custom Attributes
---------------------------------------------------------------------------------
---------------------------------------------------------------------------------
Finished Handling Custom Attributes : Time (s): cpu = 00:01:29 ; elapsed = 00:01:30 . Memory (MB): peak = 2194.016 ; gain = 1243.957
---------------------------------------------------------------------------------
---------------------------------------------------------------------------------
Start Renaming Generated Nets
---------------------------------------------------------------------------------
---------------------------------------------------------------------------------
Finished Renaming Generated Nets : Time (s): cpu = 00:01:29 ; elapsed = 00:01:30 . Memory (MB): peak = 2194.016 ; gain = 1243.957
---------------------------------------------------------------------------------
---------------------------------------------------------------------------------
Start Writing Synthesis Report
---------------------------------------------------------------------------------

Report BlackBoxes: 
+-+--------------+----------+
| |BlackBox name |Instances |
+-+--------------+----------+
+-+--------------+----------+

Report Cell Usage: 
+------+------------+------+
|      |Cell        |Count |
+------+------------+------+
|1     |CARRY4      |   180|
|2     |DSP48E1     |     3|
|3     |LUT1        |    57|
|4     |LUT2        |   374|
|5     |LUT3        |   503|
|6     |LUT4        |   457|
|7     |LUT5        |   829|
|8     |LUT6        |  2501|
|9     |MUXF7       |   258|
|10    |MUXF8       |    32|
|11    |RAMB36E1    |     1|
|12    |RAMB36E1_1  |     1|
|13    |RAMB36E1_10 |     1|
|14    |RAMB36E1_11 |     1|
|15    |RAMB36E1_12 |     1|
|16    |RAMB36E1_13 |     1|
|17    |RAMB36E1_14 |     1|
|18    |RAMB36E1_15 |     1|
|19    |RAMB36E1_16 |     1|
|20    |RAMB36E1_17 |     1|
|21    |RAMB36E1_18 |     1|
|22    |RAMB36E1_19 |     1|
|23    |RAMB36E1_2  |     1|
|24    |RAMB36E1_20 |     1|
|25    |RAMB36E1_21 |     1|
|26    |RAMB36E1_22 |     1|
|27    |RAMB36E1_23 |     1|
|28    |RAMB36E1_24 |     1|
|29    |RAMB36E1_25 |     1|
|30    |RAMB36E1_26 |     1|
|31    |RAMB36E1_27 |     1|
|32    |RAMB36E1_28 |     1|
|33    |RAMB36E1_29 |     1|
|34    |RAMB36E1_3  |     1|
|35    |RAMB36E1_30 |     1|
|36    |RAMB36E1_31 |     1|
|37    |RAMB36E1_4  |     1|
|38    |RAMB36E1_5  |     1|
|39    |RAMB36E1_6  |     1|
|40    |RAMB36E1_7  |     1|
|41    |RAMB36E1_8  |     1|
|42    |RAMB36E1_9  |     1|
|43    |FDCE        |  2279|
|44    |FDPE        |    42|
|45    |FDRE        |    35|
+------+------------+------+

Report Instance Areas: 
+------+----------------------------------------------------+-------------------------------+------+
|      |Instance                                            |Module                         |Cells |
+------+----------------------------------------------------+-------------------------------+------+
|1     |top                                                 |                               |  7582|
|2     |  cv32e40x_wrapper_i                                |cv32e40x_wrapper               |  7549|
|3     |    cv32e40x_core_i                                 |cv32e40x_core                  |  7389|
|4     |      controller_i                                  |cv32e40x_controller            |    87|
|5     |        controller_fsm_i                            |cv32e40x_controller_fsm        |    87|
|6     |      cs_registers_i                                |cv32e40x_cs_registers          |   560|
|7     |        \basic_mode_csrs.mcause_csr_i               |cv32e40x_csr                   |    13|
|8     |        \basic_mode_csrs.mie_csr_i                  |cv32e40x_csr_0                 |    20|
|9     |        \basic_mode_csrs.mtvec_csr_i                |cv32e40x_csr__parameterized1   |    26|
|10    |        debug_triggers_i                            |cv32e40x_debug_triggers        |   139|
|11    |          \gen_triggers.tmatch_csr[0].tdata1_csr_i  |cv32e40x_csr__parameterized3   |    49|
|12    |          \gen_triggers.tmatch_csr[0].tdata2_csr_i  |cv32e40x_csr_7                 |    90|
|13    |        \gen_debug_csr.dcsr_csr_i                   |cv32e40x_csr__parameterized0   |     8|
|14    |        \gen_debug_csr.dpc_csr_i                    |cv32e40x_csr_1                 |    31|
|15    |        \gen_debug_csr.dscratch0_csr_i              |cv32e40x_csr_2                 |    33|
|16    |        \gen_debug_csr.dscratch1_csr_i              |cv32e40x_csr_3                 |    36|
|17    |        jvt_csr_i                                   |cv32e40x_csr_4                 |    27|
|18    |        mepc_csr_i                                  |cv32e40x_csr_5                 |    31|
|19    |        mscratch_csr_i                              |cv32e40x_csr_6                 |    32|
|20    |        mstatus_csr_i                               |cv32e40x_csr__parameterized2   |     2|
|21    |      ex_stage_i                                    |cv32e40x_ex_stage              |  1452|
|22    |        alu_i                                       |cv32e40x_alu                   |    16|
|23    |        \div.div_i                                  |cv32e40x_div                   |   357|
|24    |        \mul.mult_i                                 |cv32e40x_mult                  |   140|
|25    |      id_stage_i                                    |cv32e40x_id_stage              |  1445|
|26    |        cv32e40x_pc_target_i                        |cv32e40x_pc_target             |     8|
|27    |      if_stage_i                                    |cv32e40x_if_stage              |  1614|
|28    |        \gen_seq.sequencer_i                        |cv32e40x_sequencer             |    59|
|29    |        mpu_i                                       |cv32e40x_mpu                   |     5|
|30    |        prefetch_unit_i                             |cv32e40x_prefetch_unit         |  1089|
|31    |          alignment_buffer_i                        |cv32e40x_alignment_buffer      |  1007|
|32    |          prefetcher_i                              |cv32e40x_prefetcher            |    82|
|33    |      load_store_unit_i                             |cv32e40x_load_store_unit       |   320|
|34    |        \gen_wpt.wpt_i                              |cv32e40x_wpt                   |    14|
|35    |        mpu_i                                       |cv32e40x_mpu__parameterized0   |    20|
|36    |        response_filter_i                           |cv32e40x_lsu_response_filter   |    75|
|37    |      register_file_wrapper_i                       |cv32e40x_register_file_wrapper |  1902|
|38    |        register_file_i                             |cv32e40x_register_file         |  1902|
|39    |      sleep_unit_i                                  |cv32e40x_sleep_unit            |     2|
|40    |      wb_stage_i                                    |cv32e40x_wb_stage              |     7|
|41    |    dp_ram_1                                        |dp_ram_1                       |    13|
|42    |    dp_ram_2                                        |dp_ram_2                       |    20|
|43    |    dp_ram_3                                        |dp_ram_3                       |    21|
|44    |    dp_ram_4                                        |dp_ram_4                       |    20|
+------+----------------------------------------------------+-------------------------------+------+
---------------------------------------------------------------------------------
Finished Writing Synthesis Report : Time (s): cpu = 00:01:29 ; elapsed = 00:01:30 . Memory (MB): peak = 2194.016 ; gain = 1243.957
---------------------------------------------------------------------------------
Synthesis finished with 0 errors, 0 critical warnings and 5599 warnings.
Synthesis Optimization Runtime : Time (s): cpu = 00:01:09 ; elapsed = 00:01:21 . Memory (MB): peak = 2194.016 ; gain = 1243.957
Synthesis Optimization Complete : Time (s): cpu = 00:01:29 ; elapsed = 00:01:31 . Memory (MB): peak = 2194.016 ; gain = 1243.957
INFO: [Project 1-571] Translating synthesized netlist
INFO: [Netlist 29-17] Analyzing 505 Unisim elements for replacement
INFO: [Netlist 29-28] Unisim Transformation completed in 0 CPU seconds
INFO: [Project 1-570] Preparing netlist for logic optimization
INFO: [Opt 31-138] Pushed 0 inverter(s) to 0 load pin(s).
INFO: [Project 1-111] Unisim Transformation Summary:
No Unisim elements were transformed.

INFO: [Common 17-83] Releasing license: Synthesis
627 Infos, 358 Warnings, 0 Critical Warnings and 0 Errors encountered.
synth_design completed successfully
synth_design: Time (s): cpu = 00:01:39 ; elapsed = 00:01:35 . Memory (MB): peak = 2194.016 ; gain = 1243.957
design_1
cd C:/Users/aamalik3/Desktop/ICAP_Readback/Benchmarks/Checkpoints/
write_checkpoint falcon512int
WARNING: [Constraints 18-5210] No constraint will be written out.
INFO: [Timing 38-35] Done setting XDC timing constraints.
INFO: [Common 17-1381] The checkpoint 'C:/Users/aamalik3/Desktop/ICAP_Readback/Benchmarks/Checkpoints/falcon512int.dcp' has been generated.
C:/Users/aamalik3/Desktop/ICAP_Readback/Benchmarks/Checkpoints/falcon512int.dcp
close_project
open_project C:/Users/aamalik3/Desktop/ICAP_Readback/Benchmarks/RISC_BENCHMARKS_BASE_PROJ/RISC_BENCHMARKS_BASE_PROJ.xpr
Scanning sources...
Finished scanning sources
INFO: [IP_Flow 19-234] Refreshing IP repositories
INFO: [IP_Flow 19-1704] No user IP repositories specified
INFO: [IP_Flow 19-2313] Loaded Vivado IP repository 'C:/Xilinx/Vivado/2018.2/data/ip'.
update_compile_order -fileset sources_1
cd C:/Users/aamalik3/Desktop/ICAP_Readback/Benchmarks/Bitfiles/WithoutCRC/
reset_run synth_1
launch_runs synth_1 -jobs 30
WARNING: [BD 41-1731] Type mismatch between connected pins: /processing_system7_0/FCLK_CLK1(clk) and /CLK_Gate_0/clk_i(undef)
WARNING: [BD 41-1731] Type mismatch between connected pins: /CLK_Gate_0/clk_o(undef) and /RISC_BENCHMARK_IP/clk(clk)
Wrote  : <C:/Users/aamalik3/Desktop/ICAP_Readback/Benchmarks/RISC_BENCHMARKS_BASE_PROJ/RISC_BENCHMARKS_BASE_PROJ.srcs/sources_1/bd/design_1/design_1.bd> 
VHDL Output written to : C:/Users/aamalik3/Desktop/ICAP_Readback/Benchmarks/RISC_BENCHMARKS_BASE_PROJ/RISC_BENCHMARKS_BASE_PROJ.srcs/sources_1/bd/design_1/synth/design_1.v
VHDL Output written to : C:/Users/aamalik3/Desktop/ICAP_Readback/Benchmarks/RISC_BENCHMARKS_BASE_PROJ/RISC_BENCHMARKS_BASE_PROJ.srcs/sources_1/bd/design_1/sim/design_1.v
VHDL Output written to : C:/Users/aamalik3/Desktop/ICAP_Readback/Benchmarks/RISC_BENCHMARKS_BASE_PROJ/RISC_BENCHMARKS_BASE_PROJ.srcs/sources_1/bd/design_1/hdl/design_1_wrapper.v
INFO: [BD 41-1029] Generation completed for the IP Integrator block processing_system7_0 .
INFO: [BD 41-1029] Generation completed for the IP Integrator block rst_ps7_0_50M .
INFO: [BD 41-1029] Generation completed for the IP Integrator block STARTUP_0 .
INFO: [BD 41-1029] Generation completed for the IP Integrator block axi_gpio_0 .
INFO: [BD 41-1029] Generation completed for the IP Integrator block RISC_IP_CHECK .
INFO: [BD 41-1029] Generation completed for the IP Integrator block ps7_0_axi_periph/xbar .
INFO: [BD 41-1029] Generation completed for the IP Integrator block xlconstant_0 .
INFO: [BD 41-1029] Generation completed for the IP Integrator block CLK_Gate_0 .
INFO: [BD 41-1029] Generation completed for the IP Integrator block RISC_BENCHMARK_IP .
WARNING: [IP_Flow 19-4994] Overwriting existing constraint file 'c:/Users/aamalik3/Desktop/ICAP_Readback/Benchmarks/RISC_BENCHMARKS_BASE_PROJ/RISC_BENCHMARKS_BASE_PROJ.srcs/sources_1/bd/design_1/ip/design_1_auto_pc_0/design_1_auto_pc_0_ooc.xdc'
INFO: [BD 41-1029] Generation completed for the IP Integrator block ps7_0_axi_periph/s00_couplers/auto_pc .
Exporting to file C:/Users/aamalik3/Desktop/ICAP_Readback/Benchmarks/RISC_BENCHMARKS_BASE_PROJ/RISC_BENCHMARKS_BASE_PROJ.srcs/sources_1/bd/design_1/hw_handoff/design_1.hwh
Generated Block Design Tcl file C:/Users/aamalik3/Desktop/ICAP_Readback/Benchmarks/RISC_BENCHMARKS_BASE_PROJ/RISC_BENCHMARKS_BASE_PROJ.srcs/sources_1/bd/design_1/hw_handoff/design_1_bd.tcl
Generated Hardware Definition File C:/Users/aamalik3/Desktop/ICAP_Readback/Benchmarks/RISC_BENCHMARKS_BASE_PROJ/RISC_BENCHMARKS_BASE_PROJ.srcs/sources_1/bd/design_1/synth/design_1.hwdef
INFO: [IP_Flow 19-4993] Using cached IP synthesis design for IP design_1_auto_pc_0, cache-ID = 6324809b45ccd9e3; cache size = 1.267 MB.
[Tue Oct 24 11:51:24 2023] Launched design_1_RISC_BENCHMARK_IP_0_0_synth_1...
Run output will be captured here: C:/Users/aamalik3/Desktop/ICAP_Readback/Benchmarks/RISC_BENCHMARKS_BASE_PROJ/RISC_BENCHMARKS_BASE_PROJ.runs/design_1_RISC_BENCHMARK_IP_0_0_synth_1/runme.log
[Tue Oct 24 11:51:24 2023] Launched synth_1...
Run output will be captured here: C:/Users/aamalik3/Desktop/ICAP_Readback/Benchmarks/RISC_BENCHMARKS_BASE_PROJ/RISC_BENCHMARKS_BASE_PROJ.runs/synth_1/runme.log
launch_runs: Time (s): cpu = 00:00:05 ; elapsed = 00:00:09 . Memory (MB): peak = 2194.016 ; gain = 0.000
0
wait_on_run -timeout 10 synth_1
[Tue Oct 24 11:51:24 2023] Waiting for synth_1 to finish (timeout in 10 minutes)...
[Tue Oct 24 11:51:29 2023] Waiting for synth_1 to finish (timeout in 10 minutes)...
[Tue Oct 24 11:51:34 2023] Waiting for synth_1 to finish (timeout in 10 minutes)...
[Tue Oct 24 11:51:39 2023] Waiting for synth_1 to finish (timeout in 10 minutes)...
[Tue Oct 24 11:51:49 2023] Waiting for synth_1 to finish (timeout in 10 minutes)...
[Tue Oct 24 11:51:59 2023] Waiting for synth_1 to finish (timeout in 9 minutes)...
[Tue Oct 24 11:52:09 2023] Waiting for synth_1 to finish (timeout in 9 minutes)...
[Tue Oct 24 11:52:19 2023] Waiting for synth_1 to finish (timeout in 9 minutes)...

*** Running vivado
    with args -log design_1_wrapper.vds -m64 -product Vivado -mode batch -messageDb vivado.pb -notrace -source design_1_wrapper.tcl


****** Vivado v2018.2 (64-bit)
  **** SW Build 2258646 on Thu Jun 14 20:03:12 MDT 2018
  **** IP Build 2256618 on Thu Jun 14 22:10:49 MDT 2018
    ** Copyright 1986-2018 Xilinx, Inc. All Rights Reserved.

source design_1_wrapper.tcl -notrace
INFO: [IP_Flow 19-234] Refreshing IP repositories
INFO: [IP_Flow 19-1704] No user IP repositories specified
INFO: [IP_Flow 19-2313] Loaded Vivado IP repository 'C:/Xilinx/Vivado/2018.2/data/ip'.
add_files: Time (s): cpu = 00:00:02 ; elapsed = 00:00:09 . Memory (MB): peak = 356.926 ; gain = 57.125
Command: synth_design -top design_1_wrapper -part xc7z020clg484-1 -directive AreaOptimized_high -control_set_opt_threshold 1
Starting synth_design
Attempting to get a license for feature 'Synthesis' and/or device 'xc7z020'
INFO: [Common 17-349] Got license for feature 'Synthesis' and/or device 'xc7z020'
INFO: Launching helper process for spawning children vivado processes
INFO: Helper process launched with PID 123328 
---------------------------------------------------------------------------------
Starting RTL Elaboration : Time (s): cpu = 00:00:02 ; elapsed = 00:00:01 . Memory (MB): peak = 468.160 ; gain = 104.223
---------------------------------------------------------------------------------
INFO: [Synth 8-6157] synthesizing module 'design_1_wrapper' [C:/Users/aamalik3/Desktop/ICAP_Readback/Benchmarks/RISC_BENCHMARKS_BASE_PROJ/RISC_BENCHMARKS_BASE_PROJ.srcs/sources_1/bd/design_1/hdl/design_1_wrapper.v:12]
INFO: [Synth 8-6157] synthesizing module 'design_1' [C:/Users/aamalik3/Desktop/ICAP_Readback/Benchmarks/RISC_BENCHMARKS_BASE_PROJ/RISC_BENCHMARKS_BASE_PROJ.srcs/sources_1/bd/design_1/synth/design_1.v:13]
INFO: [Synth 8-6157] synthesizing module 'design_1_CLK_Gate_0_0' [C:/Users/aamalik3/Desktop/ICAP_Readback/Benchmarks/RISC_BENCHMARKS_BASE_PROJ/RISC_BENCHMARKS_BASE_PROJ.runs/synth_1/.Xil/Vivado-90168-sophitia/realtime/design_1_CLK_Gate_0_0_stub.v:6]
INFO: [Synth 8-6155] done synthesizing module 'design_1_CLK_Gate_0_0' (1#1) [C:/Users/aamalik3/Desktop/ICAP_Readback/Benchmarks/RISC_BENCHMARKS_BASE_PROJ/RISC_BENCHMARKS_BASE_PROJ.runs/synth_1/.Xil/Vivado-90168-sophitia/realtime/design_1_CLK_Gate_0_0_stub.v:6]
INFO: [Synth 8-6157] synthesizing module 'design_1_RISC_BENCHMARK_IP_0_0' [C:/Users/aamalik3/Desktop/ICAP_Readback/Benchmarks/RISC_BENCHMARKS_BASE_PROJ/RISC_BENCHMARKS_BASE_PROJ.runs/synth_1/.Xil/Vivado-90168-sophitia/realtime/design_1_RISC_BENCHMARK_IP_0_0_stub.v:6]
INFO: [Synth 8-6155] done synthesizing module 'design_1_RISC_BENCHMARK_IP_0_0' (2#1) [C:/Users/aamalik3/Desktop/ICAP_Readback/Benchmarks/RISC_BENCHMARKS_BASE_PROJ/RISC_BENCHMARKS_BASE_PROJ.runs/synth_1/.Xil/Vivado-90168-sophitia/realtime/design_1_RISC_BENCHMARK_IP_0_0_stub.v:6]
INFO: [Synth 8-6157] synthesizing module 'design_1_axi_gpio_1_1' [C:/Users/aamalik3/Desktop/ICAP_Readback/Benchmarks/RISC_BENCHMARKS_BASE_PROJ/RISC_BENCHMARKS_BASE_PROJ.runs/synth_1/.Xil/Vivado-90168-sophitia/realtime/design_1_axi_gpio_1_1_stub.v:6]
INFO: [Synth 8-6155] done synthesizing module 'design_1_axi_gpio_1_1' (3#1) [C:/Users/aamalik3/Desktop/ICAP_Readback/Benchmarks/RISC_BENCHMARKS_BASE_PROJ/RISC_BENCHMARKS_BASE_PROJ.runs/synth_1/.Xil/Vivado-90168-sophitia/realtime/design_1_axi_gpio_1_1_stub.v:6]
WARNING: [Synth 8-4446] all outputs are unconnected for this instance and logic may be removed [C:/Users/aamalik3/Desktop/ICAP_Readback/Benchmarks/RISC_BENCHMARKS_BASE_PROJ/RISC_BENCHMARKS_BASE_PROJ.srcs/sources_1/bd/design_1/synth/design_1.v:207]
INFO: [Synth 8-6157] synthesizing module 'design_1_STARTUP_0_0' [C:/Users/aamalik3/Desktop/ICAP_Readback/Benchmarks/RISC_BENCHMARKS_BASE_PROJ/RISC_BENCHMARKS_BASE_PROJ.runs/synth_1/.Xil/Vivado-90168-sophitia/realtime/design_1_STARTUP_0_0_stub.v:6]
INFO: [Synth 8-6155] done synthesizing module 'design_1_STARTUP_0_0' (4#1) [C:/Users/aamalik3/Desktop/ICAP_Readback/Benchmarks/RISC_BENCHMARKS_BASE_PROJ/RISC_BENCHMARKS_BASE_PROJ.runs/synth_1/.Xil/Vivado-90168-sophitia/realtime/design_1_STARTUP_0_0_stub.v:6]
WARNING: [Synth 8-350] instance 'STARTUP_0' of module 'design_1_STARTUP_0_0' requires 2 connections, but only 1 given [C:/Users/aamalik3/Desktop/ICAP_Readback/Benchmarks/RISC_BENCHMARKS_BASE_PROJ/RISC_BENCHMARKS_BASE_PROJ.srcs/sources_1/bd/design_1/synth/design_1.v:207]
INFO: [Synth 8-6157] synthesizing module 'design_1_axi_gpio_0_0' [C:/Users/aamalik3/Desktop/ICAP_Readback/Benchmarks/RISC_BENCHMARKS_BASE_PROJ/RISC_BENCHMARKS_BASE_PROJ.runs/synth_1/.Xil/Vivado-90168-sophitia/realtime/design_1_axi_gpio_0_0_stub.v:6]
INFO: [Synth 8-6155] done synthesizing module 'design_1_axi_gpio_0_0' (5#1) [C:/Users/aamalik3/Desktop/ICAP_Readback/Benchmarks/RISC_BENCHMARKS_BASE_PROJ/RISC_BENCHMARKS_BASE_PROJ.runs/synth_1/.Xil/Vivado-90168-sophitia/realtime/design_1_axi_gpio_0_0_stub.v:6]
INFO: [Synth 8-6157] synthesizing module 'design_1_processing_system7_0_0' [C:/Users/aamalik3/Desktop/ICAP_Readback/Benchmarks/RISC_BENCHMARKS_BASE_PROJ/RISC_BENCHMARKS_BASE_PROJ.runs/synth_1/.Xil/Vivado-90168-sophitia/realtime/design_1_processing_system7_0_0_stub.v:6]
INFO: [Synth 8-6155] done synthesizing module 'design_1_processing_system7_0_0' (6#1) [C:/Users/aamalik3/Desktop/ICAP_Readback/Benchmarks/RISC_BENCHMARKS_BASE_PROJ/RISC_BENCHMARKS_BASE_PROJ.runs/synth_1/.Xil/Vivado-90168-sophitia/realtime/design_1_processing_system7_0_0_stub.v:6]
INFO: [Synth 8-6157] synthesizing module 'design_1_ps7_0_axi_periph_0' [C:/Users/aamalik3/Desktop/ICAP_Readback/Benchmarks/RISC_BENCHMARKS_BASE_PROJ/RISC_BENCHMARKS_BASE_PROJ.srcs/sources_1/bd/design_1/synth/design_1.v:387]
INFO: [Synth 8-6157] synthesizing module 'm00_couplers_imp_15SPJYW' [C:/Users/aamalik3/Desktop/ICAP_Readback/Benchmarks/RISC_BENCHMARKS_BASE_PROJ/RISC_BENCHMARKS_BASE_PROJ.srcs/sources_1/bd/design_1/synth/design_1.v:944]
INFO: [Synth 8-6155] done synthesizing module 'm00_couplers_imp_15SPJYW' (7#1) [C:/Users/aamalik3/Desktop/ICAP_Readback/Benchmarks/RISC_BENCHMARKS_BASE_PROJ/RISC_BENCHMARKS_BASE_PROJ.srcs/sources_1/bd/design_1/synth/design_1.v:944]
INFO: [Synth 8-6157] synthesizing module 'm01_couplers_imp_XU9C55' [C:/Users/aamalik3/Desktop/ICAP_Readback/Benchmarks/RISC_BENCHMARKS_BASE_PROJ/RISC_BENCHMARKS_BASE_PROJ.srcs/sources_1/bd/design_1/synth/design_1.v:1076]
INFO: [Synth 8-6155] done synthesizing module 'm01_couplers_imp_XU9C55' (8#1) [C:/Users/aamalik3/Desktop/ICAP_Readback/Benchmarks/RISC_BENCHMARKS_BASE_PROJ/RISC_BENCHMARKS_BASE_PROJ.srcs/sources_1/bd/design_1/synth/design_1.v:1076]
INFO: [Synth 8-6157] synthesizing module 's00_couplers_imp_UYSKKA' [C:/Users/aamalik3/Desktop/ICAP_Readback/Benchmarks/RISC_BENCHMARKS_BASE_PROJ/RISC_BENCHMARKS_BASE_PROJ.srcs/sources_1/bd/design_1/synth/design_1.v:1208]
INFO: [Synth 8-6157] synthesizing module 'design_1_auto_pc_0' [C:/Users/aamalik3/Desktop/ICAP_Readback/Benchmarks/RISC_BENCHMARKS_BASE_PROJ/RISC_BENCHMARKS_BASE_PROJ.runs/synth_1/.Xil/Vivado-90168-sophitia/realtime/design_1_auto_pc_0_stub.v:6]
INFO: [Synth 8-6155] done synthesizing module 'design_1_auto_pc_0' (9#1) [C:/Users/aamalik3/Desktop/ICAP_Readback/Benchmarks/RISC_BENCHMARKS_BASE_PROJ/RISC_BENCHMARKS_BASE_PROJ.runs/synth_1/.Xil/Vivado-90168-sophitia/realtime/design_1_auto_pc_0_stub.v:6]
INFO: [Synth 8-6155] done synthesizing module 's00_couplers_imp_UYSKKA' (10#1) [C:/Users/aamalik3/Desktop/ICAP_Readback/Benchmarks/RISC_BENCHMARKS_BASE_PROJ/RISC_BENCHMARKS_BASE_PROJ.srcs/sources_1/bd/design_1/synth/design_1.v:1208]
INFO: [Synth 8-6157] synthesizing module 'design_1_xbar_0' [C:/Users/aamalik3/Desktop/ICAP_Readback/Benchmarks/RISC_BENCHMARKS_BASE_PROJ/RISC_BENCHMARKS_BASE_PROJ.runs/synth_1/.Xil/Vivado-90168-sophitia/realtime/design_1_xbar_0_stub.v:6]
INFO: [Synth 8-6155] done synthesizing module 'design_1_xbar_0' (11#1) [C:/Users/aamalik3/Desktop/ICAP_Readback/Benchmarks/RISC_BENCHMARKS_BASE_PROJ/RISC_BENCHMARKS_BASE_PROJ.runs/synth_1/.Xil/Vivado-90168-sophitia/realtime/design_1_xbar_0_stub.v:6]
WARNING: [Synth 8-350] instance 'xbar' of module 'design_1_xbar_0' requires 40 connections, but only 38 given [C:/Users/aamalik3/Desktop/ICAP_Readback/Benchmarks/RISC_BENCHMARKS_BASE_PROJ/RISC_BENCHMARKS_BASE_PROJ.srcs/sources_1/bd/design_1/synth/design_1.v:903]
INFO: [Synth 8-6155] done synthesizing module 'design_1_ps7_0_axi_periph_0' (12#1) [C:/Users/aamalik3/Desktop/ICAP_Readback/Benchmarks/RISC_BENCHMARKS_BASE_PROJ/RISC_BENCHMARKS_BASE_PROJ.srcs/sources_1/bd/design_1/synth/design_1.v:387]
INFO: [Synth 8-6157] synthesizing module 'design_1_rst_ps7_0_50M_0' [C:/Users/aamalik3/Desktop/ICAP_Readback/Benchmarks/RISC_BENCHMARKS_BASE_PROJ/RISC_BENCHMARKS_BASE_PROJ.runs/synth_1/.Xil/Vivado-90168-sophitia/realtime/design_1_rst_ps7_0_50M_0_stub.v:6]
INFO: [Synth 8-6155] done synthesizing module 'design_1_rst_ps7_0_50M_0' (13#1) [C:/Users/aamalik3/Desktop/ICAP_Readback/Benchmarks/RISC_BENCHMARKS_BASE_PROJ/RISC_BENCHMARKS_BASE_PROJ.runs/synth_1/.Xil/Vivado-90168-sophitia/realtime/design_1_rst_ps7_0_50M_0_stub.v:6]
WARNING: [Synth 8-350] instance 'rst_ps7_0_50M' of module 'design_1_rst_ps7_0_50M_0' requires 10 connections, but only 7 given [C:/Users/aamalik3/Desktop/ICAP_Readback/Benchmarks/RISC_BENCHMARKS_BASE_PROJ/RISC_BENCHMARKS_BASE_PROJ.srcs/sources_1/bd/design_1/synth/design_1.v:375]
INFO: [Synth 8-6157] synthesizing module 'design_1_xlconstant_0_0' [C:/Users/aamalik3/Desktop/ICAP_Readback/Benchmarks/RISC_BENCHMARKS_BASE_PROJ/RISC_BENCHMARKS_BASE_PROJ.runs/synth_1/.Xil/Vivado-90168-sophitia/realtime/design_1_xlconstant_0_0_stub.v:6]
INFO: [Synth 8-6155] done synthesizing module 'design_1_xlconstant_0_0' (14#1) [C:/Users/aamalik3/Desktop/ICAP_Readback/Benchmarks/RISC_BENCHMARKS_BASE_PROJ/RISC_BENCHMARKS_BASE_PROJ.runs/synth_1/.Xil/Vivado-90168-sophitia/realtime/design_1_xlconstant_0_0_stub.v:6]
INFO: [Synth 8-6155] done synthesizing module 'design_1' (15#1) [C:/Users/aamalik3/Desktop/ICAP_Readback/Benchmarks/RISC_BENCHMARKS_BASE_PROJ/RISC_BENCHMARKS_BASE_PROJ.srcs/sources_1/bd/design_1/synth/design_1.v:13]
INFO: [Synth 8-6155] done synthesizing module 'design_1_wrapper' (16#1) [C:/Users/aamalik3/Desktop/ICAP_Readback/Benchmarks/RISC_BENCHMARKS_BASE_PROJ/RISC_BENCHMARKS_BASE_PROJ.srcs/sources_1/bd/design_1/hdl/design_1_wrapper.v:12]
WARNING: [Synth 8-3331] design s00_couplers_imp_UYSKKA has unconnected port M_ACLK
WARNING: [Synth 8-3331] design s00_couplers_imp_UYSKKA has unconnected port M_ARESETN
WARNING: [Synth 8-3331] design m01_couplers_imp_XU9C55 has unconnected port M_ACLK
WARNING: [Synth 8-3331] design m01_couplers_imp_XU9C55 has unconnected port M_ARESETN
WARNING: [Synth 8-3331] design m01_couplers_imp_XU9C55 has unconnected port S_ACLK
WARNING: [Synth 8-3331] design m01_couplers_imp_XU9C55 has unconnected port S_ARESETN
WARNING: [Synth 8-3331] design m00_couplers_imp_15SPJYW has unconnected port M_ACLK
WARNING: [Synth 8-3331] design m00_couplers_imp_15SPJYW has unconnected port M_ARESETN
WARNING: [Synth 8-3331] design m00_couplers_imp_15SPJYW has unconnected port S_ACLK
WARNING: [Synth 8-3331] design m00_couplers_imp_15SPJYW has unconnected port S_ARESETN
---------------------------------------------------------------------------------
Finished RTL Elaboration : Time (s): cpu = 00:00:02 ; elapsed = 00:00:02 . Memory (MB): peak = 522.652 ; gain = 158.715
---------------------------------------------------------------------------------

Report Check Netlist: 
+------+------------------+-------+---------+-------+------------------+
|      |Item              |Errors |Warnings |Status |Description       |
+------+------------------+-------+---------+-------+------------------+
|1     |multi_driven_nets |      0|        0|Passed |Multi driven nets |
+------+------------------+-------+---------+-------+------------------+
---------------------------------------------------------------------------------
Start Handling Custom Attributes
---------------------------------------------------------------------------------
---------------------------------------------------------------------------------
Finished Handling Custom Attributes : Time (s): cpu = 00:00:02 ; elapsed = 00:00:02 . Memory (MB): peak = 522.652 ; gain = 158.715
---------------------------------------------------------------------------------
---------------------------------------------------------------------------------
Finished RTL Optimization Phase 1 : Time (s): cpu = 00:00:02 ; elapsed = 00:00:02 . Memory (MB): peak = 522.652 ; gain = 158.715
---------------------------------------------------------------------------------
INFO: [Device 21-403] Loading part xc7z020clg484-1
INFO: [Project 1-570] Preparing netlist for logic optimization

Processing XDC Constraints
Initializing timing engine
Parsing XDC File [c:/Users/aamalik3/Desktop/ICAP_Readback/Benchmarks/RISC_BENCHMARKS_BASE_PROJ/RISC_BENCHMARKS_BASE_PROJ.srcs/sources_1/bd/design_1/ip/design_1_processing_system7_0_0/design_1_processing_system7_0_0/design_1_processing_system7_0_0_in_context.xdc] for cell 'design_1_i/processing_system7_0'
Finished Parsing XDC File [c:/Users/aamalik3/Desktop/ICAP_Readback/Benchmarks/RISC_BENCHMARKS_BASE_PROJ/RISC_BENCHMARKS_BASE_PROJ.srcs/sources_1/bd/design_1/ip/design_1_processing_system7_0_0/design_1_processing_system7_0_0/design_1_processing_system7_0_0_in_context.xdc] for cell 'design_1_i/processing_system7_0'
Parsing XDC File [c:/Users/aamalik3/Desktop/ICAP_Readback/Benchmarks/RISC_BENCHMARKS_BASE_PROJ/RISC_BENCHMARKS_BASE_PROJ.srcs/sources_1/bd/design_1/ip/design_1_rst_ps7_0_50M_0/design_1_rst_ps7_0_50M_0/design_1_rst_ps7_0_50M_0_in_context.xdc] for cell 'design_1_i/rst_ps7_0_50M'
Finished Parsing XDC File [c:/Users/aamalik3/Desktop/ICAP_Readback/Benchmarks/RISC_BENCHMARKS_BASE_PROJ/RISC_BENCHMARKS_BASE_PROJ.srcs/sources_1/bd/design_1/ip/design_1_rst_ps7_0_50M_0/design_1_rst_ps7_0_50M_0/design_1_rst_ps7_0_50M_0_in_context.xdc] for cell 'design_1_i/rst_ps7_0_50M'
Parsing XDC File [c:/Users/aamalik3/Desktop/ICAP_Readback/Benchmarks/RISC_BENCHMARKS_BASE_PROJ/RISC_BENCHMARKS_BASE_PROJ.srcs/sources_1/bd/design_1/ip/design_1_STARTUP_0_0/design_1_STARTUP_0_0/design_1_STARTUP_0_0_in_context.xdc] for cell 'design_1_i/STARTUP_0'
Finished Parsing XDC File [c:/Users/aamalik3/Desktop/ICAP_Readback/Benchmarks/RISC_BENCHMARKS_BASE_PROJ/RISC_BENCHMARKS_BASE_PROJ.srcs/sources_1/bd/design_1/ip/design_1_STARTUP_0_0/design_1_STARTUP_0_0/design_1_STARTUP_0_0_in_context.xdc] for cell 'design_1_i/STARTUP_0'
Parsing XDC File [c:/Users/aamalik3/Desktop/ICAP_Readback/Benchmarks/RISC_BENCHMARKS_BASE_PROJ/RISC_BENCHMARKS_BASE_PROJ.srcs/sources_1/bd/design_1/ip/design_1_axi_gpio_0_0/design_1_axi_gpio_0_0/design_1_axi_gpio_0_0_in_context.xdc] for cell 'design_1_i/axi_gpio_0'
Finished Parsing XDC File [c:/Users/aamalik3/Desktop/ICAP_Readback/Benchmarks/RISC_BENCHMARKS_BASE_PROJ/RISC_BENCHMARKS_BASE_PROJ.srcs/sources_1/bd/design_1/ip/design_1_axi_gpio_0_0/design_1_axi_gpio_0_0/design_1_axi_gpio_0_0_in_context.xdc] for cell 'design_1_i/axi_gpio_0'
Parsing XDC File [c:/Users/aamalik3/Desktop/ICAP_Readback/Benchmarks/RISC_BENCHMARKS_BASE_PROJ/RISC_BENCHMARKS_BASE_PROJ.srcs/sources_1/bd/design_1/ip/design_1_axi_gpio_1_1/design_1_axi_gpio_1_1/design_1_axi_gpio_1_1_in_context.xdc] for cell 'design_1_i/RISC_IP_CHECK'
Finished Parsing XDC File [c:/Users/aamalik3/Desktop/ICAP_Readback/Benchmarks/RISC_BENCHMARKS_BASE_PROJ/RISC_BENCHMARKS_BASE_PROJ.srcs/sources_1/bd/design_1/ip/design_1_axi_gpio_1_1/design_1_axi_gpio_1_1/design_1_axi_gpio_1_1_in_context.xdc] for cell 'design_1_i/RISC_IP_CHECK'
Parsing XDC File [c:/Users/aamalik3/Desktop/ICAP_Readback/Benchmarks/RISC_BENCHMARKS_BASE_PROJ/RISC_BENCHMARKS_BASE_PROJ.srcs/sources_1/bd/design_1/ip/design_1_xbar_0/design_1_xbar_0/design_1_xbar_0_in_context.xdc] for cell 'design_1_i/ps7_0_axi_periph/xbar'
Finished Parsing XDC File [c:/Users/aamalik3/Desktop/ICAP_Readback/Benchmarks/RISC_BENCHMARKS_BASE_PROJ/RISC_BENCHMARKS_BASE_PROJ.srcs/sources_1/bd/design_1/ip/design_1_xbar_0/design_1_xbar_0/design_1_xbar_0_in_context.xdc] for cell 'design_1_i/ps7_0_axi_periph/xbar'
Parsing XDC File [c:/Users/aamalik3/Desktop/ICAP_Readback/Benchmarks/RISC_BENCHMARKS_BASE_PROJ/RISC_BENCHMARKS_BASE_PROJ.srcs/sources_1/bd/design_1/ip/design_1_xlconstant_0_0/design_1_xlconstant_0_0/design_1_xlconstant_0_0_in_context.xdc] for cell 'design_1_i/xlconstant_0'
Finished Parsing XDC File [c:/Users/aamalik3/Desktop/ICAP_Readback/Benchmarks/RISC_BENCHMARKS_BASE_PROJ/RISC_BENCHMARKS_BASE_PROJ.srcs/sources_1/bd/design_1/ip/design_1_xlconstant_0_0/design_1_xlconstant_0_0/design_1_xlconstant_0_0_in_context.xdc] for cell 'design_1_i/xlconstant_0'
Parsing XDC File [c:/Users/aamalik3/Desktop/ICAP_Readback/Benchmarks/RISC_BENCHMARKS_BASE_PROJ/RISC_BENCHMARKS_BASE_PROJ.srcs/sources_1/bd/design_1/ip/design_1_CLK_Gate_0_0/design_1_CLK_Gate_0_0/design_1_CLK_Gate_0_0_in_context.xdc] for cell 'design_1_i/CLK_Gate_0'
Finished Parsing XDC File [c:/Users/aamalik3/Desktop/ICAP_Readback/Benchmarks/RISC_BENCHMARKS_BASE_PROJ/RISC_BENCHMARKS_BASE_PROJ.srcs/sources_1/bd/design_1/ip/design_1_CLK_Gate_0_0/design_1_CLK_Gate_0_0/design_1_CLK_Gate_0_0_in_context.xdc] for cell 'design_1_i/CLK_Gate_0'
Parsing XDC File [c:/Users/aamalik3/Desktop/ICAP_Readback/Benchmarks/RISC_BENCHMARKS_BASE_PROJ/RISC_BENCHMARKS_BASE_PROJ.srcs/sources_1/bd/design_1/ip/design_1_RISC_BENCHMARK_IP_0_0/design_1_RISC_BENCHMARK_IP_0_0/design_1_RISC_BENCHMARK_IP_0_0_in_context.xdc] for cell 'design_1_i/RISC_BENCHMARK_IP'
Finished Parsing XDC File [c:/Users/aamalik3/Desktop/ICAP_Readback/Benchmarks/RISC_BENCHMARKS_BASE_PROJ/RISC_BENCHMARKS_BASE_PROJ.srcs/sources_1/bd/design_1/ip/design_1_RISC_BENCHMARK_IP_0_0/design_1_RISC_BENCHMARK_IP_0_0/design_1_RISC_BENCHMARK_IP_0_0_in_context.xdc] for cell 'design_1_i/RISC_BENCHMARK_IP'
Parsing XDC File [c:/Users/aamalik3/Desktop/ICAP_Readback/Benchmarks/RISC_BENCHMARKS_BASE_PROJ/RISC_BENCHMARKS_BASE_PROJ.srcs/sources_1/bd/design_1/ip/design_1_auto_pc_0/design_1_auto_pc_0/design_1_auto_pc_0_in_context.xdc] for cell 'design_1_i/ps7_0_axi_periph/s00_couplers/auto_pc'
Finished Parsing XDC File [c:/Users/aamalik3/Desktop/ICAP_Readback/Benchmarks/RISC_BENCHMARKS_BASE_PROJ/RISC_BENCHMARKS_BASE_PROJ.srcs/sources_1/bd/design_1/ip/design_1_auto_pc_0/design_1_auto_pc_0/design_1_auto_pc_0_in_context.xdc] for cell 'design_1_i/ps7_0_axi_periph/s00_couplers/auto_pc'
Parsing XDC File [C:/Users/aamalik3/Desktop/ICAP_Readback/Benchmarks/RISC_BENCHMARKS_BASE_PROJ/RISC_BENCHMARKS_BASE_PROJ.srcs/constrs_1/new/pins.xdc]
WARNING: [Vivado 12-584] No ports matched '[get_ports -of_objects [get_iobanks 33]]'. [C:/Users/aamalik3/Desktop/ICAP_Readback/Benchmarks/RISC_BENCHMARKS_BASE_PROJ/RISC_BENCHMARKS_BASE_PROJ.srcs/constrs_1/new/pins.xdc:19]
WARNING: [Vivado 12-584] No ports matched '[get_ports -of_objects [get_iobanks 34]]'. [C:/Users/aamalik3/Desktop/ICAP_Readback/Benchmarks/RISC_BENCHMARKS_BASE_PROJ/RISC_BENCHMARKS_BASE_PROJ.srcs/constrs_1/new/pins.xdc:20]
WARNING: [Vivado 12-584] No ports matched '[get_ports -of_objects [get_iobanks 35]]'. [C:/Users/aamalik3/Desktop/ICAP_Readback/Benchmarks/RISC_BENCHMARKS_BASE_PROJ/RISC_BENCHMARKS_BASE_PROJ.srcs/constrs_1/new/pins.xdc:21]
WARNING: [Vivado 12-584] No ports matched '[get_ports -of_objects [get_iobanks 13]]'. [C:/Users/aamalik3/Desktop/ICAP_Readback/Benchmarks/RISC_BENCHMARKS_BASE_PROJ/RISC_BENCHMARKS_BASE_PROJ.srcs/constrs_1/new/pins.xdc:22]
Finished Parsing XDC File [C:/Users/aamalik3/Desktop/ICAP_Readback/Benchmarks/RISC_BENCHMARKS_BASE_PROJ/RISC_BENCHMARKS_BASE_PROJ.srcs/constrs_1/new/pins.xdc]
INFO: [Project 1-236] Implementation specific constraints were found while reading constraint file [C:/Users/aamalik3/Desktop/ICAP_Readback/Benchmarks/RISC_BENCHMARKS_BASE_PROJ/RISC_BENCHMARKS_BASE_PROJ.srcs/constrs_1/new/pins.xdc]. These constraints will be ignored for synthesis but will be used in implementation. Impacted constraints are listed in the file [.Xil/design_1_wrapper_propImpl.xdc].
Resolution: To avoid this warning, move constraints listed in [.Xil/design_1_wrapper_propImpl.xdc] to another XDC file and exclude this new file from synthesis with the used_in_synthesis property (File Properties dialog in GUI) and re-run elaboration/synthesis.
Parsing XDC File [C:/Users/aamalik3/Desktop/ICAP_Readback/Benchmarks/RISC_BENCHMARKS_BASE_PROJ/RISC_BENCHMARKS_BASE_PROJ.srcs/constrs_1/new/partitions.xdc]
WARNING: [Vivado 12-180] No cells matched 'design_1_i/RISC_BENCHMARK_IP/inst'. [C:/Users/aamalik3/Desktop/ICAP_Readback/Benchmarks/RISC_BENCHMARKS_BASE_PROJ/RISC_BENCHMARKS_BASE_PROJ.srcs/constrs_1/new/partitions.xdc:19]
WARNING: [Vivado 12-180] No cells matched 'design_1_i/RISC_BENCHMARK_IP/inst'. [C:/Users/aamalik3/Desktop/ICAP_Readback/Benchmarks/RISC_BENCHMARKS_BASE_PROJ/RISC_BENCHMARKS_BASE_PROJ.srcs/constrs_1/new/partitions.xdc:20]
Finished Parsing XDC File [C:/Users/aamalik3/Desktop/ICAP_Readback/Benchmarks/RISC_BENCHMARKS_BASE_PROJ/RISC_BENCHMARKS_BASE_PROJ.srcs/constrs_1/new/partitions.xdc]
WARNING: [Project 1-498] One or more constraints failed evaluation while reading constraint file [C:/Users/aamalik3/Desktop/ICAP_Readback/Benchmarks/RISC_BENCHMARKS_BASE_PROJ/RISC_BENCHMARKS_BASE_PROJ.srcs/constrs_1/new/partitions.xdc] and the design contains unresolved black boxes. These constraints will be read post-synthesis (as long as their source constraint file is marked as used_in_implementation) and should be applied correctly then. You should review the constraints listed in the file [.Xil/design_1_wrapper_propImpl.xdc] and check the run log file to verify that these constraints were correctly applied.
INFO: [Project 1-236] Implementation specific constraints were found while reading constraint file [C:/Users/aamalik3/Desktop/ICAP_Readback/Benchmarks/RISC_BENCHMARKS_BASE_PROJ/RISC_BENCHMARKS_BASE_PROJ.srcs/constrs_1/new/partitions.xdc]. These constraints will be ignored for synthesis but will be used in implementation. Impacted constraints are listed in the file [.Xil/design_1_wrapper_propImpl.xdc].
Resolution: To avoid this warning, move constraints listed in [.Xil/design_1_wrapper_propImpl.xdc] to another XDC file and exclude this new file from synthesis with the used_in_synthesis property (File Properties dialog in GUI) and re-run elaboration/synthesis.
Parsing XDC File [C:/Users/aamalik3/Desktop/ICAP_Readback/Benchmarks/RISC_BENCHMARKS_BASE_PROJ/RISC_BENCHMARKS_BASE_PROJ.runs/synth_1/dont_touch.xdc]
Finished Parsing XDC File [C:/Users/aamalik3/Desktop/ICAP_Readback/Benchmarks/RISC_BENCHMARKS_BASE_PROJ/RISC_BENCHMARKS_BASE_PROJ.runs/synth_1/dont_touch.xdc]
Completed Processing XDC Constraints

INFO: [Project 1-111] Unisim Transformation Summary:
No Unisim elements were transformed.

Constraint Validation Runtime : Time (s): cpu = 00:00:00 ; elapsed = 00:00:00.008 . Memory (MB): peak = 828.633 ; gain = 0.000
---------------------------------------------------------------------------------
Finished Constraint Validation : Time (s): cpu = 00:00:08 ; elapsed = 00:00:10 . Memory (MB): peak = 828.633 ; gain = 464.695
---------------------------------------------------------------------------------
---------------------------------------------------------------------------------
Start Loading Part and Timing Information
---------------------------------------------------------------------------------
Loading part: xc7z020clg484-1
---------------------------------------------------------------------------------
Finished Loading Part and Timing Information : Time (s): cpu = 00:00:08 ; elapsed = 00:00:10 . Memory (MB): peak = 828.633 ; gain = 464.695
---------------------------------------------------------------------------------
---------------------------------------------------------------------------------
Start Applying 'set_property' XDC Constraints
---------------------------------------------------------------------------------
Applied set_property IO_BUFFER_TYPE = NONE for DDR_addr[0]. (constraint file  c:/Users/aamalik3/Desktop/ICAP_Readback/Benchmarks/RISC_BENCHMARKS_BASE_PROJ/RISC_BENCHMARKS_BASE_PROJ.srcs/sources_1/bd/design_1/ip/design_1_processing_system7_0_0/design_1_processing_system7_0_0/design_1_processing_system7_0_0_in_context.xdc, line 3).
Applied set_property CLOCK_BUFFER_TYPE = NONE for DDR_addr[0]. (constraint file  c:/Users/aamalik3/Desktop/ICAP_Readback/Benchmarks/RISC_BENCHMARKS_BASE_PROJ/RISC_BENCHMARKS_BASE_PROJ.srcs/sources_1/bd/design_1/ip/design_1_processing_system7_0_0/design_1_processing_system7_0_0/design_1_processing_system7_0_0_in_context.xdc, line 4).
Applied set_property IO_BUFFER_TYPE = NONE for DDR_addr[10]. (constraint file  c:/Users/aamalik3/Desktop/ICAP_Readback/Benchmarks/RISC_BENCHMARKS_BASE_PROJ/RISC_BENCHMARKS_BASE_PROJ.srcs/sources_1/bd/design_1/ip/design_1_processing_system7_0_0/design_1_processing_system7_0_0/design_1_processing_system7_0_0_in_context.xdc, line 5).
Applied set_property CLOCK_BUFFER_TYPE = NONE for DDR_addr[10]. (constraint file  c:/Users/aamalik3/Desktop/ICAP_Readback/Benchmarks/RISC_BENCHMARKS_BASE_PROJ/RISC_BENCHMARKS_BASE_PROJ.srcs/sources_1/bd/design_1/ip/design_1_processing_system7_0_0/design_1_processing_system7_0_0/design_1_processing_system7_0_0_in_context.xdc, line 6).
Applied set_property IO_BUFFER_TYPE = NONE for DDR_addr[11]. (constraint file  c:/Users/aamalik3/Desktop/ICAP_Readback/Benchmarks/RISC_BENCHMARKS_BASE_PROJ/RISC_BENCHMARKS_BASE_PROJ.srcs/sources_1/bd/design_1/ip/design_1_processing_system7_0_0/design_1_processing_system7_0_0/design_1_processing_system7_0_0_in_context.xdc, line 7).
Applied set_property CLOCK_BUFFER_TYPE = NONE for DDR_addr[11]. (constraint file  c:/Users/aamalik3/Desktop/ICAP_Readback/Benchmarks/RISC_BENCHMARKS_BASE_PROJ/RISC_BENCHMARKS_BASE_PROJ.srcs/sources_1/bd/design_1/ip/design_1_processing_system7_0_0/design_1_processing_system7_0_0/design_1_processing_system7_0_0_in_context.xdc, line 8).
Applied set_property IO_BUFFER_TYPE = NONE for DDR_addr[12]. (constraint file  c:/Users/aamalik3/Desktop/ICAP_Readback/Benchmarks/RISC_BENCHMARKS_BASE_PROJ/RISC_BENCHMARKS_BASE_PROJ.srcs/sources_1/bd/design_1/ip/design_1_processing_system7_0_0/design_1_processing_system7_0_0/design_1_processing_system7_0_0_in_context.xdc, line 9).
Applied set_property CLOCK_BUFFER_TYPE = NONE for DDR_addr[12]. (constraint file  c:/Users/aamalik3/Desktop/ICAP_Readback/Benchmarks/RISC_BENCHMARKS_BASE_PROJ/RISC_BENCHMARKS_BASE_PROJ.srcs/sources_1/bd/design_1/ip/design_1_processing_system7_0_0/design_1_processing_system7_0_0/design_1_processing_system7_0_0_in_context.xdc, line 10).
Applied set_property IO_BUFFER_TYPE = NONE for DDR_addr[13]. (constraint file  c:/Users/aamalik3/Desktop/ICAP_Readback/Benchmarks/RISC_BENCHMARKS_BASE_PROJ/RISC_BENCHMARKS_BASE_PROJ.srcs/sources_1/bd/design_1/ip/design_1_processing_system7_0_0/design_1_processing_system7_0_0/design_1_processing_system7_0_0_in_context.xdc, line 11).
Applied set_property CLOCK_BUFFER_TYPE = NONE for DDR_addr[13]. (constraint file  c:/Users/aamalik3/Desktop/ICAP_Readback/Benchmarks/RISC_BENCHMARKS_BASE_PROJ/RISC_BENCHMARKS_BASE_PROJ.srcs/sources_1/bd/design_1/ip/design_1_processing_system7_0_0/design_1_processing_system7_0_0/design_1_processing_system7_0_0_in_context.xdc, line 12).
Applied set_property IO_BUFFER_TYPE = NONE for DDR_addr[14]. (constraint file  c:/Users/aamalik3/Desktop/ICAP_Readback/Benchmarks/RISC_BENCHMARKS_BASE_PROJ/RISC_BENCHMARKS_BASE_PROJ.srcs/sources_1/bd/design_1/ip/design_1_processing_system7_0_0/design_1_processing_system7_0_0/design_1_processing_system7_0_0_in_context.xdc, line 13).
Applied set_property CLOCK_BUFFER_TYPE = NONE for DDR_addr[14]. (constraint file  c:/Users/aamalik3/Desktop/ICAP_Readback/Benchmarks/RISC_BENCHMARKS_BASE_PROJ/RISC_BENCHMARKS_BASE_PROJ.srcs/sources_1/bd/design_1/ip/design_1_processing_system7_0_0/design_1_processing_system7_0_0/design_1_processing_system7_0_0_in_context.xdc, line 14).
Applied set_property IO_BUFFER_TYPE = NONE for DDR_addr[1]. (constraint file  c:/Users/aamalik3/Desktop/ICAP_Readback/Benchmarks/RISC_BENCHMARKS_BASE_PROJ/RISC_BENCHMARKS_BASE_PROJ.srcs/sources_1/bd/design_1/ip/design_1_processing_system7_0_0/design_1_processing_system7_0_0/design_1_processing_system7_0_0_in_context.xdc, line 15).
Applied set_property CLOCK_BUFFER_TYPE = NONE for DDR_addr[1]. (constraint file  c:/Users/aamalik3/Desktop/ICAP_Readback/Benchmarks/RISC_BENCHMARKS_BASE_PROJ/RISC_BENCHMARKS_BASE_PROJ.srcs/sources_1/bd/design_1/ip/design_1_processing_system7_0_0/design_1_processing_system7_0_0/design_1_processing_system7_0_0_in_context.xdc, line 16).
Applied set_property IO_BUFFER_TYPE = NONE for DDR_addr[2]. (constraint file  c:/Users/aamalik3/Desktop/ICAP_Readback/Benchmarks/RISC_BENCHMARKS_BASE_PROJ/RISC_BENCHMARKS_BASE_PROJ.srcs/sources_1/bd/design_1/ip/design_1_processing_system7_0_0/design_1_processing_system7_0_0/design_1_processing_system7_0_0_in_context.xdc, line 17).
Applied set_property CLOCK_BUFFER_TYPE = NONE for DDR_addr[2]. (constraint file  c:/Users/aamalik3/Desktop/ICAP_Readback/Benchmarks/RISC_BENCHMARKS_BASE_PROJ/RISC_BENCHMARKS_BASE_PROJ.srcs/sources_1/bd/design_1/ip/design_1_processing_system7_0_0/design_1_processing_system7_0_0/design_1_processing_system7_0_0_in_context.xdc, line 18).
Applied set_property IO_BUFFER_TYPE = NONE for DDR_addr[3]. (constraint file  c:/Users/aamalik3/Desktop/ICAP_Readback/Benchmarks/RISC_BENCHMARKS_BASE_PROJ/RISC_BENCHMARKS_BASE_PROJ.srcs/sources_1/bd/design_1/ip/design_1_processing_system7_0_0/design_1_processing_system7_0_0/design_1_processing_system7_0_0_in_context.xdc, line 19).
Applied set_property CLOCK_BUFFER_TYPE = NONE for DDR_addr[3]. (constraint file  c:/Users/aamalik3/Desktop/ICAP_Readback/Benchmarks/RISC_BENCHMARKS_BASE_PROJ/RISC_BENCHMARKS_BASE_PROJ.srcs/sources_1/bd/design_1/ip/design_1_processing_system7_0_0/design_1_processing_system7_0_0/design_1_processing_system7_0_0_in_context.xdc, line 20).
Applied set_property IO_BUFFER_TYPE = NONE for DDR_addr[4]. (constraint file  c:/Users/aamalik3/Desktop/ICAP_Readback/Benchmarks/RISC_BENCHMARKS_BASE_PROJ/RISC_BENCHMARKS_BASE_PROJ.srcs/sources_1/bd/design_1/ip/design_1_processing_system7_0_0/design_1_processing_system7_0_0/design_1_processing_system7_0_0_in_context.xdc, line 21).
Applied set_property CLOCK_BUFFER_TYPE = NONE for DDR_addr[4]. (constraint file  c:/Users/aamalik3/Desktop/ICAP_Readback/Benchmarks/RISC_BENCHMARKS_BASE_PROJ/RISC_BENCHMARKS_BASE_PROJ.srcs/sources_1/bd/design_1/ip/design_1_processing_system7_0_0/design_1_processing_system7_0_0/design_1_processing_system7_0_0_in_context.xdc, line 22).
Applied set_property IO_BUFFER_TYPE = NONE for DDR_addr[5]. (constraint file  c:/Users/aamalik3/Desktop/ICAP_Readback/Benchmarks/RISC_BENCHMARKS_BASE_PROJ/RISC_BENCHMARKS_BASE_PROJ.srcs/sources_1/bd/design_1/ip/design_1_processing_system7_0_0/design_1_processing_system7_0_0/design_1_processing_system7_0_0_in_context.xdc, line 23).
Applied set_property CLOCK_BUFFER_TYPE = NONE for DDR_addr[5]. (constraint file  c:/Users/aamalik3/Desktop/ICAP_Readback/Benchmarks/RISC_BENCHMARKS_BASE_PROJ/RISC_BENCHMARKS_BASE_PROJ.srcs/sources_1/bd/design_1/ip/design_1_processing_system7_0_0/design_1_processing_system7_0_0/design_1_processing_system7_0_0_in_context.xdc, line 24).
Applied set_property IO_BUFFER_TYPE = NONE for DDR_addr[6]. (constraint file  c:/Users/aamalik3/Desktop/ICAP_Readback/Benchmarks/RISC_BENCHMARKS_BASE_PROJ/RISC_BENCHMARKS_BASE_PROJ.srcs/sources_1/bd/design_1/ip/design_1_processing_system7_0_0/design_1_processing_system7_0_0/design_1_processing_system7_0_0_in_context.xdc, line 25).
Applied set_property CLOCK_BUFFER_TYPE = NONE for DDR_addr[6]. (constraint file  c:/Users/aamalik3/Desktop/ICAP_Readback/Benchmarks/RISC_BENCHMARKS_BASE_PROJ/RISC_BENCHMARKS_BASE_PROJ.srcs/sources_1/bd/design_1/ip/design_1_processing_system7_0_0/design_1_processing_system7_0_0/design_1_processing_system7_0_0_in_context.xdc, line 26).
Applied set_property IO_BUFFER_TYPE = NONE for DDR_addr[7]. (constraint file  c:/Users/aamalik3/Desktop/ICAP_Readback/Benchmarks/RISC_BENCHMARKS_BASE_PROJ/RISC_BENCHMARKS_BASE_PROJ.srcs/sources_1/bd/design_1/ip/design_1_processing_system7_0_0/design_1_processing_system7_0_0/design_1_processing_system7_0_0_in_context.xdc, line 27).
Applied set_property CLOCK_BUFFER_TYPE = NONE for DDR_addr[7]. (constraint file  c:/Users/aamalik3/Desktop/ICAP_Readback/Benchmarks/RISC_BENCHMARKS_BASE_PROJ/RISC_BENCHMARKS_BASE_PROJ.srcs/sources_1/bd/design_1/ip/design_1_processing_system7_0_0/design_1_processing_system7_0_0/design_1_processing_system7_0_0_in_context.xdc, line 28).
Applied set_property IO_BUFFER_TYPE = NONE for DDR_addr[8]. (constraint file  c:/Users/aamalik3/Desktop/ICAP_Readback/Benchmarks/RISC_BENCHMARKS_BASE_PROJ/RISC_BENCHMARKS_BASE_PROJ.srcs/sources_1/bd/design_1/ip/design_1_processing_system7_0_0/design_1_processing_system7_0_0/design_1_processing_system7_0_0_in_context.xdc, line 29).
Applied set_property CLOCK_BUFFER_TYPE = NONE for DDR_addr[8]. (constraint file  c:/Users/aamalik3/Desktop/ICAP_Readback/Benchmarks/RISC_BENCHMARKS_BASE_PROJ/RISC_BENCHMARKS_BASE_PROJ.srcs/sources_1/bd/design_1/ip/design_1_processing_system7_0_0/design_1_processing_system7_0_0/design_1_processing_system7_0_0_in_context.xdc, line 30).
Applied set_property IO_BUFFER_TYPE = NONE for DDR_addr[9]. (constraint file  c:/Users/aamalik3/Desktop/ICAP_Readback/Benchmarks/RISC_BENCHMARKS_BASE_PROJ/RISC_BENCHMARKS_BASE_PROJ.srcs/sources_1/bd/design_1/ip/design_1_processing_system7_0_0/design_1_processing_system7_0_0/design_1_processing_system7_0_0_in_context.xdc, line 31).
Applied set_property CLOCK_BUFFER_TYPE = NONE for DDR_addr[9]. (constraint file  c:/Users/aamalik3/Desktop/ICAP_Readback/Benchmarks/RISC_BENCHMARKS_BASE_PROJ/RISC_BENCHMARKS_BASE_PROJ.srcs/sources_1/bd/design_1/ip/design_1_processing_system7_0_0/design_1_processing_system7_0_0/design_1_processing_system7_0_0_in_context.xdc, line 32).
Applied set_property IO_BUFFER_TYPE = NONE for DDR_ba[0]. (constraint file  c:/Users/aamalik3/Desktop/ICAP_Readback/Benchmarks/RISC_BENCHMARKS_BASE_PROJ/RISC_BENCHMARKS_BASE_PROJ.srcs/sources_1/bd/design_1/ip/design_1_processing_system7_0_0/design_1_processing_system7_0_0/design_1_processing_system7_0_0_in_context.xdc, line 33).
Applied set_property CLOCK_BUFFER_TYPE = NONE for DDR_ba[0]. (constraint file  c:/Users/aamalik3/Desktop/ICAP_Readback/Benchmarks/RISC_BENCHMARKS_BASE_PROJ/RISC_BENCHMARKS_BASE_PROJ.srcs/sources_1/bd/design_1/ip/design_1_processing_system7_0_0/design_1_processing_system7_0_0/design_1_processing_system7_0_0_in_context.xdc, line 34).
Applied set_property IO_BUFFER_TYPE = NONE for DDR_ba[1]. (constraint file  c:/Users/aamalik3/Desktop/ICAP_Readback/Benchmarks/RISC_BENCHMARKS_BASE_PROJ/RISC_BENCHMARKS_BASE_PROJ.srcs/sources_1/bd/design_1/ip/design_1_processing_system7_0_0/design_1_processing_system7_0_0/design_1_processing_system7_0_0_in_context.xdc, line 35).
Applied set_property CLOCK_BUFFER_TYPE = NONE for DDR_ba[1]. (constraint file  c:/Users/aamalik3/Desktop/ICAP_Readback/Benchmarks/RISC_BENCHMARKS_BASE_PROJ/RISC_BENCHMARKS_BASE_PROJ.srcs/sources_1/bd/design_1/ip/design_1_processing_system7_0_0/design_1_processing_system7_0_0/design_1_processing_system7_0_0_in_context.xdc, line 36).
Applied set_property IO_BUFFER_TYPE = NONE for DDR_ba[2]. (constraint file  c:/Users/aamalik3/Desktop/ICAP_Readback/Benchmarks/RISC_BENCHMARKS_BASE_PROJ/RISC_BENCHMARKS_BASE_PROJ.srcs/sources_1/bd/design_1/ip/design_1_processing_system7_0_0/design_1_processing_system7_0_0/design_1_processing_system7_0_0_in_context.xdc, line 37).
Applied set_property CLOCK_BUFFER_TYPE = NONE for DDR_ba[2]. (constraint file  c:/Users/aamalik3/Desktop/ICAP_Readback/Benchmarks/RISC_BENCHMARKS_BASE_PROJ/RISC_BENCHMARKS_BASE_PROJ.srcs/sources_1/bd/design_1/ip/design_1_processing_system7_0_0/design_1_processing_system7_0_0/design_1_processing_system7_0_0_in_context.xdc, line 38).
Applied set_property IO_BUFFER_TYPE = NONE for DDR_cas_n. (constraint file  c:/Users/aamalik3/Desktop/ICAP_Readback/Benchmarks/RISC_BENCHMARKS_BASE_PROJ/RISC_BENCHMARKS_BASE_PROJ.srcs/sources_1/bd/design_1/ip/design_1_processing_system7_0_0/design_1_processing_system7_0_0/design_1_processing_system7_0_0_in_context.xdc, line 39).
Applied set_property CLOCK_BUFFER_TYPE = NONE for DDR_cas_n. (constraint file  c:/Users/aamalik3/Desktop/ICAP_Readback/Benchmarks/RISC_BENCHMARKS_BASE_PROJ/RISC_BENCHMARKS_BASE_PROJ.srcs/sources_1/bd/design_1/ip/design_1_processing_system7_0_0/design_1_processing_system7_0_0/design_1_processing_system7_0_0_in_context.xdc, line 40).
Applied set_property IO_BUFFER_TYPE = NONE for DDR_cke. (constraint file  c:/Users/aamalik3/Desktop/ICAP_Readback/Benchmarks/RISC_BENCHMARKS_BASE_PROJ/RISC_BENCHMARKS_BASE_PROJ.srcs/sources_1/bd/design_1/ip/design_1_processing_system7_0_0/design_1_processing_system7_0_0/design_1_processing_system7_0_0_in_context.xdc, line 41).
Applied set_property CLOCK_BUFFER_TYPE = NONE for DDR_cke. (constraint file  c:/Users/aamalik3/Desktop/ICAP_Readback/Benchmarks/RISC_BENCHMARKS_BASE_PROJ/RISC_BENCHMARKS_BASE_PROJ.srcs/sources_1/bd/design_1/ip/design_1_processing_system7_0_0/design_1_processing_system7_0_0/design_1_processing_system7_0_0_in_context.xdc, line 42).
Applied set_property IO_BUFFER_TYPE = NONE for DDR_cs_n. (constraint file  c:/Users/aamalik3/Desktop/ICAP_Readback/Benchmarks/RISC_BENCHMARKS_BASE_PROJ/RISC_BENCHMARKS_BASE_PROJ.srcs/sources_1/bd/design_1/ip/design_1_processing_system7_0_0/design_1_processing_system7_0_0/design_1_processing_system7_0_0_in_context.xdc, line 43).
Applied set_property CLOCK_BUFFER_TYPE = NONE for DDR_cs_n. (constraint file  c:/Users/aamalik3/Desktop/ICAP_Readback/Benchmarks/RISC_BENCHMARKS_BASE_PROJ/RISC_BENCHMARKS_BASE_PROJ.srcs/sources_1/bd/design_1/ip/design_1_processing_system7_0_0/design_1_processing_system7_0_0/design_1_processing_system7_0_0_in_context.xdc, line 44).
Applied set_property IO_BUFFER_TYPE = NONE for DDR_ck_p. (constraint file  c:/Users/aamalik3/Desktop/ICAP_Readback/Benchmarks/RISC_BENCHMARKS_BASE_PROJ/RISC_BENCHMARKS_BASE_PROJ.srcs/sources_1/bd/design_1/ip/design_1_processing_system7_0_0/design_1_processing_system7_0_0/design_1_processing_system7_0_0_in_context.xdc, line 45).
Applied set_property CLOCK_BUFFER_TYPE = NONE for DDR_ck_p. (constraint file  c:/Users/aamalik3/Desktop/ICAP_Readback/Benchmarks/RISC_BENCHMARKS_BASE_PROJ/RISC_BENCHMARKS_BASE_PROJ.srcs/sources_1/bd/design_1/ip/design_1_processing_system7_0_0/design_1_processing_system7_0_0/design_1_processing_system7_0_0_in_context.xdc, line 46).
Applied set_property IO_BUFFER_TYPE = NONE for DDR_ck_n. (constraint file  c:/Users/aamalik3/Desktop/ICAP_Readback/Benchmarks/RISC_BENCHMARKS_BASE_PROJ/RISC_BENCHMARKS_BASE_PROJ.srcs/sources_1/bd/design_1/ip/design_1_processing_system7_0_0/design_1_processing_system7_0_0/design_1_processing_system7_0_0_in_context.xdc, line 47).
Applied set_property CLOCK_BUFFER_TYPE = NONE for DDR_ck_n. (constraint file  c:/Users/aamalik3/Desktop/ICAP_Readback/Benchmarks/RISC_BENCHMARKS_BASE_PROJ/RISC_BENCHMARKS_BASE_PROJ.srcs/sources_1/bd/design_1/ip/design_1_processing_system7_0_0/design_1_processing_system7_0_0/design_1_processing_system7_0_0_in_context.xdc, line 48).
Applied set_property IO_BUFFER_TYPE = NONE for DDR_dm[0]. (constraint file  c:/Users/aamalik3/Desktop/ICAP_Readback/Benchmarks/RISC_BENCHMARKS_BASE_PROJ/RISC_BENCHMARKS_BASE_PROJ.srcs/sources_1/bd/design_1/ip/design_1_processing_system7_0_0/design_1_processing_system7_0_0/design_1_processing_system7_0_0_in_context.xdc, line 49).
Applied set_property CLOCK_BUFFER_TYPE = NONE for DDR_dm[0]. (constraint file  c:/Users/aamalik3/Desktop/ICAP_Readback/Benchmarks/RISC_BENCHMARKS_BASE_PROJ/RISC_BENCHMARKS_BASE_PROJ.srcs/sources_1/bd/design_1/ip/design_1_processing_system7_0_0/design_1_processing_system7_0_0/design_1_processing_system7_0_0_in_context.xdc, line 50).
Applied set_property IO_BUFFER_TYPE = NONE for DDR_dm[1]. (constraint file  c:/Users/aamalik3/Desktop/ICAP_Readback/Benchmarks/RISC_BENCHMARKS_BASE_PROJ/RISC_BENCHMARKS_BASE_PROJ.srcs/sources_1/bd/design_1/ip/design_1_processing_system7_0_0/design_1_processing_system7_0_0/design_1_processing_system7_0_0_in_context.xdc, line 51).
Applied set_property CLOCK_BUFFER_TYPE = NONE for DDR_dm[1]. (constraint file  c:/Users/aamalik3/Desktop/ICAP_Readback/Benchmarks/RISC_BENCHMARKS_BASE_PROJ/RISC_BENCHMARKS_BASE_PROJ.srcs/sources_1/bd/design_1/ip/design_1_processing_system7_0_0/design_1_processing_system7_0_0/design_1_processing_system7_0_0_in_context.xdc, line 52).
Applied set_property IO_BUFFER_TYPE = NONE for DDR_dm[2]. (constraint file  c:/Users/aamalik3/Desktop/ICAP_Readback/Benchmarks/RISC_BENCHMARKS_BASE_PROJ/RISC_BENCHMARKS_BASE_PROJ.srcs/sources_1/bd/design_1/ip/design_1_processing_system7_0_0/design_1_processing_system7_0_0/design_1_processing_system7_0_0_in_context.xdc, line 53).
Applied set_property CLOCK_BUFFER_TYPE = NONE for DDR_dm[2]. (constraint file  c:/Users/aamalik3/Desktop/ICAP_Readback/Benchmarks/RISC_BENCHMARKS_BASE_PROJ/RISC_BENCHMARKS_BASE_PROJ.srcs/sources_1/bd/design_1/ip/design_1_processing_system7_0_0/design_1_processing_system7_0_0/design_1_processing_system7_0_0_in_context.xdc, line 54).
Applied set_property IO_BUFFER_TYPE = NONE for DDR_dm[3]. (constraint file  c:/Users/aamalik3/Desktop/ICAP_Readback/Benchmarks/RISC_BENCHMARKS_BASE_PROJ/RISC_BENCHMARKS_BASE_PROJ.srcs/sources_1/bd/design_1/ip/design_1_processing_system7_0_0/design_1_processing_system7_0_0/design_1_processing_system7_0_0_in_context.xdc, line 55).
Applied set_property CLOCK_BUFFER_TYPE = NONE for DDR_dm[3]. (constraint file  c:/Users/aamalik3/Desktop/ICAP_Readback/Benchmarks/RISC_BENCHMARKS_BASE_PROJ/RISC_BENCHMARKS_BASE_PROJ.srcs/sources_1/bd/design_1/ip/design_1_processing_system7_0_0/design_1_processing_system7_0_0/design_1_processing_system7_0_0_in_context.xdc, line 56).
Applied set_property IO_BUFFER_TYPE = NONE for DDR_dqs_p[0]. (constraint file  c:/Users/aamalik3/Desktop/ICAP_Readback/Benchmarks/RISC_BENCHMARKS_BASE_PROJ/RISC_BENCHMARKS_BASE_PROJ.srcs/sources_1/bd/design_1/ip/design_1_processing_system7_0_0/design_1_processing_system7_0_0/design_1_processing_system7_0_0_in_context.xdc, line 57).
Applied set_property CLOCK_BUFFER_TYPE = NONE for DDR_dqs_p[0]. (constraint file  c:/Users/aamalik3/Desktop/ICAP_Readback/Benchmarks/RISC_BENCHMARKS_BASE_PROJ/RISC_BENCHMARKS_BASE_PROJ.srcs/sources_1/bd/design_1/ip/design_1_processing_system7_0_0/design_1_processing_system7_0_0/design_1_processing_system7_0_0_in_context.xdc, line 58).
Applied set_property IO_BUFFER_TYPE = NONE for DDR_dqs_p[1]. (constraint file  c:/Users/aamalik3/Desktop/ICAP_Readback/Benchmarks/RISC_BENCHMARKS_BASE_PROJ/RISC_BENCHMARKS_BASE_PROJ.srcs/sources_1/bd/design_1/ip/design_1_processing_system7_0_0/design_1_processing_system7_0_0/design_1_processing_system7_0_0_in_context.xdc, line 59).
Applied set_property CLOCK_BUFFER_TYPE = NONE for DDR_dqs_p[1]. (constraint file  c:/Users/aamalik3/Desktop/ICAP_Readback/Benchmarks/RISC_BENCHMARKS_BASE_PROJ/RISC_BENCHMARKS_BASE_PROJ.srcs/sources_1/bd/design_1/ip/design_1_processing_system7_0_0/design_1_processing_system7_0_0/design_1_processing_system7_0_0_in_context.xdc, line 60).
Applied set_property IO_BUFFER_TYPE = NONE for DDR_dqs_p[2]. (constraint file  c:/Users/aamalik3/Desktop/ICAP_Readback/Benchmarks/RISC_BENCHMARKS_BASE_PROJ/RISC_BENCHMARKS_BASE_PROJ.srcs/sources_1/bd/design_1/ip/design_1_processing_system7_0_0/design_1_processing_system7_0_0/design_1_processing_system7_0_0_in_context.xdc, line 61).
Applied set_property CLOCK_BUFFER_TYPE = NONE for DDR_dqs_p[2]. (constraint file  c:/Users/aamalik3/Desktop/ICAP_Readback/Benchmarks/RISC_BENCHMARKS_BASE_PROJ/RISC_BENCHMARKS_BASE_PROJ.srcs/sources_1/bd/design_1/ip/design_1_processing_system7_0_0/design_1_processing_system7_0_0/design_1_processing_system7_0_0_in_context.xdc, line 62).
Applied set_property IO_BUFFER_TYPE = NONE for DDR_dqs_p[3]. (constraint file  c:/Users/aamalik3/Desktop/ICAP_Readback/Benchmarks/RISC_BENCHMARKS_BASE_PROJ/RISC_BENCHMARKS_BASE_PROJ.srcs/sources_1/bd/design_1/ip/design_1_processing_system7_0_0/design_1_processing_system7_0_0/design_1_processing_system7_0_0_in_context.xdc, line 63).
Applied set_property CLOCK_BUFFER_TYPE = NONE for DDR_dqs_p[3]. (constraint file  c:/Users/aamalik3/Desktop/ICAP_Readback/Benchmarks/RISC_BENCHMARKS_BASE_PROJ/RISC_BENCHMARKS_BASE_PROJ.srcs/sources_1/bd/design_1/ip/design_1_processing_system7_0_0/design_1_processing_system7_0_0/design_1_processing_system7_0_0_in_context.xdc, line 64).
Applied set_property IO_BUFFER_TYPE = NONE for DDR_dqs_n[0]. (constraint file  c:/Users/aamalik3/Desktop/ICAP_Readback/Benchmarks/RISC_BENCHMARKS_BASE_PROJ/RISC_BENCHMARKS_BASE_PROJ.srcs/sources_1/bd/design_1/ip/design_1_processing_system7_0_0/design_1_processing_system7_0_0/design_1_processing_system7_0_0_in_context.xdc, line 65).
Applied set_property CLOCK_BUFFER_TYPE = NONE for DDR_dqs_n[0]. (constraint file  c:/Users/aamalik3/Desktop/ICAP_Readback/Benchmarks/RISC_BENCHMARKS_BASE_PROJ/RISC_BENCHMARKS_BASE_PROJ.srcs/sources_1/bd/design_1/ip/design_1_processing_system7_0_0/design_1_processing_system7_0_0/design_1_processing_system7_0_0_in_context.xdc, line 66).
Applied set_property IO_BUFFER_TYPE = NONE for DDR_dqs_n[1]. (constraint file  c:/Users/aamalik3/Desktop/ICAP_Readback/Benchmarks/RISC_BENCHMARKS_BASE_PROJ/RISC_BENCHMARKS_BASE_PROJ.srcs/sources_1/bd/design_1/ip/design_1_processing_system7_0_0/design_1_processing_system7_0_0/design_1_processing_system7_0_0_in_context.xdc, line 67).
Applied set_property CLOCK_BUFFER_TYPE = NONE for DDR_dqs_n[1]. (constraint file  c:/Users/aamalik3/Desktop/ICAP_Readback/Benchmarks/RISC_BENCHMARKS_BASE_PROJ/RISC_BENCHMARKS_BASE_PROJ.srcs/sources_1/bd/design_1/ip/design_1_processing_system7_0_0/design_1_processing_system7_0_0/design_1_processing_system7_0_0_in_context.xdc, line 68).
Applied set_property IO_BUFFER_TYPE = NONE for DDR_dqs_n[2]. (constraint file  c:/Users/aamalik3/Desktop/ICAP_Readback/Benchmarks/RISC_BENCHMARKS_BASE_PROJ/RISC_BENCHMARKS_BASE_PROJ.srcs/sources_1/bd/design_1/ip/design_1_processing_system7_0_0/design_1_processing_system7_0_0/design_1_processing_system7_0_0_in_context.xdc, line 69).
Applied set_property CLOCK_BUFFER_TYPE = NONE for DDR_dqs_n[2]. (constraint file  c:/Users/aamalik3/Desktop/ICAP_Readback/Benchmarks/RISC_BENCHMARKS_BASE_PROJ/RISC_BENCHMARKS_BASE_PROJ.srcs/sources_1/bd/design_1/ip/design_1_processing_system7_0_0/design_1_processing_system7_0_0/design_1_processing_system7_0_0_in_context.xdc, line 70).
Applied set_property IO_BUFFER_TYPE = NONE for DDR_dqs_n[3]. (constraint file  c:/Users/aamalik3/Desktop/ICAP_Readback/Benchmarks/RISC_BENCHMARKS_BASE_PROJ/RISC_BENCHMARKS_BASE_PROJ.srcs/sources_1/bd/design_1/ip/design_1_processing_system7_0_0/design_1_processing_system7_0_0/design_1_processing_system7_0_0_in_context.xdc, line 71).
Applied set_property CLOCK_BUFFER_TYPE = NONE for DDR_dqs_n[3]. (constraint file  c:/Users/aamalik3/Desktop/ICAP_Readback/Benchmarks/RISC_BENCHMARKS_BASE_PROJ/RISC_BENCHMARKS_BASE_PROJ.srcs/sources_1/bd/design_1/ip/design_1_processing_system7_0_0/design_1_processing_system7_0_0/design_1_processing_system7_0_0_in_context.xdc, line 72).
Applied set_property IO_BUFFER_TYPE = NONE for DDR_dq[0]. (constraint file  c:/Users/aamalik3/Desktop/ICAP_Readback/Benchmarks/RISC_BENCHMARKS_BASE_PROJ/RISC_BENCHMARKS_BASE_PROJ.srcs/sources_1/bd/design_1/ip/design_1_processing_system7_0_0/design_1_processing_system7_0_0/design_1_processing_system7_0_0_in_context.xdc, line 73).
Applied set_property CLOCK_BUFFER_TYPE = NONE for DDR_dq[0]. (constraint file  c:/Users/aamalik3/Desktop/ICAP_Readback/Benchmarks/RISC_BENCHMARKS_BASE_PROJ/RISC_BENCHMARKS_BASE_PROJ.srcs/sources_1/bd/design_1/ip/design_1_processing_system7_0_0/design_1_processing_system7_0_0/design_1_processing_system7_0_0_in_context.xdc, line 74).
Applied set_property IO_BUFFER_TYPE = NONE for DDR_dq[10]. (constraint file  c:/Users/aamalik3/Desktop/ICAP_Readback/Benchmarks/RISC_BENCHMARKS_BASE_PROJ/RISC_BENCHMARKS_BASE_PROJ.srcs/sources_1/bd/design_1/ip/design_1_processing_system7_0_0/design_1_processing_system7_0_0/design_1_processing_system7_0_0_in_context.xdc, line 75).
Applied set_property CLOCK_BUFFER_TYPE = NONE for DDR_dq[10]. (constraint file  c:/Users/aamalik3/Desktop/ICAP_Readback/Benchmarks/RISC_BENCHMARKS_BASE_PROJ/RISC_BENCHMARKS_BASE_PROJ.srcs/sources_1/bd/design_1/ip/design_1_processing_system7_0_0/design_1_processing_system7_0_0/design_1_processing_system7_0_0_in_context.xdc, line 76).
Applied set_property IO_BUFFER_TYPE = NONE for DDR_dq[11]. (constraint file  c:/Users/aamalik3/Desktop/ICAP_Readback/Benchmarks/RISC_BENCHMARKS_BASE_PROJ/RISC_BENCHMARKS_BASE_PROJ.srcs/sources_1/bd/design_1/ip/design_1_processing_system7_0_0/design_1_processing_system7_0_0/design_1_processing_system7_0_0_in_context.xdc, line 77).
Applied set_property CLOCK_BUFFER_TYPE = NONE for DDR_dq[11]. (constraint file  c:/Users/aamalik3/Desktop/ICAP_Readback/Benchmarks/RISC_BENCHMARKS_BASE_PROJ/RISC_BENCHMARKS_BASE_PROJ.srcs/sources_1/bd/design_1/ip/design_1_processing_system7_0_0/design_1_processing_system7_0_0/design_1_processing_system7_0_0_in_context.xdc, line 78).
Applied set_property IO_BUFFER_TYPE = NONE for DDR_dq[12]. (constraint file  c:/Users/aamalik3/Desktop/ICAP_Readback/Benchmarks/RISC_BENCHMARKS_BASE_PROJ/RISC_BENCHMARKS_BASE_PROJ.srcs/sources_1/bd/design_1/ip/design_1_processing_system7_0_0/design_1_processing_system7_0_0/design_1_processing_system7_0_0_in_context.xdc, line 79).
Applied set_property CLOCK_BUFFER_TYPE = NONE for DDR_dq[12]. (constraint file  c:/Users/aamalik3/Desktop/ICAP_Readback/Benchmarks/RISC_BENCHMARKS_BASE_PROJ/RISC_BENCHMARKS_BASE_PROJ.srcs/sources_1/bd/design_1/ip/design_1_processing_system7_0_0/design_1_processing_system7_0_0/design_1_processing_system7_0_0_in_context.xdc, line 80).
Applied set_property IO_BUFFER_TYPE = NONE for DDR_dq[13]. (constraint file  c:/Users/aamalik3/Desktop/ICAP_Readback/Benchmarks/RISC_BENCHMARKS_BASE_PROJ/RISC_BENCHMARKS_BASE_PROJ.srcs/sources_1/bd/design_1/ip/design_1_processing_system7_0_0/design_1_processing_system7_0_0/design_1_processing_system7_0_0_in_context.xdc, line 81).
Applied set_property CLOCK_BUFFER_TYPE = NONE for DDR_dq[13]. (constraint file  c:/Users/aamalik3/Desktop/ICAP_Readback/Benchmarks/RISC_BENCHMARKS_BASE_PROJ/RISC_BENCHMARKS_BASE_PROJ.srcs/sources_1/bd/design_1/ip/design_1_processing_system7_0_0/design_1_processing_system7_0_0/design_1_processing_system7_0_0_in_context.xdc, line 82).
Applied set_property IO_BUFFER_TYPE = NONE for DDR_dq[14]. (constraint file  c:/Users/aamalik3/Desktop/ICAP_Readback/Benchmarks/RISC_BENCHMARKS_BASE_PROJ/RISC_BENCHMARKS_BASE_PROJ.srcs/sources_1/bd/design_1/ip/design_1_processing_system7_0_0/design_1_processing_system7_0_0/design_1_processing_system7_0_0_in_context.xdc, line 83).
Applied set_property CLOCK_BUFFER_TYPE = NONE for DDR_dq[14]. (constraint file  c:/Users/aamalik3/Desktop/ICAP_Readback/Benchmarks/RISC_BENCHMARKS_BASE_PROJ/RISC_BENCHMARKS_BASE_PROJ.srcs/sources_1/bd/design_1/ip/design_1_processing_system7_0_0/design_1_processing_system7_0_0/design_1_processing_system7_0_0_in_context.xdc, line 84).
Applied set_property IO_BUFFER_TYPE = NONE for DDR_dq[15]. (constraint file  c:/Users/aamalik3/Desktop/ICAP_Readback/Benchmarks/RISC_BENCHMARKS_BASE_PROJ/RISC_BENCHMARKS_BASE_PROJ.srcs/sources_1/bd/design_1/ip/design_1_processing_system7_0_0/design_1_processing_system7_0_0/design_1_processing_system7_0_0_in_context.xdc, line 85).
Applied set_property CLOCK_BUFFER_TYPE = NONE for DDR_dq[15]. (constraint file  c:/Users/aamalik3/Desktop/ICAP_Readback/Benchmarks/RISC_BENCHMARKS_BASE_PROJ/RISC_BENCHMARKS_BASE_PROJ.srcs/sources_1/bd/design_1/ip/design_1_processing_system7_0_0/design_1_processing_system7_0_0/design_1_processing_system7_0_0_in_context.xdc, line 86).
Applied set_property IO_BUFFER_TYPE = NONE for DDR_dq[16]. (constraint file  c:/Users/aamalik3/Desktop/ICAP_Readback/Benchmarks/RISC_BENCHMARKS_BASE_PROJ/RISC_BENCHMARKS_BASE_PROJ.srcs/sources_1/bd/design_1/ip/design_1_processing_system7_0_0/design_1_processing_system7_0_0/design_1_processing_system7_0_0_in_context.xdc, line 87).
Applied set_property CLOCK_BUFFER_TYPE = NONE for DDR_dq[16]. (constraint file  c:/Users/aamalik3/Desktop/ICAP_Readback/Benchmarks/RISC_BENCHMARKS_BASE_PROJ/RISC_BENCHMARKS_BASE_PROJ.srcs/sources_1/bd/design_1/ip/design_1_processing_system7_0_0/design_1_processing_system7_0_0/design_1_processing_system7_0_0_in_context.xdc, line 88).
Applied set_property IO_BUFFER_TYPE = NONE for DDR_dq[17]. (constraint file  c:/Users/aamalik3/Desktop/ICAP_Readback/Benchmarks/RISC_BENCHMARKS_BASE_PROJ/RISC_BENCHMARKS_BASE_PROJ.srcs/sources_1/bd/design_1/ip/design_1_processing_system7_0_0/design_1_processing_system7_0_0/design_1_processing_system7_0_0_in_context.xdc, line 89).
Applied set_property CLOCK_BUFFER_TYPE = NONE for DDR_dq[17]. (constraint file  c:/Users/aamalik3/Desktop/ICAP_Readback/Benchmarks/RISC_BENCHMARKS_BASE_PROJ/RISC_BENCHMARKS_BASE_PROJ.srcs/sources_1/bd/design_1/ip/design_1_processing_system7_0_0/design_1_processing_system7_0_0/design_1_processing_system7_0_0_in_context.xdc, line 90).
Applied set_property IO_BUFFER_TYPE = NONE for DDR_dq[18]. (constraint file  c:/Users/aamalik3/Desktop/ICAP_Readback/Benchmarks/RISC_BENCHMARKS_BASE_PROJ/RISC_BENCHMARKS_BASE_PROJ.srcs/sources_1/bd/design_1/ip/design_1_processing_system7_0_0/design_1_processing_system7_0_0/design_1_processing_system7_0_0_in_context.xdc, line 91).
Applied set_property CLOCK_BUFFER_TYPE = NONE for DDR_dq[18]. (constraint file  c:/Users/aamalik3/Desktop/ICAP_Readback/Benchmarks/RISC_BENCHMARKS_BASE_PROJ/RISC_BENCHMARKS_BASE_PROJ.srcs/sources_1/bd/design_1/ip/design_1_processing_system7_0_0/design_1_processing_system7_0_0/design_1_processing_system7_0_0_in_context.xdc, line 92).
Applied set_property IO_BUFFER_TYPE = NONE for DDR_dq[19]. (constraint file  c:/Users/aamalik3/Desktop/ICAP_Readback/Benchmarks/RISC_BENCHMARKS_BASE_PROJ/RISC_BENCHMARKS_BASE_PROJ.srcs/sources_1/bd/design_1/ip/design_1_processing_system7_0_0/design_1_processing_system7_0_0/design_1_processing_system7_0_0_in_context.xdc, line 93).
Applied set_property CLOCK_BUFFER_TYPE = NONE for DDR_dq[19]. (constraint file  c:/Users/aamalik3/Desktop/ICAP_Readback/Benchmarks/RISC_BENCHMARKS_BASE_PROJ/RISC_BENCHMARKS_BASE_PROJ.srcs/sources_1/bd/design_1/ip/design_1_processing_system7_0_0/design_1_processing_system7_0_0/design_1_processing_system7_0_0_in_context.xdc, line 94).
Applied set_property IO_BUFFER_TYPE = NONE for DDR_dq[1]. (constraint file  c:/Users/aamalik3/Desktop/ICAP_Readback/Benchmarks/RISC_BENCHMARKS_BASE_PROJ/RISC_BENCHMARKS_BASE_PROJ.srcs/sources_1/bd/design_1/ip/design_1_processing_system7_0_0/design_1_processing_system7_0_0/design_1_processing_system7_0_0_in_context.xdc, line 95).
Applied set_property CLOCK_BUFFER_TYPE = NONE for DDR_dq[1]. (constraint file  c:/Users/aamalik3/Desktop/ICAP_Readback/Benchmarks/RISC_BENCHMARKS_BASE_PROJ/RISC_BENCHMARKS_BASE_PROJ.srcs/sources_1/bd/design_1/ip/design_1_processing_system7_0_0/design_1_processing_system7_0_0/design_1_processing_system7_0_0_in_context.xdc, line 96).
Applied set_property IO_BUFFER_TYPE = NONE for DDR_dq[20]. (constraint file  c:/Users/aamalik3/Desktop/ICAP_Readback/Benchmarks/RISC_BENCHMARKS_BASE_PROJ/RISC_BENCHMARKS_BASE_PROJ.srcs/sources_1/bd/design_1/ip/design_1_processing_system7_0_0/design_1_processing_system7_0_0/design_1_processing_system7_0_0_in_context.xdc, line 97).
Applied set_property CLOCK_BUFFER_TYPE = NONE for DDR_dq[20]. (constraint file  c:/Users/aamalik3/Desktop/ICAP_Readback/Benchmarks/RISC_BENCHMARKS_BASE_PROJ/RISC_BENCHMARKS_BASE_PROJ.srcs/sources_1/bd/design_1/ip/design_1_processing_system7_0_0/design_1_processing_system7_0_0/design_1_processing_system7_0_0_in_context.xdc, line 98).
Applied set_property IO_BUFFER_TYPE = NONE for DDR_dq[21]. (constraint file  c:/Users/aamalik3/Desktop/ICAP_Readback/Benchmarks/RISC_BENCHMARKS_BASE_PROJ/RISC_BENCHMARKS_BASE_PROJ.srcs/sources_1/bd/design_1/ip/design_1_processing_system7_0_0/design_1_processing_system7_0_0/design_1_processing_system7_0_0_in_context.xdc, line 99).
Applied set_property CLOCK_BUFFER_TYPE = NONE for DDR_dq[21]. (constraint file  c:/Users/aamalik3/Desktop/ICAP_Readback/Benchmarks/RISC_BENCHMARKS_BASE_PROJ/RISC_BENCHMARKS_BASE_PROJ.srcs/sources_1/bd/design_1/ip/design_1_processing_system7_0_0/design_1_processing_system7_0_0/design_1_processing_system7_0_0_in_context.xdc, line 100).
Applied set_property IO_BUFFER_TYPE = NONE for DDR_dq[22]. (constraint file  c:/Users/aamalik3/Desktop/ICAP_Readback/Benchmarks/RISC_BENCHMARKS_BASE_PROJ/RISC_BENCHMARKS_BASE_PROJ.srcs/sources_1/bd/design_1/ip/design_1_processing_system7_0_0/design_1_processing_system7_0_0/design_1_processing_system7_0_0_in_context.xdc, line 101).
Applied set_property CLOCK_BUFFER_TYPE = NONE for DDR_dq[22]. (constraint file  c:/Users/aamalik3/Desktop/ICAP_Readback/Benchmarks/RISC_BENCHMARKS_BASE_PROJ/RISC_BENCHMARKS_BASE_PROJ.srcs/sources_1/bd/design_1/ip/design_1_processing_system7_0_0/design_1_processing_system7_0_0/design_1_processing_system7_0_0_in_context.xdc, line 102).
Applied set_property IO_BUFFER_TYPE = NONE for DDR_dq[23]. (constraint file  c:/Users/aamalik3/Desktop/ICAP_Readback/Benchmarks/RISC_BENCHMARKS_BASE_PROJ/RISC_BENCHMARKS_BASE_PROJ.srcs/sources_1/bd/design_1/ip/design_1_processing_system7_0_0/design_1_processing_system7_0_0/design_1_processing_system7_0_0_in_context.xdc, line 103).
Applied set_property CLOCK_BUFFER_TYPE = NONE for DDR_dq[23]. (constraint file  c:/Users/aamalik3/Desktop/ICAP_Readback/Benchmarks/RISC_BENCHMARKS_BASE_PROJ/RISC_BENCHMARKS_BASE_PROJ.srcs/sources_1/bd/design_1/ip/design_1_processing_system7_0_0/design_1_processing_system7_0_0/design_1_processing_system7_0_0_in_context.xdc, line 104).
Applied set_property IO_BUFFER_TYPE = NONE for DDR_dq[24]. (constraint file  c:/Users/aamalik3/Desktop/ICAP_Readback/Benchmarks/RISC_BENCHMARKS_BASE_PROJ/RISC_BENCHMARKS_BASE_PROJ.srcs/sources_1/bd/design_1/ip/design_1_processing_system7_0_0/design_1_processing_system7_0_0/design_1_processing_system7_0_0_in_context.xdc, line 105).
Applied set_property CLOCK_BUFFER_TYPE = NONE for DDR_dq[24]. (constraint file  c:/Users/aamalik3/Desktop/ICAP_Readback/Benchmarks/RISC_BENCHMARKS_BASE_PROJ/RISC_BENCHMARKS_BASE_PROJ.srcs/sources_1/bd/design_1/ip/design_1_processing_system7_0_0/design_1_processing_system7_0_0/design_1_processing_system7_0_0_in_context.xdc, line 106).
Applied set_property IO_BUFFER_TYPE = NONE for DDR_dq[25]. (constraint file  c:/Users/aamalik3/Desktop/ICAP_Readback/Benchmarks/RISC_BENCHMARKS_BASE_PROJ/RISC_BENCHMARKS_BASE_PROJ.srcs/sources_1/bd/design_1/ip/design_1_processing_system7_0_0/design_1_processing_system7_0_0/design_1_processing_system7_0_0_in_context.xdc, line 107).
Applied set_property CLOCK_BUFFER_TYPE = NONE for DDR_dq[25]. (constraint file  c:/Users/aamalik3/Desktop/ICAP_Readback/Benchmarks/RISC_BENCHMARKS_BASE_PROJ/RISC_BENCHMARKS_BASE_PROJ.srcs/sources_1/bd/design_1/ip/design_1_processing_system7_0_0/design_1_processing_system7_0_0/design_1_processing_system7_0_0_in_context.xdc, line 108).
Applied set_property IO_BUFFER_TYPE = NONE for DDR_dq[26]. (constraint file  c:/Users/aamalik3/Desktop/ICAP_Readback/Benchmarks/RISC_BENCHMARKS_BASE_PROJ/RISC_BENCHMARKS_BASE_PROJ.srcs/sources_1/bd/design_1/ip/design_1_processing_system7_0_0/design_1_processing_system7_0_0/design_1_processing_system7_0_0_in_context.xdc, line 109).
Applied set_property CLOCK_BUFFER_TYPE = NONE for DDR_dq[26]. (constraint file  c:/Users/aamalik3/Desktop/ICAP_Readback/Benchmarks/RISC_BENCHMARKS_BASE_PROJ/RISC_BENCHMARKS_BASE_PROJ.srcs/sources_1/bd/design_1/ip/design_1_processing_system7_0_0/design_1_processing_system7_0_0/design_1_processing_system7_0_0_in_context.xdc, line 110).
Applied set_property IO_BUFFER_TYPE = NONE for DDR_dq[27]. (constraint file  c:/Users/aamalik3/Desktop/ICAP_Readback/Benchmarks/RISC_BENCHMARKS_BASE_PROJ/RISC_BENCHMARKS_BASE_PROJ.srcs/sources_1/bd/design_1/ip/design_1_processing_system7_0_0/design_1_processing_system7_0_0/design_1_processing_system7_0_0_in_context.xdc, line 111).
Applied set_property CLOCK_BUFFER_TYPE = NONE for DDR_dq[27]. (constraint file  c:/Users/aamalik3/Desktop/ICAP_Readback/Benchmarks/RISC_BENCHMARKS_BASE_PROJ/RISC_BENCHMARKS_BASE_PROJ.srcs/sources_1/bd/design_1/ip/design_1_processing_system7_0_0/design_1_processing_system7_0_0/design_1_processing_system7_0_0_in_context.xdc, line 112).
Applied set_property IO_BUFFER_TYPE = NONE for DDR_dq[28]. (constraint file  c:/Users/aamalik3/Desktop/ICAP_Readback/Benchmarks/RISC_BENCHMARKS_BASE_PROJ/RISC_BENCHMARKS_BASE_PROJ.srcs/sources_1/bd/design_1/ip/design_1_processing_system7_0_0/design_1_processing_system7_0_0/design_1_processing_system7_0_0_in_context.xdc, line 113).
Applied set_property CLOCK_BUFFER_TYPE = NONE for DDR_dq[28]. (constraint file  c:/Users/aamalik3/Desktop/ICAP_Readback/Benchmarks/RISC_BENCHMARKS_BASE_PROJ/RISC_BENCHMARKS_BASE_PROJ.srcs/sources_1/bd/design_1/ip/design_1_processing_system7_0_0/design_1_processing_system7_0_0/design_1_processing_system7_0_0_in_context.xdc, line 114).
Applied set_property IO_BUFFER_TYPE = NONE for DDR_dq[29]. (constraint file  c:/Users/aamalik3/Desktop/ICAP_Readback/Benchmarks/RISC_BENCHMARKS_BASE_PROJ/RISC_BENCHMARKS_BASE_PROJ.srcs/sources_1/bd/design_1/ip/design_1_processing_system7_0_0/design_1_processing_system7_0_0/design_1_processing_system7_0_0_in_context.xdc, line 115).
Applied set_property CLOCK_BUFFER_TYPE = NONE for DDR_dq[29]. (constraint file  c:/Users/aamalik3/Desktop/ICAP_Readback/Benchmarks/RISC_BENCHMARKS_BASE_PROJ/RISC_BENCHMARKS_BASE_PROJ.srcs/sources_1/bd/design_1/ip/design_1_processing_system7_0_0/design_1_processing_system7_0_0/design_1_processing_system7_0_0_in_context.xdc, line 116).
Applied set_property IO_BUFFER_TYPE = NONE for DDR_dq[2]. (constraint file  c:/Users/aamalik3/Desktop/ICAP_Readback/Benchmarks/RISC_BENCHMARKS_BASE_PROJ/RISC_BENCHMARKS_BASE_PROJ.srcs/sources_1/bd/design_1/ip/design_1_processing_system7_0_0/design_1_processing_system7_0_0/design_1_processing_system7_0_0_in_context.xdc, line 117).
Applied set_property CLOCK_BUFFER_TYPE = NONE for DDR_dq[2]. (constraint file  c:/Users/aamalik3/Desktop/ICAP_Readback/Benchmarks/RISC_BENCHMARKS_BASE_PROJ/RISC_BENCHMARKS_BASE_PROJ.srcs/sources_1/bd/design_1/ip/design_1_processing_system7_0_0/design_1_processing_system7_0_0/design_1_processing_system7_0_0_in_context.xdc, line 118).
Applied set_property IO_BUFFER_TYPE = NONE for DDR_dq[30]. (constraint file  c:/Users/aamalik3/Desktop/ICAP_Readback/Benchmarks/RISC_BENCHMARKS_BASE_PROJ/RISC_BENCHMARKS_BASE_PROJ.srcs/sources_1/bd/design_1/ip/design_1_processing_system7_0_0/design_1_processing_system7_0_0/design_1_processing_system7_0_0_in_context.xdc, line 119).
Applied set_property CLOCK_BUFFER_TYPE = NONE for DDR_dq[30]. (constraint file  c:/Users/aamalik3/Desktop/ICAP_Readback/Benchmarks/RISC_BENCHMARKS_BASE_PROJ/RISC_BENCHMARKS_BASE_PROJ.srcs/sources_1/bd/design_1/ip/design_1_processing_system7_0_0/design_1_processing_system7_0_0/design_1_processing_system7_0_0_in_context.xdc, line 120).
Applied set_property IO_BUFFER_TYPE = NONE for DDR_dq[31]. (constraint file  c:/Users/aamalik3/Desktop/ICAP_Readback/Benchmarks/RISC_BENCHMARKS_BASE_PROJ/RISC_BENCHMARKS_BASE_PROJ.srcs/sources_1/bd/design_1/ip/design_1_processing_system7_0_0/design_1_processing_system7_0_0/design_1_processing_system7_0_0_in_context.xdc, line 121).
Applied set_property CLOCK_BUFFER_TYPE = NONE for DDR_dq[31]. (constraint file  c:/Users/aamalik3/Desktop/ICAP_Readback/Benchmarks/RISC_BENCHMARKS_BASE_PROJ/RISC_BENCHMARKS_BASE_PROJ.srcs/sources_1/bd/design_1/ip/design_1_processing_system7_0_0/design_1_processing_system7_0_0/design_1_processing_system7_0_0_in_context.xdc, line 122).
Applied set_property IO_BUFFER_TYPE = NONE for DDR_dq[3]. (constraint file  c:/Users/aamalik3/Desktop/ICAP_Readback/Benchmarks/RISC_BENCHMARKS_BASE_PROJ/RISC_BENCHMARKS_BASE_PROJ.srcs/sources_1/bd/design_1/ip/design_1_processing_system7_0_0/design_1_processing_system7_0_0/design_1_processing_system7_0_0_in_context.xdc, line 123).
Applied set_property CLOCK_BUFFER_TYPE = NONE for DDR_dq[3]. (constraint file  c:/Users/aamalik3/Desktop/ICAP_Readback/Benchmarks/RISC_BENCHMARKS_BASE_PROJ/RISC_BENCHMARKS_BASE_PROJ.srcs/sources_1/bd/design_1/ip/design_1_processing_system7_0_0/design_1_processing_system7_0_0/design_1_processing_system7_0_0_in_context.xdc, line 124).
Applied set_property IO_BUFFER_TYPE = NONE for DDR_dq[4]. (constraint file  c:/Users/aamalik3/Desktop/ICAP_Readback/Benchmarks/RISC_BENCHMARKS_BASE_PROJ/RISC_BENCHMARKS_BASE_PROJ.srcs/sources_1/bd/design_1/ip/design_1_processing_system7_0_0/design_1_processing_system7_0_0/design_1_processing_system7_0_0_in_context.xdc, line 125).
Applied set_property CLOCK_BUFFER_TYPE = NONE for DDR_dq[4]. (constraint file  c:/Users/aamalik3/Desktop/ICAP_Readback/Benchmarks/RISC_BENCHMARKS_BASE_PROJ/RISC_BENCHMARKS_BASE_PROJ.srcs/sources_1/bd/design_1/ip/design_1_processing_system7_0_0/design_1_processing_system7_0_0/design_1_processing_system7_0_0_in_context.xdc, line 126).
Applied set_property IO_BUFFER_TYPE = NONE for DDR_dq[5]. (constraint file  c:/Users/aamalik3/Desktop/ICAP_Readback/Benchmarks/RISC_BENCHMARKS_BASE_PROJ/RISC_BENCHMARKS_BASE_PROJ.srcs/sources_1/bd/design_1/ip/design_1_processing_system7_0_0/design_1_processing_system7_0_0/design_1_processing_system7_0_0_in_context.xdc, line 127).
Applied set_property CLOCK_BUFFER_TYPE = NONE for DDR_dq[5]. (constraint file  c:/Users/aamalik3/Desktop/ICAP_Readback/Benchmarks/RISC_BENCHMARKS_BASE_PROJ/RISC_BENCHMARKS_BASE_PROJ.srcs/sources_1/bd/design_1/ip/design_1_processing_system7_0_0/design_1_processing_system7_0_0/design_1_processing_system7_0_0_in_context.xdc, line 128).
Applied set_property IO_BUFFER_TYPE = NONE for DDR_dq[6]. (constraint file  c:/Users/aamalik3/Desktop/ICAP_Readback/Benchmarks/RISC_BENCHMARKS_BASE_PROJ/RISC_BENCHMARKS_BASE_PROJ.srcs/sources_1/bd/design_1/ip/design_1_processing_system7_0_0/design_1_processing_system7_0_0/design_1_processing_system7_0_0_in_context.xdc, line 129).
Applied set_property CLOCK_BUFFER_TYPE = NONE for DDR_dq[6]. (constraint file  c:/Users/aamalik3/Desktop/ICAP_Readback/Benchmarks/RISC_BENCHMARKS_BASE_PROJ/RISC_BENCHMARKS_BASE_PROJ.srcs/sources_1/bd/design_1/ip/design_1_processing_system7_0_0/design_1_processing_system7_0_0/design_1_processing_system7_0_0_in_context.xdc, line 130).
Applied set_property IO_BUFFER_TYPE = NONE for DDR_dq[7]. (constraint file  c:/Users/aamalik3/Desktop/ICAP_Readback/Benchmarks/RISC_BENCHMARKS_BASE_PROJ/RISC_BENCHMARKS_BASE_PROJ.srcs/sources_1/bd/design_1/ip/design_1_processing_system7_0_0/design_1_processing_system7_0_0/design_1_processing_system7_0_0_in_context.xdc, line 131).
Applied set_property CLOCK_BUFFER_TYPE = NONE for DDR_dq[7]. (constraint file  c:/Users/aamalik3/Desktop/ICAP_Readback/Benchmarks/RISC_BENCHMARKS_BASE_PROJ/RISC_BENCHMARKS_BASE_PROJ.srcs/sources_1/bd/design_1/ip/design_1_processing_system7_0_0/design_1_processing_system7_0_0/design_1_processing_system7_0_0_in_context.xdc, line 132).
Applied set_property IO_BUFFER_TYPE = NONE for DDR_dq[8]. (constraint file  c:/Users/aamalik3/Desktop/ICAP_Readback/Benchmarks/RISC_BENCHMARKS_BASE_PROJ/RISC_BENCHMARKS_BASE_PROJ.srcs/sources_1/bd/design_1/ip/design_1_processing_system7_0_0/design_1_processing_system7_0_0/design_1_processing_system7_0_0_in_context.xdc, line 133).
Applied set_property CLOCK_BUFFER_TYPE = NONE for DDR_dq[8]. (constraint file  c:/Users/aamalik3/Desktop/ICAP_Readback/Benchmarks/RISC_BENCHMARKS_BASE_PROJ/RISC_BENCHMARKS_BASE_PROJ.srcs/sources_1/bd/design_1/ip/design_1_processing_system7_0_0/design_1_processing_system7_0_0/design_1_processing_system7_0_0_in_context.xdc, line 134).
Applied set_property IO_BUFFER_TYPE = NONE for DDR_dq[9]. (constraint file  c:/Users/aamalik3/Desktop/ICAP_Readback/Benchmarks/RISC_BENCHMARKS_BASE_PROJ/RISC_BENCHMARKS_BASE_PROJ.srcs/sources_1/bd/design_1/ip/design_1_processing_system7_0_0/design_1_processing_system7_0_0/design_1_processing_system7_0_0_in_context.xdc, line 135).
Applied set_property CLOCK_BUFFER_TYPE = NONE for DDR_dq[9]. (constraint file  c:/Users/aamalik3/Desktop/ICAP_Readback/Benchmarks/RISC_BENCHMARKS_BASE_PROJ/RISC_BENCHMARKS_BASE_PROJ.srcs/sources_1/bd/design_1/ip/design_1_processing_system7_0_0/design_1_processing_system7_0_0/design_1_processing_system7_0_0_in_context.xdc, line 136).
Applied set_property IO_BUFFER_TYPE = NONE for DDR_reset_n. (constraint file  c:/Users/aamalik3/Desktop/ICAP_Readback/Benchmarks/RISC_BENCHMARKS_BASE_PROJ/RISC_BENCHMARKS_BASE_PROJ.srcs/sources_1/bd/design_1/ip/design_1_processing_system7_0_0/design_1_processing_system7_0_0/design_1_processing_system7_0_0_in_context.xdc, line 137).
Applied set_property CLOCK_BUFFER_TYPE = NONE for DDR_reset_n. (constraint file  c:/Users/aamalik3/Desktop/ICAP_Readback/Benchmarks/RISC_BENCHMARKS_BASE_PROJ/RISC_BENCHMARKS_BASE_PROJ.srcs/sources_1/bd/design_1/ip/design_1_processing_system7_0_0/design_1_processing_system7_0_0/design_1_processing_system7_0_0_in_context.xdc, line 138).
Applied set_property IO_BUFFER_TYPE = NONE for DDR_odt. (constraint file  c:/Users/aamalik3/Desktop/ICAP_Readback/Benchmarks/RISC_BENCHMARKS_BASE_PROJ/RISC_BENCHMARKS_BASE_PROJ.srcs/sources_1/bd/design_1/ip/design_1_processing_system7_0_0/design_1_processing_system7_0_0/design_1_processing_system7_0_0_in_context.xdc, line 139).
Applied set_property CLOCK_BUFFER_TYPE = NONE for DDR_odt. (constraint file  c:/Users/aamalik3/Desktop/ICAP_Readback/Benchmarks/RISC_BENCHMARKS_BASE_PROJ/RISC_BENCHMARKS_BASE_PROJ.srcs/sources_1/bd/design_1/ip/design_1_processing_system7_0_0/design_1_processing_system7_0_0/design_1_processing_system7_0_0_in_context.xdc, line 140).
Applied set_property IO_BUFFER_TYPE = NONE for DDR_ras_n. (constraint file  c:/Users/aamalik3/Desktop/ICAP_Readback/Benchmarks/RISC_BENCHMARKS_BASE_PROJ/RISC_BENCHMARKS_BASE_PROJ.srcs/sources_1/bd/design_1/ip/design_1_processing_system7_0_0/design_1_processing_system7_0_0/design_1_processing_system7_0_0_in_context.xdc, line 141).
Applied set_property CLOCK_BUFFER_TYPE = NONE for DDR_ras_n. (constraint file  c:/Users/aamalik3/Desktop/ICAP_Readback/Benchmarks/RISC_BENCHMARKS_BASE_PROJ/RISC_BENCHMARKS_BASE_PROJ.srcs/sources_1/bd/design_1/ip/design_1_processing_system7_0_0/design_1_processing_system7_0_0/design_1_processing_system7_0_0_in_context.xdc, line 142).
Applied set_property IO_BUFFER_TYPE = NONE for FIXED_IO_ddr_vrn. (constraint file  c:/Users/aamalik3/Desktop/ICAP_Readback/Benchmarks/RISC_BENCHMARKS_BASE_PROJ/RISC_BENCHMARKS_BASE_PROJ.srcs/sources_1/bd/design_1/ip/design_1_processing_system7_0_0/design_1_processing_system7_0_0/design_1_processing_system7_0_0_in_context.xdc, line 143).
Applied set_property CLOCK_BUFFER_TYPE = NONE for FIXED_IO_ddr_vrn. (constraint file  c:/Users/aamalik3/Desktop/ICAP_Readback/Benchmarks/RISC_BENCHMARKS_BASE_PROJ/RISC_BENCHMARKS_BASE_PROJ.srcs/sources_1/bd/design_1/ip/design_1_processing_system7_0_0/design_1_processing_system7_0_0/design_1_processing_system7_0_0_in_context.xdc, line 144).
Applied set_property IO_BUFFER_TYPE = NONE for FIXED_IO_ddr_vrp. (constraint file  c:/Users/aamalik3/Desktop/ICAP_Readback/Benchmarks/RISC_BENCHMARKS_BASE_PROJ/RISC_BENCHMARKS_BASE_PROJ.srcs/sources_1/bd/design_1/ip/design_1_processing_system7_0_0/design_1_processing_system7_0_0/design_1_processing_system7_0_0_in_context.xdc, line 145).
Applied set_property CLOCK_BUFFER_TYPE = NONE for FIXED_IO_ddr_vrp. (constraint file  c:/Users/aamalik3/Desktop/ICAP_Readback/Benchmarks/RISC_BENCHMARKS_BASE_PROJ/RISC_BENCHMARKS_BASE_PROJ.srcs/sources_1/bd/design_1/ip/design_1_processing_system7_0_0/design_1_processing_system7_0_0/design_1_processing_system7_0_0_in_context.xdc, line 146).
Applied set_property IO_BUFFER_TYPE = NONE for DDR_we_n. (constraint file  c:/Users/aamalik3/Desktop/ICAP_Readback/Benchmarks/RISC_BENCHMARKS_BASE_PROJ/RISC_BENCHMARKS_BASE_PROJ.srcs/sources_1/bd/design_1/ip/design_1_processing_system7_0_0/design_1_processing_system7_0_0/design_1_processing_system7_0_0_in_context.xdc, line 147).
Applied set_property CLOCK_BUFFER_TYPE = NONE for DDR_we_n. (constraint file  c:/Users/aamalik3/Desktop/ICAP_Readback/Benchmarks/RISC_BENCHMARKS_BASE_PROJ/RISC_BENCHMARKS_BASE_PROJ.srcs/sources_1/bd/design_1/ip/design_1_processing_system7_0_0/design_1_processing_system7_0_0/design_1_processing_system7_0_0_in_context.xdc, line 148).
Applied set_property IO_BUFFER_TYPE = NONE for FIXED_IO_mio[0]. (constraint file  c:/Users/aamalik3/Desktop/ICAP_Readback/Benchmarks/RISC_BENCHMARKS_BASE_PROJ/RISC_BENCHMARKS_BASE_PROJ.srcs/sources_1/bd/design_1/ip/design_1_processing_system7_0_0/design_1_processing_system7_0_0/design_1_processing_system7_0_0_in_context.xdc, line 149).
Applied set_property CLOCK_BUFFER_TYPE = NONE for FIXED_IO_mio[0]. (constraint file  c:/Users/aamalik3/Desktop/ICAP_Readback/Benchmarks/RISC_BENCHMARKS_BASE_PROJ/RISC_BENCHMARKS_BASE_PROJ.srcs/sources_1/bd/design_1/ip/design_1_processing_system7_0_0/design_1_processing_system7_0_0/design_1_processing_system7_0_0_in_context.xdc, line 150).
Applied set_property IO_BUFFER_TYPE = NONE for FIXED_IO_mio[10]. (constraint file  c:/Users/aamalik3/Desktop/ICAP_Readback/Benchmarks/RISC_BENCHMARKS_BASE_PROJ/RISC_BENCHMARKS_BASE_PROJ.srcs/sources_1/bd/design_1/ip/design_1_processing_system7_0_0/design_1_processing_system7_0_0/design_1_processing_system7_0_0_in_context.xdc, line 151).
Applied set_property CLOCK_BUFFER_TYPE = NONE for FIXED_IO_mio[10]. (constraint file  c:/Users/aamalik3/Desktop/ICAP_Readback/Benchmarks/RISC_BENCHMARKS_BASE_PROJ/RISC_BENCHMARKS_BASE_PROJ.srcs/sources_1/bd/design_1/ip/design_1_processing_system7_0_0/design_1_processing_system7_0_0/design_1_processing_system7_0_0_in_context.xdc, line 152).
Applied set_property IO_BUFFER_TYPE = NONE for FIXED_IO_mio[11]. (constraint file  c:/Users/aamalik3/Desktop/ICAP_Readback/Benchmarks/RISC_BENCHMARKS_BASE_PROJ/RISC_BENCHMARKS_BASE_PROJ.srcs/sources_1/bd/design_1/ip/design_1_processing_system7_0_0/design_1_processing_system7_0_0/design_1_processing_system7_0_0_in_context.xdc, line 153).
Applied set_property CLOCK_BUFFER_TYPE = NONE for FIXED_IO_mio[11]. (constraint file  c:/Users/aamalik3/Desktop/ICAP_Readback/Benchmarks/RISC_BENCHMARKS_BASE_PROJ/RISC_BENCHMARKS_BASE_PROJ.srcs/sources_1/bd/design_1/ip/design_1_processing_system7_0_0/design_1_processing_system7_0_0/design_1_processing_system7_0_0_in_context.xdc, line 154).
Applied set_property IO_BUFFER_TYPE = NONE for FIXED_IO_mio[12]. (constraint file  c:/Users/aamalik3/Desktop/ICAP_Readback/Benchmarks/RISC_BENCHMARKS_BASE_PROJ/RISC_BENCHMARKS_BASE_PROJ.srcs/sources_1/bd/design_1/ip/design_1_processing_system7_0_0/design_1_processing_system7_0_0/design_1_processing_system7_0_0_in_context.xdc, line 155).
Applied set_property CLOCK_BUFFER_TYPE = NONE for FIXED_IO_mio[12]. (constraint file  c:/Users/aamalik3/Desktop/ICAP_Readback/Benchmarks/RISC_BENCHMARKS_BASE_PROJ/RISC_BENCHMARKS_BASE_PROJ.srcs/sources_1/bd/design_1/ip/design_1_processing_system7_0_0/design_1_processing_system7_0_0/design_1_processing_system7_0_0_in_context.xdc, line 156).
Applied set_property IO_BUFFER_TYPE = NONE for FIXED_IO_mio[13]. (constraint file  c:/Users/aamalik3/Desktop/ICAP_Readback/Benchmarks/RISC_BENCHMARKS_BASE_PROJ/RISC_BENCHMARKS_BASE_PROJ.srcs/sources_1/bd/design_1/ip/design_1_processing_system7_0_0/design_1_processing_system7_0_0/design_1_processing_system7_0_0_in_context.xdc, line 157).
Applied set_property CLOCK_BUFFER_TYPE = NONE for FIXED_IO_mio[13]. (constraint file  c:/Users/aamalik3/Desktop/ICAP_Readback/Benchmarks/RISC_BENCHMARKS_BASE_PROJ/RISC_BENCHMARKS_BASE_PROJ.srcs/sources_1/bd/design_1/ip/design_1_processing_system7_0_0/design_1_processing_system7_0_0/design_1_processing_system7_0_0_in_context.xdc, line 158).
Applied set_property IO_BUFFER_TYPE = NONE for FIXED_IO_mio[14]. (constraint file  c:/Users/aamalik3/Desktop/ICAP_Readback/Benchmarks/RISC_BENCHMARKS_BASE_PROJ/RISC_BENCHMARKS_BASE_PROJ.srcs/sources_1/bd/design_1/ip/design_1_processing_system7_0_0/design_1_processing_system7_0_0/design_1_processing_system7_0_0_in_context.xdc, line 159).
Applied set_property CLOCK_BUFFER_TYPE = NONE for FIXED_IO_mio[14]. (constraint file  c:/Users/aamalik3/Desktop/ICAP_Readback/Benchmarks/RISC_BENCHMARKS_BASE_PROJ/RISC_BENCHMARKS_BASE_PROJ.srcs/sources_1/bd/design_1/ip/design_1_processing_system7_0_0/design_1_processing_system7_0_0/design_1_processing_system7_0_0_in_context.xdc, line 160).
Applied set_property IO_BUFFER_TYPE = NONE for FIXED_IO_mio[15]. (constraint file  c:/Users/aamalik3/Desktop/ICAP_Readback/Benchmarks/RISC_BENCHMARKS_BASE_PROJ/RISC_BENCHMARKS_BASE_PROJ.srcs/sources_1/bd/design_1/ip/design_1_processing_system7_0_0/design_1_processing_system7_0_0/design_1_processing_system7_0_0_in_context.xdc, line 161).
Applied set_property CLOCK_BUFFER_TYPE = NONE for FIXED_IO_mio[15]. (constraint file  c:/Users/aamalik3/Desktop/ICAP_Readback/Benchmarks/RISC_BENCHMARKS_BASE_PROJ/RISC_BENCHMARKS_BASE_PROJ.srcs/sources_1/bd/design_1/ip/design_1_processing_system7_0_0/design_1_processing_system7_0_0/design_1_processing_system7_0_0_in_context.xdc, line 162).
Applied set_property IO_BUFFER_TYPE = NONE for FIXED_IO_mio[16]. (constraint file  c:/Users/aamalik3/Desktop/ICAP_Readback/Benchmarks/RISC_BENCHMARKS_BASE_PROJ/RISC_BENCHMARKS_BASE_PROJ.srcs/sources_1/bd/design_1/ip/design_1_processing_system7_0_0/design_1_processing_system7_0_0/design_1_processing_system7_0_0_in_context.xdc, line 163).
Applied set_property CLOCK_BUFFER_TYPE = NONE for FIXED_IO_mio[16]. (constraint file  c:/Users/aamalik3/Desktop/ICAP_Readback/Benchmarks/RISC_BENCHMARKS_BASE_PROJ/RISC_BENCHMARKS_BASE_PROJ.srcs/sources_1/bd/design_1/ip/design_1_processing_system7_0_0/design_1_processing_system7_0_0/design_1_processing_system7_0_0_in_context.xdc, line 164).
Applied set_property IO_BUFFER_TYPE = NONE for FIXED_IO_mio[17]. (constraint file  c:/Users/aamalik3/Desktop/ICAP_Readback/Benchmarks/RISC_BENCHMARKS_BASE_PROJ/RISC_BENCHMARKS_BASE_PROJ.srcs/sources_1/bd/design_1/ip/design_1_processing_system7_0_0/design_1_processing_system7_0_0/design_1_processing_system7_0_0_in_context.xdc, line 165).
Applied set_property CLOCK_BUFFER_TYPE = NONE for FIXED_IO_mio[17]. (constraint file  c:/Users/aamalik3/Desktop/ICAP_Readback/Benchmarks/RISC_BENCHMARKS_BASE_PROJ/RISC_BENCHMARKS_BASE_PROJ.srcs/sources_1/bd/design_1/ip/design_1_processing_system7_0_0/design_1_processing_system7_0_0/design_1_processing_system7_0_0_in_context.xdc, line 166).
Applied set_property IO_BUFFER_TYPE = NONE for FIXED_IO_mio[18]. (constraint file  c:/Users/aamalik3/Desktop/ICAP_Readback/Benchmarks/RISC_BENCHMARKS_BASE_PROJ/RISC_BENCHMARKS_BASE_PROJ.srcs/sources_1/bd/design_1/ip/design_1_processing_system7_0_0/design_1_processing_system7_0_0/design_1_processing_system7_0_0_in_context.xdc, line 167).
Applied set_property CLOCK_BUFFER_TYPE = NONE for FIXED_IO_mio[18]. (constraint file  c:/Users/aamalik3/Desktop/ICAP_Readback/Benchmarks/RISC_BENCHMARKS_BASE_PROJ/RISC_BENCHMARKS_BASE_PROJ.srcs/sources_1/bd/design_1/ip/design_1_processing_system7_0_0/design_1_processing_system7_0_0/design_1_processing_system7_0_0_in_context.xdc, line 168).
Applied set_property IO_BUFFER_TYPE = NONE for FIXED_IO_mio[19]. (constraint file  c:/Users/aamalik3/Desktop/ICAP_Readback/Benchmarks/RISC_BENCHMARKS_BASE_PROJ/RISC_BENCHMARKS_BASE_PROJ.srcs/sources_1/bd/design_1/ip/design_1_processing_system7_0_0/design_1_processing_system7_0_0/design_1_processing_system7_0_0_in_context.xdc, line 169).
Applied set_property CLOCK_BUFFER_TYPE = NONE for FIXED_IO_mio[19]. (constraint file  c:/Users/aamalik3/Desktop/ICAP_Readback/Benchmarks/RISC_BENCHMARKS_BASE_PROJ/RISC_BENCHMARKS_BASE_PROJ.srcs/sources_1/bd/design_1/ip/design_1_processing_system7_0_0/design_1_processing_system7_0_0/design_1_processing_system7_0_0_in_context.xdc, line 170).
Applied set_property IO_BUFFER_TYPE = NONE for FIXED_IO_mio[1]. (constraint file  c:/Users/aamalik3/Desktop/ICAP_Readback/Benchmarks/RISC_BENCHMARKS_BASE_PROJ/RISC_BENCHMARKS_BASE_PROJ.srcs/sources_1/bd/design_1/ip/design_1_processing_system7_0_0/design_1_processing_system7_0_0/design_1_processing_system7_0_0_in_context.xdc, line 171).
Applied set_property CLOCK_BUFFER_TYPE = NONE for FIXED_IO_mio[1]. (constraint file  c:/Users/aamalik3/Desktop/ICAP_Readback/Benchmarks/RISC_BENCHMARKS_BASE_PROJ/RISC_BENCHMARKS_BASE_PROJ.srcs/sources_1/bd/design_1/ip/design_1_processing_system7_0_0/design_1_processing_system7_0_0/design_1_processing_system7_0_0_in_context.xdc, line 172).
Applied set_property IO_BUFFER_TYPE = NONE for FIXED_IO_mio[20]. (constraint file  c:/Users/aamalik3/Desktop/ICAP_Readback/Benchmarks/RISC_BENCHMARKS_BASE_PROJ/RISC_BENCHMARKS_BASE_PROJ.srcs/sources_1/bd/design_1/ip/design_1_processing_system7_0_0/design_1_processing_system7_0_0/design_1_processing_system7_0_0_in_context.xdc, line 173).
Applied set_property CLOCK_BUFFER_TYPE = NONE for FIXED_IO_mio[20]. (constraint file  c:/Users/aamalik3/Desktop/ICAP_Readback/Benchmarks/RISC_BENCHMARKS_BASE_PROJ/RISC_BENCHMARKS_BASE_PROJ.srcs/sources_1/bd/design_1/ip/design_1_processing_system7_0_0/design_1_processing_system7_0_0/design_1_processing_system7_0_0_in_context.xdc, line 174).
Applied set_property IO_BUFFER_TYPE = NONE for FIXED_IO_mio[21]. (constraint file  c:/Users/aamalik3/Desktop/ICAP_Readback/Benchmarks/RISC_BENCHMARKS_BASE_PROJ/RISC_BENCHMARKS_BASE_PROJ.srcs/sources_1/bd/design_1/ip/design_1_processing_system7_0_0/design_1_processing_system7_0_0/design_1_processing_system7_0_0_in_context.xdc, line 175).
Applied set_property CLOCK_BUFFER_TYPE = NONE for FIXED_IO_mio[21]. (constraint file  c:/Users/aamalik3/Desktop/ICAP_Readback/Benchmarks/RISC_BENCHMARKS_BASE_PROJ/RISC_BENCHMARKS_BASE_PROJ.srcs/sources_1/bd/design_1/ip/design_1_processing_system7_0_0/design_1_processing_system7_0_0/design_1_processing_system7_0_0_in_context.xdc, line 176).
Applied set_property IO_BUFFER_TYPE = NONE for FIXED_IO_mio[22]. (constraint file  c:/Users/aamalik3/Desktop/ICAP_Readback/Benchmarks/RISC_BENCHMARKS_BASE_PROJ/RISC_BENCHMARKS_BASE_PROJ.srcs/sources_1/bd/design_1/ip/design_1_processing_system7_0_0/design_1_processing_system7_0_0/design_1_processing_system7_0_0_in_context.xdc, line 177).
Applied set_property CLOCK_BUFFER_TYPE = NONE for FIXED_IO_mio[22]. (constraint file  c:/Users/aamalik3/Desktop/ICAP_Readback/Benchmarks/RISC_BENCHMARKS_BASE_PROJ/RISC_BENCHMARKS_BASE_PROJ.srcs/sources_1/bd/design_1/ip/design_1_processing_system7_0_0/design_1_processing_system7_0_0/design_1_processing_system7_0_0_in_context.xdc, line 178).
Applied set_property IO_BUFFER_TYPE = NONE for FIXED_IO_mio[23]. (constraint file  c:/Users/aamalik3/Desktop/ICAP_Readback/Benchmarks/RISC_BENCHMARKS_BASE_PROJ/RISC_BENCHMARKS_BASE_PROJ.srcs/sources_1/bd/design_1/ip/design_1_processing_system7_0_0/design_1_processing_system7_0_0/design_1_processing_system7_0_0_in_context.xdc, line 179).
Applied set_property CLOCK_BUFFER_TYPE = NONE for FIXED_IO_mio[23]. (constraint file  c:/Users/aamalik3/Desktop/ICAP_Readback/Benchmarks/RISC_BENCHMARKS_BASE_PROJ/RISC_BENCHMARKS_BASE_PROJ.srcs/sources_1/bd/design_1/ip/design_1_processing_system7_0_0/design_1_processing_system7_0_0/design_1_processing_system7_0_0_in_context.xdc, line 180).
Applied set_property IO_BUFFER_TYPE = NONE for FIXED_IO_mio[24]. (constraint file  c:/Users/aamalik3/Desktop/ICAP_Readback/Benchmarks/RISC_BENCHMARKS_BASE_PROJ/RISC_BENCHMARKS_BASE_PROJ.srcs/sources_1/bd/design_1/ip/design_1_processing_system7_0_0/design_1_processing_system7_0_0/design_1_processing_system7_0_0_in_context.xdc, line 181).
Applied set_property CLOCK_BUFFER_TYPE = NONE for FIXED_IO_mio[24]. (constraint file  c:/Users/aamalik3/Desktop/ICAP_Readback/Benchmarks/RISC_BENCHMARKS_BASE_PROJ/RISC_BENCHMARKS_BASE_PROJ.srcs/sources_1/bd/design_1/ip/design_1_processing_system7_0_0/design_1_processing_system7_0_0/design_1_processing_system7_0_0_in_context.xdc, line 182).
Applied set_property IO_BUFFER_TYPE = NONE for FIXED_IO_mio[25]. (constraint file  c:/Users/aamalik3/Desktop/ICAP_Readback/Benchmarks/RISC_BENCHMARKS_BASE_PROJ/RISC_BENCHMARKS_BASE_PROJ.srcs/sources_1/bd/design_1/ip/design_1_processing_system7_0_0/design_1_processing_system7_0_0/design_1_processing_system7_0_0_in_context.xdc, line 183).
Applied set_property CLOCK_BUFFER_TYPE = NONE for FIXED_IO_mio[25]. (constraint file  c:/Users/aamalik3/Desktop/ICAP_Readback/Benchmarks/RISC_BENCHMARKS_BASE_PROJ/RISC_BENCHMARKS_BASE_PROJ.srcs/sources_1/bd/design_1/ip/design_1_processing_system7_0_0/design_1_processing_system7_0_0/design_1_processing_system7_0_0_in_context.xdc, line 184).
Applied set_property IO_BUFFER_TYPE = NONE for FIXED_IO_mio[26]. (constraint file  c:/Users/aamalik3/Desktop/ICAP_Readback/Benchmarks/RISC_BENCHMARKS_BASE_PROJ/RISC_BENCHMARKS_BASE_PROJ.srcs/sources_1/bd/design_1/ip/design_1_processing_system7_0_0/design_1_processing_system7_0_0/design_1_processing_system7_0_0_in_context.xdc, line 185).
Applied set_property CLOCK_BUFFER_TYPE = NONE for FIXED_IO_mio[26]. (constraint file  c:/Users/aamalik3/Desktop/ICAP_Readback/Benchmarks/RISC_BENCHMARKS_BASE_PROJ/RISC_BENCHMARKS_BASE_PROJ.srcs/sources_1/bd/design_1/ip/design_1_processing_system7_0_0/design_1_processing_system7_0_0/design_1_processing_system7_0_0_in_context.xdc, line 186).
Applied set_property IO_BUFFER_TYPE = NONE for FIXED_IO_mio[27]. (constraint file  c:/Users/aamalik3/Desktop/ICAP_Readback/Benchmarks/RISC_BENCHMARKS_BASE_PROJ/RISC_BENCHMARKS_BASE_PROJ.srcs/sources_1/bd/design_1/ip/design_1_processing_system7_0_0/design_1_processing_system7_0_0/design_1_processing_system7_0_0_in_context.xdc, line 187).
Applied set_property CLOCK_BUFFER_TYPE = NONE for FIXED_IO_mio[27]. (constraint file  c:/Users/aamalik3/Desktop/ICAP_Readback/Benchmarks/RISC_BENCHMARKS_BASE_PROJ/RISC_BENCHMARKS_BASE_PROJ.srcs/sources_1/bd/design_1/ip/design_1_processing_system7_0_0/design_1_processing_system7_0_0/design_1_processing_system7_0_0_in_context.xdc, line 188).
Applied set_property IO_BUFFER_TYPE = NONE for FIXED_IO_mio[28]. (constraint file  c:/Users/aamalik3/Desktop/ICAP_Readback/Benchmarks/RISC_BENCHMARKS_BASE_PROJ/RISC_BENCHMARKS_BASE_PROJ.srcs/sources_1/bd/design_1/ip/design_1_processing_system7_0_0/design_1_processing_system7_0_0/design_1_processing_system7_0_0_in_context.xdc, line 189).
Applied set_property CLOCK_BUFFER_TYPE = NONE for FIXED_IO_mio[28]. (constraint file  c:/Users/aamalik3/Desktop/ICAP_Readback/Benchmarks/RISC_BENCHMARKS_BASE_PROJ/RISC_BENCHMARKS_BASE_PROJ.srcs/sources_1/bd/design_1/ip/design_1_processing_system7_0_0/design_1_processing_system7_0_0/design_1_processing_system7_0_0_in_context.xdc, line 190).
Applied set_property IO_BUFFER_TYPE = NONE for FIXED_IO_mio[29]. (constraint file  c:/Users/aamalik3/Desktop/ICAP_Readback/Benchmarks/RISC_BENCHMARKS_BASE_PROJ/RISC_BENCHMARKS_BASE_PROJ.srcs/sources_1/bd/design_1/ip/design_1_processing_system7_0_0/design_1_processing_system7_0_0/design_1_processing_system7_0_0_in_context.xdc, line 191).
Applied set_property CLOCK_BUFFER_TYPE = NONE for FIXED_IO_mio[29]. (constraint file  c:/Users/aamalik3/Desktop/ICAP_Readback/Benchmarks/RISC_BENCHMARKS_BASE_PROJ/RISC_BENCHMARKS_BASE_PROJ.srcs/sources_1/bd/design_1/ip/design_1_processing_system7_0_0/design_1_processing_system7_0_0/design_1_processing_system7_0_0_in_context.xdc, line 192).
Applied set_property IO_BUFFER_TYPE = NONE for FIXED_IO_mio[2]. (constraint file  c:/Users/aamalik3/Desktop/ICAP_Readback/Benchmarks/RISC_BENCHMARKS_BASE_PROJ/RISC_BENCHMARKS_BASE_PROJ.srcs/sources_1/bd/design_1/ip/design_1_processing_system7_0_0/design_1_processing_system7_0_0/design_1_processing_system7_0_0_in_context.xdc, line 193).
Applied set_property CLOCK_BUFFER_TYPE = NONE for FIXED_IO_mio[2]. (constraint file  c:/Users/aamalik3/Desktop/ICAP_Readback/Benchmarks/RISC_BENCHMARKS_BASE_PROJ/RISC_BENCHMARKS_BASE_PROJ.srcs/sources_1/bd/design_1/ip/design_1_processing_system7_0_0/design_1_processing_system7_0_0/design_1_processing_system7_0_0_in_context.xdc, line 194).
Applied set_property IO_BUFFER_TYPE = NONE for FIXED_IO_mio[30]. (constraint file  c:/Users/aamalik3/Desktop/ICAP_Readback/Benchmarks/RISC_BENCHMARKS_BASE_PROJ/RISC_BENCHMARKS_BASE_PROJ.srcs/sources_1/bd/design_1/ip/design_1_processing_system7_0_0/design_1_processing_system7_0_0/design_1_processing_system7_0_0_in_context.xdc, line 195).
Applied set_property CLOCK_BUFFER_TYPE = NONE for FIXED_IO_mio[30]. (constraint file  c:/Users/aamalik3/Desktop/ICAP_Readback/Benchmarks/RISC_BENCHMARKS_BASE_PROJ/RISC_BENCHMARKS_BASE_PROJ.srcs/sources_1/bd/design_1/ip/design_1_processing_system7_0_0/design_1_processing_system7_0_0/design_1_processing_system7_0_0_in_context.xdc, line 196).
Applied set_property IO_BUFFER_TYPE = NONE for FIXED_IO_mio[31]. (constraint file  c:/Users/aamalik3/Desktop/ICAP_Readback/Benchmarks/RISC_BENCHMARKS_BASE_PROJ/RISC_BENCHMARKS_BASE_PROJ.srcs/sources_1/bd/design_1/ip/design_1_processing_system7_0_0/design_1_processing_system7_0_0/design_1_processing_system7_0_0_in_context.xdc, line 197).
Applied set_property CLOCK_BUFFER_TYPE = NONE for FIXED_IO_mio[31]. (constraint file  c:/Users/aamalik3/Desktop/ICAP_Readback/Benchmarks/RISC_BENCHMARKS_BASE_PROJ/RISC_BENCHMARKS_BASE_PROJ.srcs/sources_1/bd/design_1/ip/design_1_processing_system7_0_0/design_1_processing_system7_0_0/design_1_processing_system7_0_0_in_context.xdc, line 198).
Applied set_property IO_BUFFER_TYPE = NONE for FIXED_IO_mio[32]. (constraint file  c:/Users/aamalik3/Desktop/ICAP_Readback/Benchmarks/RISC_BENCHMARKS_BASE_PROJ/RISC_BENCHMARKS_BASE_PROJ.srcs/sources_1/bd/design_1/ip/design_1_processing_system7_0_0/design_1_processing_system7_0_0/design_1_processing_system7_0_0_in_context.xdc, line 199).
Applied set_property CLOCK_BUFFER_TYPE = NONE for FIXED_IO_mio[32]. (constraint file  c:/Users/aamalik3/Desktop/ICAP_Readback/Benchmarks/RISC_BENCHMARKS_BASE_PROJ/RISC_BENCHMARKS_BASE_PROJ.srcs/sources_1/bd/design_1/ip/design_1_processing_system7_0_0/design_1_processing_system7_0_0/design_1_processing_system7_0_0_in_context.xdc, line 200).
Applied set_property IO_BUFFER_TYPE = NONE for FIXED_IO_mio[33]. (constraint file  c:/Users/aamalik3/Desktop/ICAP_Readback/Benchmarks/RISC_BENCHMARKS_BASE_PROJ/RISC_BENCHMARKS_BASE_PROJ.srcs/sources_1/bd/design_1/ip/design_1_processing_system7_0_0/design_1_processing_system7_0_0/design_1_processing_system7_0_0_in_context.xdc, line 201).
Applied set_property CLOCK_BUFFER_TYPE = NONE for FIXED_IO_mio[33]. (constraint file  c:/Users/aamalik3/Desktop/ICAP_Readback/Benchmarks/RISC_BENCHMARKS_BASE_PROJ/RISC_BENCHMARKS_BASE_PROJ.srcs/sources_1/bd/design_1/ip/design_1_processing_system7_0_0/design_1_processing_system7_0_0/design_1_processing_system7_0_0_in_context.xdc, line 202).
Applied set_property IO_BUFFER_TYPE = NONE for FIXED_IO_mio[34]. (constraint file  c:/Users/aamalik3/Desktop/ICAP_Readback/Benchmarks/RISC_BENCHMARKS_BASE_PROJ/RISC_BENCHMARKS_BASE_PROJ.srcs/sources_1/bd/design_1/ip/design_1_processing_system7_0_0/design_1_processing_system7_0_0/design_1_processing_system7_0_0_in_context.xdc, line 203).
Applied set_property CLOCK_BUFFER_TYPE = NONE for FIXED_IO_mio[34]. (constraint file  c:/Users/aamalik3/Desktop/ICAP_Readback/Benchmarks/RISC_BENCHMARKS_BASE_PROJ/RISC_BENCHMARKS_BASE_PROJ.srcs/sources_1/bd/design_1/ip/design_1_processing_system7_0_0/design_1_processing_system7_0_0/design_1_processing_system7_0_0_in_context.xdc, line 204).
Applied set_property IO_BUFFER_TYPE = NONE for FIXED_IO_mio[35]. (constraint file  c:/Users/aamalik3/Desktop/ICAP_Readback/Benchmarks/RISC_BENCHMARKS_BASE_PROJ/RISC_BENCHMARKS_BASE_PROJ.srcs/sources_1/bd/design_1/ip/design_1_processing_system7_0_0/design_1_processing_system7_0_0/design_1_processing_system7_0_0_in_context.xdc, line 205).
Applied set_property CLOCK_BUFFER_TYPE = NONE for FIXED_IO_mio[35]. (constraint file  c:/Users/aamalik3/Desktop/ICAP_Readback/Benchmarks/RISC_BENCHMARKS_BASE_PROJ/RISC_BENCHMARKS_BASE_PROJ.srcs/sources_1/bd/design_1/ip/design_1_processing_system7_0_0/design_1_processing_system7_0_0/design_1_processing_system7_0_0_in_context.xdc, line 206).
Applied set_property IO_BUFFER_TYPE = NONE for FIXED_IO_mio[36]. (constraint file  c:/Users/aamalik3/Desktop/ICAP_Readback/Benchmarks/RISC_BENCHMARKS_BASE_PROJ/RISC_BENCHMARKS_BASE_PROJ.srcs/sources_1/bd/design_1/ip/design_1_processing_system7_0_0/design_1_processing_system7_0_0/design_1_processing_system7_0_0_in_context.xdc, line 207).
Applied set_property CLOCK_BUFFER_TYPE = NONE for FIXED_IO_mio[36]. (constraint file  c:/Users/aamalik3/Desktop/ICAP_Readback/Benchmarks/RISC_BENCHMARKS_BASE_PROJ/RISC_BENCHMARKS_BASE_PROJ.srcs/sources_1/bd/design_1/ip/design_1_processing_system7_0_0/design_1_processing_system7_0_0/design_1_processing_system7_0_0_in_context.xdc, line 208).
Applied set_property IO_BUFFER_TYPE = NONE for FIXED_IO_mio[37]. (constraint file  c:/Users/aamalik3/Desktop/ICAP_Readback/Benchmarks/RISC_BENCHMARKS_BASE_PROJ/RISC_BENCHMARKS_BASE_PROJ.srcs/sources_1/bd/design_1/ip/design_1_processing_system7_0_0/design_1_processing_system7_0_0/design_1_processing_system7_0_0_in_context.xdc, line 209).
Applied set_property CLOCK_BUFFER_TYPE = NONE for FIXED_IO_mio[37]. (constraint file  c:/Users/aamalik3/Desktop/ICAP_Readback/Benchmarks/RISC_BENCHMARKS_BASE_PROJ/RISC_BENCHMARKS_BASE_PROJ.srcs/sources_1/bd/design_1/ip/design_1_processing_system7_0_0/design_1_processing_system7_0_0/design_1_processing_system7_0_0_in_context.xdc, line 210).
Applied set_property IO_BUFFER_TYPE = NONE for FIXED_IO_mio[38]. (constraint file  c:/Users/aamalik3/Desktop/ICAP_Readback/Benchmarks/RISC_BENCHMARKS_BASE_PROJ/RISC_BENCHMARKS_BASE_PROJ.srcs/sources_1/bd/design_1/ip/design_1_processing_system7_0_0/design_1_processing_system7_0_0/design_1_processing_system7_0_0_in_context.xdc, line 211).
Applied set_property CLOCK_BUFFER_TYPE = NONE for FIXED_IO_mio[38]. (constraint file  c:/Users/aamalik3/Desktop/ICAP_Readback/Benchmarks/RISC_BENCHMARKS_BASE_PROJ/RISC_BENCHMARKS_BASE_PROJ.srcs/sources_1/bd/design_1/ip/design_1_processing_system7_0_0/design_1_processing_system7_0_0/design_1_processing_system7_0_0_in_context.xdc, line 212).
Applied set_property IO_BUFFER_TYPE = NONE for FIXED_IO_mio[39]. (constraint file  c:/Users/aamalik3/Desktop/ICAP_Readback/Benchmarks/RISC_BENCHMARKS_BASE_PROJ/RISC_BENCHMARKS_BASE_PROJ.srcs/sources_1/bd/design_1/ip/design_1_processing_system7_0_0/design_1_processing_system7_0_0/design_1_processing_system7_0_0_in_context.xdc, line 213).
Applied set_property CLOCK_BUFFER_TYPE = NONE for FIXED_IO_mio[39]. (constraint file  c:/Users/aamalik3/Desktop/ICAP_Readback/Benchmarks/RISC_BENCHMARKS_BASE_PROJ/RISC_BENCHMARKS_BASE_PROJ.srcs/sources_1/bd/design_1/ip/design_1_processing_system7_0_0/design_1_processing_system7_0_0/design_1_processing_system7_0_0_in_context.xdc, line 214).
Applied set_property IO_BUFFER_TYPE = NONE for FIXED_IO_mio[3]. (constraint file  c:/Users/aamalik3/Desktop/ICAP_Readback/Benchmarks/RISC_BENCHMARKS_BASE_PROJ/RISC_BENCHMARKS_BASE_PROJ.srcs/sources_1/bd/design_1/ip/design_1_processing_system7_0_0/design_1_processing_system7_0_0/design_1_processing_system7_0_0_in_context.xdc, line 215).
Applied set_property CLOCK_BUFFER_TYPE = NONE for FIXED_IO_mio[3]. (constraint file  c:/Users/aamalik3/Desktop/ICAP_Readback/Benchmarks/RISC_BENCHMARKS_BASE_PROJ/RISC_BENCHMARKS_BASE_PROJ.srcs/sources_1/bd/design_1/ip/design_1_processing_system7_0_0/design_1_processing_system7_0_0/design_1_processing_system7_0_0_in_context.xdc, line 216).
Applied set_property IO_BUFFER_TYPE = NONE for FIXED_IO_mio[40]. (constraint file  c:/Users/aamalik3/Desktop/ICAP_Readback/Benchmarks/RISC_BENCHMARKS_BASE_PROJ/RISC_BENCHMARKS_BASE_PROJ.srcs/sources_1/bd/design_1/ip/design_1_processing_system7_0_0/design_1_processing_system7_0_0/design_1_processing_system7_0_0_in_context.xdc, line 217).
Applied set_property CLOCK_BUFFER_TYPE = NONE for FIXED_IO_mio[40]. (constraint file  c:/Users/aamalik3/Desktop/ICAP_Readback/Benchmarks/RISC_BENCHMARKS_BASE_PROJ/RISC_BENCHMARKS_BASE_PROJ.srcs/sources_1/bd/design_1/ip/design_1_processing_system7_0_0/design_1_processing_system7_0_0/design_1_processing_system7_0_0_in_context.xdc, line 218).
Applied set_property IO_BUFFER_TYPE = NONE for FIXED_IO_mio[41]. (constraint file  c:/Users/aamalik3/Desktop/ICAP_Readback/Benchmarks/RISC_BENCHMARKS_BASE_PROJ/RISC_BENCHMARKS_BASE_PROJ.srcs/sources_1/bd/design_1/ip/design_1_processing_system7_0_0/design_1_processing_system7_0_0/design_1_processing_system7_0_0_in_context.xdc, line 219).
Applied set_property CLOCK_BUFFER_TYPE = NONE for FIXED_IO_mio[41]. (constraint file  c:/Users/aamalik3/Desktop/ICAP_Readback/Benchmarks/RISC_BENCHMARKS_BASE_PROJ/RISC_BENCHMARKS_BASE_PROJ.srcs/sources_1/bd/design_1/ip/design_1_processing_system7_0_0/design_1_processing_system7_0_0/design_1_processing_system7_0_0_in_context.xdc, line 220).
Applied set_property IO_BUFFER_TYPE = NONE for FIXED_IO_mio[42]. (constraint file  c:/Users/aamalik3/Desktop/ICAP_Readback/Benchmarks/RISC_BENCHMARKS_BASE_PROJ/RISC_BENCHMARKS_BASE_PROJ.srcs/sources_1/bd/design_1/ip/design_1_processing_system7_0_0/design_1_processing_system7_0_0/design_1_processing_system7_0_0_in_context.xdc, line 221).
Applied set_property CLOCK_BUFFER_TYPE = NONE for FIXED_IO_mio[42]. (constraint file  c:/Users/aamalik3/Desktop/ICAP_Readback/Benchmarks/RISC_BENCHMARKS_BASE_PROJ/RISC_BENCHMARKS_BASE_PROJ.srcs/sources_1/bd/design_1/ip/design_1_processing_system7_0_0/design_1_processing_system7_0_0/design_1_processing_system7_0_0_in_context.xdc, line 222).
Applied set_property IO_BUFFER_TYPE = NONE for FIXED_IO_mio[43]. (constraint file  c:/Users/aamalik3/Desktop/ICAP_Readback/Benchmarks/RISC_BENCHMARKS_BASE_PROJ/RISC_BENCHMARKS_BASE_PROJ.srcs/sources_1/bd/design_1/ip/design_1_processing_system7_0_0/design_1_processing_system7_0_0/design_1_processing_system7_0_0_in_context.xdc, line 223).
Applied set_property CLOCK_BUFFER_TYPE = NONE for FIXED_IO_mio[43]. (constraint file  c:/Users/aamalik3/Desktop/ICAP_Readback/Benchmarks/RISC_BENCHMARKS_BASE_PROJ/RISC_BENCHMARKS_BASE_PROJ.srcs/sources_1/bd/design_1/ip/design_1_processing_system7_0_0/design_1_processing_system7_0_0/design_1_processing_system7_0_0_in_context.xdc, line 224).
Applied set_property IO_BUFFER_TYPE = NONE for FIXED_IO_mio[44]. (constraint file  c:/Users/aamalik3/Desktop/ICAP_Readback/Benchmarks/RISC_BENCHMARKS_BASE_PROJ/RISC_BENCHMARKS_BASE_PROJ.srcs/sources_1/bd/design_1/ip/design_1_processing_system7_0_0/design_1_processing_system7_0_0/design_1_processing_system7_0_0_in_context.xdc, line 225).
Applied set_property CLOCK_BUFFER_TYPE = NONE for FIXED_IO_mio[44]. (constraint file  c:/Users/aamalik3/Desktop/ICAP_Readback/Benchmarks/RISC_BENCHMARKS_BASE_PROJ/RISC_BENCHMARKS_BASE_PROJ.srcs/sources_1/bd/design_1/ip/design_1_processing_system7_0_0/design_1_processing_system7_0_0/design_1_processing_system7_0_0_in_context.xdc, line 226).
Applied set_property IO_BUFFER_TYPE = NONE for FIXED_IO_mio[45]. (constraint file  c:/Users/aamalik3/Desktop/ICAP_Readback/Benchmarks/RISC_BENCHMARKS_BASE_PROJ/RISC_BENCHMARKS_BASE_PROJ.srcs/sources_1/bd/design_1/ip/design_1_processing_system7_0_0/design_1_processing_system7_0_0/design_1_processing_system7_0_0_in_context.xdc, line 227).
Applied set_property CLOCK_BUFFER_TYPE = NONE for FIXED_IO_mio[45]. (constraint file  c:/Users/aamalik3/Desktop/ICAP_Readback/Benchmarks/RISC_BENCHMARKS_BASE_PROJ/RISC_BENCHMARKS_BASE_PROJ.srcs/sources_1/bd/design_1/ip/design_1_processing_system7_0_0/design_1_processing_system7_0_0/design_1_processing_system7_0_0_in_context.xdc, line 228).
Applied set_property IO_BUFFER_TYPE = NONE for FIXED_IO_mio[46]. (constraint file  c:/Users/aamalik3/Desktop/ICAP_Readback/Benchmarks/RISC_BENCHMARKS_BASE_PROJ/RISC_BENCHMARKS_BASE_PROJ.srcs/sources_1/bd/design_1/ip/design_1_processing_system7_0_0/design_1_processing_system7_0_0/design_1_processing_system7_0_0_in_context.xdc, line 229).
Applied set_property CLOCK_BUFFER_TYPE = NONE for FIXED_IO_mio[46]. (constraint file  c:/Users/aamalik3/Desktop/ICAP_Readback/Benchmarks/RISC_BENCHMARKS_BASE_PROJ/RISC_BENCHMARKS_BASE_PROJ.srcs/sources_1/bd/design_1/ip/design_1_processing_system7_0_0/design_1_processing_system7_0_0/design_1_processing_system7_0_0_in_context.xdc, line 230).
Applied set_property IO_BUFFER_TYPE = NONE for FIXED_IO_mio[47]. (constraint file  c:/Users/aamalik3/Desktop/ICAP_Readback/Benchmarks/RISC_BENCHMARKS_BASE_PROJ/RISC_BENCHMARKS_BASE_PROJ.srcs/sources_1/bd/design_1/ip/design_1_processing_system7_0_0/design_1_processing_system7_0_0/design_1_processing_system7_0_0_in_context.xdc, line 231).
Applied set_property CLOCK_BUFFER_TYPE = NONE for FIXED_IO_mio[47]. (constraint file  c:/Users/aamalik3/Desktop/ICAP_Readback/Benchmarks/RISC_BENCHMARKS_BASE_PROJ/RISC_BENCHMARKS_BASE_PROJ.srcs/sources_1/bd/design_1/ip/design_1_processing_system7_0_0/design_1_processing_system7_0_0/design_1_processing_system7_0_0_in_context.xdc, line 232).
Applied set_property IO_BUFFER_TYPE = NONE for FIXED_IO_mio[48]. (constraint file  c:/Users/aamalik3/Desktop/ICAP_Readback/Benchmarks/RISC_BENCHMARKS_BASE_PROJ/RISC_BENCHMARKS_BASE_PROJ.srcs/sources_1/bd/design_1/ip/design_1_processing_system7_0_0/design_1_processing_system7_0_0/design_1_processing_system7_0_0_in_context.xdc, line 233).
Applied set_property CLOCK_BUFFER_TYPE = NONE for FIXED_IO_mio[48]. (constraint file  c:/Users/aamalik3/Desktop/ICAP_Readback/Benchmarks/RISC_BENCHMARKS_BASE_PROJ/RISC_BENCHMARKS_BASE_PROJ.srcs/sources_1/bd/design_1/ip/design_1_processing_system7_0_0/design_1_processing_system7_0_0/design_1_processing_system7_0_0_in_context.xdc, line 234).
Applied set_property IO_BUFFER_TYPE = NONE for FIXED_IO_mio[49]. (constraint file  c:/Users/aamalik3/Desktop/ICAP_Readback/Benchmarks/RISC_BENCHMARKS_BASE_PROJ/RISC_BENCHMARKS_BASE_PROJ.srcs/sources_1/bd/design_1/ip/design_1_processing_system7_0_0/design_1_processing_system7_0_0/design_1_processing_system7_0_0_in_context.xdc, line 235).
Applied set_property CLOCK_BUFFER_TYPE = NONE for FIXED_IO_mio[49]. (constraint file  c:/Users/aamalik3/Desktop/ICAP_Readback/Benchmarks/RISC_BENCHMARKS_BASE_PROJ/RISC_BENCHMARKS_BASE_PROJ.srcs/sources_1/bd/design_1/ip/design_1_processing_system7_0_0/design_1_processing_system7_0_0/design_1_processing_system7_0_0_in_context.xdc, line 236).
Applied set_property IO_BUFFER_TYPE = NONE for FIXED_IO_mio[4]. (constraint file  c:/Users/aamalik3/Desktop/ICAP_Readback/Benchmarks/RISC_BENCHMARKS_BASE_PROJ/RISC_BENCHMARKS_BASE_PROJ.srcs/sources_1/bd/design_1/ip/design_1_processing_system7_0_0/design_1_processing_system7_0_0/design_1_processing_system7_0_0_in_context.xdc, line 237).
Applied set_property CLOCK_BUFFER_TYPE = NONE for FIXED_IO_mio[4]. (constraint file  c:/Users/aamalik3/Desktop/ICAP_Readback/Benchmarks/RISC_BENCHMARKS_BASE_PROJ/RISC_BENCHMARKS_BASE_PROJ.srcs/sources_1/bd/design_1/ip/design_1_processing_system7_0_0/design_1_processing_system7_0_0/design_1_processing_system7_0_0_in_context.xdc, line 238).
Applied set_property IO_BUFFER_TYPE = NONE for FIXED_IO_mio[50]. (constraint file  c:/Users/aamalik3/Desktop/ICAP_Readback/Benchmarks/RISC_BENCHMARKS_BASE_PROJ/RISC_BENCHMARKS_BASE_PROJ.srcs/sources_1/bd/design_1/ip/design_1_processing_system7_0_0/design_1_processing_system7_0_0/design_1_processing_system7_0_0_in_context.xdc, line 239).
Applied set_property CLOCK_BUFFER_TYPE = NONE for FIXED_IO_mio[50]. (constraint file  c:/Users/aamalik3/Desktop/ICAP_Readback/Benchmarks/RISC_BENCHMARKS_BASE_PROJ/RISC_BENCHMARKS_BASE_PROJ.srcs/sources_1/bd/design_1/ip/design_1_processing_system7_0_0/design_1_processing_system7_0_0/design_1_processing_system7_0_0_in_context.xdc, line 240).
Applied set_property IO_BUFFER_TYPE = NONE for FIXED_IO_mio[51]. (constraint file  c:/Users/aamalik3/Desktop/ICAP_Readback/Benchmarks/RISC_BENCHMARKS_BASE_PROJ/RISC_BENCHMARKS_BASE_PROJ.srcs/sources_1/bd/design_1/ip/design_1_processing_system7_0_0/design_1_processing_system7_0_0/design_1_processing_system7_0_0_in_context.xdc, line 241).
Applied set_property CLOCK_BUFFER_TYPE = NONE for FIXED_IO_mio[51]. (constraint file  c:/Users/aamalik3/Desktop/ICAP_Readback/Benchmarks/RISC_BENCHMARKS_BASE_PROJ/RISC_BENCHMARKS_BASE_PROJ.srcs/sources_1/bd/design_1/ip/design_1_processing_system7_0_0/design_1_processing_system7_0_0/design_1_processing_system7_0_0_in_context.xdc, line 242).
Applied set_property IO_BUFFER_TYPE = NONE for FIXED_IO_mio[52]. (constraint file  c:/Users/aamalik3/Desktop/ICAP_Readback/Benchmarks/RISC_BENCHMARKS_BASE_PROJ/RISC_BENCHMARKS_BASE_PROJ.srcs/sources_1/bd/design_1/ip/design_1_processing_system7_0_0/design_1_processing_system7_0_0/design_1_processing_system7_0_0_in_context.xdc, line 243).
Applied set_property CLOCK_BUFFER_TYPE = NONE for FIXED_IO_mio[52]. (constraint file  c:/Users/aamalik3/Desktop/ICAP_Readback/Benchmarks/RISC_BENCHMARKS_BASE_PROJ/RISC_BENCHMARKS_BASE_PROJ.srcs/sources_1/bd/design_1/ip/design_1_processing_system7_0_0/design_1_processing_system7_0_0/design_1_processing_system7_0_0_in_context.xdc, line 244).
Applied set_property IO_BUFFER_TYPE = NONE for FIXED_IO_mio[53]. (constraint file  c:/Users/aamalik3/Desktop/ICAP_Readback/Benchmarks/RISC_BENCHMARKS_BASE_PROJ/RISC_BENCHMARKS_BASE_PROJ.srcs/sources_1/bd/design_1/ip/design_1_processing_system7_0_0/design_1_processing_system7_0_0/design_1_processing_system7_0_0_in_context.xdc, line 245).
Applied set_property CLOCK_BUFFER_TYPE = NONE for FIXED_IO_mio[53]. (constraint file  c:/Users/aamalik3/Desktop/ICAP_Readback/Benchmarks/RISC_BENCHMARKS_BASE_PROJ/RISC_BENCHMARKS_BASE_PROJ.srcs/sources_1/bd/design_1/ip/design_1_processing_system7_0_0/design_1_processing_system7_0_0/design_1_processing_system7_0_0_in_context.xdc, line 246).
Applied set_property IO_BUFFER_TYPE = NONE for FIXED_IO_mio[5]. (constraint file  c:/Users/aamalik3/Desktop/ICAP_Readback/Benchmarks/RISC_BENCHMARKS_BASE_PROJ/RISC_BENCHMARKS_BASE_PROJ.srcs/sources_1/bd/design_1/ip/design_1_processing_system7_0_0/design_1_processing_system7_0_0/design_1_processing_system7_0_0_in_context.xdc, line 247).
Applied set_property CLOCK_BUFFER_TYPE = NONE for FIXED_IO_mio[5]. (constraint file  c:/Users/aamalik3/Desktop/ICAP_Readback/Benchmarks/RISC_BENCHMARKS_BASE_PROJ/RISC_BENCHMARKS_BASE_PROJ.srcs/sources_1/bd/design_1/ip/design_1_processing_system7_0_0/design_1_processing_system7_0_0/design_1_processing_system7_0_0_in_context.xdc, line 248).
Applied set_property IO_BUFFER_TYPE = NONE for FIXED_IO_mio[6]. (constraint file  c:/Users/aamalik3/Desktop/ICAP_Readback/Benchmarks/RISC_BENCHMARKS_BASE_PROJ/RISC_BENCHMARKS_BASE_PROJ.srcs/sources_1/bd/design_1/ip/design_1_processing_system7_0_0/design_1_processing_system7_0_0/design_1_processing_system7_0_0_in_context.xdc, line 249).
Applied set_property CLOCK_BUFFER_TYPE = NONE for FIXED_IO_mio[6]. (constraint file  c:/Users/aamalik3/Desktop/ICAP_Readback/Benchmarks/RISC_BENCHMARKS_BASE_PROJ/RISC_BENCHMARKS_BASE_PROJ.srcs/sources_1/bd/design_1/ip/design_1_processing_system7_0_0/design_1_processing_system7_0_0/design_1_processing_system7_0_0_in_context.xdc, line 250).
Applied set_property IO_BUFFER_TYPE = NONE for FIXED_IO_mio[7]. (constraint file  c:/Users/aamalik3/Desktop/ICAP_Readback/Benchmarks/RISC_BENCHMARKS_BASE_PROJ/RISC_BENCHMARKS_BASE_PROJ.srcs/sources_1/bd/design_1/ip/design_1_processing_system7_0_0/design_1_processing_system7_0_0/design_1_processing_system7_0_0_in_context.xdc, line 251).
Applied set_property CLOCK_BUFFER_TYPE = NONE for FIXED_IO_mio[7]. (constraint file  c:/Users/aamalik3/Desktop/ICAP_Readback/Benchmarks/RISC_BENCHMARKS_BASE_PROJ/RISC_BENCHMARKS_BASE_PROJ.srcs/sources_1/bd/design_1/ip/design_1_processing_system7_0_0/design_1_processing_system7_0_0/design_1_processing_system7_0_0_in_context.xdc, line 252).
Applied set_property IO_BUFFER_TYPE = NONE for FIXED_IO_mio[8]. (constraint file  c:/Users/aamalik3/Desktop/ICAP_Readback/Benchmarks/RISC_BENCHMARKS_BASE_PROJ/RISC_BENCHMARKS_BASE_PROJ.srcs/sources_1/bd/design_1/ip/design_1_processing_system7_0_0/design_1_processing_system7_0_0/design_1_processing_system7_0_0_in_context.xdc, line 253).
Applied set_property CLOCK_BUFFER_TYPE = NONE for FIXED_IO_mio[8]. (constraint file  c:/Users/aamalik3/Desktop/ICAP_Readback/Benchmarks/RISC_BENCHMARKS_BASE_PROJ/RISC_BENCHMARKS_BASE_PROJ.srcs/sources_1/bd/design_1/ip/design_1_processing_system7_0_0/design_1_processing_system7_0_0/design_1_processing_system7_0_0_in_context.xdc, line 254).
Applied set_property IO_BUFFER_TYPE = NONE for FIXED_IO_mio[9]. (constraint file  c:/Users/aamalik3/Desktop/ICAP_Readback/Benchmarks/RISC_BENCHMARKS_BASE_PROJ/RISC_BENCHMARKS_BASE_PROJ.srcs/sources_1/bd/design_1/ip/design_1_processing_system7_0_0/design_1_processing_system7_0_0/design_1_processing_system7_0_0_in_context.xdc, line 255).
Applied set_property CLOCK_BUFFER_TYPE = NONE for FIXED_IO_mio[9]. (constraint file  c:/Users/aamalik3/Desktop/ICAP_Readback/Benchmarks/RISC_BENCHMARKS_BASE_PROJ/RISC_BENCHMARKS_BASE_PROJ.srcs/sources_1/bd/design_1/ip/design_1_processing_system7_0_0/design_1_processing_system7_0_0/design_1_processing_system7_0_0_in_context.xdc, line 256).
Applied set_property IO_BUFFER_TYPE = NONE for FIXED_IO_ps_clk. (constraint file  c:/Users/aamalik3/Desktop/ICAP_Readback/Benchmarks/RISC_BENCHMARKS_BASE_PROJ/RISC_BENCHMARKS_BASE_PROJ.srcs/sources_1/bd/design_1/ip/design_1_processing_system7_0_0/design_1_processing_system7_0_0/design_1_processing_system7_0_0_in_context.xdc, line 257).
Applied set_property CLOCK_BUFFER_TYPE = NONE for FIXED_IO_ps_clk. (constraint file  c:/Users/aamalik3/Desktop/ICAP_Readback/Benchmarks/RISC_BENCHMARKS_BASE_PROJ/RISC_BENCHMARKS_BASE_PROJ.srcs/sources_1/bd/design_1/ip/design_1_processing_system7_0_0/design_1_processing_system7_0_0/design_1_processing_system7_0_0_in_context.xdc, line 258).
Applied set_property IO_BUFFER_TYPE = NONE for FIXED_IO_ps_porb. (constraint file  c:/Users/aamalik3/Desktop/ICAP_Readback/Benchmarks/RISC_BENCHMARKS_BASE_PROJ/RISC_BENCHMARKS_BASE_PROJ.srcs/sources_1/bd/design_1/ip/design_1_processing_system7_0_0/design_1_processing_system7_0_0/design_1_processing_system7_0_0_in_context.xdc, line 259).
Applied set_property CLOCK_BUFFER_TYPE = NONE for FIXED_IO_ps_porb. (constraint file  c:/Users/aamalik3/Desktop/ICAP_Readback/Benchmarks/RISC_BENCHMARKS_BASE_PROJ/RISC_BENCHMARKS_BASE_PROJ.srcs/sources_1/bd/design_1/ip/design_1_processing_system7_0_0/design_1_processing_system7_0_0/design_1_processing_system7_0_0_in_context.xdc, line 260).
Applied set_property IO_BUFFER_TYPE = NONE for FIXED_IO_ps_srstb. (constraint file  c:/Users/aamalik3/Desktop/ICAP_Readback/Benchmarks/RISC_BENCHMARKS_BASE_PROJ/RISC_BENCHMARKS_BASE_PROJ.srcs/sources_1/bd/design_1/ip/design_1_processing_system7_0_0/design_1_processing_system7_0_0/design_1_processing_system7_0_0_in_context.xdc, line 261).
Applied set_property CLOCK_BUFFER_TYPE = NONE for FIXED_IO_ps_srstb. (constraint file  c:/Users/aamalik3/Desktop/ICAP_Readback/Benchmarks/RISC_BENCHMARKS_BASE_PROJ/RISC_BENCHMARKS_BASE_PROJ.srcs/sources_1/bd/design_1/ip/design_1_processing_system7_0_0/design_1_processing_system7_0_0/design_1_processing_system7_0_0_in_context.xdc, line 262).
Applied set_property DONT_TOUCH = true for design_1_i. (constraint file  auto generated constraint, line ).
Applied set_property DONT_TOUCH = true for design_1_i/processing_system7_0. (constraint file  auto generated constraint, line ).
Applied set_property DONT_TOUCH = true for design_1_i/rst_ps7_0_50M. (constraint file  auto generated constraint, line ).
Applied set_property DONT_TOUCH = true for design_1_i/STARTUP_0. (constraint file  auto generated constraint, line ).
Applied set_property DONT_TOUCH = true for design_1_i/axi_gpio_0. (constraint file  auto generated constraint, line ).
Applied set_property DONT_TOUCH = true for design_1_i/ps7_0_axi_periph. (constraint file  auto generated constraint, line ).
Applied set_property DONT_TOUCH = true for design_1_i/RISC_IP_CHECK. (constraint file  auto generated constraint, line ).
Applied set_property DONT_TOUCH = true for design_1_i/ps7_0_axi_periph/xbar. (constraint file  auto generated constraint, line ).
Applied set_property DONT_TOUCH = true for design_1_i/xlconstant_0. (constraint file  auto generated constraint, line ).
Applied set_property DONT_TOUCH = true for design_1_i/CLK_Gate_0. (constraint file  auto generated constraint, line ).
Applied set_property DONT_TOUCH = true for design_1_i/RISC_BENCHMARK_IP. (constraint file  auto generated constraint, line ).
Applied set_property DONT_TOUCH = true for design_1_i/ps7_0_axi_periph/s00_couplers/auto_pc. (constraint file  auto generated constraint, line ).
---------------------------------------------------------------------------------
Finished applying 'set_property' XDC Constraints : Time (s): cpu = 00:00:08 ; elapsed = 00:00:10 . Memory (MB): peak = 828.633 ; gain = 464.695
---------------------------------------------------------------------------------
---------------------------------------------------------------------------------
Finished RTL Optimization Phase 2 : Time (s): cpu = 00:00:08 ; elapsed = 00:00:10 . Memory (MB): peak = 828.633 ; gain = 464.695
---------------------------------------------------------------------------------

Report RTL Partitions: 
+-+--------------+------------+----------+
| |RTL Partition |Replication |Instances |
+-+--------------+------------+----------+
+-+--------------+------------+----------+
---------------------------------------------------------------------------------
Start RTL Component Statistics 
---------------------------------------------------------------------------------
Detailed RTL Component Info : 
---------------------------------------------------------------------------------
Finished RTL Component Statistics 
---------------------------------------------------------------------------------
---------------------------------------------------------------------------------
Start RTL Hierarchical Component Statistics 
---------------------------------------------------------------------------------
Hierarchical RTL Component report 
---------------------------------------------------------------------------------
Finished RTL Hierarchical Component Statistics
---------------------------------------------------------------------------------
---------------------------------------------------------------------------------
Start Part Resource Summary
---------------------------------------------------------------------------------
Part Resources:
DSPs: 220 (col length:60)
BRAMs: 280 (col length: RAMB18 60 RAMB36 30)
---------------------------------------------------------------------------------
Finished Part Resource Summary
---------------------------------------------------------------------------------
---------------------------------------------------------------------------------
Start Cross Boundary and Area Optimization
---------------------------------------------------------------------------------
Warning: Parallel synthesis criteria is not met 
WARNING: [Synth 8-3331] design design_1_ps7_0_axi_periph_0 has unconnected port M00_ACLK
WARNING: [Synth 8-3331] design design_1_ps7_0_axi_periph_0 has unconnected port M00_ARESETN
WARNING: [Synth 8-3331] design design_1_ps7_0_axi_periph_0 has unconnected port M01_ACLK
WARNING: [Synth 8-3331] design design_1_ps7_0_axi_periph_0 has unconnected port M01_ARESETN
---------------------------------------------------------------------------------
Finished Cross Boundary and Area Optimization : Time (s): cpu = 00:00:09 ; elapsed = 00:00:10 . Memory (MB): peak = 828.633 ; gain = 464.695
---------------------------------------------------------------------------------

Report RTL Partitions: 
+-+--------------+------------+----------+
| |RTL Partition |Replication |Instances |
+-+--------------+------------+----------+
+-+--------------+------------+----------+
---------------------------------------------------------------------------------
Start Applying XDC Timing Constraints
---------------------------------------------------------------------------------
INFO: [Synth 8-5578] Moved timing constraint from pin 'design_1_i/processing_system7_0/FCLK_CLK0' to pin 'design_1_i/processing_system7_0/bbstub_FCLK_CLK0/O'
INFO: [Synth 8-5578] Moved timing constraint from pin 'design_1_i/processing_system7_0/FCLK_CLK1' to pin 'design_1_i/processing_system7_0/bbstub_FCLK_CLK1/O'
INFO: [Synth 8-5819] Moved 2 constraints on hierarchical pins to their respective driving/loading pins
---------------------------------------------------------------------------------
Finished Applying XDC Timing Constraints : Time (s): cpu = 00:00:14 ; elapsed = 00:00:16 . Memory (MB): peak = 864.301 ; gain = 500.363
---------------------------------------------------------------------------------
---------------------------------------------------------------------------------
Start Timing Optimization
---------------------------------------------------------------------------------
---------------------------------------------------------------------------------
Finished Timing Optimization : Time (s): cpu = 00:00:14 ; elapsed = 00:00:16 . Memory (MB): peak = 864.449 ; gain = 500.512
---------------------------------------------------------------------------------

Report RTL Partitions: 
+-+--------------+------------+----------+
| |RTL Partition |Replication |Instances |
+-+--------------+------------+----------+
+-+--------------+------------+----------+
---------------------------------------------------------------------------------
Start Technology Mapping
---------------------------------------------------------------------------------
---------------------------------------------------------------------------------
Finished Technology Mapping : Time (s): cpu = 00:00:14 ; elapsed = 00:00:16 . Memory (MB): peak = 864.941 ; gain = 501.004
---------------------------------------------------------------------------------

Report RTL Partitions: 
+-+--------------+------------+----------+
| |RTL Partition |Replication |Instances |
+-+--------------+------------+----------+
+-+--------------+------------+----------+
---------------------------------------------------------------------------------
Start IO Insertion
---------------------------------------------------------------------------------
---------------------------------------------------------------------------------
Start Flattening Before IO Insertion
---------------------------------------------------------------------------------
---------------------------------------------------------------------------------
Finished Flattening Before IO Insertion
---------------------------------------------------------------------------------
---------------------------------------------------------------------------------
Start Final Netlist Cleanup
---------------------------------------------------------------------------------
---------------------------------------------------------------------------------
Finished Final Netlist Cleanup
---------------------------------------------------------------------------------
---------------------------------------------------------------------------------
Finished IO Insertion : Time (s): cpu = 00:00:14 ; elapsed = 00:00:17 . Memory (MB): peak = 865.699 ; gain = 501.762
---------------------------------------------------------------------------------

Report Check Netlist: 
+------+------------------+-------+---------+-------+------------------+
|      |Item              |Errors |Warnings |Status |Description       |
+------+------------------+-------+---------+-------+------------------+
|1     |multi_driven_nets |      0|        0|Passed |Multi driven nets |
+------+------------------+-------+---------+-------+------------------+
---------------------------------------------------------------------------------
Start Renaming Generated Instances
---------------------------------------------------------------------------------
---------------------------------------------------------------------------------
Finished Renaming Generated Instances : Time (s): cpu = 00:00:14 ; elapsed = 00:00:17 . Memory (MB): peak = 865.699 ; gain = 501.762
---------------------------------------------------------------------------------

Report RTL Partitions: 
+-+--------------+------------+----------+
| |RTL Partition |Replication |Instances |
+-+--------------+------------+----------+
+-+--------------+------------+----------+
---------------------------------------------------------------------------------
Start Rebuilding User Hierarchy
---------------------------------------------------------------------------------
---------------------------------------------------------------------------------
Finished Rebuilding User Hierarchy : Time (s): cpu = 00:00:14 ; elapsed = 00:00:17 . Memory (MB): peak = 865.699 ; gain = 501.762
---------------------------------------------------------------------------------
---------------------------------------------------------------------------------
Start Renaming Generated Ports
---------------------------------------------------------------------------------
---------------------------------------------------------------------------------
Finished Renaming Generated Ports : Time (s): cpu = 00:00:14 ; elapsed = 00:00:17 . Memory (MB): peak = 865.699 ; gain = 501.762
---------------------------------------------------------------------------------
---------------------------------------------------------------------------------
Start Handling Custom Attributes
---------------------------------------------------------------------------------
---------------------------------------------------------------------------------
Finished Handling Custom Attributes : Time (s): cpu = 00:00:14 ; elapsed = 00:00:17 . Memory (MB): peak = 865.699 ; gain = 501.762
---------------------------------------------------------------------------------
---------------------------------------------------------------------------------
Start Renaming Generated Nets
---------------------------------------------------------------------------------
---------------------------------------------------------------------------------
Finished Renaming Generated Nets : Time (s): cpu = 00:00:14 ; elapsed = 00:00:17 . Memory (MB): peak = 865.699 ; gain = 501.762
---------------------------------------------------------------------------------
---------------------------------------------------------------------------------
Start Writing Synthesis Report
---------------------------------------------------------------------------------

Report BlackBoxes: 
+------+--------------------------------+----------+
|      |BlackBox name                   |Instances |
+------+--------------------------------+----------+
|1     |design_1_xbar_0                 |         1|
|2     |design_1_auto_pc_0              |         1|
|3     |design_1_CLK_Gate_0_0           |         1|
|4     |design_1_RISC_BENCHMARK_IP_0_0  |         1|
|5     |design_1_axi_gpio_1_1           |         1|
|6     |design_1_STARTUP_0_0            |         1|
|7     |design_1_axi_gpio_0_0           |         1|
|8     |design_1_processing_system7_0_0 |         1|
|9     |design_1_rst_ps7_0_50M_0        |         1|
|10    |design_1_xlconstant_0_0         |         1|
+------+--------------------------------+----------+

Report Cell Usage: 
+------+--------------------------------+------+
|      |Cell                            |Count |
+------+--------------------------------+------+
|1     |design_1_CLK_Gate_0_0           |     1|
|2     |design_1_RISC_BENCHMARK_IP_0_0  |     1|
|3     |design_1_STARTUP_0_0            |     1|
|4     |design_1_auto_pc_0              |     1|
|5     |design_1_axi_gpio_0_0           |     1|
|6     |design_1_axi_gpio_1_1           |     1|
|7     |design_1_processing_system7_0_0 |     1|
|8     |design_1_rst_ps7_0_50M_0        |     1|
|9     |design_1_xbar_0                 |     1|
|10    |design_1_xlconstant_0_0         |     1|
|11    |IBUF                            |     2|
|12    |OBUF                            |     2|
+------+--------------------------------+------+

Report Instance Areas: 
+------+---------------------+----------------------------+------+
|      |Instance             |Module                      |Cells |
+------+---------------------+----------------------------+------+
|1     |top                  |                            |   757|
|2     |  design_1_i         |design_1                    |   753|
|3     |    ps7_0_axi_periph |design_1_ps7_0_axi_periph_0 |   440|
|4     |      s00_couplers   |s00_couplers_imp_UYSKKA     |   177|
+------+---------------------+----------------------------+------+
---------------------------------------------------------------------------------
Finished Writing Synthesis Report : Time (s): cpu = 00:00:14 ; elapsed = 00:00:17 . Memory (MB): peak = 865.699 ; gain = 501.762
---------------------------------------------------------------------------------
Synthesis finished with 0 errors, 0 critical warnings and 4 warnings.
Synthesis Optimization Runtime : Time (s): cpu = 00:00:07 ; elapsed = 00:00:11 . Memory (MB): peak = 865.734 ; gain = 195.816
Synthesis Optimization Complete : Time (s): cpu = 00:00:14 ; elapsed = 00:00:17 . Memory (MB): peak = 865.734 ; gain = 501.797
INFO: [Project 1-571] Translating synthesized netlist
INFO: [Netlist 29-17] Analyzing 2 Unisim elements for replacement
INFO: [Netlist 29-28] Unisim Transformation completed in 0 CPU seconds
INFO: [Project 1-570] Preparing netlist for logic optimization
INFO: [Opt 31-138] Pushed 0 inverter(s) to 0 load pin(s).
INFO: [Project 1-111] Unisim Transformation Summary:
No Unisim elements were transformed.

INFO: [Common 17-83] Releasing license: Synthesis
51 Infos, 25 Warnings, 0 Critical Warnings and 0 Errors encountered.
synth_design completed successfully
synth_design: Time (s): cpu = 00:00:16 ; elapsed = 00:00:19 . Memory (MB): peak = 885.871 ; gain = 528.945
WARNING: [Constraints 18-5210] No constraint will be written out.
INFO: [Common 17-1381] The checkpoint 'C:/Users/aamalik3/Desktop/ICAP_Readback/Benchmarks/RISC_BENCHMARKS_BASE_PROJ/RISC_BENCHMARKS_BASE_PROJ.runs/synth_1/design_1_wrapper.dcp' has been generated.
INFO: [runtcl-4] Executing : report_utilization -file design_1_wrapper_utilization_synth.rpt -pb design_1_wrapper_utilization_synth.pb
report_utilization: Time (s): cpu = 00:00:00 ; elapsed = 00:00:00.023 . Memory (MB): peak = 886.121 ; gain = 0.000
INFO: [Common 17-206] Exiting Vivado at Tue Oct 24 11:52:21 2023...
[Tue Oct 24 11:52:24 2023] synth_1 finished
wait_on_run: Time (s): cpu = 00:00:01 ; elapsed = 00:01:00 . Memory (MB): peak = 2194.016 ; gain = 0.000
open_run synth_1 -name synth_1
Design is defaulting to impl run constrset: constrs_1
Design is defaulting to synth run part: xc7z020clg484-1
INFO: [Project 1-454] Reading design checkpoint 'c:/Users/aamalik3/Desktop/ICAP_Readback/Benchmarks/RISC_BENCHMARKS_BASE_PROJ/RISC_BENCHMARKS_BASE_PROJ.srcs/sources_1/bd/design_1/ip/design_1_CLK_Gate_0_0/design_1_CLK_Gate_0_0.dcp' for cell 'design_1_i/CLK_Gate_0'
INFO: [Project 1-454] Reading design checkpoint 'c:/Users/aamalik3/Desktop/ICAP_Readback/Benchmarks/RISC_BENCHMARKS_BASE_PROJ/RISC_BENCHMARKS_BASE_PROJ.srcs/sources_1/bd/design_1/ip/design_1_RISC_BENCHMARK_IP_0_0/design_1_RISC_BENCHMARK_IP_0_0.dcp' for cell 'design_1_i/RISC_BENCHMARK_IP'
INFO: [Project 1-454] Reading design checkpoint 'c:/Users/aamalik3/Desktop/ICAP_Readback/Benchmarks/RISC_BENCHMARKS_BASE_PROJ/RISC_BENCHMARKS_BASE_PROJ.srcs/sources_1/bd/design_1/ip/design_1_axi_gpio_1_1/design_1_axi_gpio_1_1.dcp' for cell 'design_1_i/RISC_IP_CHECK'
INFO: [Project 1-454] Reading design checkpoint 'c:/Users/aamalik3/Desktop/ICAP_Readback/Benchmarks/RISC_BENCHMARKS_BASE_PROJ/RISC_BENCHMARKS_BASE_PROJ.srcs/sources_1/bd/design_1/ip/design_1_STARTUP_0_0/design_1_STARTUP_0_0.dcp' for cell 'design_1_i/STARTUP_0'
INFO: [Project 1-454] Reading design checkpoint 'c:/Users/aamalik3/Desktop/ICAP_Readback/Benchmarks/RISC_BENCHMARKS_BASE_PROJ/RISC_BENCHMARKS_BASE_PROJ.srcs/sources_1/bd/design_1/ip/design_1_axi_gpio_0_0/design_1_axi_gpio_0_0.dcp' for cell 'design_1_i/axi_gpio_0'
INFO: [Project 1-454] Reading design checkpoint 'c:/Users/aamalik3/Desktop/ICAP_Readback/Benchmarks/RISC_BENCHMARKS_BASE_PROJ/RISC_BENCHMARKS_BASE_PROJ.srcs/sources_1/bd/design_1/ip/design_1_processing_system7_0_0/design_1_processing_system7_0_0.dcp' for cell 'design_1_i/processing_system7_0'
INFO: [Project 1-454] Reading design checkpoint 'c:/Users/aamalik3/Desktop/ICAP_Readback/Benchmarks/RISC_BENCHMARKS_BASE_PROJ/RISC_BENCHMARKS_BASE_PROJ.srcs/sources_1/bd/design_1/ip/design_1_rst_ps7_0_50M_0/design_1_rst_ps7_0_50M_0.dcp' for cell 'design_1_i/rst_ps7_0_50M'
INFO: [Project 1-454] Reading design checkpoint 'c:/Users/aamalik3/Desktop/ICAP_Readback/Benchmarks/RISC_BENCHMARKS_BASE_PROJ/RISC_BENCHMARKS_BASE_PROJ.srcs/sources_1/bd/design_1/ip/design_1_xlconstant_0_0/design_1_xlconstant_0_0.dcp' for cell 'design_1_i/xlconstant_0'
INFO: [Project 1-454] Reading design checkpoint 'c:/Users/aamalik3/Desktop/ICAP_Readback/Benchmarks/RISC_BENCHMARKS_BASE_PROJ/RISC_BENCHMARKS_BASE_PROJ.srcs/sources_1/bd/design_1/ip/design_1_xbar_0/design_1_xbar_0.dcp' for cell 'design_1_i/ps7_0_axi_periph/xbar'
INFO: [Project 1-454] Reading design checkpoint 'c:/Users/aamalik3/Desktop/ICAP_Readback/Benchmarks/RISC_BENCHMARKS_BASE_PROJ/RISC_BENCHMARKS_BASE_PROJ.srcs/sources_1/bd/design_1/ip/design_1_auto_pc_0/design_1_auto_pc_0.dcp' for cell 'design_1_i/ps7_0_axi_periph/s00_couplers/auto_pc'
INFO: [Netlist 29-17] Analyzing 21 Unisim elements for replacement
INFO: [Netlist 29-28] Unisim Transformation completed in 0 CPU seconds
INFO: [Project 1-479] Netlist was created with Vivado 2018.2
INFO: [Project 1-570] Preparing netlist for logic optimization
Parsing XDC File [c:/Users/aamalik3/Desktop/ICAP_Readback/Benchmarks/RISC_BENCHMARKS_BASE_PROJ/RISC_BENCHMARKS_BASE_PROJ.srcs/sources_1/bd/design_1/ip/design_1_processing_system7_0_0/design_1_processing_system7_0_0.xdc] for cell 'design_1_i/processing_system7_0/inst'
Finished Parsing XDC File [c:/Users/aamalik3/Desktop/ICAP_Readback/Benchmarks/RISC_BENCHMARKS_BASE_PROJ/RISC_BENCHMARKS_BASE_PROJ.srcs/sources_1/bd/design_1/ip/design_1_processing_system7_0_0/design_1_processing_system7_0_0.xdc] for cell 'design_1_i/processing_system7_0/inst'
Parsing XDC File [c:/Users/aamalik3/Desktop/ICAP_Readback/Benchmarks/RISC_BENCHMARKS_BASE_PROJ/RISC_BENCHMARKS_BASE_PROJ.srcs/sources_1/bd/design_1/ip/design_1_rst_ps7_0_50M_0/design_1_rst_ps7_0_50M_0_board.xdc] for cell 'design_1_i/rst_ps7_0_50M/U0'
Finished Parsing XDC File [c:/Users/aamalik3/Desktop/ICAP_Readback/Benchmarks/RISC_BENCHMARKS_BASE_PROJ/RISC_BENCHMARKS_BASE_PROJ.srcs/sources_1/bd/design_1/ip/design_1_rst_ps7_0_50M_0/design_1_rst_ps7_0_50M_0_board.xdc] for cell 'design_1_i/rst_ps7_0_50M/U0'
Parsing XDC File [c:/Users/aamalik3/Desktop/ICAP_Readback/Benchmarks/RISC_BENCHMARKS_BASE_PROJ/RISC_BENCHMARKS_BASE_PROJ.srcs/sources_1/bd/design_1/ip/design_1_rst_ps7_0_50M_0/design_1_rst_ps7_0_50M_0.xdc] for cell 'design_1_i/rst_ps7_0_50M/U0'
Finished Parsing XDC File [c:/Users/aamalik3/Desktop/ICAP_Readback/Benchmarks/RISC_BENCHMARKS_BASE_PROJ/RISC_BENCHMARKS_BASE_PROJ.srcs/sources_1/bd/design_1/ip/design_1_rst_ps7_0_50M_0/design_1_rst_ps7_0_50M_0.xdc] for cell 'design_1_i/rst_ps7_0_50M/U0'
Parsing XDC File [c:/Users/aamalik3/Desktop/ICAP_Readback/Benchmarks/RISC_BENCHMARKS_BASE_PROJ/RISC_BENCHMARKS_BASE_PROJ.srcs/sources_1/bd/design_1/ip/design_1_axi_gpio_0_0/design_1_axi_gpio_0_0_board.xdc] for cell 'design_1_i/axi_gpio_0/U0'
Finished Parsing XDC File [c:/Users/aamalik3/Desktop/ICAP_Readback/Benchmarks/RISC_BENCHMARKS_BASE_PROJ/RISC_BENCHMARKS_BASE_PROJ.srcs/sources_1/bd/design_1/ip/design_1_axi_gpio_0_0/design_1_axi_gpio_0_0_board.xdc] for cell 'design_1_i/axi_gpio_0/U0'
Parsing XDC File [c:/Users/aamalik3/Desktop/ICAP_Readback/Benchmarks/RISC_BENCHMARKS_BASE_PROJ/RISC_BENCHMARKS_BASE_PROJ.srcs/sources_1/bd/design_1/ip/design_1_axi_gpio_0_0/design_1_axi_gpio_0_0.xdc] for cell 'design_1_i/axi_gpio_0/U0'
Finished Parsing XDC File [c:/Users/aamalik3/Desktop/ICAP_Readback/Benchmarks/RISC_BENCHMARKS_BASE_PROJ/RISC_BENCHMARKS_BASE_PROJ.srcs/sources_1/bd/design_1/ip/design_1_axi_gpio_0_0/design_1_axi_gpio_0_0.xdc] for cell 'design_1_i/axi_gpio_0/U0'
Parsing XDC File [c:/Users/aamalik3/Desktop/ICAP_Readback/Benchmarks/RISC_BENCHMARKS_BASE_PROJ/RISC_BENCHMARKS_BASE_PROJ.srcs/sources_1/bd/design_1/ip/design_1_axi_gpio_1_1/design_1_axi_gpio_1_1_board.xdc] for cell 'design_1_i/RISC_IP_CHECK/U0'
Finished Parsing XDC File [c:/Users/aamalik3/Desktop/ICAP_Readback/Benchmarks/RISC_BENCHMARKS_BASE_PROJ/RISC_BENCHMARKS_BASE_PROJ.srcs/sources_1/bd/design_1/ip/design_1_axi_gpio_1_1/design_1_axi_gpio_1_1_board.xdc] for cell 'design_1_i/RISC_IP_CHECK/U0'
Parsing XDC File [c:/Users/aamalik3/Desktop/ICAP_Readback/Benchmarks/RISC_BENCHMARKS_BASE_PROJ/RISC_BENCHMARKS_BASE_PROJ.srcs/sources_1/bd/design_1/ip/design_1_axi_gpio_1_1/design_1_axi_gpio_1_1.xdc] for cell 'design_1_i/RISC_IP_CHECK/U0'
Finished Parsing XDC File [c:/Users/aamalik3/Desktop/ICAP_Readback/Benchmarks/RISC_BENCHMARKS_BASE_PROJ/RISC_BENCHMARKS_BASE_PROJ.srcs/sources_1/bd/design_1/ip/design_1_axi_gpio_1_1/design_1_axi_gpio_1_1.xdc] for cell 'design_1_i/RISC_IP_CHECK/U0'
Parsing XDC File [C:/Users/aamalik3/Desktop/ICAP_Readback/Benchmarks/RISC_BENCHMARKS_BASE_PROJ/RISC_BENCHMARKS_BASE_PROJ.srcs/constrs_1/new/pins.xdc]
WARNING: [Vivado 12-584] No ports matched '[get_ports -of_objects [get_iobanks 13]]'. [C:/Users/aamalik3/Desktop/ICAP_Readback/Benchmarks/RISC_BENCHMARKS_BASE_PROJ/RISC_BENCHMARKS_BASE_PROJ.srcs/constrs_1/new/pins.xdc:22]
CRITICAL WARNING: [Common 17-55] 'set_property' expects at least one object. [C:/Users/aamalik3/Desktop/ICAP_Readback/Benchmarks/RISC_BENCHMARKS_BASE_PROJ/RISC_BENCHMARKS_BASE_PROJ.srcs/constrs_1/new/pins.xdc:22]
Resolution: If [get_<value>] was used to populate the object, check to make sure this command returns at least one valid object.
Finished Parsing XDC File [C:/Users/aamalik3/Desktop/ICAP_Readback/Benchmarks/RISC_BENCHMARKS_BASE_PROJ/RISC_BENCHMARKS_BASE_PROJ.srcs/constrs_1/new/pins.xdc]
Parsing XDC File [C:/Users/aamalik3/Desktop/ICAP_Readback/Benchmarks/RISC_BENCHMARKS_BASE_PROJ/RISC_BENCHMARKS_BASE_PROJ.srcs/constrs_1/new/partitions.xdc]
INFO: [Vivado 12-3520] Assignment of 'inst' to a pblock 'pblock_risc' means that all children of 'RISC_BENCHMARK_IP' are in the pblock. Changing the pblock assignment to 'RISC_BENCHMARK_IP'. [C:/Users/aamalik3/Desktop/ICAP_Readback/Benchmarks/RISC_BENCHMARKS_BASE_PROJ/RISC_BENCHMARKS_BASE_PROJ.srcs/constrs_1/new/partitions.xdc:10]
Finished Parsing XDC File [C:/Users/aamalik3/Desktop/ICAP_Readback/Benchmarks/RISC_BENCHMARKS_BASE_PROJ/RISC_BENCHMARKS_BASE_PROJ.srcs/constrs_1/new/partitions.xdc]
INFO: [Opt 31-138] Pushed 0 inverter(s) to 0 load pin(s).
INFO: [Project 1-486] Could not resolve non-primitive black box cell 'design_1_RISC_BENCHMARK_IP_0_0_RISC_BENCHMARK_IP' instantiated as 'design_1_i/RISC_BENCHMARK_IP/inst' [c:/Users/aamalik3/Desktop/ICAP_Readback/Benchmarks/RISC_BENCHMARKS_BASE_PROJ/RISC_BENCHMARKS_BASE_PROJ.srcs/sources_1/bd/design_1/ip/design_1_RISC_BENCHMARK_IP_0_0/synth/design_1_RISC_BENCHMARK_IP_0_0.v:76]
INFO: [Project 1-111] Unisim Transformation Summary:
No Unisim elements were transformed.

open_run: Time (s): cpu = 00:00:06 ; elapsed = 00:00:05 . Memory (MB): peak = 2194.016 ; gain = 0.000
synth_1
set benchmarkname "falcon512int"
falcon512int
update_design -cell [get_cell design_1_i/RISC_BENCHMARK_IP/inst] -black_box
ERROR: [Coretcl 2-1015] cell 'design_1_i/RISC_BENCHMARK_IP/inst' is already a black box cell.
read_checkpoint -cell [get_cell design_1_i/RISC_BENCHMARK_IP/inst] ../../Checkpoints/$benchmarkname.dcp
Command: read_checkpoint -cell [get_cells design_1_i/RISC_BENCHMARK_IP/inst] ../../Checkpoints/falcon512int.dcp
INFO: [Netlist 29-17] Analyzing 505 Unisim elements for replacement
INFO: [Netlist 29-28] Unisim Transformation completed in 0 CPU seconds
synth_1
opt_design
Command: opt_design
Attempting to get a license for feature 'Implementation' and/or device 'xc7z020'
INFO: [Common 17-349] Got license for feature 'Implementation' and/or device 'xc7z020'
Attempting to get a license: PartialReconfiguration
Feature available: PartialReconfiguration
Running DRC as a precondition to command opt_design

Starting DRC Task
INFO: [DRC 23-27] Running DRC with 2 threads
INFO: [Project 1-461] DRC finished with 0 Errors
INFO: [Project 1-462] Please refer to the DRC report (report_drc) for more information.

Time (s): cpu = 00:00:00 ; elapsed = 00:00:00.515 . Memory (MB): peak = 2194.016 ; gain = 0.000

Starting Cache Timing Information Task
INFO: [Timing 38-35] Done setting XDC timing constraints.
Ending Cache Timing Information Task | Checksum: 156e0abb6

Time (s): cpu = 00:00:01 ; elapsed = 00:00:00.345 . Memory (MB): peak = 2235.773 ; gain = 41.758

Starting Logic Optimization Task

Phase 1 Retarget
INFO: [Opt 31-138] Pushed 0 inverter(s) to 0 load pin(s).
INFO: [Opt 31-49] Retargeted 0 cell(s).
Phase 1 Retarget | Checksum: 12c378fe5

Time (s): cpu = 00:00:01 ; elapsed = 00:00:00.620 . Memory (MB): peak = 2237.340 ; gain = 1.566
INFO: [Opt 31-389] Phase Retarget created 0 cells and removed 0 cells

Phase 2 Constant propagation
INFO: [Opt 31-138] Pushed 0 inverter(s) to 0 load pin(s).
Phase 2 Constant propagation | Checksum: e778950a

Time (s): cpu = 00:00:01 ; elapsed = 00:00:00.781 . Memory (MB): peak = 2237.340 ; gain = 1.566
INFO: [Opt 31-389] Phase Constant propagation created 5 cells and removed 8 cells

Phase 3 Sweep
Phase 3 Sweep | Checksum: 1052513ae

Time (s): cpu = 00:00:01 ; elapsed = 00:00:01 . Memory (MB): peak = 2237.340 ; gain = 1.566
INFO: [Opt 31-389] Phase Sweep created 0 cells and removed 243 cells

Phase 4 BUFG optimization
Phase 4 BUFG optimization | Checksum: 1052513ae

Time (s): cpu = 00:00:02 ; elapsed = 00:00:01 . Memory (MB): peak = 2237.340 ; gain = 1.566
INFO: [Opt 31-662] Phase BUFG optimization created 0 cells of which 0 are BUFGs and removed 0 cells.

Phase 5 Shift Register Optimization
Phase 5 Shift Register Optimization | Checksum: 169ebb6db

Time (s): cpu = 00:00:02 ; elapsed = 00:00:02 . Memory (MB): peak = 2237.340 ; gain = 1.566
INFO: [Opt 31-389] Phase Shift Register Optimization created 0 cells and removed 0 cells

Phase 6 Post Processing Netlist
Phase 6 Post Processing Netlist | Checksum: 169ebb6db

Time (s): cpu = 00:00:02 ; elapsed = 00:00:02 . Memory (MB): peak = 2237.340 ; gain = 1.566
INFO: [Opt 31-389] Phase Post Processing Netlist created 0 cells and removed 0 cells

Starting Connectivity Check Task

Time (s): cpu = 00:00:00 ; elapsed = 00:00:00.016 . Memory (MB): peak = 2237.340 ; gain = 0.000
Ending Logic Optimization Task | Checksum: 169ebb6db

Time (s): cpu = 00:00:02 ; elapsed = 00:00:02 . Memory (MB): peak = 2237.340 ; gain = 1.566

Starting Power Optimization Task
INFO: [Pwropt 34-132] Skipping clock gating for clocks with a period < 2.00 ns.
INFO: [Pwropt 34-232] Skipping BRAM gating because all BRAMs are in high frequency (i.e. period < 3.12 ns) clock domains.
INFO: [Pwropt 34-162] WRITE_MODE attribute of 0 BRAM(s) out of a total of 32 has been updated to save power. Run report_power_opt to get a complete listing of the BRAMs updated.
Ending Power Optimization Task | Checksum: 169ebb6db

Time (s): cpu = 00:00:00 ; elapsed = 00:00:00.137 . Memory (MB): peak = 2254.980 ; gain = 17.641

Starting Final Cleanup Task
Ending Final Cleanup Task | Checksum: 169ebb6db

Time (s): cpu = 00:00:00 ; elapsed = 00:00:00 . Memory (MB): peak = 2254.980 ; gain = 0.000
INFO: [Common 17-83] Releasing license: Implementation
18 Infos, 0 Warnings, 0 Critical Warnings and 0 Errors encountered.
opt_design completed successfully
place_design
Command: place_design
Attempting to get a license for feature 'Implementation' and/or device 'xc7z020'
INFO: [Common 17-349] Got license for feature 'Implementation' and/or device 'xc7z020'
INFO: [DRC 23-27] Running DRC with 2 threads
INFO: [Vivado_Tcl 4-198] DRC finished with 0 Errors
INFO: [Vivado_Tcl 4-199] Please refer to the DRC report (report_drc) for more information.
Running DRC as a precondition to command place_design
INFO: [DRC 23-27] Running DRC with 2 threads
WARNING: [DRC CHECK-3] Report rule limit reached: REQP-1839 rule limit reached: 20 violations have been found.
WARNING: [DRC REQP-1839] RAMB36 async control check: The RAMB36E1 design_1_i/RISC_BENCHMARK_IP/inst/cv32e40x_wrapper_i/dp_ram_1/memory_reg_0_0 has an input control pin design_1_i/RISC_BENCHMARK_IP/inst/cv32e40x_wrapper_i/dp_ram_1/memory_reg_0_0/ADDRARDADDR[14] (net: design_1_i/RISC_BENCHMARK_IP/inst/cv32e40x_wrapper_i/dp_ram_1/mem_address_b[16]) which is driven by a register (design_1_i/RISC_BENCHMARK_IP/inst/cv32e40x_wrapper_i/cv32e40x_core_i/id_stage_i/id_ex_pipe_o_reg[alu_operand_a][0]) that has an active asychronous set or reset. This may cause corruption of the memory contents and/or read values when the set/reset is asserted and is not analyzed by the default static timing analysis. It is suggested to eliminate the use of a set/reset to registers driving this RAMB pin or else use a synchronous reset in which the assertion of the reset is timed by default.
WARNING: [DRC REQP-1839] RAMB36 async control check: The RAMB36E1 design_1_i/RISC_BENCHMARK_IP/inst/cv32e40x_wrapper_i/dp_ram_1/memory_reg_0_0 has an input control pin design_1_i/RISC_BENCHMARK_IP/inst/cv32e40x_wrapper_i/dp_ram_1/memory_reg_0_0/ADDRARDADDR[14] (net: design_1_i/RISC_BENCHMARK_IP/inst/cv32e40x_wrapper_i/dp_ram_1/mem_address_b[16]) which is driven by a register (design_1_i/RISC_BENCHMARK_IP/inst/cv32e40x_wrapper_i/cv32e40x_core_i/id_stage_i/id_ex_pipe_o_reg[alu_operand_a][10]) that has an active asychronous set or reset. This may cause corruption of the memory contents and/or read values when the set/reset is asserted and is not analyzed by the default static timing analysis. It is suggested to eliminate the use of a set/reset to registers driving this RAMB pin or else use a synchronous reset in which the assertion of the reset is timed by default.
WARNING: [DRC REQP-1839] RAMB36 async control check: The RAMB36E1 design_1_i/RISC_BENCHMARK_IP/inst/cv32e40x_wrapper_i/dp_ram_1/memory_reg_0_0 has an input control pin design_1_i/RISC_BENCHMARK_IP/inst/cv32e40x_wrapper_i/dp_ram_1/memory_reg_0_0/ADDRARDADDR[14] (net: design_1_i/RISC_BENCHMARK_IP/inst/cv32e40x_wrapper_i/dp_ram_1/mem_address_b[16]) which is driven by a register (design_1_i/RISC_BENCHMARK_IP/inst/cv32e40x_wrapper_i/cv32e40x_core_i/id_stage_i/id_ex_pipe_o_reg[alu_operand_a][11]) that has an active asychronous set or reset. This may cause corruption of the memory contents and/or read values when the set/reset is asserted and is not analyzed by the default static timing analysis. It is suggested to eliminate the use of a set/reset to registers driving this RAMB pin or else use a synchronous reset in which the assertion of the reset is timed by default.
WARNING: [DRC REQP-1839] RAMB36 async control check: The RAMB36E1 design_1_i/RISC_BENCHMARK_IP/inst/cv32e40x_wrapper_i/dp_ram_1/memory_reg_0_0 has an input control pin design_1_i/RISC_BENCHMARK_IP/inst/cv32e40x_wrapper_i/dp_ram_1/memory_reg_0_0/ADDRARDADDR[14] (net: design_1_i/RISC_BENCHMARK_IP/inst/cv32e40x_wrapper_i/dp_ram_1/mem_address_b[16]) which is driven by a register (design_1_i/RISC_BENCHMARK_IP/inst/cv32e40x_wrapper_i/cv32e40x_core_i/id_stage_i/id_ex_pipe_o_reg[alu_operand_a][12]) that has an active asychronous set or reset. This may cause corruption of the memory contents and/or read values when the set/reset is asserted and is not analyzed by the default static timing analysis. It is suggested to eliminate the use of a set/reset to registers driving this RAMB pin or else use a synchronous reset in which the assertion of the reset is timed by default.
WARNING: [DRC REQP-1839] RAMB36 async control check: The RAMB36E1 design_1_i/RISC_BENCHMARK_IP/inst/cv32e40x_wrapper_i/dp_ram_1/memory_reg_0_0 has an input control pin design_1_i/RISC_BENCHMARK_IP/inst/cv32e40x_wrapper_i/dp_ram_1/memory_reg_0_0/ADDRARDADDR[14] (net: design_1_i/RISC_BENCHMARK_IP/inst/cv32e40x_wrapper_i/dp_ram_1/mem_address_b[16]) which is driven by a register (design_1_i/RISC_BENCHMARK_IP/inst/cv32e40x_wrapper_i/cv32e40x_core_i/id_stage_i/id_ex_pipe_o_reg[alu_operand_a][14]) that has an active asychronous set or reset. This may cause corruption of the memory contents and/or read values when the set/reset is asserted and is not analyzed by the default static timing analysis. It is suggested to eliminate the use of a set/reset to registers driving this RAMB pin or else use a synchronous reset in which the assertion of the reset is timed by default.
WARNING: [DRC REQP-1839] RAMB36 async control check: The RAMB36E1 design_1_i/RISC_BENCHMARK_IP/inst/cv32e40x_wrapper_i/dp_ram_1/memory_reg_0_0 has an input control pin design_1_i/RISC_BENCHMARK_IP/inst/cv32e40x_wrapper_i/dp_ram_1/memory_reg_0_0/ADDRARDADDR[14] (net: design_1_i/RISC_BENCHMARK_IP/inst/cv32e40x_wrapper_i/dp_ram_1/mem_address_b[16]) which is driven by a register (design_1_i/RISC_BENCHMARK_IP/inst/cv32e40x_wrapper_i/cv32e40x_core_i/id_stage_i/id_ex_pipe_o_reg[alu_operand_a][15]) that has an active asychronous set or reset. This may cause corruption of the memory contents and/or read values when the set/reset is asserted and is not analyzed by the default static timing analysis. It is suggested to eliminate the use of a set/reset to registers driving this RAMB pin or else use a synchronous reset in which the assertion of the reset is timed by default.
WARNING: [DRC REQP-1839] RAMB36 async control check: The RAMB36E1 design_1_i/RISC_BENCHMARK_IP/inst/cv32e40x_wrapper_i/dp_ram_1/memory_reg_0_0 has an input control pin design_1_i/RISC_BENCHMARK_IP/inst/cv32e40x_wrapper_i/dp_ram_1/memory_reg_0_0/ADDRARDADDR[14] (net: design_1_i/RISC_BENCHMARK_IP/inst/cv32e40x_wrapper_i/dp_ram_1/mem_address_b[16]) which is driven by a register (design_1_i/RISC_BENCHMARK_IP/inst/cv32e40x_wrapper_i/cv32e40x_core_i/id_stage_i/id_ex_pipe_o_reg[alu_operand_a][16]) that has an active asychronous set or reset. This may cause corruption of the memory contents and/or read values when the set/reset is asserted and is not analyzed by the default static timing analysis. It is suggested to eliminate the use of a set/reset to registers driving this RAMB pin or else use a synchronous reset in which the assertion of the reset is timed by default.
WARNING: [DRC REQP-1839] RAMB36 async control check: The RAMB36E1 design_1_i/RISC_BENCHMARK_IP/inst/cv32e40x_wrapper_i/dp_ram_1/memory_reg_0_0 has an input control pin design_1_i/RISC_BENCHMARK_IP/inst/cv32e40x_wrapper_i/dp_ram_1/memory_reg_0_0/ADDRARDADDR[14] (net: design_1_i/RISC_BENCHMARK_IP/inst/cv32e40x_wrapper_i/dp_ram_1/mem_address_b[16]) which is driven by a register (design_1_i/RISC_BENCHMARK_IP/inst/cv32e40x_wrapper_i/cv32e40x_core_i/id_stage_i/id_ex_pipe_o_reg[alu_operand_a][17]) that has an active asychronous set or reset. This may cause corruption of the memory contents and/or read values when the set/reset is asserted and is not analyzed by the default static timing analysis. It is suggested to eliminate the use of a set/reset to registers driving this RAMB pin or else use a synchronous reset in which the assertion of the reset is timed by default.
WARNING: [DRC REQP-1839] RAMB36 async control check: The RAMB36E1 design_1_i/RISC_BENCHMARK_IP/inst/cv32e40x_wrapper_i/dp_ram_1/memory_reg_0_0 has an input control pin design_1_i/RISC_BENCHMARK_IP/inst/cv32e40x_wrapper_i/dp_ram_1/memory_reg_0_0/ADDRARDADDR[14] (net: design_1_i/RISC_BENCHMARK_IP/inst/cv32e40x_wrapper_i/dp_ram_1/mem_address_b[16]) which is driven by a register (design_1_i/RISC_BENCHMARK_IP/inst/cv32e40x_wrapper_i/cv32e40x_core_i/id_stage_i/id_ex_pipe_o_reg[alu_operand_a][19]) that has an active asychronous set or reset. This may cause corruption of the memory contents and/or read values when the set/reset is asserted and is not analyzed by the default static timing analysis. It is suggested to eliminate the use of a set/reset to registers driving this RAMB pin or else use a synchronous reset in which the assertion of the reset is timed by default.
WARNING: [DRC REQP-1839] RAMB36 async control check: The RAMB36E1 design_1_i/RISC_BENCHMARK_IP/inst/cv32e40x_wrapper_i/dp_ram_1/memory_reg_0_0 has an input control pin design_1_i/RISC_BENCHMARK_IP/inst/cv32e40x_wrapper_i/dp_ram_1/memory_reg_0_0/ADDRARDADDR[14] (net: design_1_i/RISC_BENCHMARK_IP/inst/cv32e40x_wrapper_i/dp_ram_1/mem_address_b[16]) which is driven by a register (design_1_i/RISC_BENCHMARK_IP/inst/cv32e40x_wrapper_i/cv32e40x_core_i/id_stage_i/id_ex_pipe_o_reg[alu_operand_a][1]) that has an active asychronous set or reset. This may cause corruption of the memory contents and/or read values when the set/reset is asserted and is not analyzed by the default static timing analysis. It is suggested to eliminate the use of a set/reset to registers driving this RAMB pin or else use a synchronous reset in which the assertion of the reset is timed by default.
WARNING: [DRC REQP-1839] RAMB36 async control check: The RAMB36E1 design_1_i/RISC_BENCHMARK_IP/inst/cv32e40x_wrapper_i/dp_ram_1/memory_reg_0_0 has an input control pin design_1_i/RISC_BENCHMARK_IP/inst/cv32e40x_wrapper_i/dp_ram_1/memory_reg_0_0/ADDRARDADDR[14] (net: design_1_i/RISC_BENCHMARK_IP/inst/cv32e40x_wrapper_i/dp_ram_1/mem_address_b[16]) which is driven by a register (design_1_i/RISC_BENCHMARK_IP/inst/cv32e40x_wrapper_i/cv32e40x_core_i/id_stage_i/id_ex_pipe_o_reg[alu_operand_a][20]) that has an active asychronous set or reset. This may cause corruption of the memory contents and/or read values when the set/reset is asserted and is not analyzed by the default static timing analysis. It is suggested to eliminate the use of a set/reset to registers driving this RAMB pin or else use a synchronous reset in which the assertion of the reset is timed by default.
WARNING: [DRC REQP-1839] RAMB36 async control check: The RAMB36E1 design_1_i/RISC_BENCHMARK_IP/inst/cv32e40x_wrapper_i/dp_ram_1/memory_reg_0_0 has an input control pin design_1_i/RISC_BENCHMARK_IP/inst/cv32e40x_wrapper_i/dp_ram_1/memory_reg_0_0/ADDRARDADDR[14] (net: design_1_i/RISC_BENCHMARK_IP/inst/cv32e40x_wrapper_i/dp_ram_1/mem_address_b[16]) which is driven by a register (design_1_i/RISC_BENCHMARK_IP/inst/cv32e40x_wrapper_i/cv32e40x_core_i/id_stage_i/id_ex_pipe_o_reg[alu_operand_a][21]) that has an active asychronous set or reset. This may cause corruption of the memory contents and/or read values when the set/reset is asserted and is not analyzed by the default static timing analysis. It is suggested to eliminate the use of a set/reset to registers driving this RAMB pin or else use a synchronous reset in which the assertion of the reset is timed by default.
WARNING: [DRC REQP-1839] RAMB36 async control check: The RAMB36E1 design_1_i/RISC_BENCHMARK_IP/inst/cv32e40x_wrapper_i/dp_ram_1/memory_reg_0_0 has an input control pin design_1_i/RISC_BENCHMARK_IP/inst/cv32e40x_wrapper_i/dp_ram_1/memory_reg_0_0/ADDRARDADDR[14] (net: design_1_i/RISC_BENCHMARK_IP/inst/cv32e40x_wrapper_i/dp_ram_1/mem_address_b[16]) which is driven by a register (design_1_i/RISC_BENCHMARK_IP/inst/cv32e40x_wrapper_i/cv32e40x_core_i/id_stage_i/id_ex_pipe_o_reg[alu_operand_a][22]) that has an active asychronous set or reset. This may cause corruption of the memory contents and/or read values when the set/reset is asserted and is not analyzed by the default static timing analysis. It is suggested to eliminate the use of a set/reset to registers driving this RAMB pin or else use a synchronous reset in which the assertion of the reset is timed by default.
WARNING: [DRC REQP-1839] RAMB36 async control check: The RAMB36E1 design_1_i/RISC_BENCHMARK_IP/inst/cv32e40x_wrapper_i/dp_ram_1/memory_reg_0_0 has an input control pin design_1_i/RISC_BENCHMARK_IP/inst/cv32e40x_wrapper_i/dp_ram_1/memory_reg_0_0/ADDRARDADDR[14] (net: design_1_i/RISC_BENCHMARK_IP/inst/cv32e40x_wrapper_i/dp_ram_1/mem_address_b[16]) which is driven by a register (design_1_i/RISC_BENCHMARK_IP/inst/cv32e40x_wrapper_i/cv32e40x_core_i/id_stage_i/id_ex_pipe_o_reg[alu_operand_a][23]) that has an active asychronous set or reset. This may cause corruption of the memory contents and/or read values when the set/reset is asserted and is not analyzed by the default static timing analysis. It is suggested to eliminate the use of a set/reset to registers driving this RAMB pin or else use a synchronous reset in which the assertion of the reset is timed by default.
WARNING: [DRC REQP-1839] RAMB36 async control check: The RAMB36E1 design_1_i/RISC_BENCHMARK_IP/inst/cv32e40x_wrapper_i/dp_ram_1/memory_reg_0_0 has an input control pin design_1_i/RISC_BENCHMARK_IP/inst/cv32e40x_wrapper_i/dp_ram_1/memory_reg_0_0/ADDRARDADDR[14] (net: design_1_i/RISC_BENCHMARK_IP/inst/cv32e40x_wrapper_i/dp_ram_1/mem_address_b[16]) which is driven by a register (design_1_i/RISC_BENCHMARK_IP/inst/cv32e40x_wrapper_i/cv32e40x_core_i/id_stage_i/id_ex_pipe_o_reg[alu_operand_a][24]) that has an active asychronous set or reset. This may cause corruption of the memory contents and/or read values when the set/reset is asserted and is not analyzed by the default static timing analysis. It is suggested to eliminate the use of a set/reset to registers driving this RAMB pin or else use a synchronous reset in which the assertion of the reset is timed by default.
WARNING: [DRC REQP-1839] RAMB36 async control check: The RAMB36E1 design_1_i/RISC_BENCHMARK_IP/inst/cv32e40x_wrapper_i/dp_ram_1/memory_reg_0_0 has an input control pin design_1_i/RISC_BENCHMARK_IP/inst/cv32e40x_wrapper_i/dp_ram_1/memory_reg_0_0/ADDRARDADDR[14] (net: design_1_i/RISC_BENCHMARK_IP/inst/cv32e40x_wrapper_i/dp_ram_1/mem_address_b[16]) which is driven by a register (design_1_i/RISC_BENCHMARK_IP/inst/cv32e40x_wrapper_i/cv32e40x_core_i/id_stage_i/id_ex_pipe_o_reg[alu_operand_a][25]) that has an active asychronous set or reset. This may cause corruption of the memory contents and/or read values when the set/reset is asserted and is not analyzed by the default static timing analysis. It is suggested to eliminate the use of a set/reset to registers driving this RAMB pin or else use a synchronous reset in which the assertion of the reset is timed by default.
WARNING: [DRC REQP-1839] RAMB36 async control check: The RAMB36E1 design_1_i/RISC_BENCHMARK_IP/inst/cv32e40x_wrapper_i/dp_ram_1/memory_reg_0_0 has an input control pin design_1_i/RISC_BENCHMARK_IP/inst/cv32e40x_wrapper_i/dp_ram_1/memory_reg_0_0/ADDRARDADDR[14] (net: design_1_i/RISC_BENCHMARK_IP/inst/cv32e40x_wrapper_i/dp_ram_1/mem_address_b[16]) which is driven by a register (design_1_i/RISC_BENCHMARK_IP/inst/cv32e40x_wrapper_i/cv32e40x_core_i/id_stage_i/id_ex_pipe_o_reg[alu_operand_a][26]) that has an active asychronous set or reset. This may cause corruption of the memory contents and/or read values when the set/reset is asserted and is not analyzed by the default static timing analysis. It is suggested to eliminate the use of a set/reset to registers driving this RAMB pin or else use a synchronous reset in which the assertion of the reset is timed by default.
WARNING: [DRC REQP-1839] RAMB36 async control check: The RAMB36E1 design_1_i/RISC_BENCHMARK_IP/inst/cv32e40x_wrapper_i/dp_ram_1/memory_reg_0_0 has an input control pin design_1_i/RISC_BENCHMARK_IP/inst/cv32e40x_wrapper_i/dp_ram_1/memory_reg_0_0/ADDRARDADDR[14] (net: design_1_i/RISC_BENCHMARK_IP/inst/cv32e40x_wrapper_i/dp_ram_1/mem_address_b[16]) which is driven by a register (design_1_i/RISC_BENCHMARK_IP/inst/cv32e40x_wrapper_i/cv32e40x_core_i/id_stage_i/id_ex_pipe_o_reg[alu_operand_a][2]) that has an active asychronous set or reset. This may cause corruption of the memory contents and/or read values when the set/reset is asserted and is not analyzed by the default static timing analysis. It is suggested to eliminate the use of a set/reset to registers driving this RAMB pin or else use a synchronous reset in which the assertion of the reset is timed by default.
WARNING: [DRC REQP-1839] RAMB36 async control check: The RAMB36E1 design_1_i/RISC_BENCHMARK_IP/inst/cv32e40x_wrapper_i/dp_ram_1/memory_reg_0_0 has an input control pin design_1_i/RISC_BENCHMARK_IP/inst/cv32e40x_wrapper_i/dp_ram_1/memory_reg_0_0/ADDRARDADDR[14] (net: design_1_i/RISC_BENCHMARK_IP/inst/cv32e40x_wrapper_i/dp_ram_1/mem_address_b[16]) which is driven by a register (design_1_i/RISC_BENCHMARK_IP/inst/cv32e40x_wrapper_i/cv32e40x_core_i/id_stage_i/id_ex_pipe_o_reg[alu_operand_a][30]) that has an active asychronous set or reset. This may cause corruption of the memory contents and/or read values when the set/reset is asserted and is not analyzed by the default static timing analysis. It is suggested to eliminate the use of a set/reset to registers driving this RAMB pin or else use a synchronous reset in which the assertion of the reset is timed by default.
WARNING: [DRC REQP-1839] RAMB36 async control check: The RAMB36E1 design_1_i/RISC_BENCHMARK_IP/inst/cv32e40x_wrapper_i/dp_ram_1/memory_reg_0_0 has an input control pin design_1_i/RISC_BENCHMARK_IP/inst/cv32e40x_wrapper_i/dp_ram_1/memory_reg_0_0/ADDRARDADDR[14] (net: design_1_i/RISC_BENCHMARK_IP/inst/cv32e40x_wrapper_i/dp_ram_1/mem_address_b[16]) which is driven by a register (design_1_i/RISC_BENCHMARK_IP/inst/cv32e40x_wrapper_i/cv32e40x_core_i/load_store_unit_i/split_q_reg) that has an active asychronous set or reset. This may cause corruption of the memory contents and/or read values when the set/reset is asserted and is not analyzed by the default static timing analysis. It is suggested to eliminate the use of a set/reset to registers driving this RAMB pin or else use a synchronous reset in which the assertion of the reset is timed by default.
INFO: [Vivado_Tcl 4-198] DRC finished with 0 Errors, 21 Warnings
INFO: [Vivado_Tcl 4-199] Please refer to the DRC report (report_drc) for more information.

Starting Placer Task
INFO: [Place 30-611] Multithreading enabled for place_design using a maximum of 2 CPUs

Phase 1 Placer Initialization

Phase 1.1 Placer Initialization Netlist Sorting
Netlist sorting complete. Time (s): cpu = 00:00:00 ; elapsed = 00:00:00.016 . Memory (MB): peak = 2254.980 ; gain = 0.000
Phase 1.1 Placer Initialization Netlist Sorting | Checksum: a52983d6

Time (s): cpu = 00:00:00 ; elapsed = 00:00:00.025 . Memory (MB): peak = 2254.980 ; gain = 0.000
Netlist sorting complete. Time (s): cpu = 00:00:00 ; elapsed = 00:00:00.010 . Memory (MB): peak = 2254.980 ; gain = 0.000

Phase 1.2 IO Placement/ Clock Placement/ Build Placer Device
CRITICAL WARNING: [Constraints 18-993] The Pblock pblock_risc has defined an area that causes the splitting of interconnect tile columns. Partial reconfiguration requires that the left and right paired interconnect tile columns cannot be split by a reconfigurable boundary.  This is caused by either the left or right edge of a Pblock boundary, or by the Pblock spanning over logic types not included in the Pblock ranges.  To avoid an unroutable situation, placement will be prohibited from both of these columns. To avoid placement restrictions, modify the Pblock to avoid splitting the two columns.
The column of the split contains interconnect tile INT_L_X32Y49  (SLICE_X49Y49 SLICE_X48Y49).
Please refer to the Xilinx document on Partial Reconfiguration.
Resolution: Set the Pblock property SNAPPING_MODE to value of ON, or modify the column/X specification of the pblock to avoid this edge.
CRITICAL WARNING: [Constraints 18-996] The split between the left and right columns occurs between a reconfigurable Pblock and Static logic.  The static sites are not reconfigurable.  The Pblock should be adjusted to remove the column from the Pblock, unless the excluded reconfigurable and static sites are not needed for the design.  Note that adjusting the Pblock will prevent prohibits and improve placement of the design, but may reduce the routability if the removed sites were needed to span across the static logic.  Failure to modify the Pblock may lead to an unplaceable design if these prohibited sites are required by the design.
Resolution: Set the Pblock property SNAPPING_MODE to value of ON, or modify the column/X specification of the pblock to avoid this edge.
CRITICAL WARNING: [Constraints 18-994] The following sites will be excluded from the left column in pblock_risc:
CRITICAL WARNING: [Constraints 18-992]   Site Type: SLICEL excluded sites: 100
CRITICAL WARNING: [Constraints 18-995] The following sites will be excluded from the right column in Static:
CRITICAL WARNING: [Constraints 18-992]   Site Type: PMV2 excluded sites: 1
CRITICAL WARNING: [Constraints 18-993] The Pblock pblock_risc has defined an area that causes the splitting of interconnect tile columns. Partial reconfiguration requires that the left and right paired interconnect tile columns cannot be split by a reconfigurable boundary.  This is caused by either the left or right edge of a Pblock boundary, or by the Pblock spanning over logic types not included in the Pblock ranges.  To avoid an unroutable situation, placement will be prohibited from both of these columns. To avoid placement restrictions, modify the Pblock to avoid splitting the two columns.
The column of the split contains interconnect tile INT_L_X4Y49  (SLICE_X6Y49 SLICE_X7Y49).
Please refer to the Xilinx document on Partial Reconfiguration.
Resolution: Set the Pblock property SNAPPING_MODE to value of ON, or modify the column/X specification of the pblock to avoid this edge.
CRITICAL WARNING: [Constraints 18-997] The split between the left and right columns occurs between a reconfigurable Pblock and Static logic.  The static sites are reconfigurable.  The Pblock should either be extended to include the right column, or reduced to remove the left column.
Resolution: Set the Pblock property SNAPPING_MODE to value of ON, or modify the column/X specification of the pblock to avoid this edge.
CRITICAL WARNING: [Constraints 18-994] The following sites will be excluded from the left column in Static:
CRITICAL WARNING: [Constraints 18-992]   Site Type: SLICEL excluded sites: 50
CRITICAL WARNING: [Constraints 18-992]   Site Type: SLICEM excluded sites: 50
CRITICAL WARNING: [Constraints 18-995] The following sites will be excluded from the right column in pblock_risc:
CRITICAL WARNING: [Constraints 18-992]   Site Type: SLICEL excluded sites: 50
CRITICAL WARNING: [Constraints 18-992]   Site Type: SLICEM excluded sites: 50
CRITICAL WARNING: [Constraints 18-993] The Pblock pblock_risc has defined an area that causes the splitting of interconnect tile columns. Partial reconfiguration requires that the left and right paired interconnect tile columns cannot be split by a reconfigurable boundary.  This is caused by either the left or right edge of a Pblock boundary, or by the Pblock spanning over logic types not included in the Pblock ranges.  To avoid an unroutable situation, placement will be prohibited from both of these columns. To avoid placement restrictions, modify the Pblock to avoid splitting the two columns.
The column of the split contains interconnect tile INT_L_X40Y49  (SLICE_X61Y49 SLICE_X60Y49).
Please refer to the Xilinx document on Partial Reconfiguration.
Resolution: Set the Pblock property SNAPPING_MODE to value of ON, or modify the column/X specification of the pblock to avoid this edge.
CRITICAL WARNING: [Constraints 18-997] The split between the left and right columns occurs between a reconfigurable Pblock and Static logic.  The static sites are reconfigurable.  The Pblock should either be extended to include the left column, or reduced to remove the right column.
Resolution: Set the Pblock property SNAPPING_MODE to value of ON, or modify the column/X specification of the pblock to avoid this edge.
CRITICAL WARNING: [Constraints 18-994] The following sites will be excluded from the left column in pblock_risc:
CRITICAL WARNING: [Constraints 18-992]   Site Type: SLICEL excluded sites: 100
CRITICAL WARNING: [Constraints 18-995] The following sites will be excluded from the right column in Static:
CRITICAL WARNING: [Constraints 18-992]   Site Type: SLICEL excluded sites: 50
CRITICAL WARNING: [Constraints 18-992]   Site Type: SLICEM excluded sites: 50
INFO: [Timing 38-35] Done setting XDC timing constraints.
WARNING: [Place 30-568] A LUT 'design_1_i/CLK_Gate_0/inst/clk_o_INST_0' is driving clock pin of 2388 registers. This could lead to large hold time violations. First few involved registers are:
	design_1_i/RISC_BENCHMARK_IP/inst/cv32e40x_wrapper_i/cv32e40x_core_i/if_stage_i/prefetch_unit_i/alignment_buffer_i/resp_q_reg[0][bus_resp][rdata][10] {FDCE}
	design_1_i/RISC_BENCHMARK_IP/inst/cv32e40x_wrapper_i/cv32e40x_core_i/if_stage_i/prefetch_unit_i/alignment_buffer_i/resp_q_reg[0][bus_resp][rdata][15] {FDCE}
	design_1_i/RISC_BENCHMARK_IP/inst/cv32e40x_wrapper_i/cv32e40x_core_i/if_stage_i/prefetch_unit_i/alignment_buffer_i/resp_q_reg[0][bus_resp][err] {FDCE}
	design_1_i/RISC_BENCHMARK_IP/inst/cv32e40x_wrapper_i/cv32e40x_core_i/if_stage_i/prefetch_unit_i/alignment_buffer_i/resp_q_reg[0][bus_resp][rdata][11] {FDCE}
	design_1_i/RISC_BENCHMARK_IP/inst/cv32e40x_wrapper_i/cv32e40x_core_i/if_stage_i/prefetch_unit_i/alignment_buffer_i/resp_q_reg[0][bus_resp][rdata][14] {FDCE}
Phase 1.2 IO Placement/ Clock Placement/ Build Placer Device | Checksum: 13b6593c3

Time (s): cpu = 00:00:03 ; elapsed = 00:00:02 . Memory (MB): peak = 2254.980 ; gain = 0.000

Phase 1.3 Build Placer Netlist Model
Phase 1.3 Build Placer Netlist Model | Checksum: 122082f56

Time (s): cpu = 00:00:05 ; elapsed = 00:00:04 . Memory (MB): peak = 2254.980 ; gain = 0.000

Phase 1.4 Constrain Clocks/Macros
Phase 1.4 Constrain Clocks/Macros | Checksum: 122082f56

Time (s): cpu = 00:00:05 ; elapsed = 00:00:04 . Memory (MB): peak = 2254.980 ; gain = 0.000
Phase 1 Placer Initialization | Checksum: 122082f56

Time (s): cpu = 00:00:05 ; elapsed = 00:00:04 . Memory (MB): peak = 2254.980 ; gain = 0.000

Phase 2 Global Placement

Phase 2.1 Floorplanning
Phase 2.1 Floorplanning | Checksum: e4637fac

Time (s): cpu = 00:00:06 ; elapsed = 00:00:04 . Memory (MB): peak = 2254.980 ; gain = 0.000

Phase 2.2 Physical Synthesis In Placer
INFO: [Physopt 32-65] No nets found for high-fanout optimization.
INFO: [Physopt 32-232] Optimized 0 net. Created 0 new instance.
INFO: [Physopt 32-775] End 1 Pass. Optimized 0 net or cell. Created 0 new cell, deleted 0 existing cell and moved 0 existing cell
INFO: [Physopt 32-64] No nets found for fanout-optimization.
INFO: [Physopt 32-232] Optimized 0 net. Created 0 new instance.
INFO: [Physopt 32-775] End 1 Pass. Optimized 0 net or cell. Created 0 new cell, deleted 0 existing cell and moved 0 existing cell
INFO: [Physopt 32-117] Net design_1_i/RISC_BENCHMARK_IP/inst/cv32e40x_wrapper_i/cv32e40x_core_i/id_stage_i/memory_reg_0_2[0] could not be optimized because driver design_1_i/RISC_BENCHMARK_IP/inst/cv32e40x_wrapper_i/cv32e40x_core_i/id_stage_i/memory_reg_0_0_i_1__2 could not be replicated
INFO: [Physopt 32-117] Net design_1_i/RISC_BENCHMARK_IP/inst/cv32e40x_wrapper_i/cv32e40x_core_i/id_stage_i/memory_reg_0_2_1[0] could not be optimized because driver design_1_i/RISC_BENCHMARK_IP/inst/cv32e40x_wrapper_i/cv32e40x_core_i/id_stage_i/memory_reg_0_0_i_2__0 could not be replicated
INFO: [Physopt 32-117] Net design_1_i/RISC_BENCHMARK_IP/inst/cv32e40x_wrapper_i/cv32e40x_core_i/id_stage_i/memory_reg_0_7_1[0] could not be optimized because driver design_1_i/RISC_BENCHMARK_IP/inst/cv32e40x_wrapper_i/cv32e40x_core_i/id_stage_i/memory_reg_0_5_i_1__1 could not be replicated
INFO: [Physopt 32-117] Net design_1_i/RISC_BENCHMARK_IP/inst/cv32e40x_wrapper_i/cv32e40x_core_i/id_stage_i/memory_reg_0_2_0[0] could not be optimized because driver design_1_i/RISC_BENCHMARK_IP/inst/cv32e40x_wrapper_i/cv32e40x_core_i/id_stage_i/memory_reg_0_0_i_2 could not be replicated
INFO: [Physopt 32-117] Net design_1_i/RISC_BENCHMARK_IP/inst/cv32e40x_wrapper_i/cv32e40x_core_i/id_stage_i/memory_reg_0_2[1] could not be optimized because driver design_1_i/RISC_BENCHMARK_IP/inst/cv32e40x_wrapper_i/cv32e40x_core_i/id_stage_i/memory_reg_0_2_i_1__0 could not be replicated
INFO: [Physopt 32-117] Net design_1_i/RISC_BENCHMARK_IP/inst/cv32e40x_wrapper_i/cv32e40x_core_i/id_stage_i/WEA[0] could not be optimized because driver design_1_i/RISC_BENCHMARK_IP/inst/cv32e40x_wrapper_i/cv32e40x_core_i/id_stage_i/memory_reg_0_0_i_1__1 could not be replicated
INFO: [Physopt 32-117] Net design_1_i/RISC_BENCHMARK_IP/inst/cv32e40x_wrapper_i/cv32e40x_core_i/id_stage_i/memory_reg_0_7_2[0] could not be optimized because driver design_1_i/RISC_BENCHMARK_IP/inst/cv32e40x_wrapper_i/cv32e40x_core_i/id_stage_i/memory_reg_0_5_i_1__2 could not be replicated
INFO: [Physopt 32-117] Net design_1_i/RISC_BENCHMARK_IP/inst/cv32e40x_wrapper_i/cv32e40x_core_i/id_stage_i/memory_reg_0_7[0] could not be optimized because driver design_1_i/RISC_BENCHMARK_IP/inst/cv32e40x_wrapper_i/cv32e40x_core_i/id_stage_i/memory_reg_0_5_i_1 could not be replicated
INFO: [Physopt 32-117] Net design_1_i/RISC_BENCHMARK_IP/inst/cv32e40x_wrapper_i/cv32e40x_core_i/id_stage_i/memory_reg_0_2_1[1] could not be optimized because driver design_1_i/RISC_BENCHMARK_IP/inst/cv32e40x_wrapper_i/cv32e40x_core_i/id_stage_i/memory_reg_0_2_i_1__2 could not be replicated
INFO: [Physopt 32-117] Net design_1_i/RISC_BENCHMARK_IP/inst/cv32e40x_wrapper_i/cv32e40x_core_i/id_stage_i/memory_reg_0_2_0[1] could not be optimized because driver design_1_i/RISC_BENCHMARK_IP/inst/cv32e40x_wrapper_i/cv32e40x_core_i/id_stage_i/memory_reg_0_2_i_1__1 could not be replicated
INFO: [Physopt 32-117] Net design_1_i/RISC_BENCHMARK_IP/inst/cv32e40x_wrapper_i/cv32e40x_core_i/id_stage_i/memory_reg_0_7_0[0] could not be optimized because driver design_1_i/RISC_BENCHMARK_IP/inst/cv32e40x_wrapper_i/cv32e40x_core_i/id_stage_i/memory_reg_0_5_i_1__0 could not be replicated
INFO: [Physopt 32-117] Net design_1_i/RISC_BENCHMARK_IP/inst/cv32e40x_wrapper_i/cv32e40x_core_i/if_stage_i/prefetch_unit_i/alignment_buffer_i/memory_reg_0_7 could not be optimized because driver design_1_i/RISC_BENCHMARK_IP/inst/cv32e40x_wrapper_i/cv32e40x_core_i/if_stage_i/prefetch_unit_i/alignment_buffer_i/memory_reg_0_0_i_1 could not be replicated
INFO: [Physopt 32-117] Net design_1_i/RISC_BENCHMARK_IP/inst/cv32e40x_wrapper_i/cv32e40x_core_i/if_stage_i/prefetch_unit_i/alignment_buffer_i/memory_reg_0_7_0 could not be optimized because driver design_1_i/RISC_BENCHMARK_IP/inst/cv32e40x_wrapper_i/cv32e40x_core_i/if_stage_i/prefetch_unit_i/alignment_buffer_i/memory_reg_0_0_i_1__0 could not be replicated
INFO: [Physopt 32-68] No nets found for critical-cell optimization.
INFO: [Physopt 32-232] Optimized 0 net. Created 0 new instance.
INFO: [Physopt 32-775] End 1 Pass. Optimized 0 net or cell. Created 0 new cell, deleted 0 existing cell and moved 0 existing cell
Netlist sorting complete. Time (s): cpu = 00:00:00 ; elapsed = 00:00:00.015 . Memory (MB): peak = 2254.980 ; gain = 0.000

Summary of Physical Synthesis Optimizations
============================================


-----------------------------------------------------------------------------------------------------------------------------
|  Optimization       |  Added Cells  |  Removed Cells  |  Optimized Cells/Nets  |  Dont Touch  |  Iterations  |  Elapsed   |
-----------------------------------------------------------------------------------------------------------------------------
|  Very High Fanout   |            0  |              0  |                     0  |           0  |           1  |  00:00:00  |
|  Fanout             |            0  |              0  |                     0  |           0  |           1  |  00:00:00  |
|  Critical Cell      |            0  |              0  |                     0  |           0  |           1  |  00:00:00  |
|  Total              |            0  |              0  |                     0  |           0  |           3  |  00:00:00  |
-----------------------------------------------------------------------------------------------------------------------------


Phase 2.2 Physical Synthesis In Placer | Checksum: 22cd41977

Time (s): cpu = 00:00:18 ; elapsed = 00:00:11 . Memory (MB): peak = 2254.980 ; gain = 0.000
Phase 2 Global Placement | Checksum: 185ae1994

Time (s): cpu = 00:00:19 ; elapsed = 00:00:12 . Memory (MB): peak = 2254.980 ; gain = 0.000

Phase 3 Detail Placement

Phase 3.1 Commit Multi Column Macros
Phase 3.1 Commit Multi Column Macros | Checksum: 185ae1994

Time (s): cpu = 00:00:19 ; elapsed = 00:00:12 . Memory (MB): peak = 2254.980 ; gain = 0.000

Phase 3.2 Commit Most Macros & LUTRAMs
Phase 3.2 Commit Most Macros & LUTRAMs | Checksum: 15ad340e3

Time (s): cpu = 00:00:20 ; elapsed = 00:00:13 . Memory (MB): peak = 2254.980 ; gain = 0.000

Phase 3.3 Area Swap Optimization
Phase 3.3 Area Swap Optimization | Checksum: f0c2b74d

Time (s): cpu = 00:00:20 ; elapsed = 00:00:13 . Memory (MB): peak = 2254.980 ; gain = 0.000

Phase 3.4 Pipeline Register Optimization
Phase 3.4 Pipeline Register Optimization | Checksum: f0c2b74d

Time (s): cpu = 00:00:20 ; elapsed = 00:00:13 . Memory (MB): peak = 2254.980 ; gain = 0.000

Phase 3.5 Timing Path Optimizer
Phase 3.5 Timing Path Optimizer | Checksum: f0c2b74d

Time (s): cpu = 00:00:20 ; elapsed = 00:00:13 . Memory (MB): peak = 2254.980 ; gain = 0.000

Phase 3.6 Fast Optimization
Phase 3.6 Fast Optimization | Checksum: e1c6c3bf

Time (s): cpu = 00:00:23 ; elapsed = 00:00:16 . Memory (MB): peak = 2254.980 ; gain = 0.000

Phase 3.7 Small Shape Detail Placement

Phase 3.7.1 Place Remaining
Phase 3.7.1 Place Remaining | Checksum: 19bac3e93

Time (s): cpu = 00:00:26 ; elapsed = 00:00:19 . Memory (MB): peak = 2254.980 ; gain = 0.000
Phase 3.7 Small Shape Detail Placement | Checksum: 19bac3e93

Time (s): cpu = 00:00:26 ; elapsed = 00:00:19 . Memory (MB): peak = 2254.980 ; gain = 0.000

Phase 3.8 Re-assign LUT pins
Phase 3.8 Re-assign LUT pins | Checksum: 1b2cae36c

Time (s): cpu = 00:00:27 ; elapsed = 00:00:20 . Memory (MB): peak = 2254.980 ; gain = 0.000

Phase 3.9 Pipeline Register Optimization
Phase 3.9 Pipeline Register Optimization | Checksum: 1b2cae36c

Time (s): cpu = 00:00:27 ; elapsed = 00:00:21 . Memory (MB): peak = 2254.980 ; gain = 0.000

Phase 3.10 Fast Optimization
Phase 3.10 Fast Optimization | Checksum: 12792a7c7

Time (s): cpu = 00:00:32 ; elapsed = 00:00:26 . Memory (MB): peak = 2254.980 ; gain = 0.000
Phase 3 Detail Placement | Checksum: 12792a7c7

Time (s): cpu = 00:00:32 ; elapsed = 00:00:26 . Memory (MB): peak = 2254.980 ; gain = 0.000

Phase 4 Post Placement Optimization and Clean-Up

Phase 4.1 Post Commit Optimization
INFO: [Timing 38-35] Done setting XDC timing constraints.

Phase 4.1.1 Post Placement Optimization
Post Placement Optimization Initialization | Checksum: 1215351de

Phase 4.1.1.1 BUFG Insertion
INFO: [Place 46-31] BUFG insertion identified 0 candidate nets, 0 success, 0 skipped for placement/routing, 0 skipped for timing, 0 skipped for netlist change reason.
Phase 4.1.1.1 BUFG Insertion | Checksum: 1215351de

Time (s): cpu = 00:00:34 ; elapsed = 00:00:27 . Memory (MB): peak = 2267.109 ; gain = 12.129
INFO: [Place 30-746] Post Placement Timing Summary WNS=-4.478. For the most accurate timing information please run report_timing.
Phase 4.1.1 Post Placement Optimization | Checksum: 1ac8d6a05

Time (s): cpu = 00:00:47 ; elapsed = 00:00:45 . Memory (MB): peak = 2267.355 ; gain = 12.375
Phase 4.1 Post Commit Optimization | Checksum: 1ac8d6a05

Time (s): cpu = 00:00:47 ; elapsed = 00:00:46 . Memory (MB): peak = 2267.355 ; gain = 12.375

Phase 4.2 Post Placement Cleanup
Phase 4.2 Post Placement Cleanup | Checksum: 1ac8d6a05

Time (s): cpu = 00:00:47 ; elapsed = 00:00:46 . Memory (MB): peak = 2267.355 ; gain = 12.375

Phase 4.3 Placer Reporting
Phase 4.3 Placer Reporting | Checksum: 1ac8d6a05

Time (s): cpu = 00:00:47 ; elapsed = 00:00:46 . Memory (MB): peak = 2267.355 ; gain = 12.375

Phase 4.4 Final Placement Cleanup
Phase 4.4 Final Placement Cleanup | Checksum: 247286b7c

Time (s): cpu = 00:00:47 ; elapsed = 00:00:46 . Memory (MB): peak = 2267.355 ; gain = 12.375
Phase 4 Post Placement Optimization and Clean-Up | Checksum: 247286b7c

Time (s): cpu = 00:00:47 ; elapsed = 00:00:46 . Memory (MB): peak = 2267.355 ; gain = 12.375
Ending Placer Task | Checksum: 14c701410

Time (s): cpu = 00:00:47 ; elapsed = 00:00:46 . Memory (MB): peak = 2267.355 ; gain = 12.375
INFO: [Common 17-83] Releasing license: Implementation
35 Infos, 22 Warnings, 21 Critical Warnings and 0 Errors encountered.
place_design completed successfully
place_design: Time (s): cpu = 00:00:57 ; elapsed = 00:00:49 . Memory (MB): peak = 2268.836 ; gain = 13.855
route_design
Command: route_design
Attempting to get a license for feature 'Implementation' and/or device 'xc7z020'
INFO: [Common 17-349] Got license for feature 'Implementation' and/or device 'xc7z020'
Running DRC as a precondition to command route_design
INFO: [DRC 23-27] Running DRC with 2 threads
INFO: [Vivado_Tcl 4-198] DRC finished with 0 Errors
INFO: [Vivado_Tcl 4-199] Please refer to the DRC report (report_drc) for more information.


Starting Routing Task
INFO: [Route 35-254] Multithreading enabled for route_design using a maximum of 2 CPUs
Checksum: PlaceDB: 744b5e13 ConstDB: 0 ShapeSum: d824b5fd RouteDB: 0

Phase 1 Build RT Design
Phase 1 Build RT Design | Checksum: e43f8003

Time (s): cpu = 00:00:27 ; elapsed = 00:00:16 . Memory (MB): peak = 2418.586 ; gain = 124.773
Post Restoration Checksum: NetGraph: 9c265616 NumContArr: 389bd5b7 Constraints: f7d5436 Timing: 0

Phase 2 Router Initialization

Phase 2.1 Create Timer
Phase 2.1 Create Timer | Checksum: e43f8003

Time (s): cpu = 00:00:28 ; elapsed = 00:00:17 . Memory (MB): peak = 2419.039 ; gain = 125.227

Phase 2.2 Fix Topology Constraints
Phase 2.2 Fix Topology Constraints | Checksum: e43f8003

Time (s): cpu = 00:00:28 ; elapsed = 00:00:17 . Memory (MB): peak = 2419.039 ; gain = 125.227

Phase 2.3 Pre Route Cleanup
Phase 2.3 Pre Route Cleanup | Checksum: e43f8003

Time (s): cpu = 00:00:28 ; elapsed = 00:00:17 . Memory (MB): peak = 2419.039 ; gain = 125.227
 Number of Nodes with overlaps = 0

Phase 2.4 Update Timing
Phase 2.4 Update Timing | Checksum: 29145276d

Time (s): cpu = 00:00:32 ; elapsed = 00:00:19 . Memory (MB): peak = 2465.379 ; gain = 171.566
INFO: [Route 35-416] Intermediate Timing Summary | WNS=-4.882 | TNS=-4872.608| WHS=-0.257 | THS=-39.177|

Phase 2 Router Initialization | Checksum: 1de06034d

Time (s): cpu = 00:00:33 ; elapsed = 00:00:19 . Memory (MB): peak = 2467.160 ; gain = 173.348

Phase 3 Initial Routing
Phase 3 Initial Routing | Checksum: 189a49cee

Time (s): cpu = 00:00:56 ; elapsed = 00:00:31 . Memory (MB): peak = 2505.379 ; gain = 211.566

Phase 4 Rip-up And Reroute

Phase 4.1 Global Iteration 0
 Number of Nodes with overlaps = 2664
 Number of Nodes with overlaps = 623
 Number of Nodes with overlaps = 237
 Number of Nodes with overlaps = 77
 Number of Nodes with overlaps = 43
 Number of Nodes with overlaps = 15
 Number of Nodes with overlaps = 2
 Number of Nodes with overlaps = 1
 Number of Nodes with overlaps = 1
 Number of Nodes with overlaps = 0
INFO: [Route 35-416] Intermediate Timing Summary | WNS=-5.634 | TNS=-7092.359| WHS=N/A    | THS=N/A    |

Phase 4.1 Global Iteration 0 | Checksum: 352748004

Time (s): cpu = 00:01:32 ; elapsed = 00:00:53 . Memory (MB): peak = 2505.379 ; gain = 211.566

Phase 4.2 Global Iteration 1
 Number of Nodes with overlaps = 176
 Number of Nodes with overlaps = 89
 Number of Nodes with overlaps = 51
 Number of Nodes with overlaps = 15
 Number of Nodes with overlaps = 6
 Number of Nodes with overlaps = 5
 Number of Nodes with overlaps = 3
 Number of Nodes with overlaps = 3
 Number of Nodes with overlaps = 1
 Number of Nodes with overlaps = 1
 Number of Nodes with overlaps = 1
 Number of Nodes with overlaps = 0
INFO: [Route 35-416] Intermediate Timing Summary | WNS=-5.461 | TNS=-7120.569| WHS=N/A    | THS=N/A    |

Phase 4.2 Global Iteration 1 | Checksum: 2281af2d2

Time (s): cpu = 00:01:37 ; elapsed = 00:00:57 . Memory (MB): peak = 2505.379 ; gain = 211.566

Phase 4.3 Global Iteration 2
 Number of Nodes with overlaps = 419
 Number of Nodes with overlaps = 324
 Number of Nodes with overlaps = 177
 Number of Nodes with overlaps = 96
 Number of Nodes with overlaps = 66
 Number of Nodes with overlaps = 33
 Number of Nodes with overlaps = 21
 Number of Nodes with overlaps = 22
 Number of Nodes with overlaps = 15
 Number of Nodes with overlaps = 9
 Number of Nodes with overlaps = 11
 Number of Nodes with overlaps = 4
 Number of Nodes with overlaps = 4
 Number of Nodes with overlaps = 1
 Number of Nodes with overlaps = 0
INFO: [Route 35-416] Intermediate Timing Summary | WNS=-5.378 | TNS=-7103.086| WHS=N/A    | THS=N/A    |

Phase 4.3 Global Iteration 2 | Checksum: 1f13f777b

Time (s): cpu = 00:01:48 ; elapsed = 00:01:04 . Memory (MB): peak = 2505.379 ; gain = 211.566

Phase 4.4 Global Iteration 3
 Number of Nodes with overlaps = 237
 Number of Nodes with overlaps = 140
 Number of Nodes with overlaps = 75
 Number of Nodes with overlaps = 85
 Number of Nodes with overlaps = 39
 Number of Nodes with overlaps = 22
 Number of Nodes with overlaps = 20
 Number of Nodes with overlaps = 19
 Number of Nodes with overlaps = 17
 Number of Nodes with overlaps = 10
 Number of Nodes with overlaps = 5
 Number of Nodes with overlaps = 5
 Number of Nodes with overlaps = 5
 Number of Nodes with overlaps = 4
 Number of Nodes with overlaps = 2
 Number of Nodes with overlaps = 3
 Number of Nodes with overlaps = 3
 Number of Nodes with overlaps = 0
INFO: [Route 35-416] Intermediate Timing Summary | WNS=-5.409 | TNS=-7067.729| WHS=N/A    | THS=N/A    |

Phase 4.4 Global Iteration 3 | Checksum: 1e5049aeb

Time (s): cpu = 00:02:04 ; elapsed = 00:01:16 . Memory (MB): peak = 2505.379 ; gain = 211.566
Phase 4 Rip-up And Reroute | Checksum: 1e5049aeb

Time (s): cpu = 00:02:04 ; elapsed = 00:01:16 . Memory (MB): peak = 2505.379 ; gain = 211.566

Phase 5 Delay and Skew Optimization

Phase 5.1 Delay CleanUp

Phase 5.1.1 Update Timing
Phase 5.1.1 Update Timing | Checksum: 2215acb3c

Time (s): cpu = 00:02:04 ; elapsed = 00:01:16 . Memory (MB): peak = 2505.379 ; gain = 211.566
INFO: [Route 35-416] Intermediate Timing Summary | WNS=-5.378 | TNS=-7103.086| WHS=N/A    | THS=N/A    |

 Number of Nodes with overlaps = 0
Phase 5.1 Delay CleanUp | Checksum: 1fc389c3b

Time (s): cpu = 00:02:06 ; elapsed = 00:01:17 . Memory (MB): peak = 2505.379 ; gain = 211.566

Phase 5.2 Clock Skew Optimization
Phase 5.2 Clock Skew Optimization | Checksum: 1fc389c3b

Time (s): cpu = 00:02:06 ; elapsed = 00:01:17 . Memory (MB): peak = 2505.379 ; gain = 211.566
Phase 5 Delay and Skew Optimization | Checksum: 1fc389c3b

Time (s): cpu = 00:02:06 ; elapsed = 00:01:17 . Memory (MB): peak = 2505.379 ; gain = 211.566

Phase 6 Post Hold Fix

Phase 6.1 Hold Fix Iter

Phase 6.1.1 Update Timing
Phase 6.1.1 Update Timing | Checksum: 20c4e0b03

Time (s): cpu = 00:02:06 ; elapsed = 00:01:17 . Memory (MB): peak = 2505.379 ; gain = 211.566
INFO: [Route 35-416] Intermediate Timing Summary | WNS=-5.359 | TNS=-7097.168| WHS=-0.062 | THS=-0.068 |


Phase 6.1.2 Lut RouteThru Assignment for hold
Phase 6.1.2 Lut RouteThru Assignment for hold | Checksum: 24417fa75

Time (s): cpu = 00:02:07 ; elapsed = 00:01:18 . Memory (MB): peak = 2505.379 ; gain = 211.566
Phase 6.1 Hold Fix Iter | Checksum: 24417fa75

Time (s): cpu = 00:02:07 ; elapsed = 00:01:18 . Memory (MB): peak = 2505.379 ; gain = 211.566

Phase 6.2 Additional Hold Fix
INFO: [Route 35-416] Intermediate Timing Summary | WNS=-5.362 | TNS=-7099.469| WHS=0.045  | THS=0.000  |

Phase 6.2 Additional Hold Fix | Checksum: 1b15fe2ba

Time (s): cpu = 00:02:08 ; elapsed = 00:01:18 . Memory (MB): peak = 2505.379 ; gain = 211.566
WARNING: [Route 35-468] The router encountered 10 pins that are both setup-critical and hold-critical and tried to fix hold violations at the expense of setup slack. Such pins are:
	design_1_i/RISC_BENCHMARK_IP/inst/cv32e40x_wrapper_i/dp_ram_1/memory_reg_0_4/ADDRBWRADDR[13]
	design_1_i/RISC_BENCHMARK_IP/inst/cv32e40x_wrapper_i/dp_ram_1/memory_reg_0_4/ADDRBWRADDR[13]
	design_1_i/RISC_BENCHMARK_IP/inst/cv32e40x_wrapper_i/dp_ram_1/memory_reg_0_4/ADDRBWRADDR[5]
	design_1_i/RISC_BENCHMARK_IP/inst/cv32e40x_wrapper_i/dp_ram_1/memory_reg_0_4/ADDRBWRADDR[5]
	design_1_i/RISC_BENCHMARK_IP/inst/cv32e40x_wrapper_i/dp_ram_2/memory_reg_0_4/ADDRBWRADDR[5]
	design_1_i/RISC_BENCHMARK_IP/inst/cv32e40x_wrapper_i/dp_ram_2/memory_reg_0_4/ADDRBWRADDR[5]
	design_1_i/RISC_BENCHMARK_IP/inst/cv32e40x_wrapper_i/dp_ram_3/memory_reg_0_6/ADDRBWRADDR[5]
	design_1_i/RISC_BENCHMARK_IP/inst/cv32e40x_wrapper_i/dp_ram_3/memory_reg_0_6/ADDRBWRADDR[5]
	design_1_i/RISC_BENCHMARK_IP/inst/cv32e40x_wrapper_i/dp_ram_4/memory_reg_0_4/ADDRBWRADDR[5]
	design_1_i/RISC_BENCHMARK_IP/inst/cv32e40x_wrapper_i/dp_ram_4/memory_reg_0_4/ADDRBWRADDR[5]

Phase 6 Post Hold Fix | Checksum: 242a8a1e8

Time (s): cpu = 00:02:08 ; elapsed = 00:01:18 . Memory (MB): peak = 2505.379 ; gain = 211.566

Phase 7 Route finalize

Router Utilization Summary
  Global Vertical Routing Utilization    = 3.66159 %
  Global Horizontal Routing Utilization  = 4.21095 %
  Routable Net Status*
  *Does not include unroutable nets such as driverless and loadless.
  Run report_route_status for detailed report.
  Number of Failed Nets               = 0
  Number of Unrouted Nets             = 0
  Number of Partially Routed Nets     = 0
  Number of Node Overlaps             = 0

Congestion Report
North Dir 1x1 Area, Max Cong = 81.982%, No Congested Regions.
South Dir 1x1 Area, Max Cong = 88.2883%, Congestion bounded by tiles (Lower Left Tile -> Upper Right Tile):
   INT_R_X19Y22 -> INT_R_X19Y22
East Dir 2x2 Area, Max Cong = 92.9688%, Congestion bounded by tiles (Lower Left Tile -> Upper Right Tile):
   INT_L_X30Y26 -> INT_R_X31Y27
   INT_L_X30Y18 -> INT_R_X31Y19
West Dir 1x1 Area, Max Cong = 100%, Congestion bounded by tiles (Lower Left Tile -> Upper Right Tile):
   INT_R_X35Y29 -> INT_R_X35Y29
   INT_L_X34Y26 -> INT_L_X34Y26
   INT_L_X34Y25 -> INT_L_X34Y25
   INT_R_X21Y23 -> INT_R_X21Y23
   INT_L_X34Y23 -> INT_L_X34Y23

------------------------------
Reporting congestion hotspots
------------------------------
Direction: North
----------------
Congested clusters found at Level 0
Effective congestion level: 0 Aspect Ratio: 1 Sparse Ratio: 0
Direction: South
----------------
Congested clusters found at Level 0
Effective congestion level: 0 Aspect Ratio: 1 Sparse Ratio: 1
Direction: East
----------------
Congested clusters found at Level 1
Effective congestion level: 2 Aspect Ratio: 0.25 Sparse Ratio: 1
Direction: West
----------------
Congested clusters found at Level 0
Effective congestion level: 1 Aspect Ratio: 0.5 Sparse Ratio: 0.5

Phase 7 Route finalize | Checksum: 23961a26f

Time (s): cpu = 00:02:08 ; elapsed = 00:01:18 . Memory (MB): peak = 2505.379 ; gain = 211.566

Phase 8 Verifying routed nets

 Verification completed successfully
Phase 8 Verifying routed nets | Checksum: 23961a26f

Time (s): cpu = 00:02:08 ; elapsed = 00:01:18 . Memory (MB): peak = 2505.379 ; gain = 211.566

Phase 9 Depositing Routes
Phase 9 Depositing Routes | Checksum: 2a3ff8d74

Time (s): cpu = 00:02:10 ; elapsed = 00:01:20 . Memory (MB): peak = 2505.379 ; gain = 211.566

Phase 10 Post Router Timing
INFO: [Route 35-57] Estimated Timing Summary | WNS=-5.362 | TNS=-7099.469| WHS=0.045  | THS=0.000  |

WARNING: [Route 35-328] Router estimated timing not met.
Resolution: For a complete and accurate timing signoff, report_timing_summary must be run after route_design. Alternatively, route_design can be run with the -timing_summary option to enable a complete timing signoff at the end of route_design.
Phase 10 Post Router Timing | Checksum: 2a3ff8d74

Time (s): cpu = 00:02:10 ; elapsed = 00:01:20 . Memory (MB): peak = 2505.379 ; gain = 211.566
INFO: [Route 35-16] Router Completed Successfully

Time (s): cpu = 00:02:11 ; elapsed = 00:01:21 . Memory (MB): peak = 2505.379 ; gain = 211.566

Routing Is Done.
INFO: [Common 17-83] Releasing license: Implementation
16 Infos, 2 Warnings, 0 Critical Warnings and 0 Errors encountered.
route_design completed successfully
route_design: Time (s): cpu = 00:02:13 ; elapsed = 00:01:23 . Memory (MB): peak = 2505.379 ; gain = 218.766
write_bitstream -force -file ./$benchmarkname/$benchmarkname.bit
Command: write_bitstream -force -file ./falcon512int/falcon512int.bit
Attempting to get a license for feature 'Implementation' and/or device 'xc7z020'
INFO: [Common 17-349] Got license for feature 'Implementation' and/or device 'xc7z020'
Running DRC as a precondition to command write_bitstream
INFO: [IP_Flow 19-1839] IP Catalog is up to date.
INFO: [DRC 23-27] Running DRC with 2 threads
WARNING: [DRC CHECK-3] Report rule limit reached: REQP-1839 rule limit reached: 20 violations have been found.
WARNING: [DRC DPIP-1] Input pipelining: DSP design_1_i/RISC_BENCHMARK_IP/inst/cv32e40x_wrapper_i/cv32e40x_core_i/ex_stage_i/mul.mult_i/int_result input design_1_i/RISC_BENCHMARK_IP/inst/cv32e40x_wrapper_i/cv32e40x_core_i/ex_stage_i/mul.mult_i/int_result/A[29:0] is not pipelined. Pipelining DSP48 input will improve performance.
WARNING: [DRC DPIP-1] Input pipelining: DSP design_1_i/RISC_BENCHMARK_IP/inst/cv32e40x_wrapper_i/cv32e40x_core_i/ex_stage_i/mul.mult_i/int_result input design_1_i/RISC_BENCHMARK_IP/inst/cv32e40x_wrapper_i/cv32e40x_core_i/ex_stage_i/mul.mult_i/int_result/B[17:0] is not pipelined. Pipelining DSP48 input will improve performance.
WARNING: [DRC DPIP-1] Input pipelining: DSP design_1_i/RISC_BENCHMARK_IP/inst/cv32e40x_wrapper_i/cv32e40x_core_i/ex_stage_i/mul.mult_i/int_result__0 input design_1_i/RISC_BENCHMARK_IP/inst/cv32e40x_wrapper_i/cv32e40x_core_i/ex_stage_i/mul.mult_i/int_result__0/A[29:0] is not pipelined. Pipelining DSP48 input will improve performance.
WARNING: [DRC DPIP-1] Input pipelining: DSP design_1_i/RISC_BENCHMARK_IP/inst/cv32e40x_wrapper_i/cv32e40x_core_i/ex_stage_i/mul.mult_i/int_result__0 input design_1_i/RISC_BENCHMARK_IP/inst/cv32e40x_wrapper_i/cv32e40x_core_i/ex_stage_i/mul.mult_i/int_result__0/B[17:0] is not pipelined. Pipelining DSP48 input will improve performance.
WARNING: [DRC DPIP-1] Input pipelining: DSP design_1_i/RISC_BENCHMARK_IP/inst/cv32e40x_wrapper_i/cv32e40x_core_i/ex_stage_i/mul.mult_i/int_result__1 input design_1_i/RISC_BENCHMARK_IP/inst/cv32e40x_wrapper_i/cv32e40x_core_i/ex_stage_i/mul.mult_i/int_result__1/B[17:0] is not pipelined. Pipelining DSP48 input will improve performance.
WARNING: [DRC DPOP-1] PREG Output pipelining: DSP design_1_i/RISC_BENCHMARK_IP/inst/cv32e40x_wrapper_i/cv32e40x_core_i/ex_stage_i/mul.mult_i/int_result output design_1_i/RISC_BENCHMARK_IP/inst/cv32e40x_wrapper_i/cv32e40x_core_i/ex_stage_i/mul.mult_i/int_result/P[47:0] is not pipelined (PREG=0). Pipelining the DSP48 output will improve performance and often saves power so it is suggested whenever possible to fully pipeline this function.  If this DSP48 function was inferred, it is suggested to describe an additional register stage after this function.  If the DSP48 was instantiated in the design, it is suggested to set the PREG attribute to 1.
WARNING: [DRC DPOP-1] PREG Output pipelining: DSP design_1_i/RISC_BENCHMARK_IP/inst/cv32e40x_wrapper_i/cv32e40x_core_i/ex_stage_i/mul.mult_i/int_result__0 output design_1_i/RISC_BENCHMARK_IP/inst/cv32e40x_wrapper_i/cv32e40x_core_i/ex_stage_i/mul.mult_i/int_result__0/P[47:0] is not pipelined (PREG=0). Pipelining the DSP48 output will improve performance and often saves power so it is suggested whenever possible to fully pipeline this function.  If this DSP48 function was inferred, it is suggested to describe an additional register stage after this function.  If the DSP48 was instantiated in the design, it is suggested to set the PREG attribute to 1.
WARNING: [DRC DPOP-1] PREG Output pipelining: DSP design_1_i/RISC_BENCHMARK_IP/inst/cv32e40x_wrapper_i/cv32e40x_core_i/ex_stage_i/mul.mult_i/int_result__1 output design_1_i/RISC_BENCHMARK_IP/inst/cv32e40x_wrapper_i/cv32e40x_core_i/ex_stage_i/mul.mult_i/int_result__1/P[47:0] is not pipelined (PREG=0). Pipelining the DSP48 output will improve performance and often saves power so it is suggested whenever possible to fully pipeline this function.  If this DSP48 function was inferred, it is suggested to describe an additional register stage after this function.  If the DSP48 was instantiated in the design, it is suggested to set the PREG attribute to 1.
WARNING: [DRC DPOP-2] MREG Output pipelining: DSP design_1_i/RISC_BENCHMARK_IP/inst/cv32e40x_wrapper_i/cv32e40x_core_i/ex_stage_i/mul.mult_i/int_result multiplier stage design_1_i/RISC_BENCHMARK_IP/inst/cv32e40x_wrapper_i/cv32e40x_core_i/ex_stage_i/mul.mult_i/int_result/P[47:0] is not pipelined (MREG=0). Pipelining the multiplier function will improve performance and will save significant power so it is suggested whenever possible to fully pipeline this function.  If this multiplier was inferred, it is suggested to describe an additional register stage after this function.  If there is no registered adder/accumulator following the multiply function, two pipeline stages are suggested to allow both the MREG and PREG registers to be used.  If the DSP48 was instantiated in the design, it is suggested to set both the MREG and PREG attributes to 1 when performing multiply functions.
WARNING: [DRC DPOP-2] MREG Output pipelining: DSP design_1_i/RISC_BENCHMARK_IP/inst/cv32e40x_wrapper_i/cv32e40x_core_i/ex_stage_i/mul.mult_i/int_result__0 multiplier stage design_1_i/RISC_BENCHMARK_IP/inst/cv32e40x_wrapper_i/cv32e40x_core_i/ex_stage_i/mul.mult_i/int_result__0/P[47:0] is not pipelined (MREG=0). Pipelining the multiplier function will improve performance and will save significant power so it is suggested whenever possible to fully pipeline this function.  If this multiplier was inferred, it is suggested to describe an additional register stage after this function.  If there is no registered adder/accumulator following the multiply function, two pipeline stages are suggested to allow both the MREG and PREG registers to be used.  If the DSP48 was instantiated in the design, it is suggested to set both the MREG and PREG attributes to 1 when performing multiply functions.
WARNING: [DRC DPOP-2] MREG Output pipelining: DSP design_1_i/RISC_BENCHMARK_IP/inst/cv32e40x_wrapper_i/cv32e40x_core_i/ex_stage_i/mul.mult_i/int_result__1 multiplier stage design_1_i/RISC_BENCHMARK_IP/inst/cv32e40x_wrapper_i/cv32e40x_core_i/ex_stage_i/mul.mult_i/int_result__1/P[47:0] is not pipelined (MREG=0). Pipelining the multiplier function will improve performance and will save significant power so it is suggested whenever possible to fully pipeline this function.  If this multiplier was inferred, it is suggested to describe an additional register stage after this function.  If there is no registered adder/accumulator following the multiply function, two pipeline stages are suggested to allow both the MREG and PREG registers to be used.  If the DSP48 was instantiated in the design, it is suggested to set both the MREG and PREG attributes to 1 when performing multiply functions.
WARNING: [DRC PDRC-153] Gated clock check: Net design_1_i/CLK_Gate_0/inst/clk_o is a gated clock net sourced by a combinational pin design_1_i/CLK_Gate_0/inst/clk_o_INST_0/O, cell design_1_i/CLK_Gate_0/inst/clk_o_INST_0. This is not good design practice and will likely impact performance. For SLICE registers, for example, use the CE pin to control the loading of data.
WARNING: [DRC PLHOLDVIO-2] Non-Optimal connections which could lead to hold violations: A LUT design_1_i/CLK_Gate_0/inst/clk_o_INST_0 is driving clock pin of 2388 cells. This could lead to large hold time violations. First few involved cells are:
    design_1_i/RISC_BENCHMARK_IP/inst/cv32e40x_wrapper_i/cv32e40x_core_i/controller_i/controller_fsm_i/FSM_sequential_ctrl_fsm_cs_reg[0] {FDCE}
    design_1_i/RISC_BENCHMARK_IP/inst/cv32e40x_wrapper_i/cv32e40x_core_i/controller_i/controller_fsm_i/FSM_sequential_ctrl_fsm_cs_reg[1] {FDCE}
    design_1_i/RISC_BENCHMARK_IP/inst/cv32e40x_wrapper_i/cv32e40x_core_i/controller_i/controller_fsm_i/branch_taken_q_reg {FDCE}
    design_1_i/RISC_BENCHMARK_IP/inst/cv32e40x_wrapper_i/cv32e40x_core_i/controller_i/controller_fsm_i/csr_flush_ack_q_reg {FDCE}
    design_1_i/RISC_BENCHMARK_IP/inst/cv32e40x_wrapper_i/cv32e40x_core_i/controller_i/controller_fsm_i/debug_cause_q_reg[0] {FDCE}
    design_1_i/RISC_BENCHMARK_IP/inst/cv32e40x_wrapper_i/cv32e40x_core_i/controller_i/controller_fsm_i/debug_cause_q_reg[1] {FDCE}
    design_1_i/RISC_BENCHMARK_IP/inst/cv32e40x_wrapper_i/cv32e40x_core_i/controller_i/controller_fsm_i/debug_cause_q_reg[2] {FDCE}
    design_1_i/RISC_BENCHMARK_IP/inst/cv32e40x_wrapper_i/cv32e40x_core_i/controller_i/controller_fsm_i/debug_mode_q_reg {FDCE}
    design_1_i/RISC_BENCHMARK_IP/inst/cv32e40x_wrapper_i/cv32e40x_core_i/controller_i/controller_fsm_i/fence_req_q_reg {FDCE}
WARNING: [DRC REQP-1839] RAMB36 async control check: The RAMB36E1 design_1_i/RISC_BENCHMARK_IP/inst/cv32e40x_wrapper_i/dp_ram_1/memory_reg_0_0 has an input control pin design_1_i/RISC_BENCHMARK_IP/inst/cv32e40x_wrapper_i/dp_ram_1/memory_reg_0_0/ADDRARDADDR[14] (net: design_1_i/RISC_BENCHMARK_IP/inst/cv32e40x_wrapper_i/dp_ram_1/mem_address_b[16]) which is driven by a register (design_1_i/RISC_BENCHMARK_IP/inst/cv32e40x_wrapper_i/cv32e40x_core_i/id_stage_i/id_ex_pipe_o_reg[alu_operand_a][0]) that has an active asychronous set or reset. This may cause corruption of the memory contents and/or read values when the set/reset is asserted and is not analyzed by the default static timing analysis. It is suggested to eliminate the use of a set/reset to registers driving this RAMB pin or else use a synchronous reset in which the assertion of the reset is timed by default.
WARNING: [DRC REQP-1839] RAMB36 async control check: The RAMB36E1 design_1_i/RISC_BENCHMARK_IP/inst/cv32e40x_wrapper_i/dp_ram_1/memory_reg_0_0 has an input control pin design_1_i/RISC_BENCHMARK_IP/inst/cv32e40x_wrapper_i/dp_ram_1/memory_reg_0_0/ADDRARDADDR[14] (net: design_1_i/RISC_BENCHMARK_IP/inst/cv32e40x_wrapper_i/dp_ram_1/mem_address_b[16]) which is driven by a register (design_1_i/RISC_BENCHMARK_IP/inst/cv32e40x_wrapper_i/cv32e40x_core_i/id_stage_i/id_ex_pipe_o_reg[alu_operand_a][10]) that has an active asychronous set or reset. This may cause corruption of the memory contents and/or read values when the set/reset is asserted and is not analyzed by the default static timing analysis. It is suggested to eliminate the use of a set/reset to registers driving this RAMB pin or else use a synchronous reset in which the assertion of the reset is timed by default.
WARNING: [DRC REQP-1839] RAMB36 async control check: The RAMB36E1 design_1_i/RISC_BENCHMARK_IP/inst/cv32e40x_wrapper_i/dp_ram_1/memory_reg_0_0 has an input control pin design_1_i/RISC_BENCHMARK_IP/inst/cv32e40x_wrapper_i/dp_ram_1/memory_reg_0_0/ADDRARDADDR[14] (net: design_1_i/RISC_BENCHMARK_IP/inst/cv32e40x_wrapper_i/dp_ram_1/mem_address_b[16]) which is driven by a register (design_1_i/RISC_BENCHMARK_IP/inst/cv32e40x_wrapper_i/cv32e40x_core_i/id_stage_i/id_ex_pipe_o_reg[alu_operand_a][11]) that has an active asychronous set or reset. This may cause corruption of the memory contents and/or read values when the set/reset is asserted and is not analyzed by the default static timing analysis. It is suggested to eliminate the use of a set/reset to registers driving this RAMB pin or else use a synchronous reset in which the assertion of the reset is timed by default.
WARNING: [DRC REQP-1839] RAMB36 async control check: The RAMB36E1 design_1_i/RISC_BENCHMARK_IP/inst/cv32e40x_wrapper_i/dp_ram_1/memory_reg_0_0 has an input control pin design_1_i/RISC_BENCHMARK_IP/inst/cv32e40x_wrapper_i/dp_ram_1/memory_reg_0_0/ADDRARDADDR[14] (net: design_1_i/RISC_BENCHMARK_IP/inst/cv32e40x_wrapper_i/dp_ram_1/mem_address_b[16]) which is driven by a register (design_1_i/RISC_BENCHMARK_IP/inst/cv32e40x_wrapper_i/cv32e40x_core_i/id_stage_i/id_ex_pipe_o_reg[alu_operand_a][12]) that has an active asychronous set or reset. This may cause corruption of the memory contents and/or read values when the set/reset is asserted and is not analyzed by the default static timing analysis. It is suggested to eliminate the use of a set/reset to registers driving this RAMB pin or else use a synchronous reset in which the assertion of the reset is timed by default.
WARNING: [DRC REQP-1839] RAMB36 async control check: The RAMB36E1 design_1_i/RISC_BENCHMARK_IP/inst/cv32e40x_wrapper_i/dp_ram_1/memory_reg_0_0 has an input control pin design_1_i/RISC_BENCHMARK_IP/inst/cv32e40x_wrapper_i/dp_ram_1/memory_reg_0_0/ADDRARDADDR[14] (net: design_1_i/RISC_BENCHMARK_IP/inst/cv32e40x_wrapper_i/dp_ram_1/mem_address_b[16]) which is driven by a register (design_1_i/RISC_BENCHMARK_IP/inst/cv32e40x_wrapper_i/cv32e40x_core_i/id_stage_i/id_ex_pipe_o_reg[alu_operand_a][14]) that has an active asychronous set or reset. This may cause corruption of the memory contents and/or read values when the set/reset is asserted and is not analyzed by the default static timing analysis. It is suggested to eliminate the use of a set/reset to registers driving this RAMB pin or else use a synchronous reset in which the assertion of the reset is timed by default.
WARNING: [DRC REQP-1839] RAMB36 async control check: The RAMB36E1 design_1_i/RISC_BENCHMARK_IP/inst/cv32e40x_wrapper_i/dp_ram_1/memory_reg_0_0 has an input control pin design_1_i/RISC_BENCHMARK_IP/inst/cv32e40x_wrapper_i/dp_ram_1/memory_reg_0_0/ADDRARDADDR[14] (net: design_1_i/RISC_BENCHMARK_IP/inst/cv32e40x_wrapper_i/dp_ram_1/mem_address_b[16]) which is driven by a register (design_1_i/RISC_BENCHMARK_IP/inst/cv32e40x_wrapper_i/cv32e40x_core_i/id_stage_i/id_ex_pipe_o_reg[alu_operand_a][15]) that has an active asychronous set or reset. This may cause corruption of the memory contents and/or read values when the set/reset is asserted and is not analyzed by the default static timing analysis. It is suggested to eliminate the use of a set/reset to registers driving this RAMB pin or else use a synchronous reset in which the assertion of the reset is timed by default.
WARNING: [DRC REQP-1839] RAMB36 async control check: The RAMB36E1 design_1_i/RISC_BENCHMARK_IP/inst/cv32e40x_wrapper_i/dp_ram_1/memory_reg_0_0 has an input control pin design_1_i/RISC_BENCHMARK_IP/inst/cv32e40x_wrapper_i/dp_ram_1/memory_reg_0_0/ADDRARDADDR[14] (net: design_1_i/RISC_BENCHMARK_IP/inst/cv32e40x_wrapper_i/dp_ram_1/mem_address_b[16]) which is driven by a register (design_1_i/RISC_BENCHMARK_IP/inst/cv32e40x_wrapper_i/cv32e40x_core_i/id_stage_i/id_ex_pipe_o_reg[alu_operand_a][16]) that has an active asychronous set or reset. This may cause corruption of the memory contents and/or read values when the set/reset is asserted and is not analyzed by the default static timing analysis. It is suggested to eliminate the use of a set/reset to registers driving this RAMB pin or else use a synchronous reset in which the assertion of the reset is timed by default.
WARNING: [DRC REQP-1839] RAMB36 async control check: The RAMB36E1 design_1_i/RISC_BENCHMARK_IP/inst/cv32e40x_wrapper_i/dp_ram_1/memory_reg_0_0 has an input control pin design_1_i/RISC_BENCHMARK_IP/inst/cv32e40x_wrapper_i/dp_ram_1/memory_reg_0_0/ADDRARDADDR[14] (net: design_1_i/RISC_BENCHMARK_IP/inst/cv32e40x_wrapper_i/dp_ram_1/mem_address_b[16]) which is driven by a register (design_1_i/RISC_BENCHMARK_IP/inst/cv32e40x_wrapper_i/cv32e40x_core_i/id_stage_i/id_ex_pipe_o_reg[alu_operand_a][17]) that has an active asychronous set or reset. This may cause corruption of the memory contents and/or read values when the set/reset is asserted and is not analyzed by the default static timing analysis. It is suggested to eliminate the use of a set/reset to registers driving this RAMB pin or else use a synchronous reset in which the assertion of the reset is timed by default.
WARNING: [DRC REQP-1839] RAMB36 async control check: The RAMB36E1 design_1_i/RISC_BENCHMARK_IP/inst/cv32e40x_wrapper_i/dp_ram_1/memory_reg_0_0 has an input control pin design_1_i/RISC_BENCHMARK_IP/inst/cv32e40x_wrapper_i/dp_ram_1/memory_reg_0_0/ADDRARDADDR[14] (net: design_1_i/RISC_BENCHMARK_IP/inst/cv32e40x_wrapper_i/dp_ram_1/mem_address_b[16]) which is driven by a register (design_1_i/RISC_BENCHMARK_IP/inst/cv32e40x_wrapper_i/cv32e40x_core_i/id_stage_i/id_ex_pipe_o_reg[alu_operand_a][19]) that has an active asychronous set or reset. This may cause corruption of the memory contents and/or read values when the set/reset is asserted and is not analyzed by the default static timing analysis. It is suggested to eliminate the use of a set/reset to registers driving this RAMB pin or else use a synchronous reset in which the assertion of the reset is timed by default.
WARNING: [DRC REQP-1839] RAMB36 async control check: The RAMB36E1 design_1_i/RISC_BENCHMARK_IP/inst/cv32e40x_wrapper_i/dp_ram_1/memory_reg_0_0 has an input control pin design_1_i/RISC_BENCHMARK_IP/inst/cv32e40x_wrapper_i/dp_ram_1/memory_reg_0_0/ADDRARDADDR[14] (net: design_1_i/RISC_BENCHMARK_IP/inst/cv32e40x_wrapper_i/dp_ram_1/mem_address_b[16]) which is driven by a register (design_1_i/RISC_BENCHMARK_IP/inst/cv32e40x_wrapper_i/cv32e40x_core_i/id_stage_i/id_ex_pipe_o_reg[alu_operand_a][1]) that has an active asychronous set or reset. This may cause corruption of the memory contents and/or read values when the set/reset is asserted and is not analyzed by the default static timing analysis. It is suggested to eliminate the use of a set/reset to registers driving this RAMB pin or else use a synchronous reset in which the assertion of the reset is timed by default.
WARNING: [DRC REQP-1839] RAMB36 async control check: The RAMB36E1 design_1_i/RISC_BENCHMARK_IP/inst/cv32e40x_wrapper_i/dp_ram_1/memory_reg_0_0 has an input control pin design_1_i/RISC_BENCHMARK_IP/inst/cv32e40x_wrapper_i/dp_ram_1/memory_reg_0_0/ADDRARDADDR[14] (net: design_1_i/RISC_BENCHMARK_IP/inst/cv32e40x_wrapper_i/dp_ram_1/mem_address_b[16]) which is driven by a register (design_1_i/RISC_BENCHMARK_IP/inst/cv32e40x_wrapper_i/cv32e40x_core_i/id_stage_i/id_ex_pipe_o_reg[alu_operand_a][20]) that has an active asychronous set or reset. This may cause corruption of the memory contents and/or read values when the set/reset is asserted and is not analyzed by the default static timing analysis. It is suggested to eliminate the use of a set/reset to registers driving this RAMB pin or else use a synchronous reset in which the assertion of the reset is timed by default.
WARNING: [DRC REQP-1839] RAMB36 async control check: The RAMB36E1 design_1_i/RISC_BENCHMARK_IP/inst/cv32e40x_wrapper_i/dp_ram_1/memory_reg_0_0 has an input control pin design_1_i/RISC_BENCHMARK_IP/inst/cv32e40x_wrapper_i/dp_ram_1/memory_reg_0_0/ADDRARDADDR[14] (net: design_1_i/RISC_BENCHMARK_IP/inst/cv32e40x_wrapper_i/dp_ram_1/mem_address_b[16]) which is driven by a register (design_1_i/RISC_BENCHMARK_IP/inst/cv32e40x_wrapper_i/cv32e40x_core_i/id_stage_i/id_ex_pipe_o_reg[alu_operand_a][21]) that has an active asychronous set or reset. This may cause corruption of the memory contents and/or read values when the set/reset is asserted and is not analyzed by the default static timing analysis. It is suggested to eliminate the use of a set/reset to registers driving this RAMB pin or else use a synchronous reset in which the assertion of the reset is timed by default.
WARNING: [DRC REQP-1839] RAMB36 async control check: The RAMB36E1 design_1_i/RISC_BENCHMARK_IP/inst/cv32e40x_wrapper_i/dp_ram_1/memory_reg_0_0 has an input control pin design_1_i/RISC_BENCHMARK_IP/inst/cv32e40x_wrapper_i/dp_ram_1/memory_reg_0_0/ADDRARDADDR[14] (net: design_1_i/RISC_BENCHMARK_IP/inst/cv32e40x_wrapper_i/dp_ram_1/mem_address_b[16]) which is driven by a register (design_1_i/RISC_BENCHMARK_IP/inst/cv32e40x_wrapper_i/cv32e40x_core_i/id_stage_i/id_ex_pipe_o_reg[alu_operand_a][22]) that has an active asychronous set or reset. This may cause corruption of the memory contents and/or read values when the set/reset is asserted and is not analyzed by the default static timing analysis. It is suggested to eliminate the use of a set/reset to registers driving this RAMB pin or else use a synchronous reset in which the assertion of the reset is timed by default.
WARNING: [DRC REQP-1839] RAMB36 async control check: The RAMB36E1 design_1_i/RISC_BENCHMARK_IP/inst/cv32e40x_wrapper_i/dp_ram_1/memory_reg_0_0 has an input control pin design_1_i/RISC_BENCHMARK_IP/inst/cv32e40x_wrapper_i/dp_ram_1/memory_reg_0_0/ADDRARDADDR[14] (net: design_1_i/RISC_BENCHMARK_IP/inst/cv32e40x_wrapper_i/dp_ram_1/mem_address_b[16]) which is driven by a register (design_1_i/RISC_BENCHMARK_IP/inst/cv32e40x_wrapper_i/cv32e40x_core_i/id_stage_i/id_ex_pipe_o_reg[alu_operand_a][23]) that has an active asychronous set or reset. This may cause corruption of the memory contents and/or read values when the set/reset is asserted and is not analyzed by the default static timing analysis. It is suggested to eliminate the use of a set/reset to registers driving this RAMB pin or else use a synchronous reset in which the assertion of the reset is timed by default.
WARNING: [DRC REQP-1839] RAMB36 async control check: The RAMB36E1 design_1_i/RISC_BENCHMARK_IP/inst/cv32e40x_wrapper_i/dp_ram_1/memory_reg_0_0 has an input control pin design_1_i/RISC_BENCHMARK_IP/inst/cv32e40x_wrapper_i/dp_ram_1/memory_reg_0_0/ADDRARDADDR[14] (net: design_1_i/RISC_BENCHMARK_IP/inst/cv32e40x_wrapper_i/dp_ram_1/mem_address_b[16]) which is driven by a register (design_1_i/RISC_BENCHMARK_IP/inst/cv32e40x_wrapper_i/cv32e40x_core_i/id_stage_i/id_ex_pipe_o_reg[alu_operand_a][24]) that has an active asychronous set or reset. This may cause corruption of the memory contents and/or read values when the set/reset is asserted and is not analyzed by the default static timing analysis. It is suggested to eliminate the use of a set/reset to registers driving this RAMB pin or else use a synchronous reset in which the assertion of the reset is timed by default.
WARNING: [DRC REQP-1839] RAMB36 async control check: The RAMB36E1 design_1_i/RISC_BENCHMARK_IP/inst/cv32e40x_wrapper_i/dp_ram_1/memory_reg_0_0 has an input control pin design_1_i/RISC_BENCHMARK_IP/inst/cv32e40x_wrapper_i/dp_ram_1/memory_reg_0_0/ADDRARDADDR[14] (net: design_1_i/RISC_BENCHMARK_IP/inst/cv32e40x_wrapper_i/dp_ram_1/mem_address_b[16]) which is driven by a register (design_1_i/RISC_BENCHMARK_IP/inst/cv32e40x_wrapper_i/cv32e40x_core_i/id_stage_i/id_ex_pipe_o_reg[alu_operand_a][25]) that has an active asychronous set or reset. This may cause corruption of the memory contents and/or read values when the set/reset is asserted and is not analyzed by the default static timing analysis. It is suggested to eliminate the use of a set/reset to registers driving this RAMB pin or else use a synchronous reset in which the assertion of the reset is timed by default.
WARNING: [DRC REQP-1839] RAMB36 async control check: The RAMB36E1 design_1_i/RISC_BENCHMARK_IP/inst/cv32e40x_wrapper_i/dp_ram_1/memory_reg_0_0 has an input control pin design_1_i/RISC_BENCHMARK_IP/inst/cv32e40x_wrapper_i/dp_ram_1/memory_reg_0_0/ADDRARDADDR[14] (net: design_1_i/RISC_BENCHMARK_IP/inst/cv32e40x_wrapper_i/dp_ram_1/mem_address_b[16]) which is driven by a register (design_1_i/RISC_BENCHMARK_IP/inst/cv32e40x_wrapper_i/cv32e40x_core_i/id_stage_i/id_ex_pipe_o_reg[alu_operand_a][26]) that has an active asychronous set or reset. This may cause corruption of the memory contents and/or read values when the set/reset is asserted and is not analyzed by the default static timing analysis. It is suggested to eliminate the use of a set/reset to registers driving this RAMB pin or else use a synchronous reset in which the assertion of the reset is timed by default.
WARNING: [DRC REQP-1839] RAMB36 async control check: The RAMB36E1 design_1_i/RISC_BENCHMARK_IP/inst/cv32e40x_wrapper_i/dp_ram_1/memory_reg_0_0 has an input control pin design_1_i/RISC_BENCHMARK_IP/inst/cv32e40x_wrapper_i/dp_ram_1/memory_reg_0_0/ADDRARDADDR[14] (net: design_1_i/RISC_BENCHMARK_IP/inst/cv32e40x_wrapper_i/dp_ram_1/mem_address_b[16]) which is driven by a register (design_1_i/RISC_BENCHMARK_IP/inst/cv32e40x_wrapper_i/cv32e40x_core_i/id_stage_i/id_ex_pipe_o_reg[alu_operand_a][2]) that has an active asychronous set or reset. This may cause corruption of the memory contents and/or read values when the set/reset is asserted and is not analyzed by the default static timing analysis. It is suggested to eliminate the use of a set/reset to registers driving this RAMB pin or else use a synchronous reset in which the assertion of the reset is timed by default.
WARNING: [DRC REQP-1839] RAMB36 async control check: The RAMB36E1 design_1_i/RISC_BENCHMARK_IP/inst/cv32e40x_wrapper_i/dp_ram_1/memory_reg_0_0 has an input control pin design_1_i/RISC_BENCHMARK_IP/inst/cv32e40x_wrapper_i/dp_ram_1/memory_reg_0_0/ADDRARDADDR[14] (net: design_1_i/RISC_BENCHMARK_IP/inst/cv32e40x_wrapper_i/dp_ram_1/mem_address_b[16]) which is driven by a register (design_1_i/RISC_BENCHMARK_IP/inst/cv32e40x_wrapper_i/cv32e40x_core_i/id_stage_i/id_ex_pipe_o_reg[alu_operand_a][30]) that has an active asychronous set or reset. This may cause corruption of the memory contents and/or read values when the set/reset is asserted and is not analyzed by the default static timing analysis. It is suggested to eliminate the use of a set/reset to registers driving this RAMB pin or else use a synchronous reset in which the assertion of the reset is timed by default.
WARNING: [DRC REQP-1839] RAMB36 async control check: The RAMB36E1 design_1_i/RISC_BENCHMARK_IP/inst/cv32e40x_wrapper_i/dp_ram_1/memory_reg_0_0 has an input control pin design_1_i/RISC_BENCHMARK_IP/inst/cv32e40x_wrapper_i/dp_ram_1/memory_reg_0_0/ADDRARDADDR[14] (net: design_1_i/RISC_BENCHMARK_IP/inst/cv32e40x_wrapper_i/dp_ram_1/mem_address_b[16]) which is driven by a register (design_1_i/RISC_BENCHMARK_IP/inst/cv32e40x_wrapper_i/cv32e40x_core_i/load_store_unit_i/split_q_reg) that has an active asychronous set or reset. This may cause corruption of the memory contents and/or read values when the set/reset is asserted and is not analyzed by the default static timing analysis. It is suggested to eliminate the use of a set/reset to registers driving this RAMB pin or else use a synchronous reset in which the assertion of the reset is timed by default.
INFO: [Vivado 12-3199] DRC finished with 0 Errors, 34 Warnings
INFO: [Vivado 12-3200] Please refer to the DRC report (report_drc) for more information.
Partition "pblock_risc" Reconfigurable Module "design_1_i/RISC_BENCHMARK_IP/inst"
INFO: [Designutils 20-2272] Running write_bitstream with 2 threads.
Loading data files...
Loading site data...
Loading route data...
Processing options...
Creating bitmap...
Creating bitstream...
Writing bitstream ./falcon512int/falcon512int.bit...
Process Partition "pblock_risc"
INFO: [Designutils 20-2272] Running write_bitstream with 2 threads.
Loading data files...
Loading site data...
Loading route data...
Processing options...
Partition "pblock_risc" has RESET_AFTER_RECONFIG = TRUE.
Creating bitmap...
Creating bitstream...
Partial bitstream contains 12429664 bits.
Writing bitstream ./falcon512int/falcon512int_pblock_risc_partial.bit...
INFO: [Vivado 12-1842] Bitgen Completed Successfully.
INFO: [Common 17-83] Releasing license: Implementation
9 Infos, 34 Warnings, 0 Critical Warnings and 0 Errors encountered.
write_bitstream completed successfully
write_bitstream: Time (s): cpu = 00:00:31 ; elapsed = 00:00:27 . Memory (MB): peak = 2877.031 ; gain = 371.652
./falcon512int/falcon512int.bit
write_cfgmem -force -format BIN -interface SMAPx32 -disablebitswap -loadbit "up 0 ./$benchmarkname/${benchmarkname}_pblock_risc_partial.bit" ./$benchmarkname/${benchmarkname}_partial.bin
Command: write_cfgmem -force -format BIN -interface SMAPx32 -disablebitswap -loadbit {up 0 ./falcon512int/falcon512int_pblock_risc_partial.bit} ./falcon512int/falcon512int_partial.bin
Creating config memory files...
INFO: [Writecfgmem 68-23] Start address provided has been multiplied by a factor of 4 due to the use of interface SMAPX32.
Creating bitstream load up from address 0x00000000
Loading bitfile ./falcon512int/falcon512int_pblock_risc_partial.bit
WARNING: [Writecfgmem 68-32] Bitfile ./falcon512int/falcon512int_pblock_risc_partial.bit is a partial reconfiguration bitfile. It is not possible to validate that this bitfile is compatible with the SMAPX32 interface.
Memory size is calculated to be 2 MB
Writing file ./falcon512int/falcon512int_partial.bin
Writing log file ./falcon512int/falcon512int_partial.prm
===================================
Configuration Memory information
===================================
File Format        BIN
Interface          SMAPX32
Size               2M
Start Address      0x00000000
End Address        0x001FFFFF

Addr1         Addr2         Date                    File(s)
0x00000000    0x0017B52B    Oct 24 11:55:30 2023    ./falcon512int/falcon512int_pblock_risc_partial.bit
1 Infos, 1 Warnings, 0 Critical Warnings and 0 Errors encountered.
write_cfgmem completed successfully
export_ip_user_files -of_objects  [get_files c:/Users/aamalik3/Desktop/ICAP_Readback/Benchmarks/Checkpoints/${benchmarkname}.dcp] -no_script -reset -force -quiet
remove_files  c:/Users/aamalik3/Desktop/ICAP_Readback/Benchmarks/Checkpoints/${benchmarkname}.dcp
c:/Users/aamalik3/Desktop/ICAP_Readback/Benchmarks/Checkpoints/falcon512int.dcp
close_design
reset_run synth_1
launch_runs synth_1 -jobs 30
[Tue Oct 24 11:56:11 2023] Launched synth_1...
Run output will be captured here: C:/Users/aamalik3/Desktop/ICAP_Readback/Benchmarks/RISC_BENCHMARKS_BASE_PROJ/RISC_BENCHMARKS_BASE_PROJ.runs/synth_1/runme.log
wait_on_run -timeout 10 synth_1
[Tue Oct 24 11:56:11 2023] Waiting for synth_1 to finish (timeout in 10 minutes)...
[Tue Oct 24 11:56:16 2023] Waiting for synth_1 to finish (timeout in 10 minutes)...
[Tue Oct 24 11:56:21 2023] Waiting for synth_1 to finish (timeout in 10 minutes)...
[Tue Oct 24 11:56:26 2023] Waiting for synth_1 to finish (timeout in 10 minutes)...
[Tue Oct 24 11:56:36 2023] Waiting for synth_1 to finish (timeout in 10 minutes)...
[Tue Oct 24 11:56:46 2023] Waiting for synth_1 to finish (timeout in 9 minutes)...

*** Running vivado
    with args -log design_1_wrapper.vds -m64 -product Vivado -mode batch -messageDb vivado.pb -notrace -source design_1_wrapper.tcl


****** Vivado v2018.2 (64-bit)
  **** SW Build 2258646 on Thu Jun 14 20:03:12 MDT 2018
  **** IP Build 2256618 on Thu Jun 14 22:10:49 MDT 2018
    ** Copyright 1986-2018 Xilinx, Inc. All Rights Reserved.

source design_1_wrapper.tcl -notrace
INFO: [IP_Flow 19-234] Refreshing IP repositories
INFO: [IP_Flow 19-1704] No user IP repositories specified
INFO: [IP_Flow 19-2313] Loaded Vivado IP repository 'C:/Xilinx/Vivado/2018.2/data/ip'.
add_files: Time (s): cpu = 00:00:03 ; elapsed = 00:00:09 . Memory (MB): peak = 358.258 ; gain = 58.941
Command: synth_design -top design_1_wrapper -part xc7z020clg484-1 -directive AreaOptimized_high -control_set_opt_threshold 1
Starting synth_design
Attempting to get a license for feature 'Synthesis' and/or device 'xc7z020'
INFO: [Common 17-349] Got license for feature 'Synthesis' and/or device 'xc7z020'
INFO: Launching helper process for spawning children vivado processes
INFO: Helper process launched with PID 122576 
---------------------------------------------------------------------------------
Starting RTL Elaboration : Time (s): cpu = 00:00:01 ; elapsed = 00:00:02 . Memory (MB): peak = 466.922 ; gain = 101.633
---------------------------------------------------------------------------------
INFO: [Synth 8-6157] synthesizing module 'design_1_wrapper' [C:/Users/aamalik3/Desktop/ICAP_Readback/Benchmarks/RISC_BENCHMARKS_BASE_PROJ/RISC_BENCHMARKS_BASE_PROJ.srcs/sources_1/bd/design_1/hdl/design_1_wrapper.v:12]
INFO: [Synth 8-6157] synthesizing module 'design_1' [C:/Users/aamalik3/Desktop/ICAP_Readback/Benchmarks/RISC_BENCHMARKS_BASE_PROJ/RISC_BENCHMARKS_BASE_PROJ.srcs/sources_1/bd/design_1/synth/design_1.v:13]
INFO: [Synth 8-6157] synthesizing module 'design_1_CLK_Gate_0_0' [C:/Users/aamalik3/Desktop/ICAP_Readback/Benchmarks/RISC_BENCHMARKS_BASE_PROJ/RISC_BENCHMARKS_BASE_PROJ.runs/synth_1/.Xil/Vivado-128800-sophitia/realtime/design_1_CLK_Gate_0_0_stub.v:6]
INFO: [Synth 8-6155] done synthesizing module 'design_1_CLK_Gate_0_0' (1#1) [C:/Users/aamalik3/Desktop/ICAP_Readback/Benchmarks/RISC_BENCHMARKS_BASE_PROJ/RISC_BENCHMARKS_BASE_PROJ.runs/synth_1/.Xil/Vivado-128800-sophitia/realtime/design_1_CLK_Gate_0_0_stub.v:6]
INFO: [Synth 8-6157] synthesizing module 'design_1_RISC_BENCHMARK_IP_0_0' [C:/Users/aamalik3/Desktop/ICAP_Readback/Benchmarks/RISC_BENCHMARKS_BASE_PROJ/RISC_BENCHMARKS_BASE_PROJ.runs/synth_1/.Xil/Vivado-128800-sophitia/realtime/design_1_RISC_BENCHMARK_IP_0_0_stub.v:6]
INFO: [Synth 8-6155] done synthesizing module 'design_1_RISC_BENCHMARK_IP_0_0' (2#1) [C:/Users/aamalik3/Desktop/ICAP_Readback/Benchmarks/RISC_BENCHMARKS_BASE_PROJ/RISC_BENCHMARKS_BASE_PROJ.runs/synth_1/.Xil/Vivado-128800-sophitia/realtime/design_1_RISC_BENCHMARK_IP_0_0_stub.v:6]
INFO: [Synth 8-6157] synthesizing module 'design_1_axi_gpio_1_1' [C:/Users/aamalik3/Desktop/ICAP_Readback/Benchmarks/RISC_BENCHMARKS_BASE_PROJ/RISC_BENCHMARKS_BASE_PROJ.runs/synth_1/.Xil/Vivado-128800-sophitia/realtime/design_1_axi_gpio_1_1_stub.v:6]
INFO: [Synth 8-6155] done synthesizing module 'design_1_axi_gpio_1_1' (3#1) [C:/Users/aamalik3/Desktop/ICAP_Readback/Benchmarks/RISC_BENCHMARKS_BASE_PROJ/RISC_BENCHMARKS_BASE_PROJ.runs/synth_1/.Xil/Vivado-128800-sophitia/realtime/design_1_axi_gpio_1_1_stub.v:6]
WARNING: [Synth 8-4446] all outputs are unconnected for this instance and logic may be removed [C:/Users/aamalik3/Desktop/ICAP_Readback/Benchmarks/RISC_BENCHMARKS_BASE_PROJ/RISC_BENCHMARKS_BASE_PROJ.srcs/sources_1/bd/design_1/synth/design_1.v:207]
INFO: [Synth 8-6157] synthesizing module 'design_1_STARTUP_0_0' [C:/Users/aamalik3/Desktop/ICAP_Readback/Benchmarks/RISC_BENCHMARKS_BASE_PROJ/RISC_BENCHMARKS_BASE_PROJ.runs/synth_1/.Xil/Vivado-128800-sophitia/realtime/design_1_STARTUP_0_0_stub.v:6]
INFO: [Synth 8-6155] done synthesizing module 'design_1_STARTUP_0_0' (4#1) [C:/Users/aamalik3/Desktop/ICAP_Readback/Benchmarks/RISC_BENCHMARKS_BASE_PROJ/RISC_BENCHMARKS_BASE_PROJ.runs/synth_1/.Xil/Vivado-128800-sophitia/realtime/design_1_STARTUP_0_0_stub.v:6]
WARNING: [Synth 8-350] instance 'STARTUP_0' of module 'design_1_STARTUP_0_0' requires 2 connections, but only 1 given [C:/Users/aamalik3/Desktop/ICAP_Readback/Benchmarks/RISC_BENCHMARKS_BASE_PROJ/RISC_BENCHMARKS_BASE_PROJ.srcs/sources_1/bd/design_1/synth/design_1.v:207]
INFO: [Synth 8-6157] synthesizing module 'design_1_axi_gpio_0_0' [C:/Users/aamalik3/Desktop/ICAP_Readback/Benchmarks/RISC_BENCHMARKS_BASE_PROJ/RISC_BENCHMARKS_BASE_PROJ.runs/synth_1/.Xil/Vivado-128800-sophitia/realtime/design_1_axi_gpio_0_0_stub.v:6]
INFO: [Synth 8-6155] done synthesizing module 'design_1_axi_gpio_0_0' (5#1) [C:/Users/aamalik3/Desktop/ICAP_Readback/Benchmarks/RISC_BENCHMARKS_BASE_PROJ/RISC_BENCHMARKS_BASE_PROJ.runs/synth_1/.Xil/Vivado-128800-sophitia/realtime/design_1_axi_gpio_0_0_stub.v:6]
INFO: [Synth 8-6157] synthesizing module 'design_1_processing_system7_0_0' [C:/Users/aamalik3/Desktop/ICAP_Readback/Benchmarks/RISC_BENCHMARKS_BASE_PROJ/RISC_BENCHMARKS_BASE_PROJ.runs/synth_1/.Xil/Vivado-128800-sophitia/realtime/design_1_processing_system7_0_0_stub.v:6]
INFO: [Synth 8-6155] done synthesizing module 'design_1_processing_system7_0_0' (6#1) [C:/Users/aamalik3/Desktop/ICAP_Readback/Benchmarks/RISC_BENCHMARKS_BASE_PROJ/RISC_BENCHMARKS_BASE_PROJ.runs/synth_1/.Xil/Vivado-128800-sophitia/realtime/design_1_processing_system7_0_0_stub.v:6]
INFO: [Synth 8-6157] synthesizing module 'design_1_ps7_0_axi_periph_0' [C:/Users/aamalik3/Desktop/ICAP_Readback/Benchmarks/RISC_BENCHMARKS_BASE_PROJ/RISC_BENCHMARKS_BASE_PROJ.srcs/sources_1/bd/design_1/synth/design_1.v:387]
INFO: [Synth 8-6157] synthesizing module 'm00_couplers_imp_15SPJYW' [C:/Users/aamalik3/Desktop/ICAP_Readback/Benchmarks/RISC_BENCHMARKS_BASE_PROJ/RISC_BENCHMARKS_BASE_PROJ.srcs/sources_1/bd/design_1/synth/design_1.v:944]
INFO: [Synth 8-6155] done synthesizing module 'm00_couplers_imp_15SPJYW' (7#1) [C:/Users/aamalik3/Desktop/ICAP_Readback/Benchmarks/RISC_BENCHMARKS_BASE_PROJ/RISC_BENCHMARKS_BASE_PROJ.srcs/sources_1/bd/design_1/synth/design_1.v:944]
INFO: [Synth 8-6157] synthesizing module 'm01_couplers_imp_XU9C55' [C:/Users/aamalik3/Desktop/ICAP_Readback/Benchmarks/RISC_BENCHMARKS_BASE_PROJ/RISC_BENCHMARKS_BASE_PROJ.srcs/sources_1/bd/design_1/synth/design_1.v:1076]
INFO: [Synth 8-6155] done synthesizing module 'm01_couplers_imp_XU9C55' (8#1) [C:/Users/aamalik3/Desktop/ICAP_Readback/Benchmarks/RISC_BENCHMARKS_BASE_PROJ/RISC_BENCHMARKS_BASE_PROJ.srcs/sources_1/bd/design_1/synth/design_1.v:1076]
INFO: [Synth 8-6157] synthesizing module 's00_couplers_imp_UYSKKA' [C:/Users/aamalik3/Desktop/ICAP_Readback/Benchmarks/RISC_BENCHMARKS_BASE_PROJ/RISC_BENCHMARKS_BASE_PROJ.srcs/sources_1/bd/design_1/synth/design_1.v:1208]
INFO: [Synth 8-6157] synthesizing module 'design_1_auto_pc_0' [C:/Users/aamalik3/Desktop/ICAP_Readback/Benchmarks/RISC_BENCHMARKS_BASE_PROJ/RISC_BENCHMARKS_BASE_PROJ.runs/synth_1/.Xil/Vivado-128800-sophitia/realtime/design_1_auto_pc_0_stub.v:6]
INFO: [Synth 8-6155] done synthesizing module 'design_1_auto_pc_0' (9#1) [C:/Users/aamalik3/Desktop/ICAP_Readback/Benchmarks/RISC_BENCHMARKS_BASE_PROJ/RISC_BENCHMARKS_BASE_PROJ.runs/synth_1/.Xil/Vivado-128800-sophitia/realtime/design_1_auto_pc_0_stub.v:6]
INFO: [Synth 8-6155] done synthesizing module 's00_couplers_imp_UYSKKA' (10#1) [C:/Users/aamalik3/Desktop/ICAP_Readback/Benchmarks/RISC_BENCHMARKS_BASE_PROJ/RISC_BENCHMARKS_BASE_PROJ.srcs/sources_1/bd/design_1/synth/design_1.v:1208]
INFO: [Synth 8-6157] synthesizing module 'design_1_xbar_0' [C:/Users/aamalik3/Desktop/ICAP_Readback/Benchmarks/RISC_BENCHMARKS_BASE_PROJ/RISC_BENCHMARKS_BASE_PROJ.runs/synth_1/.Xil/Vivado-128800-sophitia/realtime/design_1_xbar_0_stub.v:6]
INFO: [Synth 8-6155] done synthesizing module 'design_1_xbar_0' (11#1) [C:/Users/aamalik3/Desktop/ICAP_Readback/Benchmarks/RISC_BENCHMARKS_BASE_PROJ/RISC_BENCHMARKS_BASE_PROJ.runs/synth_1/.Xil/Vivado-128800-sophitia/realtime/design_1_xbar_0_stub.v:6]
WARNING: [Synth 8-350] instance 'xbar' of module 'design_1_xbar_0' requires 40 connections, but only 38 given [C:/Users/aamalik3/Desktop/ICAP_Readback/Benchmarks/RISC_BENCHMARKS_BASE_PROJ/RISC_BENCHMARKS_BASE_PROJ.srcs/sources_1/bd/design_1/synth/design_1.v:903]
INFO: [Synth 8-6155] done synthesizing module 'design_1_ps7_0_axi_periph_0' (12#1) [C:/Users/aamalik3/Desktop/ICAP_Readback/Benchmarks/RISC_BENCHMARKS_BASE_PROJ/RISC_BENCHMARKS_BASE_PROJ.srcs/sources_1/bd/design_1/synth/design_1.v:387]
INFO: [Synth 8-6157] synthesizing module 'design_1_rst_ps7_0_50M_0' [C:/Users/aamalik3/Desktop/ICAP_Readback/Benchmarks/RISC_BENCHMARKS_BASE_PROJ/RISC_BENCHMARKS_BASE_PROJ.runs/synth_1/.Xil/Vivado-128800-sophitia/realtime/design_1_rst_ps7_0_50M_0_stub.v:6]
INFO: [Synth 8-6155] done synthesizing module 'design_1_rst_ps7_0_50M_0' (13#1) [C:/Users/aamalik3/Desktop/ICAP_Readback/Benchmarks/RISC_BENCHMARKS_BASE_PROJ/RISC_BENCHMARKS_BASE_PROJ.runs/synth_1/.Xil/Vivado-128800-sophitia/realtime/design_1_rst_ps7_0_50M_0_stub.v:6]
WARNING: [Synth 8-350] instance 'rst_ps7_0_50M' of module 'design_1_rst_ps7_0_50M_0' requires 10 connections, but only 7 given [C:/Users/aamalik3/Desktop/ICAP_Readback/Benchmarks/RISC_BENCHMARKS_BASE_PROJ/RISC_BENCHMARKS_BASE_PROJ.srcs/sources_1/bd/design_1/synth/design_1.v:375]
INFO: [Synth 8-6157] synthesizing module 'design_1_xlconstant_0_0' [C:/Users/aamalik3/Desktop/ICAP_Readback/Benchmarks/RISC_BENCHMARKS_BASE_PROJ/RISC_BENCHMARKS_BASE_PROJ.runs/synth_1/.Xil/Vivado-128800-sophitia/realtime/design_1_xlconstant_0_0_stub.v:6]
INFO: [Synth 8-6155] done synthesizing module 'design_1_xlconstant_0_0' (14#1) [C:/Users/aamalik3/Desktop/ICAP_Readback/Benchmarks/RISC_BENCHMARKS_BASE_PROJ/RISC_BENCHMARKS_BASE_PROJ.runs/synth_1/.Xil/Vivado-128800-sophitia/realtime/design_1_xlconstant_0_0_stub.v:6]
INFO: [Synth 8-6155] done synthesizing module 'design_1' (15#1) [C:/Users/aamalik3/Desktop/ICAP_Readback/Benchmarks/RISC_BENCHMARKS_BASE_PROJ/RISC_BENCHMARKS_BASE_PROJ.srcs/sources_1/bd/design_1/synth/design_1.v:13]
INFO: [Synth 8-6155] done synthesizing module 'design_1_wrapper' (16#1) [C:/Users/aamalik3/Desktop/ICAP_Readback/Benchmarks/RISC_BENCHMARKS_BASE_PROJ/RISC_BENCHMARKS_BASE_PROJ.srcs/sources_1/bd/design_1/hdl/design_1_wrapper.v:12]
WARNING: [Synth 8-3331] design s00_couplers_imp_UYSKKA has unconnected port M_ACLK
WARNING: [Synth 8-3331] design s00_couplers_imp_UYSKKA has unconnected port M_ARESETN
WARNING: [Synth 8-3331] design m01_couplers_imp_XU9C55 has unconnected port M_ACLK
WARNING: [Synth 8-3331] design m01_couplers_imp_XU9C55 has unconnected port M_ARESETN
WARNING: [Synth 8-3331] design m01_couplers_imp_XU9C55 has unconnected port S_ACLK
WARNING: [Synth 8-3331] design m01_couplers_imp_XU9C55 has unconnected port S_ARESETN
WARNING: [Synth 8-3331] design m00_couplers_imp_15SPJYW has unconnected port M_ACLK
WARNING: [Synth 8-3331] design m00_couplers_imp_15SPJYW has unconnected port M_ARESETN
WARNING: [Synth 8-3331] design m00_couplers_imp_15SPJYW has unconnected port S_ACLK
WARNING: [Synth 8-3331] design m00_couplers_imp_15SPJYW has unconnected port S_ARESETN
---------------------------------------------------------------------------------
Finished RTL Elaboration : Time (s): cpu = 00:00:02 ; elapsed = 00:00:02 . Memory (MB): peak = 521.227 ; gain = 155.938
---------------------------------------------------------------------------------

Report Check Netlist: 
+------+------------------+-------+---------+-------+------------------+
|      |Item              |Errors |Warnings |Status |Description       |
+------+------------------+-------+---------+-------+------------------+
|1     |multi_driven_nets |      0|        0|Passed |Multi driven nets |
+------+------------------+-------+---------+-------+------------------+
---------------------------------------------------------------------------------
Start Handling Custom Attributes
---------------------------------------------------------------------------------
---------------------------------------------------------------------------------
Finished Handling Custom Attributes : Time (s): cpu = 00:00:02 ; elapsed = 00:00:02 . Memory (MB): peak = 521.227 ; gain = 155.938
---------------------------------------------------------------------------------
---------------------------------------------------------------------------------
Finished RTL Optimization Phase 1 : Time (s): cpu = 00:00:02 ; elapsed = 00:00:02 . Memory (MB): peak = 521.227 ; gain = 155.938
---------------------------------------------------------------------------------
INFO: [Device 21-403] Loading part xc7z020clg484-1
INFO: [Project 1-570] Preparing netlist for logic optimization

Processing XDC Constraints
Initializing timing engine
Parsing XDC File [c:/Users/aamalik3/Desktop/ICAP_Readback/Benchmarks/RISC_BENCHMARKS_BASE_PROJ/RISC_BENCHMARKS_BASE_PROJ.srcs/sources_1/bd/design_1/ip/design_1_processing_system7_0_0/design_1_processing_system7_0_0/design_1_processing_system7_0_0_in_context.xdc] for cell 'design_1_i/processing_system7_0'
Finished Parsing XDC File [c:/Users/aamalik3/Desktop/ICAP_Readback/Benchmarks/RISC_BENCHMARKS_BASE_PROJ/RISC_BENCHMARKS_BASE_PROJ.srcs/sources_1/bd/design_1/ip/design_1_processing_system7_0_0/design_1_processing_system7_0_0/design_1_processing_system7_0_0_in_context.xdc] for cell 'design_1_i/processing_system7_0'
Parsing XDC File [c:/Users/aamalik3/Desktop/ICAP_Readback/Benchmarks/RISC_BENCHMARKS_BASE_PROJ/RISC_BENCHMARKS_BASE_PROJ.srcs/sources_1/bd/design_1/ip/design_1_rst_ps7_0_50M_0/design_1_rst_ps7_0_50M_0/design_1_rst_ps7_0_50M_0_in_context.xdc] for cell 'design_1_i/rst_ps7_0_50M'
Finished Parsing XDC File [c:/Users/aamalik3/Desktop/ICAP_Readback/Benchmarks/RISC_BENCHMARKS_BASE_PROJ/RISC_BENCHMARKS_BASE_PROJ.srcs/sources_1/bd/design_1/ip/design_1_rst_ps7_0_50M_0/design_1_rst_ps7_0_50M_0/design_1_rst_ps7_0_50M_0_in_context.xdc] for cell 'design_1_i/rst_ps7_0_50M'
Parsing XDC File [c:/Users/aamalik3/Desktop/ICAP_Readback/Benchmarks/RISC_BENCHMARKS_BASE_PROJ/RISC_BENCHMARKS_BASE_PROJ.srcs/sources_1/bd/design_1/ip/design_1_STARTUP_0_0/design_1_STARTUP_0_0/design_1_STARTUP_0_0_in_context.xdc] for cell 'design_1_i/STARTUP_0'
Finished Parsing XDC File [c:/Users/aamalik3/Desktop/ICAP_Readback/Benchmarks/RISC_BENCHMARKS_BASE_PROJ/RISC_BENCHMARKS_BASE_PROJ.srcs/sources_1/bd/design_1/ip/design_1_STARTUP_0_0/design_1_STARTUP_0_0/design_1_STARTUP_0_0_in_context.xdc] for cell 'design_1_i/STARTUP_0'
Parsing XDC File [c:/Users/aamalik3/Desktop/ICAP_Readback/Benchmarks/RISC_BENCHMARKS_BASE_PROJ/RISC_BENCHMARKS_BASE_PROJ.srcs/sources_1/bd/design_1/ip/design_1_axi_gpio_0_0/design_1_axi_gpio_0_0/design_1_axi_gpio_0_0_in_context.xdc] for cell 'design_1_i/axi_gpio_0'
Finished Parsing XDC File [c:/Users/aamalik3/Desktop/ICAP_Readback/Benchmarks/RISC_BENCHMARKS_BASE_PROJ/RISC_BENCHMARKS_BASE_PROJ.srcs/sources_1/bd/design_1/ip/design_1_axi_gpio_0_0/design_1_axi_gpio_0_0/design_1_axi_gpio_0_0_in_context.xdc] for cell 'design_1_i/axi_gpio_0'
Parsing XDC File [c:/Users/aamalik3/Desktop/ICAP_Readback/Benchmarks/RISC_BENCHMARKS_BASE_PROJ/RISC_BENCHMARKS_BASE_PROJ.srcs/sources_1/bd/design_1/ip/design_1_axi_gpio_1_1/design_1_axi_gpio_1_1/design_1_axi_gpio_1_1_in_context.xdc] for cell 'design_1_i/RISC_IP_CHECK'
Finished Parsing XDC File [c:/Users/aamalik3/Desktop/ICAP_Readback/Benchmarks/RISC_BENCHMARKS_BASE_PROJ/RISC_BENCHMARKS_BASE_PROJ.srcs/sources_1/bd/design_1/ip/design_1_axi_gpio_1_1/design_1_axi_gpio_1_1/design_1_axi_gpio_1_1_in_context.xdc] for cell 'design_1_i/RISC_IP_CHECK'
Parsing XDC File [c:/Users/aamalik3/Desktop/ICAP_Readback/Benchmarks/RISC_BENCHMARKS_BASE_PROJ/RISC_BENCHMARKS_BASE_PROJ.srcs/sources_1/bd/design_1/ip/design_1_xbar_0/design_1_xbar_0/design_1_xbar_0_in_context.xdc] for cell 'design_1_i/ps7_0_axi_periph/xbar'
Finished Parsing XDC File [c:/Users/aamalik3/Desktop/ICAP_Readback/Benchmarks/RISC_BENCHMARKS_BASE_PROJ/RISC_BENCHMARKS_BASE_PROJ.srcs/sources_1/bd/design_1/ip/design_1_xbar_0/design_1_xbar_0/design_1_xbar_0_in_context.xdc] for cell 'design_1_i/ps7_0_axi_periph/xbar'
Parsing XDC File [c:/Users/aamalik3/Desktop/ICAP_Readback/Benchmarks/RISC_BENCHMARKS_BASE_PROJ/RISC_BENCHMARKS_BASE_PROJ.srcs/sources_1/bd/design_1/ip/design_1_xlconstant_0_0/design_1_xlconstant_0_0/design_1_xlconstant_0_0_in_context.xdc] for cell 'design_1_i/xlconstant_0'
Finished Parsing XDC File [c:/Users/aamalik3/Desktop/ICAP_Readback/Benchmarks/RISC_BENCHMARKS_BASE_PROJ/RISC_BENCHMARKS_BASE_PROJ.srcs/sources_1/bd/design_1/ip/design_1_xlconstant_0_0/design_1_xlconstant_0_0/design_1_xlconstant_0_0_in_context.xdc] for cell 'design_1_i/xlconstant_0'
Parsing XDC File [c:/Users/aamalik3/Desktop/ICAP_Readback/Benchmarks/RISC_BENCHMARKS_BASE_PROJ/RISC_BENCHMARKS_BASE_PROJ.srcs/sources_1/bd/design_1/ip/design_1_CLK_Gate_0_0/design_1_CLK_Gate_0_0/design_1_CLK_Gate_0_0_in_context.xdc] for cell 'design_1_i/CLK_Gate_0'
Finished Parsing XDC File [c:/Users/aamalik3/Desktop/ICAP_Readback/Benchmarks/RISC_BENCHMARKS_BASE_PROJ/RISC_BENCHMARKS_BASE_PROJ.srcs/sources_1/bd/design_1/ip/design_1_CLK_Gate_0_0/design_1_CLK_Gate_0_0/design_1_CLK_Gate_0_0_in_context.xdc] for cell 'design_1_i/CLK_Gate_0'
Parsing XDC File [c:/Users/aamalik3/Desktop/ICAP_Readback/Benchmarks/RISC_BENCHMARKS_BASE_PROJ/RISC_BENCHMARKS_BASE_PROJ.srcs/sources_1/bd/design_1/ip/design_1_RISC_BENCHMARK_IP_0_0/design_1_RISC_BENCHMARK_IP_0_0/design_1_RISC_BENCHMARK_IP_0_0_in_context.xdc] for cell 'design_1_i/RISC_BENCHMARK_IP'
Finished Parsing XDC File [c:/Users/aamalik3/Desktop/ICAP_Readback/Benchmarks/RISC_BENCHMARKS_BASE_PROJ/RISC_BENCHMARKS_BASE_PROJ.srcs/sources_1/bd/design_1/ip/design_1_RISC_BENCHMARK_IP_0_0/design_1_RISC_BENCHMARK_IP_0_0/design_1_RISC_BENCHMARK_IP_0_0_in_context.xdc] for cell 'design_1_i/RISC_BENCHMARK_IP'
Parsing XDC File [c:/Users/aamalik3/Desktop/ICAP_Readback/Benchmarks/RISC_BENCHMARKS_BASE_PROJ/RISC_BENCHMARKS_BASE_PROJ.srcs/sources_1/bd/design_1/ip/design_1_auto_pc_0/design_1_auto_pc_0/design_1_auto_pc_0_in_context.xdc] for cell 'design_1_i/ps7_0_axi_periph/s00_couplers/auto_pc'
Finished Parsing XDC File [c:/Users/aamalik3/Desktop/ICAP_Readback/Benchmarks/RISC_BENCHMARKS_BASE_PROJ/RISC_BENCHMARKS_BASE_PROJ.srcs/sources_1/bd/design_1/ip/design_1_auto_pc_0/design_1_auto_pc_0/design_1_auto_pc_0_in_context.xdc] for cell 'design_1_i/ps7_0_axi_periph/s00_couplers/auto_pc'
Parsing XDC File [C:/Users/aamalik3/Desktop/ICAP_Readback/Benchmarks/RISC_BENCHMARKS_BASE_PROJ/RISC_BENCHMARKS_BASE_PROJ.srcs/constrs_1/new/pins.xdc]
WARNING: [Vivado 12-584] No ports matched '[get_ports -of_objects [get_iobanks 33]]'. [C:/Users/aamalik3/Desktop/ICAP_Readback/Benchmarks/RISC_BENCHMARKS_BASE_PROJ/RISC_BENCHMARKS_BASE_PROJ.srcs/constrs_1/new/pins.xdc:19]
WARNING: [Vivado 12-584] No ports matched '[get_ports -of_objects [get_iobanks 34]]'. [C:/Users/aamalik3/Desktop/ICAP_Readback/Benchmarks/RISC_BENCHMARKS_BASE_PROJ/RISC_BENCHMARKS_BASE_PROJ.srcs/constrs_1/new/pins.xdc:20]
WARNING: [Vivado 12-584] No ports matched '[get_ports -of_objects [get_iobanks 35]]'. [C:/Users/aamalik3/Desktop/ICAP_Readback/Benchmarks/RISC_BENCHMARKS_BASE_PROJ/RISC_BENCHMARKS_BASE_PROJ.srcs/constrs_1/new/pins.xdc:21]
WARNING: [Vivado 12-584] No ports matched '[get_ports -of_objects [get_iobanks 13]]'. [C:/Users/aamalik3/Desktop/ICAP_Readback/Benchmarks/RISC_BENCHMARKS_BASE_PROJ/RISC_BENCHMARKS_BASE_PROJ.srcs/constrs_1/new/pins.xdc:22]
Finished Parsing XDC File [C:/Users/aamalik3/Desktop/ICAP_Readback/Benchmarks/RISC_BENCHMARKS_BASE_PROJ/RISC_BENCHMARKS_BASE_PROJ.srcs/constrs_1/new/pins.xdc]
INFO: [Project 1-236] Implementation specific constraints were found while reading constraint file [C:/Users/aamalik3/Desktop/ICAP_Readback/Benchmarks/RISC_BENCHMARKS_BASE_PROJ/RISC_BENCHMARKS_BASE_PROJ.srcs/constrs_1/new/pins.xdc]. These constraints will be ignored for synthesis but will be used in implementation. Impacted constraints are listed in the file [.Xil/design_1_wrapper_propImpl.xdc].
Resolution: To avoid this warning, move constraints listed in [.Xil/design_1_wrapper_propImpl.xdc] to another XDC file and exclude this new file from synthesis with the used_in_synthesis property (File Properties dialog in GUI) and re-run elaboration/synthesis.
Parsing XDC File [C:/Users/aamalik3/Desktop/ICAP_Readback/Benchmarks/RISC_BENCHMARKS_BASE_PROJ/RISC_BENCHMARKS_BASE_PROJ.srcs/constrs_1/new/partitions.xdc]
WARNING: [Vivado 12-180] No cells matched 'design_1_i/RISC_BENCHMARK_IP/inst'. [C:/Users/aamalik3/Desktop/ICAP_Readback/Benchmarks/RISC_BENCHMARKS_BASE_PROJ/RISC_BENCHMARKS_BASE_PROJ.srcs/constrs_1/new/partitions.xdc:19]
WARNING: [Vivado 12-180] No cells matched 'design_1_i/RISC_BENCHMARK_IP/inst'. [C:/Users/aamalik3/Desktop/ICAP_Readback/Benchmarks/RISC_BENCHMARKS_BASE_PROJ/RISC_BENCHMARKS_BASE_PROJ.srcs/constrs_1/new/partitions.xdc:20]
Finished Parsing XDC File [C:/Users/aamalik3/Desktop/ICAP_Readback/Benchmarks/RISC_BENCHMARKS_BASE_PROJ/RISC_BENCHMARKS_BASE_PROJ.srcs/constrs_1/new/partitions.xdc]
WARNING: [Project 1-498] One or more constraints failed evaluation while reading constraint file [C:/Users/aamalik3/Desktop/ICAP_Readback/Benchmarks/RISC_BENCHMARKS_BASE_PROJ/RISC_BENCHMARKS_BASE_PROJ.srcs/constrs_1/new/partitions.xdc] and the design contains unresolved black boxes. These constraints will be read post-synthesis (as long as their source constraint file is marked as used_in_implementation) and should be applied correctly then. You should review the constraints listed in the file [.Xil/design_1_wrapper_propImpl.xdc] and check the run log file to verify that these constraints were correctly applied.
INFO: [Project 1-236] Implementation specific constraints were found while reading constraint file [C:/Users/aamalik3/Desktop/ICAP_Readback/Benchmarks/RISC_BENCHMARKS_BASE_PROJ/RISC_BENCHMARKS_BASE_PROJ.srcs/constrs_1/new/partitions.xdc]. These constraints will be ignored for synthesis but will be used in implementation. Impacted constraints are listed in the file [.Xil/design_1_wrapper_propImpl.xdc].
Resolution: To avoid this warning, move constraints listed in [.Xil/design_1_wrapper_propImpl.xdc] to another XDC file and exclude this new file from synthesis with the used_in_synthesis property (File Properties dialog in GUI) and re-run elaboration/synthesis.
Parsing XDC File [C:/Users/aamalik3/Desktop/ICAP_Readback/Benchmarks/RISC_BENCHMARKS_BASE_PROJ/RISC_BENCHMARKS_BASE_PROJ.runs/synth_1/dont_touch.xdc]
Finished Parsing XDC File [C:/Users/aamalik3/Desktop/ICAP_Readback/Benchmarks/RISC_BENCHMARKS_BASE_PROJ/RISC_BENCHMARKS_BASE_PROJ.runs/synth_1/dont_touch.xdc]
Completed Processing XDC Constraints

INFO: [Project 1-111] Unisim Transformation Summary:
No Unisim elements were transformed.

Constraint Validation Runtime : Time (s): cpu = 00:00:00 ; elapsed = 00:00:00.007 . Memory (MB): peak = 828.711 ; gain = 0.000
---------------------------------------------------------------------------------
Finished Constraint Validation : Time (s): cpu = 00:00:08 ; elapsed = 00:00:10 . Memory (MB): peak = 828.711 ; gain = 463.422
---------------------------------------------------------------------------------
---------------------------------------------------------------------------------
Start Loading Part and Timing Information
---------------------------------------------------------------------------------
Loading part: xc7z020clg484-1
---------------------------------------------------------------------------------
Finished Loading Part and Timing Information : Time (s): cpu = 00:00:08 ; elapsed = 00:00:10 . Memory (MB): peak = 828.711 ; gain = 463.422
---------------------------------------------------------------------------------
---------------------------------------------------------------------------------
Start Applying 'set_property' XDC Constraints
---------------------------------------------------------------------------------
Applied set_property IO_BUFFER_TYPE = NONE for DDR_addr[0]. (constraint file  c:/Users/aamalik3/Desktop/ICAP_Readback/Benchmarks/RISC_BENCHMARKS_BASE_PROJ/RISC_BENCHMARKS_BASE_PROJ.srcs/sources_1/bd/design_1/ip/design_1_processing_system7_0_0/design_1_processing_system7_0_0/design_1_processing_system7_0_0_in_context.xdc, line 3).
Applied set_property CLOCK_BUFFER_TYPE = NONE for DDR_addr[0]. (constraint file  c:/Users/aamalik3/Desktop/ICAP_Readback/Benchmarks/RISC_BENCHMARKS_BASE_PROJ/RISC_BENCHMARKS_BASE_PROJ.srcs/sources_1/bd/design_1/ip/design_1_processing_system7_0_0/design_1_processing_system7_0_0/design_1_processing_system7_0_0_in_context.xdc, line 4).
Applied set_property IO_BUFFER_TYPE = NONE for DDR_addr[10]. (constraint file  c:/Users/aamalik3/Desktop/ICAP_Readback/Benchmarks/RISC_BENCHMARKS_BASE_PROJ/RISC_BENCHMARKS_BASE_PROJ.srcs/sources_1/bd/design_1/ip/design_1_processing_system7_0_0/design_1_processing_system7_0_0/design_1_processing_system7_0_0_in_context.xdc, line 5).
Applied set_property CLOCK_BUFFER_TYPE = NONE for DDR_addr[10]. (constraint file  c:/Users/aamalik3/Desktop/ICAP_Readback/Benchmarks/RISC_BENCHMARKS_BASE_PROJ/RISC_BENCHMARKS_BASE_PROJ.srcs/sources_1/bd/design_1/ip/design_1_processing_system7_0_0/design_1_processing_system7_0_0/design_1_processing_system7_0_0_in_context.xdc, line 6).
Applied set_property IO_BUFFER_TYPE = NONE for DDR_addr[11]. (constraint file  c:/Users/aamalik3/Desktop/ICAP_Readback/Benchmarks/RISC_BENCHMARKS_BASE_PROJ/RISC_BENCHMARKS_BASE_PROJ.srcs/sources_1/bd/design_1/ip/design_1_processing_system7_0_0/design_1_processing_system7_0_0/design_1_processing_system7_0_0_in_context.xdc, line 7).
Applied set_property CLOCK_BUFFER_TYPE = NONE for DDR_addr[11]. (constraint file  c:/Users/aamalik3/Desktop/ICAP_Readback/Benchmarks/RISC_BENCHMARKS_BASE_PROJ/RISC_BENCHMARKS_BASE_PROJ.srcs/sources_1/bd/design_1/ip/design_1_processing_system7_0_0/design_1_processing_system7_0_0/design_1_processing_system7_0_0_in_context.xdc, line 8).
Applied set_property IO_BUFFER_TYPE = NONE for DDR_addr[12]. (constraint file  c:/Users/aamalik3/Desktop/ICAP_Readback/Benchmarks/RISC_BENCHMARKS_BASE_PROJ/RISC_BENCHMARKS_BASE_PROJ.srcs/sources_1/bd/design_1/ip/design_1_processing_system7_0_0/design_1_processing_system7_0_0/design_1_processing_system7_0_0_in_context.xdc, line 9).
Applied set_property CLOCK_BUFFER_TYPE = NONE for DDR_addr[12]. (constraint file  c:/Users/aamalik3/Desktop/ICAP_Readback/Benchmarks/RISC_BENCHMARKS_BASE_PROJ/RISC_BENCHMARKS_BASE_PROJ.srcs/sources_1/bd/design_1/ip/design_1_processing_system7_0_0/design_1_processing_system7_0_0/design_1_processing_system7_0_0_in_context.xdc, line 10).
Applied set_property IO_BUFFER_TYPE = NONE for DDR_addr[13]. (constraint file  c:/Users/aamalik3/Desktop/ICAP_Readback/Benchmarks/RISC_BENCHMARKS_BASE_PROJ/RISC_BENCHMARKS_BASE_PROJ.srcs/sources_1/bd/design_1/ip/design_1_processing_system7_0_0/design_1_processing_system7_0_0/design_1_processing_system7_0_0_in_context.xdc, line 11).
Applied set_property CLOCK_BUFFER_TYPE = NONE for DDR_addr[13]. (constraint file  c:/Users/aamalik3/Desktop/ICAP_Readback/Benchmarks/RISC_BENCHMARKS_BASE_PROJ/RISC_BENCHMARKS_BASE_PROJ.srcs/sources_1/bd/design_1/ip/design_1_processing_system7_0_0/design_1_processing_system7_0_0/design_1_processing_system7_0_0_in_context.xdc, line 12).
Applied set_property IO_BUFFER_TYPE = NONE for DDR_addr[14]. (constraint file  c:/Users/aamalik3/Desktop/ICAP_Readback/Benchmarks/RISC_BENCHMARKS_BASE_PROJ/RISC_BENCHMARKS_BASE_PROJ.srcs/sources_1/bd/design_1/ip/design_1_processing_system7_0_0/design_1_processing_system7_0_0/design_1_processing_system7_0_0_in_context.xdc, line 13).
Applied set_property CLOCK_BUFFER_TYPE = NONE for DDR_addr[14]. (constraint file  c:/Users/aamalik3/Desktop/ICAP_Readback/Benchmarks/RISC_BENCHMARKS_BASE_PROJ/RISC_BENCHMARKS_BASE_PROJ.srcs/sources_1/bd/design_1/ip/design_1_processing_system7_0_0/design_1_processing_system7_0_0/design_1_processing_system7_0_0_in_context.xdc, line 14).
Applied set_property IO_BUFFER_TYPE = NONE for DDR_addr[1]. (constraint file  c:/Users/aamalik3/Desktop/ICAP_Readback/Benchmarks/RISC_BENCHMARKS_BASE_PROJ/RISC_BENCHMARKS_BASE_PROJ.srcs/sources_1/bd/design_1/ip/design_1_processing_system7_0_0/design_1_processing_system7_0_0/design_1_processing_system7_0_0_in_context.xdc, line 15).
Applied set_property CLOCK_BUFFER_TYPE = NONE for DDR_addr[1]. (constraint file  c:/Users/aamalik3/Desktop/ICAP_Readback/Benchmarks/RISC_BENCHMARKS_BASE_PROJ/RISC_BENCHMARKS_BASE_PROJ.srcs/sources_1/bd/design_1/ip/design_1_processing_system7_0_0/design_1_processing_system7_0_0/design_1_processing_system7_0_0_in_context.xdc, line 16).
Applied set_property IO_BUFFER_TYPE = NONE for DDR_addr[2]. (constraint file  c:/Users/aamalik3/Desktop/ICAP_Readback/Benchmarks/RISC_BENCHMARKS_BASE_PROJ/RISC_BENCHMARKS_BASE_PROJ.srcs/sources_1/bd/design_1/ip/design_1_processing_system7_0_0/design_1_processing_system7_0_0/design_1_processing_system7_0_0_in_context.xdc, line 17).
Applied set_property CLOCK_BUFFER_TYPE = NONE for DDR_addr[2]. (constraint file  c:/Users/aamalik3/Desktop/ICAP_Readback/Benchmarks/RISC_BENCHMARKS_BASE_PROJ/RISC_BENCHMARKS_BASE_PROJ.srcs/sources_1/bd/design_1/ip/design_1_processing_system7_0_0/design_1_processing_system7_0_0/design_1_processing_system7_0_0_in_context.xdc, line 18).
Applied set_property IO_BUFFER_TYPE = NONE for DDR_addr[3]. (constraint file  c:/Users/aamalik3/Desktop/ICAP_Readback/Benchmarks/RISC_BENCHMARKS_BASE_PROJ/RISC_BENCHMARKS_BASE_PROJ.srcs/sources_1/bd/design_1/ip/design_1_processing_system7_0_0/design_1_processing_system7_0_0/design_1_processing_system7_0_0_in_context.xdc, line 19).
Applied set_property CLOCK_BUFFER_TYPE = NONE for DDR_addr[3]. (constraint file  c:/Users/aamalik3/Desktop/ICAP_Readback/Benchmarks/RISC_BENCHMARKS_BASE_PROJ/RISC_BENCHMARKS_BASE_PROJ.srcs/sources_1/bd/design_1/ip/design_1_processing_system7_0_0/design_1_processing_system7_0_0/design_1_processing_system7_0_0_in_context.xdc, line 20).
Applied set_property IO_BUFFER_TYPE = NONE for DDR_addr[4]. (constraint file  c:/Users/aamalik3/Desktop/ICAP_Readback/Benchmarks/RISC_BENCHMARKS_BASE_PROJ/RISC_BENCHMARKS_BASE_PROJ.srcs/sources_1/bd/design_1/ip/design_1_processing_system7_0_0/design_1_processing_system7_0_0/design_1_processing_system7_0_0_in_context.xdc, line 21).
Applied set_property CLOCK_BUFFER_TYPE = NONE for DDR_addr[4]. (constraint file  c:/Users/aamalik3/Desktop/ICAP_Readback/Benchmarks/RISC_BENCHMARKS_BASE_PROJ/RISC_BENCHMARKS_BASE_PROJ.srcs/sources_1/bd/design_1/ip/design_1_processing_system7_0_0/design_1_processing_system7_0_0/design_1_processing_system7_0_0_in_context.xdc, line 22).
Applied set_property IO_BUFFER_TYPE = NONE for DDR_addr[5]. (constraint file  c:/Users/aamalik3/Desktop/ICAP_Readback/Benchmarks/RISC_BENCHMARKS_BASE_PROJ/RISC_BENCHMARKS_BASE_PROJ.srcs/sources_1/bd/design_1/ip/design_1_processing_system7_0_0/design_1_processing_system7_0_0/design_1_processing_system7_0_0_in_context.xdc, line 23).
Applied set_property CLOCK_BUFFER_TYPE = NONE for DDR_addr[5]. (constraint file  c:/Users/aamalik3/Desktop/ICAP_Readback/Benchmarks/RISC_BENCHMARKS_BASE_PROJ/RISC_BENCHMARKS_BASE_PROJ.srcs/sources_1/bd/design_1/ip/design_1_processing_system7_0_0/design_1_processing_system7_0_0/design_1_processing_system7_0_0_in_context.xdc, line 24).
Applied set_property IO_BUFFER_TYPE = NONE for DDR_addr[6]. (constraint file  c:/Users/aamalik3/Desktop/ICAP_Readback/Benchmarks/RISC_BENCHMARKS_BASE_PROJ/RISC_BENCHMARKS_BASE_PROJ.srcs/sources_1/bd/design_1/ip/design_1_processing_system7_0_0/design_1_processing_system7_0_0/design_1_processing_system7_0_0_in_context.xdc, line 25).
Applied set_property CLOCK_BUFFER_TYPE = NONE for DDR_addr[6]. (constraint file  c:/Users/aamalik3/Desktop/ICAP_Readback/Benchmarks/RISC_BENCHMARKS_BASE_PROJ/RISC_BENCHMARKS_BASE_PROJ.srcs/sources_1/bd/design_1/ip/design_1_processing_system7_0_0/design_1_processing_system7_0_0/design_1_processing_system7_0_0_in_context.xdc, line 26).
Applied set_property IO_BUFFER_TYPE = NONE for DDR_addr[7]. (constraint file  c:/Users/aamalik3/Desktop/ICAP_Readback/Benchmarks/RISC_BENCHMARKS_BASE_PROJ/RISC_BENCHMARKS_BASE_PROJ.srcs/sources_1/bd/design_1/ip/design_1_processing_system7_0_0/design_1_processing_system7_0_0/design_1_processing_system7_0_0_in_context.xdc, line 27).
Applied set_property CLOCK_BUFFER_TYPE = NONE for DDR_addr[7]. (constraint file  c:/Users/aamalik3/Desktop/ICAP_Readback/Benchmarks/RISC_BENCHMARKS_BASE_PROJ/RISC_BENCHMARKS_BASE_PROJ.srcs/sources_1/bd/design_1/ip/design_1_processing_system7_0_0/design_1_processing_system7_0_0/design_1_processing_system7_0_0_in_context.xdc, line 28).
Applied set_property IO_BUFFER_TYPE = NONE for DDR_addr[8]. (constraint file  c:/Users/aamalik3/Desktop/ICAP_Readback/Benchmarks/RISC_BENCHMARKS_BASE_PROJ/RISC_BENCHMARKS_BASE_PROJ.srcs/sources_1/bd/design_1/ip/design_1_processing_system7_0_0/design_1_processing_system7_0_0/design_1_processing_system7_0_0_in_context.xdc, line 29).
Applied set_property CLOCK_BUFFER_TYPE = NONE for DDR_addr[8]. (constraint file  c:/Users/aamalik3/Desktop/ICAP_Readback/Benchmarks/RISC_BENCHMARKS_BASE_PROJ/RISC_BENCHMARKS_BASE_PROJ.srcs/sources_1/bd/design_1/ip/design_1_processing_system7_0_0/design_1_processing_system7_0_0/design_1_processing_system7_0_0_in_context.xdc, line 30).
Applied set_property IO_BUFFER_TYPE = NONE for DDR_addr[9]. (constraint file  c:/Users/aamalik3/Desktop/ICAP_Readback/Benchmarks/RISC_BENCHMARKS_BASE_PROJ/RISC_BENCHMARKS_BASE_PROJ.srcs/sources_1/bd/design_1/ip/design_1_processing_system7_0_0/design_1_processing_system7_0_0/design_1_processing_system7_0_0_in_context.xdc, line 31).
Applied set_property CLOCK_BUFFER_TYPE = NONE for DDR_addr[9]. (constraint file  c:/Users/aamalik3/Desktop/ICAP_Readback/Benchmarks/RISC_BENCHMARKS_BASE_PROJ/RISC_BENCHMARKS_BASE_PROJ.srcs/sources_1/bd/design_1/ip/design_1_processing_system7_0_0/design_1_processing_system7_0_0/design_1_processing_system7_0_0_in_context.xdc, line 32).
Applied set_property IO_BUFFER_TYPE = NONE for DDR_ba[0]. (constraint file  c:/Users/aamalik3/Desktop/ICAP_Readback/Benchmarks/RISC_BENCHMARKS_BASE_PROJ/RISC_BENCHMARKS_BASE_PROJ.srcs/sources_1/bd/design_1/ip/design_1_processing_system7_0_0/design_1_processing_system7_0_0/design_1_processing_system7_0_0_in_context.xdc, line 33).
Applied set_property CLOCK_BUFFER_TYPE = NONE for DDR_ba[0]. (constraint file  c:/Users/aamalik3/Desktop/ICAP_Readback/Benchmarks/RISC_BENCHMARKS_BASE_PROJ/RISC_BENCHMARKS_BASE_PROJ.srcs/sources_1/bd/design_1/ip/design_1_processing_system7_0_0/design_1_processing_system7_0_0/design_1_processing_system7_0_0_in_context.xdc, line 34).
Applied set_property IO_BUFFER_TYPE = NONE for DDR_ba[1]. (constraint file  c:/Users/aamalik3/Desktop/ICAP_Readback/Benchmarks/RISC_BENCHMARKS_BASE_PROJ/RISC_BENCHMARKS_BASE_PROJ.srcs/sources_1/bd/design_1/ip/design_1_processing_system7_0_0/design_1_processing_system7_0_0/design_1_processing_system7_0_0_in_context.xdc, line 35).
Applied set_property CLOCK_BUFFER_TYPE = NONE for DDR_ba[1]. (constraint file  c:/Users/aamalik3/Desktop/ICAP_Readback/Benchmarks/RISC_BENCHMARKS_BASE_PROJ/RISC_BENCHMARKS_BASE_PROJ.srcs/sources_1/bd/design_1/ip/design_1_processing_system7_0_0/design_1_processing_system7_0_0/design_1_processing_system7_0_0_in_context.xdc, line 36).
Applied set_property IO_BUFFER_TYPE = NONE for DDR_ba[2]. (constraint file  c:/Users/aamalik3/Desktop/ICAP_Readback/Benchmarks/RISC_BENCHMARKS_BASE_PROJ/RISC_BENCHMARKS_BASE_PROJ.srcs/sources_1/bd/design_1/ip/design_1_processing_system7_0_0/design_1_processing_system7_0_0/design_1_processing_system7_0_0_in_context.xdc, line 37).
Applied set_property CLOCK_BUFFER_TYPE = NONE for DDR_ba[2]. (constraint file  c:/Users/aamalik3/Desktop/ICAP_Readback/Benchmarks/RISC_BENCHMARKS_BASE_PROJ/RISC_BENCHMARKS_BASE_PROJ.srcs/sources_1/bd/design_1/ip/design_1_processing_system7_0_0/design_1_processing_system7_0_0/design_1_processing_system7_0_0_in_context.xdc, line 38).
Applied set_property IO_BUFFER_TYPE = NONE for DDR_cas_n. (constraint file  c:/Users/aamalik3/Desktop/ICAP_Readback/Benchmarks/RISC_BENCHMARKS_BASE_PROJ/RISC_BENCHMARKS_BASE_PROJ.srcs/sources_1/bd/design_1/ip/design_1_processing_system7_0_0/design_1_processing_system7_0_0/design_1_processing_system7_0_0_in_context.xdc, line 39).
Applied set_property CLOCK_BUFFER_TYPE = NONE for DDR_cas_n. (constraint file  c:/Users/aamalik3/Desktop/ICAP_Readback/Benchmarks/RISC_BENCHMARKS_BASE_PROJ/RISC_BENCHMARKS_BASE_PROJ.srcs/sources_1/bd/design_1/ip/design_1_processing_system7_0_0/design_1_processing_system7_0_0/design_1_processing_system7_0_0_in_context.xdc, line 40).
Applied set_property IO_BUFFER_TYPE = NONE for DDR_cke. (constraint file  c:/Users/aamalik3/Desktop/ICAP_Readback/Benchmarks/RISC_BENCHMARKS_BASE_PROJ/RISC_BENCHMARKS_BASE_PROJ.srcs/sources_1/bd/design_1/ip/design_1_processing_system7_0_0/design_1_processing_system7_0_0/design_1_processing_system7_0_0_in_context.xdc, line 41).
Applied set_property CLOCK_BUFFER_TYPE = NONE for DDR_cke. (constraint file  c:/Users/aamalik3/Desktop/ICAP_Readback/Benchmarks/RISC_BENCHMARKS_BASE_PROJ/RISC_BENCHMARKS_BASE_PROJ.srcs/sources_1/bd/design_1/ip/design_1_processing_system7_0_0/design_1_processing_system7_0_0/design_1_processing_system7_0_0_in_context.xdc, line 42).
Applied set_property IO_BUFFER_TYPE = NONE for DDR_cs_n. (constraint file  c:/Users/aamalik3/Desktop/ICAP_Readback/Benchmarks/RISC_BENCHMARKS_BASE_PROJ/RISC_BENCHMARKS_BASE_PROJ.srcs/sources_1/bd/design_1/ip/design_1_processing_system7_0_0/design_1_processing_system7_0_0/design_1_processing_system7_0_0_in_context.xdc, line 43).
Applied set_property CLOCK_BUFFER_TYPE = NONE for DDR_cs_n. (constraint file  c:/Users/aamalik3/Desktop/ICAP_Readback/Benchmarks/RISC_BENCHMARKS_BASE_PROJ/RISC_BENCHMARKS_BASE_PROJ.srcs/sources_1/bd/design_1/ip/design_1_processing_system7_0_0/design_1_processing_system7_0_0/design_1_processing_system7_0_0_in_context.xdc, line 44).
Applied set_property IO_BUFFER_TYPE = NONE for DDR_ck_p. (constraint file  c:/Users/aamalik3/Desktop/ICAP_Readback/Benchmarks/RISC_BENCHMARKS_BASE_PROJ/RISC_BENCHMARKS_BASE_PROJ.srcs/sources_1/bd/design_1/ip/design_1_processing_system7_0_0/design_1_processing_system7_0_0/design_1_processing_system7_0_0_in_context.xdc, line 45).
Applied set_property CLOCK_BUFFER_TYPE = NONE for DDR_ck_p. (constraint file  c:/Users/aamalik3/Desktop/ICAP_Readback/Benchmarks/RISC_BENCHMARKS_BASE_PROJ/RISC_BENCHMARKS_BASE_PROJ.srcs/sources_1/bd/design_1/ip/design_1_processing_system7_0_0/design_1_processing_system7_0_0/design_1_processing_system7_0_0_in_context.xdc, line 46).
Applied set_property IO_BUFFER_TYPE = NONE for DDR_ck_n. (constraint file  c:/Users/aamalik3/Desktop/ICAP_Readback/Benchmarks/RISC_BENCHMARKS_BASE_PROJ/RISC_BENCHMARKS_BASE_PROJ.srcs/sources_1/bd/design_1/ip/design_1_processing_system7_0_0/design_1_processing_system7_0_0/design_1_processing_system7_0_0_in_context.xdc, line 47).
Applied set_property CLOCK_BUFFER_TYPE = NONE for DDR_ck_n. (constraint file  c:/Users/aamalik3/Desktop/ICAP_Readback/Benchmarks/RISC_BENCHMARKS_BASE_PROJ/RISC_BENCHMARKS_BASE_PROJ.srcs/sources_1/bd/design_1/ip/design_1_processing_system7_0_0/design_1_processing_system7_0_0/design_1_processing_system7_0_0_in_context.xdc, line 48).
Applied set_property IO_BUFFER_TYPE = NONE for DDR_dm[0]. (constraint file  c:/Users/aamalik3/Desktop/ICAP_Readback/Benchmarks/RISC_BENCHMARKS_BASE_PROJ/RISC_BENCHMARKS_BASE_PROJ.srcs/sources_1/bd/design_1/ip/design_1_processing_system7_0_0/design_1_processing_system7_0_0/design_1_processing_system7_0_0_in_context.xdc, line 49).
Applied set_property CLOCK_BUFFER_TYPE = NONE for DDR_dm[0]. (constraint file  c:/Users/aamalik3/Desktop/ICAP_Readback/Benchmarks/RISC_BENCHMARKS_BASE_PROJ/RISC_BENCHMARKS_BASE_PROJ.srcs/sources_1/bd/design_1/ip/design_1_processing_system7_0_0/design_1_processing_system7_0_0/design_1_processing_system7_0_0_in_context.xdc, line 50).
Applied set_property IO_BUFFER_TYPE = NONE for DDR_dm[1]. (constraint file  c:/Users/aamalik3/Desktop/ICAP_Readback/Benchmarks/RISC_BENCHMARKS_BASE_PROJ/RISC_BENCHMARKS_BASE_PROJ.srcs/sources_1/bd/design_1/ip/design_1_processing_system7_0_0/design_1_processing_system7_0_0/design_1_processing_system7_0_0_in_context.xdc, line 51).
Applied set_property CLOCK_BUFFER_TYPE = NONE for DDR_dm[1]. (constraint file  c:/Users/aamalik3/Desktop/ICAP_Readback/Benchmarks/RISC_BENCHMARKS_BASE_PROJ/RISC_BENCHMARKS_BASE_PROJ.srcs/sources_1/bd/design_1/ip/design_1_processing_system7_0_0/design_1_processing_system7_0_0/design_1_processing_system7_0_0_in_context.xdc, line 52).
Applied set_property IO_BUFFER_TYPE = NONE for DDR_dm[2]. (constraint file  c:/Users/aamalik3/Desktop/ICAP_Readback/Benchmarks/RISC_BENCHMARKS_BASE_PROJ/RISC_BENCHMARKS_BASE_PROJ.srcs/sources_1/bd/design_1/ip/design_1_processing_system7_0_0/design_1_processing_system7_0_0/design_1_processing_system7_0_0_in_context.xdc, line 53).
Applied set_property CLOCK_BUFFER_TYPE = NONE for DDR_dm[2]. (constraint file  c:/Users/aamalik3/Desktop/ICAP_Readback/Benchmarks/RISC_BENCHMARKS_BASE_PROJ/RISC_BENCHMARKS_BASE_PROJ.srcs/sources_1/bd/design_1/ip/design_1_processing_system7_0_0/design_1_processing_system7_0_0/design_1_processing_system7_0_0_in_context.xdc, line 54).
Applied set_property IO_BUFFER_TYPE = NONE for DDR_dm[3]. (constraint file  c:/Users/aamalik3/Desktop/ICAP_Readback/Benchmarks/RISC_BENCHMARKS_BASE_PROJ/RISC_BENCHMARKS_BASE_PROJ.srcs/sources_1/bd/design_1/ip/design_1_processing_system7_0_0/design_1_processing_system7_0_0/design_1_processing_system7_0_0_in_context.xdc, line 55).
Applied set_property CLOCK_BUFFER_TYPE = NONE for DDR_dm[3]. (constraint file  c:/Users/aamalik3/Desktop/ICAP_Readback/Benchmarks/RISC_BENCHMARKS_BASE_PROJ/RISC_BENCHMARKS_BASE_PROJ.srcs/sources_1/bd/design_1/ip/design_1_processing_system7_0_0/design_1_processing_system7_0_0/design_1_processing_system7_0_0_in_context.xdc, line 56).
Applied set_property IO_BUFFER_TYPE = NONE for DDR_dqs_p[0]. (constraint file  c:/Users/aamalik3/Desktop/ICAP_Readback/Benchmarks/RISC_BENCHMARKS_BASE_PROJ/RISC_BENCHMARKS_BASE_PROJ.srcs/sources_1/bd/design_1/ip/design_1_processing_system7_0_0/design_1_processing_system7_0_0/design_1_processing_system7_0_0_in_context.xdc, line 57).
Applied set_property CLOCK_BUFFER_TYPE = NONE for DDR_dqs_p[0]. (constraint file  c:/Users/aamalik3/Desktop/ICAP_Readback/Benchmarks/RISC_BENCHMARKS_BASE_PROJ/RISC_BENCHMARKS_BASE_PROJ.srcs/sources_1/bd/design_1/ip/design_1_processing_system7_0_0/design_1_processing_system7_0_0/design_1_processing_system7_0_0_in_context.xdc, line 58).
Applied set_property IO_BUFFER_TYPE = NONE for DDR_dqs_p[1]. (constraint file  c:/Users/aamalik3/Desktop/ICAP_Readback/Benchmarks/RISC_BENCHMARKS_BASE_PROJ/RISC_BENCHMARKS_BASE_PROJ.srcs/sources_1/bd/design_1/ip/design_1_processing_system7_0_0/design_1_processing_system7_0_0/design_1_processing_system7_0_0_in_context.xdc, line 59).
Applied set_property CLOCK_BUFFER_TYPE = NONE for DDR_dqs_p[1]. (constraint file  c:/Users/aamalik3/Desktop/ICAP_Readback/Benchmarks/RISC_BENCHMARKS_BASE_PROJ/RISC_BENCHMARKS_BASE_PROJ.srcs/sources_1/bd/design_1/ip/design_1_processing_system7_0_0/design_1_processing_system7_0_0/design_1_processing_system7_0_0_in_context.xdc, line 60).
Applied set_property IO_BUFFER_TYPE = NONE for DDR_dqs_p[2]. (constraint file  c:/Users/aamalik3/Desktop/ICAP_Readback/Benchmarks/RISC_BENCHMARKS_BASE_PROJ/RISC_BENCHMARKS_BASE_PROJ.srcs/sources_1/bd/design_1/ip/design_1_processing_system7_0_0/design_1_processing_system7_0_0/design_1_processing_system7_0_0_in_context.xdc, line 61).
Applied set_property CLOCK_BUFFER_TYPE = NONE for DDR_dqs_p[2]. (constraint file  c:/Users/aamalik3/Desktop/ICAP_Readback/Benchmarks/RISC_BENCHMARKS_BASE_PROJ/RISC_BENCHMARKS_BASE_PROJ.srcs/sources_1/bd/design_1/ip/design_1_processing_system7_0_0/design_1_processing_system7_0_0/design_1_processing_system7_0_0_in_context.xdc, line 62).
Applied set_property IO_BUFFER_TYPE = NONE for DDR_dqs_p[3]. (constraint file  c:/Users/aamalik3/Desktop/ICAP_Readback/Benchmarks/RISC_BENCHMARKS_BASE_PROJ/RISC_BENCHMARKS_BASE_PROJ.srcs/sources_1/bd/design_1/ip/design_1_processing_system7_0_0/design_1_processing_system7_0_0/design_1_processing_system7_0_0_in_context.xdc, line 63).
Applied set_property CLOCK_BUFFER_TYPE = NONE for DDR_dqs_p[3]. (constraint file  c:/Users/aamalik3/Desktop/ICAP_Readback/Benchmarks/RISC_BENCHMARKS_BASE_PROJ/RISC_BENCHMARKS_BASE_PROJ.srcs/sources_1/bd/design_1/ip/design_1_processing_system7_0_0/design_1_processing_system7_0_0/design_1_processing_system7_0_0_in_context.xdc, line 64).
Applied set_property IO_BUFFER_TYPE = NONE for DDR_dqs_n[0]. (constraint file  c:/Users/aamalik3/Desktop/ICAP_Readback/Benchmarks/RISC_BENCHMARKS_BASE_PROJ/RISC_BENCHMARKS_BASE_PROJ.srcs/sources_1/bd/design_1/ip/design_1_processing_system7_0_0/design_1_processing_system7_0_0/design_1_processing_system7_0_0_in_context.xdc, line 65).
Applied set_property CLOCK_BUFFER_TYPE = NONE for DDR_dqs_n[0]. (constraint file  c:/Users/aamalik3/Desktop/ICAP_Readback/Benchmarks/RISC_BENCHMARKS_BASE_PROJ/RISC_BENCHMARKS_BASE_PROJ.srcs/sources_1/bd/design_1/ip/design_1_processing_system7_0_0/design_1_processing_system7_0_0/design_1_processing_system7_0_0_in_context.xdc, line 66).
Applied set_property IO_BUFFER_TYPE = NONE for DDR_dqs_n[1]. (constraint file  c:/Users/aamalik3/Desktop/ICAP_Readback/Benchmarks/RISC_BENCHMARKS_BASE_PROJ/RISC_BENCHMARKS_BASE_PROJ.srcs/sources_1/bd/design_1/ip/design_1_processing_system7_0_0/design_1_processing_system7_0_0/design_1_processing_system7_0_0_in_context.xdc, line 67).
Applied set_property CLOCK_BUFFER_TYPE = NONE for DDR_dqs_n[1]. (constraint file  c:/Users/aamalik3/Desktop/ICAP_Readback/Benchmarks/RISC_BENCHMARKS_BASE_PROJ/RISC_BENCHMARKS_BASE_PROJ.srcs/sources_1/bd/design_1/ip/design_1_processing_system7_0_0/design_1_processing_system7_0_0/design_1_processing_system7_0_0_in_context.xdc, line 68).
Applied set_property IO_BUFFER_TYPE = NONE for DDR_dqs_n[2]. (constraint file  c:/Users/aamalik3/Desktop/ICAP_Readback/Benchmarks/RISC_BENCHMARKS_BASE_PROJ/RISC_BENCHMARKS_BASE_PROJ.srcs/sources_1/bd/design_1/ip/design_1_processing_system7_0_0/design_1_processing_system7_0_0/design_1_processing_system7_0_0_in_context.xdc, line 69).
Applied set_property CLOCK_BUFFER_TYPE = NONE for DDR_dqs_n[2]. (constraint file  c:/Users/aamalik3/Desktop/ICAP_Readback/Benchmarks/RISC_BENCHMARKS_BASE_PROJ/RISC_BENCHMARKS_BASE_PROJ.srcs/sources_1/bd/design_1/ip/design_1_processing_system7_0_0/design_1_processing_system7_0_0/design_1_processing_system7_0_0_in_context.xdc, line 70).
Applied set_property IO_BUFFER_TYPE = NONE for DDR_dqs_n[3]. (constraint file  c:/Users/aamalik3/Desktop/ICAP_Readback/Benchmarks/RISC_BENCHMARKS_BASE_PROJ/RISC_BENCHMARKS_BASE_PROJ.srcs/sources_1/bd/design_1/ip/design_1_processing_system7_0_0/design_1_processing_system7_0_0/design_1_processing_system7_0_0_in_context.xdc, line 71).
Applied set_property CLOCK_BUFFER_TYPE = NONE for DDR_dqs_n[3]. (constraint file  c:/Users/aamalik3/Desktop/ICAP_Readback/Benchmarks/RISC_BENCHMARKS_BASE_PROJ/RISC_BENCHMARKS_BASE_PROJ.srcs/sources_1/bd/design_1/ip/design_1_processing_system7_0_0/design_1_processing_system7_0_0/design_1_processing_system7_0_0_in_context.xdc, line 72).
Applied set_property IO_BUFFER_TYPE = NONE for DDR_dq[0]. (constraint file  c:/Users/aamalik3/Desktop/ICAP_Readback/Benchmarks/RISC_BENCHMARKS_BASE_PROJ/RISC_BENCHMARKS_BASE_PROJ.srcs/sources_1/bd/design_1/ip/design_1_processing_system7_0_0/design_1_processing_system7_0_0/design_1_processing_system7_0_0_in_context.xdc, line 73).
Applied set_property CLOCK_BUFFER_TYPE = NONE for DDR_dq[0]. (constraint file  c:/Users/aamalik3/Desktop/ICAP_Readback/Benchmarks/RISC_BENCHMARKS_BASE_PROJ/RISC_BENCHMARKS_BASE_PROJ.srcs/sources_1/bd/design_1/ip/design_1_processing_system7_0_0/design_1_processing_system7_0_0/design_1_processing_system7_0_0_in_context.xdc, line 74).
Applied set_property IO_BUFFER_TYPE = NONE for DDR_dq[10]. (constraint file  c:/Users/aamalik3/Desktop/ICAP_Readback/Benchmarks/RISC_BENCHMARKS_BASE_PROJ/RISC_BENCHMARKS_BASE_PROJ.srcs/sources_1/bd/design_1/ip/design_1_processing_system7_0_0/design_1_processing_system7_0_0/design_1_processing_system7_0_0_in_context.xdc, line 75).
Applied set_property CLOCK_BUFFER_TYPE = NONE for DDR_dq[10]. (constraint file  c:/Users/aamalik3/Desktop/ICAP_Readback/Benchmarks/RISC_BENCHMARKS_BASE_PROJ/RISC_BENCHMARKS_BASE_PROJ.srcs/sources_1/bd/design_1/ip/design_1_processing_system7_0_0/design_1_processing_system7_0_0/design_1_processing_system7_0_0_in_context.xdc, line 76).
Applied set_property IO_BUFFER_TYPE = NONE for DDR_dq[11]. (constraint file  c:/Users/aamalik3/Desktop/ICAP_Readback/Benchmarks/RISC_BENCHMARKS_BASE_PROJ/RISC_BENCHMARKS_BASE_PROJ.srcs/sources_1/bd/design_1/ip/design_1_processing_system7_0_0/design_1_processing_system7_0_0/design_1_processing_system7_0_0_in_context.xdc, line 77).
Applied set_property CLOCK_BUFFER_TYPE = NONE for DDR_dq[11]. (constraint file  c:/Users/aamalik3/Desktop/ICAP_Readback/Benchmarks/RISC_BENCHMARKS_BASE_PROJ/RISC_BENCHMARKS_BASE_PROJ.srcs/sources_1/bd/design_1/ip/design_1_processing_system7_0_0/design_1_processing_system7_0_0/design_1_processing_system7_0_0_in_context.xdc, line 78).
Applied set_property IO_BUFFER_TYPE = NONE for DDR_dq[12]. (constraint file  c:/Users/aamalik3/Desktop/ICAP_Readback/Benchmarks/RISC_BENCHMARKS_BASE_PROJ/RISC_BENCHMARKS_BASE_PROJ.srcs/sources_1/bd/design_1/ip/design_1_processing_system7_0_0/design_1_processing_system7_0_0/design_1_processing_system7_0_0_in_context.xdc, line 79).
Applied set_property CLOCK_BUFFER_TYPE = NONE for DDR_dq[12]. (constraint file  c:/Users/aamalik3/Desktop/ICAP_Readback/Benchmarks/RISC_BENCHMARKS_BASE_PROJ/RISC_BENCHMARKS_BASE_PROJ.srcs/sources_1/bd/design_1/ip/design_1_processing_system7_0_0/design_1_processing_system7_0_0/design_1_processing_system7_0_0_in_context.xdc, line 80).
Applied set_property IO_BUFFER_TYPE = NONE for DDR_dq[13]. (constraint file  c:/Users/aamalik3/Desktop/ICAP_Readback/Benchmarks/RISC_BENCHMARKS_BASE_PROJ/RISC_BENCHMARKS_BASE_PROJ.srcs/sources_1/bd/design_1/ip/design_1_processing_system7_0_0/design_1_processing_system7_0_0/design_1_processing_system7_0_0_in_context.xdc, line 81).
Applied set_property CLOCK_BUFFER_TYPE = NONE for DDR_dq[13]. (constraint file  c:/Users/aamalik3/Desktop/ICAP_Readback/Benchmarks/RISC_BENCHMARKS_BASE_PROJ/RISC_BENCHMARKS_BASE_PROJ.srcs/sources_1/bd/design_1/ip/design_1_processing_system7_0_0/design_1_processing_system7_0_0/design_1_processing_system7_0_0_in_context.xdc, line 82).
Applied set_property IO_BUFFER_TYPE = NONE for DDR_dq[14]. (constraint file  c:/Users/aamalik3/Desktop/ICAP_Readback/Benchmarks/RISC_BENCHMARKS_BASE_PROJ/RISC_BENCHMARKS_BASE_PROJ.srcs/sources_1/bd/design_1/ip/design_1_processing_system7_0_0/design_1_processing_system7_0_0/design_1_processing_system7_0_0_in_context.xdc, line 83).
Applied set_property CLOCK_BUFFER_TYPE = NONE for DDR_dq[14]. (constraint file  c:/Users/aamalik3/Desktop/ICAP_Readback/Benchmarks/RISC_BENCHMARKS_BASE_PROJ/RISC_BENCHMARKS_BASE_PROJ.srcs/sources_1/bd/design_1/ip/design_1_processing_system7_0_0/design_1_processing_system7_0_0/design_1_processing_system7_0_0_in_context.xdc, line 84).
Applied set_property IO_BUFFER_TYPE = NONE for DDR_dq[15]. (constraint file  c:/Users/aamalik3/Desktop/ICAP_Readback/Benchmarks/RISC_BENCHMARKS_BASE_PROJ/RISC_BENCHMARKS_BASE_PROJ.srcs/sources_1/bd/design_1/ip/design_1_processing_system7_0_0/design_1_processing_system7_0_0/design_1_processing_system7_0_0_in_context.xdc, line 85).
Applied set_property CLOCK_BUFFER_TYPE = NONE for DDR_dq[15]. (constraint file  c:/Users/aamalik3/Desktop/ICAP_Readback/Benchmarks/RISC_BENCHMARKS_BASE_PROJ/RISC_BENCHMARKS_BASE_PROJ.srcs/sources_1/bd/design_1/ip/design_1_processing_system7_0_0/design_1_processing_system7_0_0/design_1_processing_system7_0_0_in_context.xdc, line 86).
Applied set_property IO_BUFFER_TYPE = NONE for DDR_dq[16]. (constraint file  c:/Users/aamalik3/Desktop/ICAP_Readback/Benchmarks/RISC_BENCHMARKS_BASE_PROJ/RISC_BENCHMARKS_BASE_PROJ.srcs/sources_1/bd/design_1/ip/design_1_processing_system7_0_0/design_1_processing_system7_0_0/design_1_processing_system7_0_0_in_context.xdc, line 87).
Applied set_property CLOCK_BUFFER_TYPE = NONE for DDR_dq[16]. (constraint file  c:/Users/aamalik3/Desktop/ICAP_Readback/Benchmarks/RISC_BENCHMARKS_BASE_PROJ/RISC_BENCHMARKS_BASE_PROJ.srcs/sources_1/bd/design_1/ip/design_1_processing_system7_0_0/design_1_processing_system7_0_0/design_1_processing_system7_0_0_in_context.xdc, line 88).
Applied set_property IO_BUFFER_TYPE = NONE for DDR_dq[17]. (constraint file  c:/Users/aamalik3/Desktop/ICAP_Readback/Benchmarks/RISC_BENCHMARKS_BASE_PROJ/RISC_BENCHMARKS_BASE_PROJ.srcs/sources_1/bd/design_1/ip/design_1_processing_system7_0_0/design_1_processing_system7_0_0/design_1_processing_system7_0_0_in_context.xdc, line 89).
Applied set_property CLOCK_BUFFER_TYPE = NONE for DDR_dq[17]. (constraint file  c:/Users/aamalik3/Desktop/ICAP_Readback/Benchmarks/RISC_BENCHMARKS_BASE_PROJ/RISC_BENCHMARKS_BASE_PROJ.srcs/sources_1/bd/design_1/ip/design_1_processing_system7_0_0/design_1_processing_system7_0_0/design_1_processing_system7_0_0_in_context.xdc, line 90).
Applied set_property IO_BUFFER_TYPE = NONE for DDR_dq[18]. (constraint file  c:/Users/aamalik3/Desktop/ICAP_Readback/Benchmarks/RISC_BENCHMARKS_BASE_PROJ/RISC_BENCHMARKS_BASE_PROJ.srcs/sources_1/bd/design_1/ip/design_1_processing_system7_0_0/design_1_processing_system7_0_0/design_1_processing_system7_0_0_in_context.xdc, line 91).
Applied set_property CLOCK_BUFFER_TYPE = NONE for DDR_dq[18]. (constraint file  c:/Users/aamalik3/Desktop/ICAP_Readback/Benchmarks/RISC_BENCHMARKS_BASE_PROJ/RISC_BENCHMARKS_BASE_PROJ.srcs/sources_1/bd/design_1/ip/design_1_processing_system7_0_0/design_1_processing_system7_0_0/design_1_processing_system7_0_0_in_context.xdc, line 92).
Applied set_property IO_BUFFER_TYPE = NONE for DDR_dq[19]. (constraint file  c:/Users/aamalik3/Desktop/ICAP_Readback/Benchmarks/RISC_BENCHMARKS_BASE_PROJ/RISC_BENCHMARKS_BASE_PROJ.srcs/sources_1/bd/design_1/ip/design_1_processing_system7_0_0/design_1_processing_system7_0_0/design_1_processing_system7_0_0_in_context.xdc, line 93).
Applied set_property CLOCK_BUFFER_TYPE = NONE for DDR_dq[19]. (constraint file  c:/Users/aamalik3/Desktop/ICAP_Readback/Benchmarks/RISC_BENCHMARKS_BASE_PROJ/RISC_BENCHMARKS_BASE_PROJ.srcs/sources_1/bd/design_1/ip/design_1_processing_system7_0_0/design_1_processing_system7_0_0/design_1_processing_system7_0_0_in_context.xdc, line 94).
Applied set_property IO_BUFFER_TYPE = NONE for DDR_dq[1]. (constraint file  c:/Users/aamalik3/Desktop/ICAP_Readback/Benchmarks/RISC_BENCHMARKS_BASE_PROJ/RISC_BENCHMARKS_BASE_PROJ.srcs/sources_1/bd/design_1/ip/design_1_processing_system7_0_0/design_1_processing_system7_0_0/design_1_processing_system7_0_0_in_context.xdc, line 95).
Applied set_property CLOCK_BUFFER_TYPE = NONE for DDR_dq[1]. (constraint file  c:/Users/aamalik3/Desktop/ICAP_Readback/Benchmarks/RISC_BENCHMARKS_BASE_PROJ/RISC_BENCHMARKS_BASE_PROJ.srcs/sources_1/bd/design_1/ip/design_1_processing_system7_0_0/design_1_processing_system7_0_0/design_1_processing_system7_0_0_in_context.xdc, line 96).
Applied set_property IO_BUFFER_TYPE = NONE for DDR_dq[20]. (constraint file  c:/Users/aamalik3/Desktop/ICAP_Readback/Benchmarks/RISC_BENCHMARKS_BASE_PROJ/RISC_BENCHMARKS_BASE_PROJ.srcs/sources_1/bd/design_1/ip/design_1_processing_system7_0_0/design_1_processing_system7_0_0/design_1_processing_system7_0_0_in_context.xdc, line 97).
Applied set_property CLOCK_BUFFER_TYPE = NONE for DDR_dq[20]. (constraint file  c:/Users/aamalik3/Desktop/ICAP_Readback/Benchmarks/RISC_BENCHMARKS_BASE_PROJ/RISC_BENCHMARKS_BASE_PROJ.srcs/sources_1/bd/design_1/ip/design_1_processing_system7_0_0/design_1_processing_system7_0_0/design_1_processing_system7_0_0_in_context.xdc, line 98).
Applied set_property IO_BUFFER_TYPE = NONE for DDR_dq[21]. (constraint file  c:/Users/aamalik3/Desktop/ICAP_Readback/Benchmarks/RISC_BENCHMARKS_BASE_PROJ/RISC_BENCHMARKS_BASE_PROJ.srcs/sources_1/bd/design_1/ip/design_1_processing_system7_0_0/design_1_processing_system7_0_0/design_1_processing_system7_0_0_in_context.xdc, line 99).
Applied set_property CLOCK_BUFFER_TYPE = NONE for DDR_dq[21]. (constraint file  c:/Users/aamalik3/Desktop/ICAP_Readback/Benchmarks/RISC_BENCHMARKS_BASE_PROJ/RISC_BENCHMARKS_BASE_PROJ.srcs/sources_1/bd/design_1/ip/design_1_processing_system7_0_0/design_1_processing_system7_0_0/design_1_processing_system7_0_0_in_context.xdc, line 100).
Applied set_property IO_BUFFER_TYPE = NONE for DDR_dq[22]. (constraint file  c:/Users/aamalik3/Desktop/ICAP_Readback/Benchmarks/RISC_BENCHMARKS_BASE_PROJ/RISC_BENCHMARKS_BASE_PROJ.srcs/sources_1/bd/design_1/ip/design_1_processing_system7_0_0/design_1_processing_system7_0_0/design_1_processing_system7_0_0_in_context.xdc, line 101).
Applied set_property CLOCK_BUFFER_TYPE = NONE for DDR_dq[22]. (constraint file  c:/Users/aamalik3/Desktop/ICAP_Readback/Benchmarks/RISC_BENCHMARKS_BASE_PROJ/RISC_BENCHMARKS_BASE_PROJ.srcs/sources_1/bd/design_1/ip/design_1_processing_system7_0_0/design_1_processing_system7_0_0/design_1_processing_system7_0_0_in_context.xdc, line 102).
Applied set_property IO_BUFFER_TYPE = NONE for DDR_dq[23]. (constraint file  c:/Users/aamalik3/Desktop/ICAP_Readback/Benchmarks/RISC_BENCHMARKS_BASE_PROJ/RISC_BENCHMARKS_BASE_PROJ.srcs/sources_1/bd/design_1/ip/design_1_processing_system7_0_0/design_1_processing_system7_0_0/design_1_processing_system7_0_0_in_context.xdc, line 103).
Applied set_property CLOCK_BUFFER_TYPE = NONE for DDR_dq[23]. (constraint file  c:/Users/aamalik3/Desktop/ICAP_Readback/Benchmarks/RISC_BENCHMARKS_BASE_PROJ/RISC_BENCHMARKS_BASE_PROJ.srcs/sources_1/bd/design_1/ip/design_1_processing_system7_0_0/design_1_processing_system7_0_0/design_1_processing_system7_0_0_in_context.xdc, line 104).
Applied set_property IO_BUFFER_TYPE = NONE for DDR_dq[24]. (constraint file  c:/Users/aamalik3/Desktop/ICAP_Readback/Benchmarks/RISC_BENCHMARKS_BASE_PROJ/RISC_BENCHMARKS_BASE_PROJ.srcs/sources_1/bd/design_1/ip/design_1_processing_system7_0_0/design_1_processing_system7_0_0/design_1_processing_system7_0_0_in_context.xdc, line 105).
Applied set_property CLOCK_BUFFER_TYPE = NONE for DDR_dq[24]. (constraint file  c:/Users/aamalik3/Desktop/ICAP_Readback/Benchmarks/RISC_BENCHMARKS_BASE_PROJ/RISC_BENCHMARKS_BASE_PROJ.srcs/sources_1/bd/design_1/ip/design_1_processing_system7_0_0/design_1_processing_system7_0_0/design_1_processing_system7_0_0_in_context.xdc, line 106).
Applied set_property IO_BUFFER_TYPE = NONE for DDR_dq[25]. (constraint file  c:/Users/aamalik3/Desktop/ICAP_Readback/Benchmarks/RISC_BENCHMARKS_BASE_PROJ/RISC_BENCHMARKS_BASE_PROJ.srcs/sources_1/bd/design_1/ip/design_1_processing_system7_0_0/design_1_processing_system7_0_0/design_1_processing_system7_0_0_in_context.xdc, line 107).
Applied set_property CLOCK_BUFFER_TYPE = NONE for DDR_dq[25]. (constraint file  c:/Users/aamalik3/Desktop/ICAP_Readback/Benchmarks/RISC_BENCHMARKS_BASE_PROJ/RISC_BENCHMARKS_BASE_PROJ.srcs/sources_1/bd/design_1/ip/design_1_processing_system7_0_0/design_1_processing_system7_0_0/design_1_processing_system7_0_0_in_context.xdc, line 108).
Applied set_property IO_BUFFER_TYPE = NONE for DDR_dq[26]. (constraint file  c:/Users/aamalik3/Desktop/ICAP_Readback/Benchmarks/RISC_BENCHMARKS_BASE_PROJ/RISC_BENCHMARKS_BASE_PROJ.srcs/sources_1/bd/design_1/ip/design_1_processing_system7_0_0/design_1_processing_system7_0_0/design_1_processing_system7_0_0_in_context.xdc, line 109).
Applied set_property CLOCK_BUFFER_TYPE = NONE for DDR_dq[26]. (constraint file  c:/Users/aamalik3/Desktop/ICAP_Readback/Benchmarks/RISC_BENCHMARKS_BASE_PROJ/RISC_BENCHMARKS_BASE_PROJ.srcs/sources_1/bd/design_1/ip/design_1_processing_system7_0_0/design_1_processing_system7_0_0/design_1_processing_system7_0_0_in_context.xdc, line 110).
Applied set_property IO_BUFFER_TYPE = NONE for DDR_dq[27]. (constraint file  c:/Users/aamalik3/Desktop/ICAP_Readback/Benchmarks/RISC_BENCHMARKS_BASE_PROJ/RISC_BENCHMARKS_BASE_PROJ.srcs/sources_1/bd/design_1/ip/design_1_processing_system7_0_0/design_1_processing_system7_0_0/design_1_processing_system7_0_0_in_context.xdc, line 111).
Applied set_property CLOCK_BUFFER_TYPE = NONE for DDR_dq[27]. (constraint file  c:/Users/aamalik3/Desktop/ICAP_Readback/Benchmarks/RISC_BENCHMARKS_BASE_PROJ/RISC_BENCHMARKS_BASE_PROJ.srcs/sources_1/bd/design_1/ip/design_1_processing_system7_0_0/design_1_processing_system7_0_0/design_1_processing_system7_0_0_in_context.xdc, line 112).
Applied set_property IO_BUFFER_TYPE = NONE for DDR_dq[28]. (constraint file  c:/Users/aamalik3/Desktop/ICAP_Readback/Benchmarks/RISC_BENCHMARKS_BASE_PROJ/RISC_BENCHMARKS_BASE_PROJ.srcs/sources_1/bd/design_1/ip/design_1_processing_system7_0_0/design_1_processing_system7_0_0/design_1_processing_system7_0_0_in_context.xdc, line 113).
Applied set_property CLOCK_BUFFER_TYPE = NONE for DDR_dq[28]. (constraint file  c:/Users/aamalik3/Desktop/ICAP_Readback/Benchmarks/RISC_BENCHMARKS_BASE_PROJ/RISC_BENCHMARKS_BASE_PROJ.srcs/sources_1/bd/design_1/ip/design_1_processing_system7_0_0/design_1_processing_system7_0_0/design_1_processing_system7_0_0_in_context.xdc, line 114).
Applied set_property IO_BUFFER_TYPE = NONE for DDR_dq[29]. (constraint file  c:/Users/aamalik3/Desktop/ICAP_Readback/Benchmarks/RISC_BENCHMARKS_BASE_PROJ/RISC_BENCHMARKS_BASE_PROJ.srcs/sources_1/bd/design_1/ip/design_1_processing_system7_0_0/design_1_processing_system7_0_0/design_1_processing_system7_0_0_in_context.xdc, line 115).
Applied set_property CLOCK_BUFFER_TYPE = NONE for DDR_dq[29]. (constraint file  c:/Users/aamalik3/Desktop/ICAP_Readback/Benchmarks/RISC_BENCHMARKS_BASE_PROJ/RISC_BENCHMARKS_BASE_PROJ.srcs/sources_1/bd/design_1/ip/design_1_processing_system7_0_0/design_1_processing_system7_0_0/design_1_processing_system7_0_0_in_context.xdc, line 116).
Applied set_property IO_BUFFER_TYPE = NONE for DDR_dq[2]. (constraint file  c:/Users/aamalik3/Desktop/ICAP_Readback/Benchmarks/RISC_BENCHMARKS_BASE_PROJ/RISC_BENCHMARKS_BASE_PROJ.srcs/sources_1/bd/design_1/ip/design_1_processing_system7_0_0/design_1_processing_system7_0_0/design_1_processing_system7_0_0_in_context.xdc, line 117).
Applied set_property CLOCK_BUFFER_TYPE = NONE for DDR_dq[2]. (constraint file  c:/Users/aamalik3/Desktop/ICAP_Readback/Benchmarks/RISC_BENCHMARKS_BASE_PROJ/RISC_BENCHMARKS_BASE_PROJ.srcs/sources_1/bd/design_1/ip/design_1_processing_system7_0_0/design_1_processing_system7_0_0/design_1_processing_system7_0_0_in_context.xdc, line 118).
Applied set_property IO_BUFFER_TYPE = NONE for DDR_dq[30]. (constraint file  c:/Users/aamalik3/Desktop/ICAP_Readback/Benchmarks/RISC_BENCHMARKS_BASE_PROJ/RISC_BENCHMARKS_BASE_PROJ.srcs/sources_1/bd/design_1/ip/design_1_processing_system7_0_0/design_1_processing_system7_0_0/design_1_processing_system7_0_0_in_context.xdc, line 119).
Applied set_property CLOCK_BUFFER_TYPE = NONE for DDR_dq[30]. (constraint file  c:/Users/aamalik3/Desktop/ICAP_Readback/Benchmarks/RISC_BENCHMARKS_BASE_PROJ/RISC_BENCHMARKS_BASE_PROJ.srcs/sources_1/bd/design_1/ip/design_1_processing_system7_0_0/design_1_processing_system7_0_0/design_1_processing_system7_0_0_in_context.xdc, line 120).
Applied set_property IO_BUFFER_TYPE = NONE for DDR_dq[31]. (constraint file  c:/Users/aamalik3/Desktop/ICAP_Readback/Benchmarks/RISC_BENCHMARKS_BASE_PROJ/RISC_BENCHMARKS_BASE_PROJ.srcs/sources_1/bd/design_1/ip/design_1_processing_system7_0_0/design_1_processing_system7_0_0/design_1_processing_system7_0_0_in_context.xdc, line 121).
Applied set_property CLOCK_BUFFER_TYPE = NONE for DDR_dq[31]. (constraint file  c:/Users/aamalik3/Desktop/ICAP_Readback/Benchmarks/RISC_BENCHMARKS_BASE_PROJ/RISC_BENCHMARKS_BASE_PROJ.srcs/sources_1/bd/design_1/ip/design_1_processing_system7_0_0/design_1_processing_system7_0_0/design_1_processing_system7_0_0_in_context.xdc, line 122).
Applied set_property IO_BUFFER_TYPE = NONE for DDR_dq[3]. (constraint file  c:/Users/aamalik3/Desktop/ICAP_Readback/Benchmarks/RISC_BENCHMARKS_BASE_PROJ/RISC_BENCHMARKS_BASE_PROJ.srcs/sources_1/bd/design_1/ip/design_1_processing_system7_0_0/design_1_processing_system7_0_0/design_1_processing_system7_0_0_in_context.xdc, line 123).
Applied set_property CLOCK_BUFFER_TYPE = NONE for DDR_dq[3]. (constraint file  c:/Users/aamalik3/Desktop/ICAP_Readback/Benchmarks/RISC_BENCHMARKS_BASE_PROJ/RISC_BENCHMARKS_BASE_PROJ.srcs/sources_1/bd/design_1/ip/design_1_processing_system7_0_0/design_1_processing_system7_0_0/design_1_processing_system7_0_0_in_context.xdc, line 124).
Applied set_property IO_BUFFER_TYPE = NONE for DDR_dq[4]. (constraint file  c:/Users/aamalik3/Desktop/ICAP_Readback/Benchmarks/RISC_BENCHMARKS_BASE_PROJ/RISC_BENCHMARKS_BASE_PROJ.srcs/sources_1/bd/design_1/ip/design_1_processing_system7_0_0/design_1_processing_system7_0_0/design_1_processing_system7_0_0_in_context.xdc, line 125).
Applied set_property CLOCK_BUFFER_TYPE = NONE for DDR_dq[4]. (constraint file  c:/Users/aamalik3/Desktop/ICAP_Readback/Benchmarks/RISC_BENCHMARKS_BASE_PROJ/RISC_BENCHMARKS_BASE_PROJ.srcs/sources_1/bd/design_1/ip/design_1_processing_system7_0_0/design_1_processing_system7_0_0/design_1_processing_system7_0_0_in_context.xdc, line 126).
Applied set_property IO_BUFFER_TYPE = NONE for DDR_dq[5]. (constraint file  c:/Users/aamalik3/Desktop/ICAP_Readback/Benchmarks/RISC_BENCHMARKS_BASE_PROJ/RISC_BENCHMARKS_BASE_PROJ.srcs/sources_1/bd/design_1/ip/design_1_processing_system7_0_0/design_1_processing_system7_0_0/design_1_processing_system7_0_0_in_context.xdc, line 127).
Applied set_property CLOCK_BUFFER_TYPE = NONE for DDR_dq[5]. (constraint file  c:/Users/aamalik3/Desktop/ICAP_Readback/Benchmarks/RISC_BENCHMARKS_BASE_PROJ/RISC_BENCHMARKS_BASE_PROJ.srcs/sources_1/bd/design_1/ip/design_1_processing_system7_0_0/design_1_processing_system7_0_0/design_1_processing_system7_0_0_in_context.xdc, line 128).
Applied set_property IO_BUFFER_TYPE = NONE for DDR_dq[6]. (constraint file  c:/Users/aamalik3/Desktop/ICAP_Readback/Benchmarks/RISC_BENCHMARKS_BASE_PROJ/RISC_BENCHMARKS_BASE_PROJ.srcs/sources_1/bd/design_1/ip/design_1_processing_system7_0_0/design_1_processing_system7_0_0/design_1_processing_system7_0_0_in_context.xdc, line 129).
Applied set_property CLOCK_BUFFER_TYPE = NONE for DDR_dq[6]. (constraint file  c:/Users/aamalik3/Desktop/ICAP_Readback/Benchmarks/RISC_BENCHMARKS_BASE_PROJ/RISC_BENCHMARKS_BASE_PROJ.srcs/sources_1/bd/design_1/ip/design_1_processing_system7_0_0/design_1_processing_system7_0_0/design_1_processing_system7_0_0_in_context.xdc, line 130).
Applied set_property IO_BUFFER_TYPE = NONE for DDR_dq[7]. (constraint file  c:/Users/aamalik3/Desktop/ICAP_Readback/Benchmarks/RISC_BENCHMARKS_BASE_PROJ/RISC_BENCHMARKS_BASE_PROJ.srcs/sources_1/bd/design_1/ip/design_1_processing_system7_0_0/design_1_processing_system7_0_0/design_1_processing_system7_0_0_in_context.xdc, line 131).
Applied set_property CLOCK_BUFFER_TYPE = NONE for DDR_dq[7]. (constraint file  c:/Users/aamalik3/Desktop/ICAP_Readback/Benchmarks/RISC_BENCHMARKS_BASE_PROJ/RISC_BENCHMARKS_BASE_PROJ.srcs/sources_1/bd/design_1/ip/design_1_processing_system7_0_0/design_1_processing_system7_0_0/design_1_processing_system7_0_0_in_context.xdc, line 132).
Applied set_property IO_BUFFER_TYPE = NONE for DDR_dq[8]. (constraint file  c:/Users/aamalik3/Desktop/ICAP_Readback/Benchmarks/RISC_BENCHMARKS_BASE_PROJ/RISC_BENCHMARKS_BASE_PROJ.srcs/sources_1/bd/design_1/ip/design_1_processing_system7_0_0/design_1_processing_system7_0_0/design_1_processing_system7_0_0_in_context.xdc, line 133).
Applied set_property CLOCK_BUFFER_TYPE = NONE for DDR_dq[8]. (constraint file  c:/Users/aamalik3/Desktop/ICAP_Readback/Benchmarks/RISC_BENCHMARKS_BASE_PROJ/RISC_BENCHMARKS_BASE_PROJ.srcs/sources_1/bd/design_1/ip/design_1_processing_system7_0_0/design_1_processing_system7_0_0/design_1_processing_system7_0_0_in_context.xdc, line 134).
Applied set_property IO_BUFFER_TYPE = NONE for DDR_dq[9]. (constraint file  c:/Users/aamalik3/Desktop/ICAP_Readback/Benchmarks/RISC_BENCHMARKS_BASE_PROJ/RISC_BENCHMARKS_BASE_PROJ.srcs/sources_1/bd/design_1/ip/design_1_processing_system7_0_0/design_1_processing_system7_0_0/design_1_processing_system7_0_0_in_context.xdc, line 135).
Applied set_property CLOCK_BUFFER_TYPE = NONE for DDR_dq[9]. (constraint file  c:/Users/aamalik3/Desktop/ICAP_Readback/Benchmarks/RISC_BENCHMARKS_BASE_PROJ/RISC_BENCHMARKS_BASE_PROJ.srcs/sources_1/bd/design_1/ip/design_1_processing_system7_0_0/design_1_processing_system7_0_0/design_1_processing_system7_0_0_in_context.xdc, line 136).
Applied set_property IO_BUFFER_TYPE = NONE for DDR_reset_n. (constraint file  c:/Users/aamalik3/Desktop/ICAP_Readback/Benchmarks/RISC_BENCHMARKS_BASE_PROJ/RISC_BENCHMARKS_BASE_PROJ.srcs/sources_1/bd/design_1/ip/design_1_processing_system7_0_0/design_1_processing_system7_0_0/design_1_processing_system7_0_0_in_context.xdc, line 137).
Applied set_property CLOCK_BUFFER_TYPE = NONE for DDR_reset_n. (constraint file  c:/Users/aamalik3/Desktop/ICAP_Readback/Benchmarks/RISC_BENCHMARKS_BASE_PROJ/RISC_BENCHMARKS_BASE_PROJ.srcs/sources_1/bd/design_1/ip/design_1_processing_system7_0_0/design_1_processing_system7_0_0/design_1_processing_system7_0_0_in_context.xdc, line 138).
Applied set_property IO_BUFFER_TYPE = NONE for DDR_odt. (constraint file  c:/Users/aamalik3/Desktop/ICAP_Readback/Benchmarks/RISC_BENCHMARKS_BASE_PROJ/RISC_BENCHMARKS_BASE_PROJ.srcs/sources_1/bd/design_1/ip/design_1_processing_system7_0_0/design_1_processing_system7_0_0/design_1_processing_system7_0_0_in_context.xdc, line 139).
Applied set_property CLOCK_BUFFER_TYPE = NONE for DDR_odt. (constraint file  c:/Users/aamalik3/Desktop/ICAP_Readback/Benchmarks/RISC_BENCHMARKS_BASE_PROJ/RISC_BENCHMARKS_BASE_PROJ.srcs/sources_1/bd/design_1/ip/design_1_processing_system7_0_0/design_1_processing_system7_0_0/design_1_processing_system7_0_0_in_context.xdc, line 140).
Applied set_property IO_BUFFER_TYPE = NONE for DDR_ras_n. (constraint file  c:/Users/aamalik3/Desktop/ICAP_Readback/Benchmarks/RISC_BENCHMARKS_BASE_PROJ/RISC_BENCHMARKS_BASE_PROJ.srcs/sources_1/bd/design_1/ip/design_1_processing_system7_0_0/design_1_processing_system7_0_0/design_1_processing_system7_0_0_in_context.xdc, line 141).
Applied set_property CLOCK_BUFFER_TYPE = NONE for DDR_ras_n. (constraint file  c:/Users/aamalik3/Desktop/ICAP_Readback/Benchmarks/RISC_BENCHMARKS_BASE_PROJ/RISC_BENCHMARKS_BASE_PROJ.srcs/sources_1/bd/design_1/ip/design_1_processing_system7_0_0/design_1_processing_system7_0_0/design_1_processing_system7_0_0_in_context.xdc, line 142).
Applied set_property IO_BUFFER_TYPE = NONE for FIXED_IO_ddr_vrn. (constraint file  c:/Users/aamalik3/Desktop/ICAP_Readback/Benchmarks/RISC_BENCHMARKS_BASE_PROJ/RISC_BENCHMARKS_BASE_PROJ.srcs/sources_1/bd/design_1/ip/design_1_processing_system7_0_0/design_1_processing_system7_0_0/design_1_processing_system7_0_0_in_context.xdc, line 143).
Applied set_property CLOCK_BUFFER_TYPE = NONE for FIXED_IO_ddr_vrn. (constraint file  c:/Users/aamalik3/Desktop/ICAP_Readback/Benchmarks/RISC_BENCHMARKS_BASE_PROJ/RISC_BENCHMARKS_BASE_PROJ.srcs/sources_1/bd/design_1/ip/design_1_processing_system7_0_0/design_1_processing_system7_0_0/design_1_processing_system7_0_0_in_context.xdc, line 144).
Applied set_property IO_BUFFER_TYPE = NONE for FIXED_IO_ddr_vrp. (constraint file  c:/Users/aamalik3/Desktop/ICAP_Readback/Benchmarks/RISC_BENCHMARKS_BASE_PROJ/RISC_BENCHMARKS_BASE_PROJ.srcs/sources_1/bd/design_1/ip/design_1_processing_system7_0_0/design_1_processing_system7_0_0/design_1_processing_system7_0_0_in_context.xdc, line 145).
Applied set_property CLOCK_BUFFER_TYPE = NONE for FIXED_IO_ddr_vrp. (constraint file  c:/Users/aamalik3/Desktop/ICAP_Readback/Benchmarks/RISC_BENCHMARKS_BASE_PROJ/RISC_BENCHMARKS_BASE_PROJ.srcs/sources_1/bd/design_1/ip/design_1_processing_system7_0_0/design_1_processing_system7_0_0/design_1_processing_system7_0_0_in_context.xdc, line 146).
Applied set_property IO_BUFFER_TYPE = NONE for DDR_we_n. (constraint file  c:/Users/aamalik3/Desktop/ICAP_Readback/Benchmarks/RISC_BENCHMARKS_BASE_PROJ/RISC_BENCHMARKS_BASE_PROJ.srcs/sources_1/bd/design_1/ip/design_1_processing_system7_0_0/design_1_processing_system7_0_0/design_1_processing_system7_0_0_in_context.xdc, line 147).
Applied set_property CLOCK_BUFFER_TYPE = NONE for DDR_we_n. (constraint file  c:/Users/aamalik3/Desktop/ICAP_Readback/Benchmarks/RISC_BENCHMARKS_BASE_PROJ/RISC_BENCHMARKS_BASE_PROJ.srcs/sources_1/bd/design_1/ip/design_1_processing_system7_0_0/design_1_processing_system7_0_0/design_1_processing_system7_0_0_in_context.xdc, line 148).
Applied set_property IO_BUFFER_TYPE = NONE for FIXED_IO_mio[0]. (constraint file  c:/Users/aamalik3/Desktop/ICAP_Readback/Benchmarks/RISC_BENCHMARKS_BASE_PROJ/RISC_BENCHMARKS_BASE_PROJ.srcs/sources_1/bd/design_1/ip/design_1_processing_system7_0_0/design_1_processing_system7_0_0/design_1_processing_system7_0_0_in_context.xdc, line 149).
Applied set_property CLOCK_BUFFER_TYPE = NONE for FIXED_IO_mio[0]. (constraint file  c:/Users/aamalik3/Desktop/ICAP_Readback/Benchmarks/RISC_BENCHMARKS_BASE_PROJ/RISC_BENCHMARKS_BASE_PROJ.srcs/sources_1/bd/design_1/ip/design_1_processing_system7_0_0/design_1_processing_system7_0_0/design_1_processing_system7_0_0_in_context.xdc, line 150).
Applied set_property IO_BUFFER_TYPE = NONE for FIXED_IO_mio[10]. (constraint file  c:/Users/aamalik3/Desktop/ICAP_Readback/Benchmarks/RISC_BENCHMARKS_BASE_PROJ/RISC_BENCHMARKS_BASE_PROJ.srcs/sources_1/bd/design_1/ip/design_1_processing_system7_0_0/design_1_processing_system7_0_0/design_1_processing_system7_0_0_in_context.xdc, line 151).
Applied set_property CLOCK_BUFFER_TYPE = NONE for FIXED_IO_mio[10]. (constraint file  c:/Users/aamalik3/Desktop/ICAP_Readback/Benchmarks/RISC_BENCHMARKS_BASE_PROJ/RISC_BENCHMARKS_BASE_PROJ.srcs/sources_1/bd/design_1/ip/design_1_processing_system7_0_0/design_1_processing_system7_0_0/design_1_processing_system7_0_0_in_context.xdc, line 152).
Applied set_property IO_BUFFER_TYPE = NONE for FIXED_IO_mio[11]. (constraint file  c:/Users/aamalik3/Desktop/ICAP_Readback/Benchmarks/RISC_BENCHMARKS_BASE_PROJ/RISC_BENCHMARKS_BASE_PROJ.srcs/sources_1/bd/design_1/ip/design_1_processing_system7_0_0/design_1_processing_system7_0_0/design_1_processing_system7_0_0_in_context.xdc, line 153).
Applied set_property CLOCK_BUFFER_TYPE = NONE for FIXED_IO_mio[11]. (constraint file  c:/Users/aamalik3/Desktop/ICAP_Readback/Benchmarks/RISC_BENCHMARKS_BASE_PROJ/RISC_BENCHMARKS_BASE_PROJ.srcs/sources_1/bd/design_1/ip/design_1_processing_system7_0_0/design_1_processing_system7_0_0/design_1_processing_system7_0_0_in_context.xdc, line 154).
Applied set_property IO_BUFFER_TYPE = NONE for FIXED_IO_mio[12]. (constraint file  c:/Users/aamalik3/Desktop/ICAP_Readback/Benchmarks/RISC_BENCHMARKS_BASE_PROJ/RISC_BENCHMARKS_BASE_PROJ.srcs/sources_1/bd/design_1/ip/design_1_processing_system7_0_0/design_1_processing_system7_0_0/design_1_processing_system7_0_0_in_context.xdc, line 155).
Applied set_property CLOCK_BUFFER_TYPE = NONE for FIXED_IO_mio[12]. (constraint file  c:/Users/aamalik3/Desktop/ICAP_Readback/Benchmarks/RISC_BENCHMARKS_BASE_PROJ/RISC_BENCHMARKS_BASE_PROJ.srcs/sources_1/bd/design_1/ip/design_1_processing_system7_0_0/design_1_processing_system7_0_0/design_1_processing_system7_0_0_in_context.xdc, line 156).
Applied set_property IO_BUFFER_TYPE = NONE for FIXED_IO_mio[13]. (constraint file  c:/Users/aamalik3/Desktop/ICAP_Readback/Benchmarks/RISC_BENCHMARKS_BASE_PROJ/RISC_BENCHMARKS_BASE_PROJ.srcs/sources_1/bd/design_1/ip/design_1_processing_system7_0_0/design_1_processing_system7_0_0/design_1_processing_system7_0_0_in_context.xdc, line 157).
Applied set_property CLOCK_BUFFER_TYPE = NONE for FIXED_IO_mio[13]. (constraint file  c:/Users/aamalik3/Desktop/ICAP_Readback/Benchmarks/RISC_BENCHMARKS_BASE_PROJ/RISC_BENCHMARKS_BASE_PROJ.srcs/sources_1/bd/design_1/ip/design_1_processing_system7_0_0/design_1_processing_system7_0_0/design_1_processing_system7_0_0_in_context.xdc, line 158).
Applied set_property IO_BUFFER_TYPE = NONE for FIXED_IO_mio[14]. (constraint file  c:/Users/aamalik3/Desktop/ICAP_Readback/Benchmarks/RISC_BENCHMARKS_BASE_PROJ/RISC_BENCHMARKS_BASE_PROJ.srcs/sources_1/bd/design_1/ip/design_1_processing_system7_0_0/design_1_processing_system7_0_0/design_1_processing_system7_0_0_in_context.xdc, line 159).
Applied set_property CLOCK_BUFFER_TYPE = NONE for FIXED_IO_mio[14]. (constraint file  c:/Users/aamalik3/Desktop/ICAP_Readback/Benchmarks/RISC_BENCHMARKS_BASE_PROJ/RISC_BENCHMARKS_BASE_PROJ.srcs/sources_1/bd/design_1/ip/design_1_processing_system7_0_0/design_1_processing_system7_0_0/design_1_processing_system7_0_0_in_context.xdc, line 160).
Applied set_property IO_BUFFER_TYPE = NONE for FIXED_IO_mio[15]. (constraint file  c:/Users/aamalik3/Desktop/ICAP_Readback/Benchmarks/RISC_BENCHMARKS_BASE_PROJ/RISC_BENCHMARKS_BASE_PROJ.srcs/sources_1/bd/design_1/ip/design_1_processing_system7_0_0/design_1_processing_system7_0_0/design_1_processing_system7_0_0_in_context.xdc, line 161).
Applied set_property CLOCK_BUFFER_TYPE = NONE for FIXED_IO_mio[15]. (constraint file  c:/Users/aamalik3/Desktop/ICAP_Readback/Benchmarks/RISC_BENCHMARKS_BASE_PROJ/RISC_BENCHMARKS_BASE_PROJ.srcs/sources_1/bd/design_1/ip/design_1_processing_system7_0_0/design_1_processing_system7_0_0/design_1_processing_system7_0_0_in_context.xdc, line 162).
Applied set_property IO_BUFFER_TYPE = NONE for FIXED_IO_mio[16]. (constraint file  c:/Users/aamalik3/Desktop/ICAP_Readback/Benchmarks/RISC_BENCHMARKS_BASE_PROJ/RISC_BENCHMARKS_BASE_PROJ.srcs/sources_1/bd/design_1/ip/design_1_processing_system7_0_0/design_1_processing_system7_0_0/design_1_processing_system7_0_0_in_context.xdc, line 163).
Applied set_property CLOCK_BUFFER_TYPE = NONE for FIXED_IO_mio[16]. (constraint file  c:/Users/aamalik3/Desktop/ICAP_Readback/Benchmarks/RISC_BENCHMARKS_BASE_PROJ/RISC_BENCHMARKS_BASE_PROJ.srcs/sources_1/bd/design_1/ip/design_1_processing_system7_0_0/design_1_processing_system7_0_0/design_1_processing_system7_0_0_in_context.xdc, line 164).
Applied set_property IO_BUFFER_TYPE = NONE for FIXED_IO_mio[17]. (constraint file  c:/Users/aamalik3/Desktop/ICAP_Readback/Benchmarks/RISC_BENCHMARKS_BASE_PROJ/RISC_BENCHMARKS_BASE_PROJ.srcs/sources_1/bd/design_1/ip/design_1_processing_system7_0_0/design_1_processing_system7_0_0/design_1_processing_system7_0_0_in_context.xdc, line 165).
Applied set_property CLOCK_BUFFER_TYPE = NONE for FIXED_IO_mio[17]. (constraint file  c:/Users/aamalik3/Desktop/ICAP_Readback/Benchmarks/RISC_BENCHMARKS_BASE_PROJ/RISC_BENCHMARKS_BASE_PROJ.srcs/sources_1/bd/design_1/ip/design_1_processing_system7_0_0/design_1_processing_system7_0_0/design_1_processing_system7_0_0_in_context.xdc, line 166).
Applied set_property IO_BUFFER_TYPE = NONE for FIXED_IO_mio[18]. (constraint file  c:/Users/aamalik3/Desktop/ICAP_Readback/Benchmarks/RISC_BENCHMARKS_BASE_PROJ/RISC_BENCHMARKS_BASE_PROJ.srcs/sources_1/bd/design_1/ip/design_1_processing_system7_0_0/design_1_processing_system7_0_0/design_1_processing_system7_0_0_in_context.xdc, line 167).
Applied set_property CLOCK_BUFFER_TYPE = NONE for FIXED_IO_mio[18]. (constraint file  c:/Users/aamalik3/Desktop/ICAP_Readback/Benchmarks/RISC_BENCHMARKS_BASE_PROJ/RISC_BENCHMARKS_BASE_PROJ.srcs/sources_1/bd/design_1/ip/design_1_processing_system7_0_0/design_1_processing_system7_0_0/design_1_processing_system7_0_0_in_context.xdc, line 168).
Applied set_property IO_BUFFER_TYPE = NONE for FIXED_IO_mio[19]. (constraint file  c:/Users/aamalik3/Desktop/ICAP_Readback/Benchmarks/RISC_BENCHMARKS_BASE_PROJ/RISC_BENCHMARKS_BASE_PROJ.srcs/sources_1/bd/design_1/ip/design_1_processing_system7_0_0/design_1_processing_system7_0_0/design_1_processing_system7_0_0_in_context.xdc, line 169).
Applied set_property CLOCK_BUFFER_TYPE = NONE for FIXED_IO_mio[19]. (constraint file  c:/Users/aamalik3/Desktop/ICAP_Readback/Benchmarks/RISC_BENCHMARKS_BASE_PROJ/RISC_BENCHMARKS_BASE_PROJ.srcs/sources_1/bd/design_1/ip/design_1_processing_system7_0_0/design_1_processing_system7_0_0/design_1_processing_system7_0_0_in_context.xdc, line 170).
Applied set_property IO_BUFFER_TYPE = NONE for FIXED_IO_mio[1]. (constraint file  c:/Users/aamalik3/Desktop/ICAP_Readback/Benchmarks/RISC_BENCHMARKS_BASE_PROJ/RISC_BENCHMARKS_BASE_PROJ.srcs/sources_1/bd/design_1/ip/design_1_processing_system7_0_0/design_1_processing_system7_0_0/design_1_processing_system7_0_0_in_context.xdc, line 171).
Applied set_property CLOCK_BUFFER_TYPE = NONE for FIXED_IO_mio[1]. (constraint file  c:/Users/aamalik3/Desktop/ICAP_Readback/Benchmarks/RISC_BENCHMARKS_BASE_PROJ/RISC_BENCHMARKS_BASE_PROJ.srcs/sources_1/bd/design_1/ip/design_1_processing_system7_0_0/design_1_processing_system7_0_0/design_1_processing_system7_0_0_in_context.xdc, line 172).
Applied set_property IO_BUFFER_TYPE = NONE for FIXED_IO_mio[20]. (constraint file  c:/Users/aamalik3/Desktop/ICAP_Readback/Benchmarks/RISC_BENCHMARKS_BASE_PROJ/RISC_BENCHMARKS_BASE_PROJ.srcs/sources_1/bd/design_1/ip/design_1_processing_system7_0_0/design_1_processing_system7_0_0/design_1_processing_system7_0_0_in_context.xdc, line 173).
Applied set_property CLOCK_BUFFER_TYPE = NONE for FIXED_IO_mio[20]. (constraint file  c:/Users/aamalik3/Desktop/ICAP_Readback/Benchmarks/RISC_BENCHMARKS_BASE_PROJ/RISC_BENCHMARKS_BASE_PROJ.srcs/sources_1/bd/design_1/ip/design_1_processing_system7_0_0/design_1_processing_system7_0_0/design_1_processing_system7_0_0_in_context.xdc, line 174).
Applied set_property IO_BUFFER_TYPE = NONE for FIXED_IO_mio[21]. (constraint file  c:/Users/aamalik3/Desktop/ICAP_Readback/Benchmarks/RISC_BENCHMARKS_BASE_PROJ/RISC_BENCHMARKS_BASE_PROJ.srcs/sources_1/bd/design_1/ip/design_1_processing_system7_0_0/design_1_processing_system7_0_0/design_1_processing_system7_0_0_in_context.xdc, line 175).
Applied set_property CLOCK_BUFFER_TYPE = NONE for FIXED_IO_mio[21]. (constraint file  c:/Users/aamalik3/Desktop/ICAP_Readback/Benchmarks/RISC_BENCHMARKS_BASE_PROJ/RISC_BENCHMARKS_BASE_PROJ.srcs/sources_1/bd/design_1/ip/design_1_processing_system7_0_0/design_1_processing_system7_0_0/design_1_processing_system7_0_0_in_context.xdc, line 176).
Applied set_property IO_BUFFER_TYPE = NONE for FIXED_IO_mio[22]. (constraint file  c:/Users/aamalik3/Desktop/ICAP_Readback/Benchmarks/RISC_BENCHMARKS_BASE_PROJ/RISC_BENCHMARKS_BASE_PROJ.srcs/sources_1/bd/design_1/ip/design_1_processing_system7_0_0/design_1_processing_system7_0_0/design_1_processing_system7_0_0_in_context.xdc, line 177).
Applied set_property CLOCK_BUFFER_TYPE = NONE for FIXED_IO_mio[22]. (constraint file  c:/Users/aamalik3/Desktop/ICAP_Readback/Benchmarks/RISC_BENCHMARKS_BASE_PROJ/RISC_BENCHMARKS_BASE_PROJ.srcs/sources_1/bd/design_1/ip/design_1_processing_system7_0_0/design_1_processing_system7_0_0/design_1_processing_system7_0_0_in_context.xdc, line 178).
Applied set_property IO_BUFFER_TYPE = NONE for FIXED_IO_mio[23]. (constraint file  c:/Users/aamalik3/Desktop/ICAP_Readback/Benchmarks/RISC_BENCHMARKS_BASE_PROJ/RISC_BENCHMARKS_BASE_PROJ.srcs/sources_1/bd/design_1/ip/design_1_processing_system7_0_0/design_1_processing_system7_0_0/design_1_processing_system7_0_0_in_context.xdc, line 179).
Applied set_property CLOCK_BUFFER_TYPE = NONE for FIXED_IO_mio[23]. (constraint file  c:/Users/aamalik3/Desktop/ICAP_Readback/Benchmarks/RISC_BENCHMARKS_BASE_PROJ/RISC_BENCHMARKS_BASE_PROJ.srcs/sources_1/bd/design_1/ip/design_1_processing_system7_0_0/design_1_processing_system7_0_0/design_1_processing_system7_0_0_in_context.xdc, line 180).
Applied set_property IO_BUFFER_TYPE = NONE for FIXED_IO_mio[24]. (constraint file  c:/Users/aamalik3/Desktop/ICAP_Readback/Benchmarks/RISC_BENCHMARKS_BASE_PROJ/RISC_BENCHMARKS_BASE_PROJ.srcs/sources_1/bd/design_1/ip/design_1_processing_system7_0_0/design_1_processing_system7_0_0/design_1_processing_system7_0_0_in_context.xdc, line 181).
Applied set_property CLOCK_BUFFER_TYPE = NONE for FIXED_IO_mio[24]. (constraint file  c:/Users/aamalik3/Desktop/ICAP_Readback/Benchmarks/RISC_BENCHMARKS_BASE_PROJ/RISC_BENCHMARKS_BASE_PROJ.srcs/sources_1/bd/design_1/ip/design_1_processing_system7_0_0/design_1_processing_system7_0_0/design_1_processing_system7_0_0_in_context.xdc, line 182).
Applied set_property IO_BUFFER_TYPE = NONE for FIXED_IO_mio[25]. (constraint file  c:/Users/aamalik3/Desktop/ICAP_Readback/Benchmarks/RISC_BENCHMARKS_BASE_PROJ/RISC_BENCHMARKS_BASE_PROJ.srcs/sources_1/bd/design_1/ip/design_1_processing_system7_0_0/design_1_processing_system7_0_0/design_1_processing_system7_0_0_in_context.xdc, line 183).
Applied set_property CLOCK_BUFFER_TYPE = NONE for FIXED_IO_mio[25]. (constraint file  c:/Users/aamalik3/Desktop/ICAP_Readback/Benchmarks/RISC_BENCHMARKS_BASE_PROJ/RISC_BENCHMARKS_BASE_PROJ.srcs/sources_1/bd/design_1/ip/design_1_processing_system7_0_0/design_1_processing_system7_0_0/design_1_processing_system7_0_0_in_context.xdc, line 184).
Applied set_property IO_BUFFER_TYPE = NONE for FIXED_IO_mio[26]. (constraint file  c:/Users/aamalik3/Desktop/ICAP_Readback/Benchmarks/RISC_BENCHMARKS_BASE_PROJ/RISC_BENCHMARKS_BASE_PROJ.srcs/sources_1/bd/design_1/ip/design_1_processing_system7_0_0/design_1_processing_system7_0_0/design_1_processing_system7_0_0_in_context.xdc, line 185).
Applied set_property CLOCK_BUFFER_TYPE = NONE for FIXED_IO_mio[26]. (constraint file  c:/Users/aamalik3/Desktop/ICAP_Readback/Benchmarks/RISC_BENCHMARKS_BASE_PROJ/RISC_BENCHMARKS_BASE_PROJ.srcs/sources_1/bd/design_1/ip/design_1_processing_system7_0_0/design_1_processing_system7_0_0/design_1_processing_system7_0_0_in_context.xdc, line 186).
Applied set_property IO_BUFFER_TYPE = NONE for FIXED_IO_mio[27]. (constraint file  c:/Users/aamalik3/Desktop/ICAP_Readback/Benchmarks/RISC_BENCHMARKS_BASE_PROJ/RISC_BENCHMARKS_BASE_PROJ.srcs/sources_1/bd/design_1/ip/design_1_processing_system7_0_0/design_1_processing_system7_0_0/design_1_processing_system7_0_0_in_context.xdc, line 187).
Applied set_property CLOCK_BUFFER_TYPE = NONE for FIXED_IO_mio[27]. (constraint file  c:/Users/aamalik3/Desktop/ICAP_Readback/Benchmarks/RISC_BENCHMARKS_BASE_PROJ/RISC_BENCHMARKS_BASE_PROJ.srcs/sources_1/bd/design_1/ip/design_1_processing_system7_0_0/design_1_processing_system7_0_0/design_1_processing_system7_0_0_in_context.xdc, line 188).
Applied set_property IO_BUFFER_TYPE = NONE for FIXED_IO_mio[28]. (constraint file  c:/Users/aamalik3/Desktop/ICAP_Readback/Benchmarks/RISC_BENCHMARKS_BASE_PROJ/RISC_BENCHMARKS_BASE_PROJ.srcs/sources_1/bd/design_1/ip/design_1_processing_system7_0_0/design_1_processing_system7_0_0/design_1_processing_system7_0_0_in_context.xdc, line 189).
Applied set_property CLOCK_BUFFER_TYPE = NONE for FIXED_IO_mio[28]. (constraint file  c:/Users/aamalik3/Desktop/ICAP_Readback/Benchmarks/RISC_BENCHMARKS_BASE_PROJ/RISC_BENCHMARKS_BASE_PROJ.srcs/sources_1/bd/design_1/ip/design_1_processing_system7_0_0/design_1_processing_system7_0_0/design_1_processing_system7_0_0_in_context.xdc, line 190).
Applied set_property IO_BUFFER_TYPE = NONE for FIXED_IO_mio[29]. (constraint file  c:/Users/aamalik3/Desktop/ICAP_Readback/Benchmarks/RISC_BENCHMARKS_BASE_PROJ/RISC_BENCHMARKS_BASE_PROJ.srcs/sources_1/bd/design_1/ip/design_1_processing_system7_0_0/design_1_processing_system7_0_0/design_1_processing_system7_0_0_in_context.xdc, line 191).
Applied set_property CLOCK_BUFFER_TYPE = NONE for FIXED_IO_mio[29]. (constraint file  c:/Users/aamalik3/Desktop/ICAP_Readback/Benchmarks/RISC_BENCHMARKS_BASE_PROJ/RISC_BENCHMARKS_BASE_PROJ.srcs/sources_1/bd/design_1/ip/design_1_processing_system7_0_0/design_1_processing_system7_0_0/design_1_processing_system7_0_0_in_context.xdc, line 192).
Applied set_property IO_BUFFER_TYPE = NONE for FIXED_IO_mio[2]. (constraint file  c:/Users/aamalik3/Desktop/ICAP_Readback/Benchmarks/RISC_BENCHMARKS_BASE_PROJ/RISC_BENCHMARKS_BASE_PROJ.srcs/sources_1/bd/design_1/ip/design_1_processing_system7_0_0/design_1_processing_system7_0_0/design_1_processing_system7_0_0_in_context.xdc, line 193).
Applied set_property CLOCK_BUFFER_TYPE = NONE for FIXED_IO_mio[2]. (constraint file  c:/Users/aamalik3/Desktop/ICAP_Readback/Benchmarks/RISC_BENCHMARKS_BASE_PROJ/RISC_BENCHMARKS_BASE_PROJ.srcs/sources_1/bd/design_1/ip/design_1_processing_system7_0_0/design_1_processing_system7_0_0/design_1_processing_system7_0_0_in_context.xdc, line 194).
Applied set_property IO_BUFFER_TYPE = NONE for FIXED_IO_mio[30]. (constraint file  c:/Users/aamalik3/Desktop/ICAP_Readback/Benchmarks/RISC_BENCHMARKS_BASE_PROJ/RISC_BENCHMARKS_BASE_PROJ.srcs/sources_1/bd/design_1/ip/design_1_processing_system7_0_0/design_1_processing_system7_0_0/design_1_processing_system7_0_0_in_context.xdc, line 195).
Applied set_property CLOCK_BUFFER_TYPE = NONE for FIXED_IO_mio[30]. (constraint file  c:/Users/aamalik3/Desktop/ICAP_Readback/Benchmarks/RISC_BENCHMARKS_BASE_PROJ/RISC_BENCHMARKS_BASE_PROJ.srcs/sources_1/bd/design_1/ip/design_1_processing_system7_0_0/design_1_processing_system7_0_0/design_1_processing_system7_0_0_in_context.xdc, line 196).
Applied set_property IO_BUFFER_TYPE = NONE for FIXED_IO_mio[31]. (constraint file  c:/Users/aamalik3/Desktop/ICAP_Readback/Benchmarks/RISC_BENCHMARKS_BASE_PROJ/RISC_BENCHMARKS_BASE_PROJ.srcs/sources_1/bd/design_1/ip/design_1_processing_system7_0_0/design_1_processing_system7_0_0/design_1_processing_system7_0_0_in_context.xdc, line 197).
Applied set_property CLOCK_BUFFER_TYPE = NONE for FIXED_IO_mio[31]. (constraint file  c:/Users/aamalik3/Desktop/ICAP_Readback/Benchmarks/RISC_BENCHMARKS_BASE_PROJ/RISC_BENCHMARKS_BASE_PROJ.srcs/sources_1/bd/design_1/ip/design_1_processing_system7_0_0/design_1_processing_system7_0_0/design_1_processing_system7_0_0_in_context.xdc, line 198).
Applied set_property IO_BUFFER_TYPE = NONE for FIXED_IO_mio[32]. (constraint file  c:/Users/aamalik3/Desktop/ICAP_Readback/Benchmarks/RISC_BENCHMARKS_BASE_PROJ/RISC_BENCHMARKS_BASE_PROJ.srcs/sources_1/bd/design_1/ip/design_1_processing_system7_0_0/design_1_processing_system7_0_0/design_1_processing_system7_0_0_in_context.xdc, line 199).
Applied set_property CLOCK_BUFFER_TYPE = NONE for FIXED_IO_mio[32]. (constraint file  c:/Users/aamalik3/Desktop/ICAP_Readback/Benchmarks/RISC_BENCHMARKS_BASE_PROJ/RISC_BENCHMARKS_BASE_PROJ.srcs/sources_1/bd/design_1/ip/design_1_processing_system7_0_0/design_1_processing_system7_0_0/design_1_processing_system7_0_0_in_context.xdc, line 200).
Applied set_property IO_BUFFER_TYPE = NONE for FIXED_IO_mio[33]. (constraint file  c:/Users/aamalik3/Desktop/ICAP_Readback/Benchmarks/RISC_BENCHMARKS_BASE_PROJ/RISC_BENCHMARKS_BASE_PROJ.srcs/sources_1/bd/design_1/ip/design_1_processing_system7_0_0/design_1_processing_system7_0_0/design_1_processing_system7_0_0_in_context.xdc, line 201).
Applied set_property CLOCK_BUFFER_TYPE = NONE for FIXED_IO_mio[33]. (constraint file  c:/Users/aamalik3/Desktop/ICAP_Readback/Benchmarks/RISC_BENCHMARKS_BASE_PROJ/RISC_BENCHMARKS_BASE_PROJ.srcs/sources_1/bd/design_1/ip/design_1_processing_system7_0_0/design_1_processing_system7_0_0/design_1_processing_system7_0_0_in_context.xdc, line 202).
Applied set_property IO_BUFFER_TYPE = NONE for FIXED_IO_mio[34]. (constraint file  c:/Users/aamalik3/Desktop/ICAP_Readback/Benchmarks/RISC_BENCHMARKS_BASE_PROJ/RISC_BENCHMARKS_BASE_PROJ.srcs/sources_1/bd/design_1/ip/design_1_processing_system7_0_0/design_1_processing_system7_0_0/design_1_processing_system7_0_0_in_context.xdc, line 203).
Applied set_property CLOCK_BUFFER_TYPE = NONE for FIXED_IO_mio[34]. (constraint file  c:/Users/aamalik3/Desktop/ICAP_Readback/Benchmarks/RISC_BENCHMARKS_BASE_PROJ/RISC_BENCHMARKS_BASE_PROJ.srcs/sources_1/bd/design_1/ip/design_1_processing_system7_0_0/design_1_processing_system7_0_0/design_1_processing_system7_0_0_in_context.xdc, line 204).
Applied set_property IO_BUFFER_TYPE = NONE for FIXED_IO_mio[35]. (constraint file  c:/Users/aamalik3/Desktop/ICAP_Readback/Benchmarks/RISC_BENCHMARKS_BASE_PROJ/RISC_BENCHMARKS_BASE_PROJ.srcs/sources_1/bd/design_1/ip/design_1_processing_system7_0_0/design_1_processing_system7_0_0/design_1_processing_system7_0_0_in_context.xdc, line 205).
Applied set_property CLOCK_BUFFER_TYPE = NONE for FIXED_IO_mio[35]. (constraint file  c:/Users/aamalik3/Desktop/ICAP_Readback/Benchmarks/RISC_BENCHMARKS_BASE_PROJ/RISC_BENCHMARKS_BASE_PROJ.srcs/sources_1/bd/design_1/ip/design_1_processing_system7_0_0/design_1_processing_system7_0_0/design_1_processing_system7_0_0_in_context.xdc, line 206).
Applied set_property IO_BUFFER_TYPE = NONE for FIXED_IO_mio[36]. (constraint file  c:/Users/aamalik3/Desktop/ICAP_Readback/Benchmarks/RISC_BENCHMARKS_BASE_PROJ/RISC_BENCHMARKS_BASE_PROJ.srcs/sources_1/bd/design_1/ip/design_1_processing_system7_0_0/design_1_processing_system7_0_0/design_1_processing_system7_0_0_in_context.xdc, line 207).
Applied set_property CLOCK_BUFFER_TYPE = NONE for FIXED_IO_mio[36]. (constraint file  c:/Users/aamalik3/Desktop/ICAP_Readback/Benchmarks/RISC_BENCHMARKS_BASE_PROJ/RISC_BENCHMARKS_BASE_PROJ.srcs/sources_1/bd/design_1/ip/design_1_processing_system7_0_0/design_1_processing_system7_0_0/design_1_processing_system7_0_0_in_context.xdc, line 208).
Applied set_property IO_BUFFER_TYPE = NONE for FIXED_IO_mio[37]. (constraint file  c:/Users/aamalik3/Desktop/ICAP_Readback/Benchmarks/RISC_BENCHMARKS_BASE_PROJ/RISC_BENCHMARKS_BASE_PROJ.srcs/sources_1/bd/design_1/ip/design_1_processing_system7_0_0/design_1_processing_system7_0_0/design_1_processing_system7_0_0_in_context.xdc, line 209).
Applied set_property CLOCK_BUFFER_TYPE = NONE for FIXED_IO_mio[37]. (constraint file  c:/Users/aamalik3/Desktop/ICAP_Readback/Benchmarks/RISC_BENCHMARKS_BASE_PROJ/RISC_BENCHMARKS_BASE_PROJ.srcs/sources_1/bd/design_1/ip/design_1_processing_system7_0_0/design_1_processing_system7_0_0/design_1_processing_system7_0_0_in_context.xdc, line 210).
Applied set_property IO_BUFFER_TYPE = NONE for FIXED_IO_mio[38]. (constraint file  c:/Users/aamalik3/Desktop/ICAP_Readback/Benchmarks/RISC_BENCHMARKS_BASE_PROJ/RISC_BENCHMARKS_BASE_PROJ.srcs/sources_1/bd/design_1/ip/design_1_processing_system7_0_0/design_1_processing_system7_0_0/design_1_processing_system7_0_0_in_context.xdc, line 211).
Applied set_property CLOCK_BUFFER_TYPE = NONE for FIXED_IO_mio[38]. (constraint file  c:/Users/aamalik3/Desktop/ICAP_Readback/Benchmarks/RISC_BENCHMARKS_BASE_PROJ/RISC_BENCHMARKS_BASE_PROJ.srcs/sources_1/bd/design_1/ip/design_1_processing_system7_0_0/design_1_processing_system7_0_0/design_1_processing_system7_0_0_in_context.xdc, line 212).
Applied set_property IO_BUFFER_TYPE = NONE for FIXED_IO_mio[39]. (constraint file  c:/Users/aamalik3/Desktop/ICAP_Readback/Benchmarks/RISC_BENCHMARKS_BASE_PROJ/RISC_BENCHMARKS_BASE_PROJ.srcs/sources_1/bd/design_1/ip/design_1_processing_system7_0_0/design_1_processing_system7_0_0/design_1_processing_system7_0_0_in_context.xdc, line 213).
Applied set_property CLOCK_BUFFER_TYPE = NONE for FIXED_IO_mio[39]. (constraint file  c:/Users/aamalik3/Desktop/ICAP_Readback/Benchmarks/RISC_BENCHMARKS_BASE_PROJ/RISC_BENCHMARKS_BASE_PROJ.srcs/sources_1/bd/design_1/ip/design_1_processing_system7_0_0/design_1_processing_system7_0_0/design_1_processing_system7_0_0_in_context.xdc, line 214).
Applied set_property IO_BUFFER_TYPE = NONE for FIXED_IO_mio[3]. (constraint file  c:/Users/aamalik3/Desktop/ICAP_Readback/Benchmarks/RISC_BENCHMARKS_BASE_PROJ/RISC_BENCHMARKS_BASE_PROJ.srcs/sources_1/bd/design_1/ip/design_1_processing_system7_0_0/design_1_processing_system7_0_0/design_1_processing_system7_0_0_in_context.xdc, line 215).
Applied set_property CLOCK_BUFFER_TYPE = NONE for FIXED_IO_mio[3]. (constraint file  c:/Users/aamalik3/Desktop/ICAP_Readback/Benchmarks/RISC_BENCHMARKS_BASE_PROJ/RISC_BENCHMARKS_BASE_PROJ.srcs/sources_1/bd/design_1/ip/design_1_processing_system7_0_0/design_1_processing_system7_0_0/design_1_processing_system7_0_0_in_context.xdc, line 216).
Applied set_property IO_BUFFER_TYPE = NONE for FIXED_IO_mio[40]. (constraint file  c:/Users/aamalik3/Desktop/ICAP_Readback/Benchmarks/RISC_BENCHMARKS_BASE_PROJ/RISC_BENCHMARKS_BASE_PROJ.srcs/sources_1/bd/design_1/ip/design_1_processing_system7_0_0/design_1_processing_system7_0_0/design_1_processing_system7_0_0_in_context.xdc, line 217).
Applied set_property CLOCK_BUFFER_TYPE = NONE for FIXED_IO_mio[40]. (constraint file  c:/Users/aamalik3/Desktop/ICAP_Readback/Benchmarks/RISC_BENCHMARKS_BASE_PROJ/RISC_BENCHMARKS_BASE_PROJ.srcs/sources_1/bd/design_1/ip/design_1_processing_system7_0_0/design_1_processing_system7_0_0/design_1_processing_system7_0_0_in_context.xdc, line 218).
Applied set_property IO_BUFFER_TYPE = NONE for FIXED_IO_mio[41]. (constraint file  c:/Users/aamalik3/Desktop/ICAP_Readback/Benchmarks/RISC_BENCHMARKS_BASE_PROJ/RISC_BENCHMARKS_BASE_PROJ.srcs/sources_1/bd/design_1/ip/design_1_processing_system7_0_0/design_1_processing_system7_0_0/design_1_processing_system7_0_0_in_context.xdc, line 219).
Applied set_property CLOCK_BUFFER_TYPE = NONE for FIXED_IO_mio[41]. (constraint file  c:/Users/aamalik3/Desktop/ICAP_Readback/Benchmarks/RISC_BENCHMARKS_BASE_PROJ/RISC_BENCHMARKS_BASE_PROJ.srcs/sources_1/bd/design_1/ip/design_1_processing_system7_0_0/design_1_processing_system7_0_0/design_1_processing_system7_0_0_in_context.xdc, line 220).
Applied set_property IO_BUFFER_TYPE = NONE for FIXED_IO_mio[42]. (constraint file  c:/Users/aamalik3/Desktop/ICAP_Readback/Benchmarks/RISC_BENCHMARKS_BASE_PROJ/RISC_BENCHMARKS_BASE_PROJ.srcs/sources_1/bd/design_1/ip/design_1_processing_system7_0_0/design_1_processing_system7_0_0/design_1_processing_system7_0_0_in_context.xdc, line 221).
Applied set_property CLOCK_BUFFER_TYPE = NONE for FIXED_IO_mio[42]. (constraint file  c:/Users/aamalik3/Desktop/ICAP_Readback/Benchmarks/RISC_BENCHMARKS_BASE_PROJ/RISC_BENCHMARKS_BASE_PROJ.srcs/sources_1/bd/design_1/ip/design_1_processing_system7_0_0/design_1_processing_system7_0_0/design_1_processing_system7_0_0_in_context.xdc, line 222).
Applied set_property IO_BUFFER_TYPE = NONE for FIXED_IO_mio[43]. (constraint file  c:/Users/aamalik3/Desktop/ICAP_Readback/Benchmarks/RISC_BENCHMARKS_BASE_PROJ/RISC_BENCHMARKS_BASE_PROJ.srcs/sources_1/bd/design_1/ip/design_1_processing_system7_0_0/design_1_processing_system7_0_0/design_1_processing_system7_0_0_in_context.xdc, line 223).
Applied set_property CLOCK_BUFFER_TYPE = NONE for FIXED_IO_mio[43]. (constraint file  c:/Users/aamalik3/Desktop/ICAP_Readback/Benchmarks/RISC_BENCHMARKS_BASE_PROJ/RISC_BENCHMARKS_BASE_PROJ.srcs/sources_1/bd/design_1/ip/design_1_processing_system7_0_0/design_1_processing_system7_0_0/design_1_processing_system7_0_0_in_context.xdc, line 224).
Applied set_property IO_BUFFER_TYPE = NONE for FIXED_IO_mio[44]. (constraint file  c:/Users/aamalik3/Desktop/ICAP_Readback/Benchmarks/RISC_BENCHMARKS_BASE_PROJ/RISC_BENCHMARKS_BASE_PROJ.srcs/sources_1/bd/design_1/ip/design_1_processing_system7_0_0/design_1_processing_system7_0_0/design_1_processing_system7_0_0_in_context.xdc, line 225).
Applied set_property CLOCK_BUFFER_TYPE = NONE for FIXED_IO_mio[44]. (constraint file  c:/Users/aamalik3/Desktop/ICAP_Readback/Benchmarks/RISC_BENCHMARKS_BASE_PROJ/RISC_BENCHMARKS_BASE_PROJ.srcs/sources_1/bd/design_1/ip/design_1_processing_system7_0_0/design_1_processing_system7_0_0/design_1_processing_system7_0_0_in_context.xdc, line 226).
Applied set_property IO_BUFFER_TYPE = NONE for FIXED_IO_mio[45]. (constraint file  c:/Users/aamalik3/Desktop/ICAP_Readback/Benchmarks/RISC_BENCHMARKS_BASE_PROJ/RISC_BENCHMARKS_BASE_PROJ.srcs/sources_1/bd/design_1/ip/design_1_processing_system7_0_0/design_1_processing_system7_0_0/design_1_processing_system7_0_0_in_context.xdc, line 227).
Applied set_property CLOCK_BUFFER_TYPE = NONE for FIXED_IO_mio[45]. (constraint file  c:/Users/aamalik3/Desktop/ICAP_Readback/Benchmarks/RISC_BENCHMARKS_BASE_PROJ/RISC_BENCHMARKS_BASE_PROJ.srcs/sources_1/bd/design_1/ip/design_1_processing_system7_0_0/design_1_processing_system7_0_0/design_1_processing_system7_0_0_in_context.xdc, line 228).
Applied set_property IO_BUFFER_TYPE = NONE for FIXED_IO_mio[46]. (constraint file  c:/Users/aamalik3/Desktop/ICAP_Readback/Benchmarks/RISC_BENCHMARKS_BASE_PROJ/RISC_BENCHMARKS_BASE_PROJ.srcs/sources_1/bd/design_1/ip/design_1_processing_system7_0_0/design_1_processing_system7_0_0/design_1_processing_system7_0_0_in_context.xdc, line 229).
Applied set_property CLOCK_BUFFER_TYPE = NONE for FIXED_IO_mio[46]. (constraint file  c:/Users/aamalik3/Desktop/ICAP_Readback/Benchmarks/RISC_BENCHMARKS_BASE_PROJ/RISC_BENCHMARKS_BASE_PROJ.srcs/sources_1/bd/design_1/ip/design_1_processing_system7_0_0/design_1_processing_system7_0_0/design_1_processing_system7_0_0_in_context.xdc, line 230).
Applied set_property IO_BUFFER_TYPE = NONE for FIXED_IO_mio[47]. (constraint file  c:/Users/aamalik3/Desktop/ICAP_Readback/Benchmarks/RISC_BENCHMARKS_BASE_PROJ/RISC_BENCHMARKS_BASE_PROJ.srcs/sources_1/bd/design_1/ip/design_1_processing_system7_0_0/design_1_processing_system7_0_0/design_1_processing_system7_0_0_in_context.xdc, line 231).
Applied set_property CLOCK_BUFFER_TYPE = NONE for FIXED_IO_mio[47]. (constraint file  c:/Users/aamalik3/Desktop/ICAP_Readback/Benchmarks/RISC_BENCHMARKS_BASE_PROJ/RISC_BENCHMARKS_BASE_PROJ.srcs/sources_1/bd/design_1/ip/design_1_processing_system7_0_0/design_1_processing_system7_0_0/design_1_processing_system7_0_0_in_context.xdc, line 232).
Applied set_property IO_BUFFER_TYPE = NONE for FIXED_IO_mio[48]. (constraint file  c:/Users/aamalik3/Desktop/ICAP_Readback/Benchmarks/RISC_BENCHMARKS_BASE_PROJ/RISC_BENCHMARKS_BASE_PROJ.srcs/sources_1/bd/design_1/ip/design_1_processing_system7_0_0/design_1_processing_system7_0_0/design_1_processing_system7_0_0_in_context.xdc, line 233).
Applied set_property CLOCK_BUFFER_TYPE = NONE for FIXED_IO_mio[48]. (constraint file  c:/Users/aamalik3/Desktop/ICAP_Readback/Benchmarks/RISC_BENCHMARKS_BASE_PROJ/RISC_BENCHMARKS_BASE_PROJ.srcs/sources_1/bd/design_1/ip/design_1_processing_system7_0_0/design_1_processing_system7_0_0/design_1_processing_system7_0_0_in_context.xdc, line 234).
Applied set_property IO_BUFFER_TYPE = NONE for FIXED_IO_mio[49]. (constraint file  c:/Users/aamalik3/Desktop/ICAP_Readback/Benchmarks/RISC_BENCHMARKS_BASE_PROJ/RISC_BENCHMARKS_BASE_PROJ.srcs/sources_1/bd/design_1/ip/design_1_processing_system7_0_0/design_1_processing_system7_0_0/design_1_processing_system7_0_0_in_context.xdc, line 235).
Applied set_property CLOCK_BUFFER_TYPE = NONE for FIXED_IO_mio[49]. (constraint file  c:/Users/aamalik3/Desktop/ICAP_Readback/Benchmarks/RISC_BENCHMARKS_BASE_PROJ/RISC_BENCHMARKS_BASE_PROJ.srcs/sources_1/bd/design_1/ip/design_1_processing_system7_0_0/design_1_processing_system7_0_0/design_1_processing_system7_0_0_in_context.xdc, line 236).
Applied set_property IO_BUFFER_TYPE = NONE for FIXED_IO_mio[4]. (constraint file  c:/Users/aamalik3/Desktop/ICAP_Readback/Benchmarks/RISC_BENCHMARKS_BASE_PROJ/RISC_BENCHMARKS_BASE_PROJ.srcs/sources_1/bd/design_1/ip/design_1_processing_system7_0_0/design_1_processing_system7_0_0/design_1_processing_system7_0_0_in_context.xdc, line 237).
Applied set_property CLOCK_BUFFER_TYPE = NONE for FIXED_IO_mio[4]. (constraint file  c:/Users/aamalik3/Desktop/ICAP_Readback/Benchmarks/RISC_BENCHMARKS_BASE_PROJ/RISC_BENCHMARKS_BASE_PROJ.srcs/sources_1/bd/design_1/ip/design_1_processing_system7_0_0/design_1_processing_system7_0_0/design_1_processing_system7_0_0_in_context.xdc, line 238).
Applied set_property IO_BUFFER_TYPE = NONE for FIXED_IO_mio[50]. (constraint file  c:/Users/aamalik3/Desktop/ICAP_Readback/Benchmarks/RISC_BENCHMARKS_BASE_PROJ/RISC_BENCHMARKS_BASE_PROJ.srcs/sources_1/bd/design_1/ip/design_1_processing_system7_0_0/design_1_processing_system7_0_0/design_1_processing_system7_0_0_in_context.xdc, line 239).
Applied set_property CLOCK_BUFFER_TYPE = NONE for FIXED_IO_mio[50]. (constraint file  c:/Users/aamalik3/Desktop/ICAP_Readback/Benchmarks/RISC_BENCHMARKS_BASE_PROJ/RISC_BENCHMARKS_BASE_PROJ.srcs/sources_1/bd/design_1/ip/design_1_processing_system7_0_0/design_1_processing_system7_0_0/design_1_processing_system7_0_0_in_context.xdc, line 240).
Applied set_property IO_BUFFER_TYPE = NONE for FIXED_IO_mio[51]. (constraint file  c:/Users/aamalik3/Desktop/ICAP_Readback/Benchmarks/RISC_BENCHMARKS_BASE_PROJ/RISC_BENCHMARKS_BASE_PROJ.srcs/sources_1/bd/design_1/ip/design_1_processing_system7_0_0/design_1_processing_system7_0_0/design_1_processing_system7_0_0_in_context.xdc, line 241).
Applied set_property CLOCK_BUFFER_TYPE = NONE for FIXED_IO_mio[51]. (constraint file  c:/Users/aamalik3/Desktop/ICAP_Readback/Benchmarks/RISC_BENCHMARKS_BASE_PROJ/RISC_BENCHMARKS_BASE_PROJ.srcs/sources_1/bd/design_1/ip/design_1_processing_system7_0_0/design_1_processing_system7_0_0/design_1_processing_system7_0_0_in_context.xdc, line 242).
Applied set_property IO_BUFFER_TYPE = NONE for FIXED_IO_mio[52]. (constraint file  c:/Users/aamalik3/Desktop/ICAP_Readback/Benchmarks/RISC_BENCHMARKS_BASE_PROJ/RISC_BENCHMARKS_BASE_PROJ.srcs/sources_1/bd/design_1/ip/design_1_processing_system7_0_0/design_1_processing_system7_0_0/design_1_processing_system7_0_0_in_context.xdc, line 243).
Applied set_property CLOCK_BUFFER_TYPE = NONE for FIXED_IO_mio[52]. (constraint file  c:/Users/aamalik3/Desktop/ICAP_Readback/Benchmarks/RISC_BENCHMARKS_BASE_PROJ/RISC_BENCHMARKS_BASE_PROJ.srcs/sources_1/bd/design_1/ip/design_1_processing_system7_0_0/design_1_processing_system7_0_0/design_1_processing_system7_0_0_in_context.xdc, line 244).
Applied set_property IO_BUFFER_TYPE = NONE for FIXED_IO_mio[53]. (constraint file  c:/Users/aamalik3/Desktop/ICAP_Readback/Benchmarks/RISC_BENCHMARKS_BASE_PROJ/RISC_BENCHMARKS_BASE_PROJ.srcs/sources_1/bd/design_1/ip/design_1_processing_system7_0_0/design_1_processing_system7_0_0/design_1_processing_system7_0_0_in_context.xdc, line 245).
Applied set_property CLOCK_BUFFER_TYPE = NONE for FIXED_IO_mio[53]. (constraint file  c:/Users/aamalik3/Desktop/ICAP_Readback/Benchmarks/RISC_BENCHMARKS_BASE_PROJ/RISC_BENCHMARKS_BASE_PROJ.srcs/sources_1/bd/design_1/ip/design_1_processing_system7_0_0/design_1_processing_system7_0_0/design_1_processing_system7_0_0_in_context.xdc, line 246).
Applied set_property IO_BUFFER_TYPE = NONE for FIXED_IO_mio[5]. (constraint file  c:/Users/aamalik3/Desktop/ICAP_Readback/Benchmarks/RISC_BENCHMARKS_BASE_PROJ/RISC_BENCHMARKS_BASE_PROJ.srcs/sources_1/bd/design_1/ip/design_1_processing_system7_0_0/design_1_processing_system7_0_0/design_1_processing_system7_0_0_in_context.xdc, line 247).
Applied set_property CLOCK_BUFFER_TYPE = NONE for FIXED_IO_mio[5]. (constraint file  c:/Users/aamalik3/Desktop/ICAP_Readback/Benchmarks/RISC_BENCHMARKS_BASE_PROJ/RISC_BENCHMARKS_BASE_PROJ.srcs/sources_1/bd/design_1/ip/design_1_processing_system7_0_0/design_1_processing_system7_0_0/design_1_processing_system7_0_0_in_context.xdc, line 248).
Applied set_property IO_BUFFER_TYPE = NONE for FIXED_IO_mio[6]. (constraint file  c:/Users/aamalik3/Desktop/ICAP_Readback/Benchmarks/RISC_BENCHMARKS_BASE_PROJ/RISC_BENCHMARKS_BASE_PROJ.srcs/sources_1/bd/design_1/ip/design_1_processing_system7_0_0/design_1_processing_system7_0_0/design_1_processing_system7_0_0_in_context.xdc, line 249).
Applied set_property CLOCK_BUFFER_TYPE = NONE for FIXED_IO_mio[6]. (constraint file  c:/Users/aamalik3/Desktop/ICAP_Readback/Benchmarks/RISC_BENCHMARKS_BASE_PROJ/RISC_BENCHMARKS_BASE_PROJ.srcs/sources_1/bd/design_1/ip/design_1_processing_system7_0_0/design_1_processing_system7_0_0/design_1_processing_system7_0_0_in_context.xdc, line 250).
Applied set_property IO_BUFFER_TYPE = NONE for FIXED_IO_mio[7]. (constraint file  c:/Users/aamalik3/Desktop/ICAP_Readback/Benchmarks/RISC_BENCHMARKS_BASE_PROJ/RISC_BENCHMARKS_BASE_PROJ.srcs/sources_1/bd/design_1/ip/design_1_processing_system7_0_0/design_1_processing_system7_0_0/design_1_processing_system7_0_0_in_context.xdc, line 251).
Applied set_property CLOCK_BUFFER_TYPE = NONE for FIXED_IO_mio[7]. (constraint file  c:/Users/aamalik3/Desktop/ICAP_Readback/Benchmarks/RISC_BENCHMARKS_BASE_PROJ/RISC_BENCHMARKS_BASE_PROJ.srcs/sources_1/bd/design_1/ip/design_1_processing_system7_0_0/design_1_processing_system7_0_0/design_1_processing_system7_0_0_in_context.xdc, line 252).
Applied set_property IO_BUFFER_TYPE = NONE for FIXED_IO_mio[8]. (constraint file  c:/Users/aamalik3/Desktop/ICAP_Readback/Benchmarks/RISC_BENCHMARKS_BASE_PROJ/RISC_BENCHMARKS_BASE_PROJ.srcs/sources_1/bd/design_1/ip/design_1_processing_system7_0_0/design_1_processing_system7_0_0/design_1_processing_system7_0_0_in_context.xdc, line 253).
Applied set_property CLOCK_BUFFER_TYPE = NONE for FIXED_IO_mio[8]. (constraint file  c:/Users/aamalik3/Desktop/ICAP_Readback/Benchmarks/RISC_BENCHMARKS_BASE_PROJ/RISC_BENCHMARKS_BASE_PROJ.srcs/sources_1/bd/design_1/ip/design_1_processing_system7_0_0/design_1_processing_system7_0_0/design_1_processing_system7_0_0_in_context.xdc, line 254).
Applied set_property IO_BUFFER_TYPE = NONE for FIXED_IO_mio[9]. (constraint file  c:/Users/aamalik3/Desktop/ICAP_Readback/Benchmarks/RISC_BENCHMARKS_BASE_PROJ/RISC_BENCHMARKS_BASE_PROJ.srcs/sources_1/bd/design_1/ip/design_1_processing_system7_0_0/design_1_processing_system7_0_0/design_1_processing_system7_0_0_in_context.xdc, line 255).
Applied set_property CLOCK_BUFFER_TYPE = NONE for FIXED_IO_mio[9]. (constraint file  c:/Users/aamalik3/Desktop/ICAP_Readback/Benchmarks/RISC_BENCHMARKS_BASE_PROJ/RISC_BENCHMARKS_BASE_PROJ.srcs/sources_1/bd/design_1/ip/design_1_processing_system7_0_0/design_1_processing_system7_0_0/design_1_processing_system7_0_0_in_context.xdc, line 256).
Applied set_property IO_BUFFER_TYPE = NONE for FIXED_IO_ps_clk. (constraint file  c:/Users/aamalik3/Desktop/ICAP_Readback/Benchmarks/RISC_BENCHMARKS_BASE_PROJ/RISC_BENCHMARKS_BASE_PROJ.srcs/sources_1/bd/design_1/ip/design_1_processing_system7_0_0/design_1_processing_system7_0_0/design_1_processing_system7_0_0_in_context.xdc, line 257).
Applied set_property CLOCK_BUFFER_TYPE = NONE for FIXED_IO_ps_clk. (constraint file  c:/Users/aamalik3/Desktop/ICAP_Readback/Benchmarks/RISC_BENCHMARKS_BASE_PROJ/RISC_BENCHMARKS_BASE_PROJ.srcs/sources_1/bd/design_1/ip/design_1_processing_system7_0_0/design_1_processing_system7_0_0/design_1_processing_system7_0_0_in_context.xdc, line 258).
Applied set_property IO_BUFFER_TYPE = NONE for FIXED_IO_ps_porb. (constraint file  c:/Users/aamalik3/Desktop/ICAP_Readback/Benchmarks/RISC_BENCHMARKS_BASE_PROJ/RISC_BENCHMARKS_BASE_PROJ.srcs/sources_1/bd/design_1/ip/design_1_processing_system7_0_0/design_1_processing_system7_0_0/design_1_processing_system7_0_0_in_context.xdc, line 259).
Applied set_property CLOCK_BUFFER_TYPE = NONE for FIXED_IO_ps_porb. (constraint file  c:/Users/aamalik3/Desktop/ICAP_Readback/Benchmarks/RISC_BENCHMARKS_BASE_PROJ/RISC_BENCHMARKS_BASE_PROJ.srcs/sources_1/bd/design_1/ip/design_1_processing_system7_0_0/design_1_processing_system7_0_0/design_1_processing_system7_0_0_in_context.xdc, line 260).
Applied set_property IO_BUFFER_TYPE = NONE for FIXED_IO_ps_srstb. (constraint file  c:/Users/aamalik3/Desktop/ICAP_Readback/Benchmarks/RISC_BENCHMARKS_BASE_PROJ/RISC_BENCHMARKS_BASE_PROJ.srcs/sources_1/bd/design_1/ip/design_1_processing_system7_0_0/design_1_processing_system7_0_0/design_1_processing_system7_0_0_in_context.xdc, line 261).
Applied set_property CLOCK_BUFFER_TYPE = NONE for FIXED_IO_ps_srstb. (constraint file  c:/Users/aamalik3/Desktop/ICAP_Readback/Benchmarks/RISC_BENCHMARKS_BASE_PROJ/RISC_BENCHMARKS_BASE_PROJ.srcs/sources_1/bd/design_1/ip/design_1_processing_system7_0_0/design_1_processing_system7_0_0/design_1_processing_system7_0_0_in_context.xdc, line 262).
Applied set_property DONT_TOUCH = true for design_1_i. (constraint file  auto generated constraint, line ).
Applied set_property DONT_TOUCH = true for design_1_i/processing_system7_0. (constraint file  auto generated constraint, line ).
Applied set_property DONT_TOUCH = true for design_1_i/rst_ps7_0_50M. (constraint file  auto generated constraint, line ).
Applied set_property DONT_TOUCH = true for design_1_i/STARTUP_0. (constraint file  auto generated constraint, line ).
Applied set_property DONT_TOUCH = true for design_1_i/axi_gpio_0. (constraint file  auto generated constraint, line ).
Applied set_property DONT_TOUCH = true for design_1_i/ps7_0_axi_periph. (constraint file  auto generated constraint, line ).
Applied set_property DONT_TOUCH = true for design_1_i/RISC_IP_CHECK. (constraint file  auto generated constraint, line ).
Applied set_property DONT_TOUCH = true for design_1_i/ps7_0_axi_periph/xbar. (constraint file  auto generated constraint, line ).
Applied set_property DONT_TOUCH = true for design_1_i/xlconstant_0. (constraint file  auto generated constraint, line ).
Applied set_property DONT_TOUCH = true for design_1_i/CLK_Gate_0. (constraint file  auto generated constraint, line ).
Applied set_property DONT_TOUCH = true for design_1_i/RISC_BENCHMARK_IP. (constraint file  auto generated constraint, line ).
Applied set_property DONT_TOUCH = true for design_1_i/ps7_0_axi_periph/s00_couplers/auto_pc. (constraint file  auto generated constraint, line ).
---------------------------------------------------------------------------------
Finished applying 'set_property' XDC Constraints : Time (s): cpu = 00:00:08 ; elapsed = 00:00:10 . Memory (MB): peak = 828.711 ; gain = 463.422
---------------------------------------------------------------------------------
---------------------------------------------------------------------------------
Finished RTL Optimization Phase 2 : Time (s): cpu = 00:00:08 ; elapsed = 00:00:11 . Memory (MB): peak = 828.711 ; gain = 463.422
---------------------------------------------------------------------------------

Report RTL Partitions: 
+-+--------------+------------+----------+
| |RTL Partition |Replication |Instances |
+-+--------------+------------+----------+
+-+--------------+------------+----------+
---------------------------------------------------------------------------------
Start RTL Component Statistics 
---------------------------------------------------------------------------------
Detailed RTL Component Info : 
---------------------------------------------------------------------------------
Finished RTL Component Statistics 
---------------------------------------------------------------------------------
---------------------------------------------------------------------------------
Start RTL Hierarchical Component Statistics 
---------------------------------------------------------------------------------
Hierarchical RTL Component report 
---------------------------------------------------------------------------------
Finished RTL Hierarchical Component Statistics
---------------------------------------------------------------------------------
---------------------------------------------------------------------------------
Start Part Resource Summary
---------------------------------------------------------------------------------
Part Resources:
DSPs: 220 (col length:60)
BRAMs: 280 (col length: RAMB18 60 RAMB36 30)
---------------------------------------------------------------------------------
Finished Part Resource Summary
---------------------------------------------------------------------------------
---------------------------------------------------------------------------------
Start Cross Boundary and Area Optimization
---------------------------------------------------------------------------------
Warning: Parallel synthesis criteria is not met 
WARNING: [Synth 8-3331] design design_1_ps7_0_axi_periph_0 has unconnected port M00_ACLK
WARNING: [Synth 8-3331] design design_1_ps7_0_axi_periph_0 has unconnected port M00_ARESETN
WARNING: [Synth 8-3331] design design_1_ps7_0_axi_periph_0 has unconnected port M01_ACLK
WARNING: [Synth 8-3331] design design_1_ps7_0_axi_periph_0 has unconnected port M01_ARESETN
---------------------------------------------------------------------------------
Finished Cross Boundary and Area Optimization : Time (s): cpu = 00:00:09 ; elapsed = 00:00:11 . Memory (MB): peak = 828.711 ; gain = 463.422
---------------------------------------------------------------------------------

Report RTL Partitions: 
+-+--------------+------------+----------+
| |RTL Partition |Replication |Instances |
+-+--------------+------------+----------+
+-+--------------+------------+----------+
---------------------------------------------------------------------------------
Start Applying XDC Timing Constraints
---------------------------------------------------------------------------------
INFO: [Synth 8-5578] Moved timing constraint from pin 'design_1_i/processing_system7_0/FCLK_CLK0' to pin 'design_1_i/processing_system7_0/bbstub_FCLK_CLK0/O'
INFO: [Synth 8-5578] Moved timing constraint from pin 'design_1_i/processing_system7_0/FCLK_CLK1' to pin 'design_1_i/processing_system7_0/bbstub_FCLK_CLK1/O'
INFO: [Synth 8-5819] Moved 2 constraints on hierarchical pins to their respective driving/loading pins
---------------------------------------------------------------------------------
Finished Applying XDC Timing Constraints : Time (s): cpu = 00:00:14 ; elapsed = 00:00:17 . Memory (MB): peak = 865.027 ; gain = 499.738
---------------------------------------------------------------------------------
---------------------------------------------------------------------------------
Start Timing Optimization
---------------------------------------------------------------------------------
---------------------------------------------------------------------------------
Finished Timing Optimization : Time (s): cpu = 00:00:14 ; elapsed = 00:00:17 . Memory (MB): peak = 865.027 ; gain = 499.738
---------------------------------------------------------------------------------

Report RTL Partitions: 
+-+--------------+------------+----------+
| |RTL Partition |Replication |Instances |
+-+--------------+------------+----------+
+-+--------------+------------+----------+
---------------------------------------------------------------------------------
Start Technology Mapping
---------------------------------------------------------------------------------
---------------------------------------------------------------------------------
Finished Technology Mapping : Time (s): cpu = 00:00:14 ; elapsed = 00:00:17 . Memory (MB): peak = 865.590 ; gain = 500.301
---------------------------------------------------------------------------------

Report RTL Partitions: 
+-+--------------+------------+----------+
| |RTL Partition |Replication |Instances |
+-+--------------+------------+----------+
+-+--------------+------------+----------+
---------------------------------------------------------------------------------
Start IO Insertion
---------------------------------------------------------------------------------
---------------------------------------------------------------------------------
Start Flattening Before IO Insertion
---------------------------------------------------------------------------------
---------------------------------------------------------------------------------
Finished Flattening Before IO Insertion
---------------------------------------------------------------------------------
---------------------------------------------------------------------------------
Start Final Netlist Cleanup
---------------------------------------------------------------------------------
---------------------------------------------------------------------------------
Finished Final Netlist Cleanup
---------------------------------------------------------------------------------
---------------------------------------------------------------------------------
Finished IO Insertion : Time (s): cpu = 00:00:14 ; elapsed = 00:00:18 . Memory (MB): peak = 866.160 ; gain = 500.871
---------------------------------------------------------------------------------

Report Check Netlist: 
+------+------------------+-------+---------+-------+------------------+
|      |Item              |Errors |Warnings |Status |Description       |
+------+------------------+-------+---------+-------+------------------+
|1     |multi_driven_nets |      0|        0|Passed |Multi driven nets |
+------+------------------+-------+---------+-------+------------------+
---------------------------------------------------------------------------------
Start Renaming Generated Instances
---------------------------------------------------------------------------------
---------------------------------------------------------------------------------
Finished Renaming Generated Instances : Time (s): cpu = 00:00:14 ; elapsed = 00:00:18 . Memory (MB): peak = 866.160 ; gain = 500.871
---------------------------------------------------------------------------------

Report RTL Partitions: 
+-+--------------+------------+----------+
| |RTL Partition |Replication |Instances |
+-+--------------+------------+----------+
+-+--------------+------------+----------+
---------------------------------------------------------------------------------
Start Rebuilding User Hierarchy
---------------------------------------------------------------------------------
---------------------------------------------------------------------------------
Finished Rebuilding User Hierarchy : Time (s): cpu = 00:00:14 ; elapsed = 00:00:18 . Memory (MB): peak = 866.160 ; gain = 500.871
---------------------------------------------------------------------------------
---------------------------------------------------------------------------------
Start Renaming Generated Ports
---------------------------------------------------------------------------------
---------------------------------------------------------------------------------
Finished Renaming Generated Ports : Time (s): cpu = 00:00:14 ; elapsed = 00:00:18 . Memory (MB): peak = 866.160 ; gain = 500.871
---------------------------------------------------------------------------------
---------------------------------------------------------------------------------
Start Handling Custom Attributes
---------------------------------------------------------------------------------
---------------------------------------------------------------------------------
Finished Handling Custom Attributes : Time (s): cpu = 00:00:14 ; elapsed = 00:00:18 . Memory (MB): peak = 866.160 ; gain = 500.871
---------------------------------------------------------------------------------
---------------------------------------------------------------------------------
Start Renaming Generated Nets
---------------------------------------------------------------------------------
---------------------------------------------------------------------------------
Finished Renaming Generated Nets : Time (s): cpu = 00:00:14 ; elapsed = 00:00:18 . Memory (MB): peak = 866.160 ; gain = 500.871
---------------------------------------------------------------------------------
---------------------------------------------------------------------------------
Start Writing Synthesis Report
---------------------------------------------------------------------------------

Report BlackBoxes: 
+------+--------------------------------+----------+
|      |BlackBox name                   |Instances |
+------+--------------------------------+----------+
|1     |design_1_xbar_0                 |         1|
|2     |design_1_auto_pc_0              |         1|
|3     |design_1_CLK_Gate_0_0           |         1|
|4     |design_1_RISC_BENCHMARK_IP_0_0  |         1|
|5     |design_1_axi_gpio_1_1           |         1|
|6     |design_1_STARTUP_0_0            |         1|
|7     |design_1_axi_gpio_0_0           |         1|
|8     |design_1_processing_system7_0_0 |         1|
|9     |design_1_rst_ps7_0_50M_0        |         1|
|10    |design_1_xlconstant_0_0         |         1|
+------+--------------------------------+----------+

Report Cell Usage: 
+------+--------------------------------+------+
|      |Cell                            |Count |
+------+--------------------------------+------+
|1     |design_1_CLK_Gate_0_0           |     1|
|2     |design_1_RISC_BENCHMARK_IP_0_0  |     1|
|3     |design_1_STARTUP_0_0            |     1|
|4     |design_1_auto_pc_0              |     1|
|5     |design_1_axi_gpio_0_0           |     1|
|6     |design_1_axi_gpio_1_1           |     1|
|7     |design_1_processing_system7_0_0 |     1|
|8     |design_1_rst_ps7_0_50M_0        |     1|
|9     |design_1_xbar_0                 |     1|
|10    |design_1_xlconstant_0_0         |     1|
|11    |IBUF                            |     2|
|12    |OBUF                            |     2|
+------+--------------------------------+------+

Report Instance Areas: 
+------+---------------------+----------------------------+------+
|      |Instance             |Module                      |Cells |
+------+---------------------+----------------------------+------+
|1     |top                  |                            |   757|
|2     |  design_1_i         |design_1                    |   753|
|3     |    ps7_0_axi_periph |design_1_ps7_0_axi_periph_0 |   440|
|4     |      s00_couplers   |s00_couplers_imp_UYSKKA     |   177|
+------+---------------------+----------------------------+------+
---------------------------------------------------------------------------------
Finished Writing Synthesis Report : Time (s): cpu = 00:00:14 ; elapsed = 00:00:18 . Memory (MB): peak = 866.160 ; gain = 500.871
---------------------------------------------------------------------------------
Synthesis finished with 0 errors, 0 critical warnings and 4 warnings.
Synthesis Optimization Runtime : Time (s): cpu = 00:00:08 ; elapsed = 00:00:11 . Memory (MB): peak = 866.172 ; gain = 193.398
Synthesis Optimization Complete : Time (s): cpu = 00:00:15 ; elapsed = 00:00:18 . Memory (MB): peak = 866.172 ; gain = 500.883
INFO: [Project 1-571] Translating synthesized netlist
INFO: [Netlist 29-17] Analyzing 2 Unisim elements for replacement
INFO: [Netlist 29-28] Unisim Transformation completed in 0 CPU seconds
INFO: [Project 1-570] Preparing netlist for logic optimization
INFO: [Opt 31-138] Pushed 0 inverter(s) to 0 load pin(s).
INFO: [Project 1-111] Unisim Transformation Summary:
No Unisim elements were transformed.

INFO: [Common 17-83] Releasing license: Synthesis
51 Infos, 25 Warnings, 0 Critical Warnings and 0 Errors encountered.
synth_design completed successfully
synth_design: Time (s): cpu = 00:00:16 ; elapsed = 00:00:20 . Memory (MB): peak = 890.504 ; gain = 532.246
WARNING: [Constraints 18-5210] No constraint will be written out.
INFO: [Common 17-1381] The checkpoint 'C:/Users/aamalik3/Desktop/ICAP_Readback/Benchmarks/RISC_BENCHMARKS_BASE_PROJ/RISC_BENCHMARKS_BASE_PROJ.runs/synth_1/design_1_wrapper.dcp' has been generated.
INFO: [runtcl-4] Executing : report_utilization -file design_1_wrapper_utilization_synth.rpt -pb design_1_wrapper_utilization_synth.pb
report_utilization: Time (s): cpu = 00:00:00 ; elapsed = 00:00:00.023 . Memory (MB): peak = 890.758 ; gain = 0.000
INFO: [Common 17-206] Exiting Vivado at Tue Oct 24 11:56:44 2023...
[Tue Oct 24 11:56:46 2023] synth_1 finished
wait_on_run: Time (s): cpu = 00:00:01 ; elapsed = 00:00:35 . Memory (MB): peak = 2877.031 ; gain = 0.000
open_run synth_1 -name synth_1
Design is defaulting to impl run constrset: constrs_1
Design is defaulting to synth run part: xc7z020clg484-1
INFO: [Project 1-454] Reading design checkpoint 'c:/Users/aamalik3/Desktop/ICAP_Readback/Benchmarks/RISC_BENCHMARKS_BASE_PROJ/RISC_BENCHMARKS_BASE_PROJ.srcs/sources_1/bd/design_1/ip/design_1_CLK_Gate_0_0/design_1_CLK_Gate_0_0.dcp' for cell 'design_1_i/CLK_Gate_0'
INFO: [Project 1-454] Reading design checkpoint 'c:/Users/aamalik3/Desktop/ICAP_Readback/Benchmarks/RISC_BENCHMARKS_BASE_PROJ/RISC_BENCHMARKS_BASE_PROJ.srcs/sources_1/bd/design_1/ip/design_1_RISC_BENCHMARK_IP_0_0/design_1_RISC_BENCHMARK_IP_0_0.dcp' for cell 'design_1_i/RISC_BENCHMARK_IP'
INFO: [Project 1-454] Reading design checkpoint 'c:/Users/aamalik3/Desktop/ICAP_Readback/Benchmarks/RISC_BENCHMARKS_BASE_PROJ/RISC_BENCHMARKS_BASE_PROJ.srcs/sources_1/bd/design_1/ip/design_1_axi_gpio_1_1/design_1_axi_gpio_1_1.dcp' for cell 'design_1_i/RISC_IP_CHECK'
INFO: [Project 1-454] Reading design checkpoint 'c:/Users/aamalik3/Desktop/ICAP_Readback/Benchmarks/RISC_BENCHMARKS_BASE_PROJ/RISC_BENCHMARKS_BASE_PROJ.srcs/sources_1/bd/design_1/ip/design_1_STARTUP_0_0/design_1_STARTUP_0_0.dcp' for cell 'design_1_i/STARTUP_0'
INFO: [Project 1-454] Reading design checkpoint 'c:/Users/aamalik3/Desktop/ICAP_Readback/Benchmarks/RISC_BENCHMARKS_BASE_PROJ/RISC_BENCHMARKS_BASE_PROJ.srcs/sources_1/bd/design_1/ip/design_1_axi_gpio_0_0/design_1_axi_gpio_0_0.dcp' for cell 'design_1_i/axi_gpio_0'
INFO: [Project 1-454] Reading design checkpoint 'c:/Users/aamalik3/Desktop/ICAP_Readback/Benchmarks/RISC_BENCHMARKS_BASE_PROJ/RISC_BENCHMARKS_BASE_PROJ.srcs/sources_1/bd/design_1/ip/design_1_processing_system7_0_0/design_1_processing_system7_0_0.dcp' for cell 'design_1_i/processing_system7_0'
INFO: [Project 1-454] Reading design checkpoint 'c:/Users/aamalik3/Desktop/ICAP_Readback/Benchmarks/RISC_BENCHMARKS_BASE_PROJ/RISC_BENCHMARKS_BASE_PROJ.srcs/sources_1/bd/design_1/ip/design_1_rst_ps7_0_50M_0/design_1_rst_ps7_0_50M_0.dcp' for cell 'design_1_i/rst_ps7_0_50M'
INFO: [Project 1-454] Reading design checkpoint 'c:/Users/aamalik3/Desktop/ICAP_Readback/Benchmarks/RISC_BENCHMARKS_BASE_PROJ/RISC_BENCHMARKS_BASE_PROJ.srcs/sources_1/bd/design_1/ip/design_1_xlconstant_0_0/design_1_xlconstant_0_0.dcp' for cell 'design_1_i/xlconstant_0'
INFO: [Project 1-454] Reading design checkpoint 'c:/Users/aamalik3/Desktop/ICAP_Readback/Benchmarks/RISC_BENCHMARKS_BASE_PROJ/RISC_BENCHMARKS_BASE_PROJ.srcs/sources_1/bd/design_1/ip/design_1_xbar_0/design_1_xbar_0.dcp' for cell 'design_1_i/ps7_0_axi_periph/xbar'
INFO: [Project 1-454] Reading design checkpoint 'c:/Users/aamalik3/Desktop/ICAP_Readback/Benchmarks/RISC_BENCHMARKS_BASE_PROJ/RISC_BENCHMARKS_BASE_PROJ.srcs/sources_1/bd/design_1/ip/design_1_auto_pc_0/design_1_auto_pc_0.dcp' for cell 'design_1_i/ps7_0_axi_periph/s00_couplers/auto_pc'
INFO: [Netlist 29-17] Analyzing 21 Unisim elements for replacement
INFO: [Netlist 29-28] Unisim Transformation completed in 0 CPU seconds
INFO: [Project 1-479] Netlist was created with Vivado 2018.2
INFO: [Project 1-570] Preparing netlist for logic optimization
Parsing XDC File [c:/Users/aamalik3/Desktop/ICAP_Readback/Benchmarks/RISC_BENCHMARKS_BASE_PROJ/RISC_BENCHMARKS_BASE_PROJ.srcs/sources_1/bd/design_1/ip/design_1_processing_system7_0_0/design_1_processing_system7_0_0.xdc] for cell 'design_1_i/processing_system7_0/inst'
Finished Parsing XDC File [c:/Users/aamalik3/Desktop/ICAP_Readback/Benchmarks/RISC_BENCHMARKS_BASE_PROJ/RISC_BENCHMARKS_BASE_PROJ.srcs/sources_1/bd/design_1/ip/design_1_processing_system7_0_0/design_1_processing_system7_0_0.xdc] for cell 'design_1_i/processing_system7_0/inst'
Parsing XDC File [c:/Users/aamalik3/Desktop/ICAP_Readback/Benchmarks/RISC_BENCHMARKS_BASE_PROJ/RISC_BENCHMARKS_BASE_PROJ.srcs/sources_1/bd/design_1/ip/design_1_rst_ps7_0_50M_0/design_1_rst_ps7_0_50M_0_board.xdc] for cell 'design_1_i/rst_ps7_0_50M/U0'
Finished Parsing XDC File [c:/Users/aamalik3/Desktop/ICAP_Readback/Benchmarks/RISC_BENCHMARKS_BASE_PROJ/RISC_BENCHMARKS_BASE_PROJ.srcs/sources_1/bd/design_1/ip/design_1_rst_ps7_0_50M_0/design_1_rst_ps7_0_50M_0_board.xdc] for cell 'design_1_i/rst_ps7_0_50M/U0'
Parsing XDC File [c:/Users/aamalik3/Desktop/ICAP_Readback/Benchmarks/RISC_BENCHMARKS_BASE_PROJ/RISC_BENCHMARKS_BASE_PROJ.srcs/sources_1/bd/design_1/ip/design_1_rst_ps7_0_50M_0/design_1_rst_ps7_0_50M_0.xdc] for cell 'design_1_i/rst_ps7_0_50M/U0'
Finished Parsing XDC File [c:/Users/aamalik3/Desktop/ICAP_Readback/Benchmarks/RISC_BENCHMARKS_BASE_PROJ/RISC_BENCHMARKS_BASE_PROJ.srcs/sources_1/bd/design_1/ip/design_1_rst_ps7_0_50M_0/design_1_rst_ps7_0_50M_0.xdc] for cell 'design_1_i/rst_ps7_0_50M/U0'
Parsing XDC File [c:/Users/aamalik3/Desktop/ICAP_Readback/Benchmarks/RISC_BENCHMARKS_BASE_PROJ/RISC_BENCHMARKS_BASE_PROJ.srcs/sources_1/bd/design_1/ip/design_1_axi_gpio_0_0/design_1_axi_gpio_0_0_board.xdc] for cell 'design_1_i/axi_gpio_0/U0'
Finished Parsing XDC File [c:/Users/aamalik3/Desktop/ICAP_Readback/Benchmarks/RISC_BENCHMARKS_BASE_PROJ/RISC_BENCHMARKS_BASE_PROJ.srcs/sources_1/bd/design_1/ip/design_1_axi_gpio_0_0/design_1_axi_gpio_0_0_board.xdc] for cell 'design_1_i/axi_gpio_0/U0'
Parsing XDC File [c:/Users/aamalik3/Desktop/ICAP_Readback/Benchmarks/RISC_BENCHMARKS_BASE_PROJ/RISC_BENCHMARKS_BASE_PROJ.srcs/sources_1/bd/design_1/ip/design_1_axi_gpio_0_0/design_1_axi_gpio_0_0.xdc] for cell 'design_1_i/axi_gpio_0/U0'
Finished Parsing XDC File [c:/Users/aamalik3/Desktop/ICAP_Readback/Benchmarks/RISC_BENCHMARKS_BASE_PROJ/RISC_BENCHMARKS_BASE_PROJ.srcs/sources_1/bd/design_1/ip/design_1_axi_gpio_0_0/design_1_axi_gpio_0_0.xdc] for cell 'design_1_i/axi_gpio_0/U0'
Parsing XDC File [c:/Users/aamalik3/Desktop/ICAP_Readback/Benchmarks/RISC_BENCHMARKS_BASE_PROJ/RISC_BENCHMARKS_BASE_PROJ.srcs/sources_1/bd/design_1/ip/design_1_axi_gpio_1_1/design_1_axi_gpio_1_1_board.xdc] for cell 'design_1_i/RISC_IP_CHECK/U0'
Finished Parsing XDC File [c:/Users/aamalik3/Desktop/ICAP_Readback/Benchmarks/RISC_BENCHMARKS_BASE_PROJ/RISC_BENCHMARKS_BASE_PROJ.srcs/sources_1/bd/design_1/ip/design_1_axi_gpio_1_1/design_1_axi_gpio_1_1_board.xdc] for cell 'design_1_i/RISC_IP_CHECK/U0'
Parsing XDC File [c:/Users/aamalik3/Desktop/ICAP_Readback/Benchmarks/RISC_BENCHMARKS_BASE_PROJ/RISC_BENCHMARKS_BASE_PROJ.srcs/sources_1/bd/design_1/ip/design_1_axi_gpio_1_1/design_1_axi_gpio_1_1.xdc] for cell 'design_1_i/RISC_IP_CHECK/U0'
Finished Parsing XDC File [c:/Users/aamalik3/Desktop/ICAP_Readback/Benchmarks/RISC_BENCHMARKS_BASE_PROJ/RISC_BENCHMARKS_BASE_PROJ.srcs/sources_1/bd/design_1/ip/design_1_axi_gpio_1_1/design_1_axi_gpio_1_1.xdc] for cell 'design_1_i/RISC_IP_CHECK/U0'
Parsing XDC File [C:/Users/aamalik3/Desktop/ICAP_Readback/Benchmarks/RISC_BENCHMARKS_BASE_PROJ/RISC_BENCHMARKS_BASE_PROJ.srcs/constrs_1/new/pins.xdc]
WARNING: [Vivado 12-584] No ports matched '[get_ports -of_objects [get_iobanks 13]]'. [C:/Users/aamalik3/Desktop/ICAP_Readback/Benchmarks/RISC_BENCHMARKS_BASE_PROJ/RISC_BENCHMARKS_BASE_PROJ.srcs/constrs_1/new/pins.xdc:22]
CRITICAL WARNING: [Common 17-55] 'set_property' expects at least one object. [C:/Users/aamalik3/Desktop/ICAP_Readback/Benchmarks/RISC_BENCHMARKS_BASE_PROJ/RISC_BENCHMARKS_BASE_PROJ.srcs/constrs_1/new/pins.xdc:22]
Resolution: If [get_<value>] was used to populate the object, check to make sure this command returns at least one valid object.
Finished Parsing XDC File [C:/Users/aamalik3/Desktop/ICAP_Readback/Benchmarks/RISC_BENCHMARKS_BASE_PROJ/RISC_BENCHMARKS_BASE_PROJ.srcs/constrs_1/new/pins.xdc]
Parsing XDC File [C:/Users/aamalik3/Desktop/ICAP_Readback/Benchmarks/RISC_BENCHMARKS_BASE_PROJ/RISC_BENCHMARKS_BASE_PROJ.srcs/constrs_1/new/partitions.xdc]
INFO: [Vivado 12-3520] Assignment of 'inst' to a pblock 'pblock_risc' means that all children of 'RISC_BENCHMARK_IP' are in the pblock. Changing the pblock assignment to 'RISC_BENCHMARK_IP'. [C:/Users/aamalik3/Desktop/ICAP_Readback/Benchmarks/RISC_BENCHMARKS_BASE_PROJ/RISC_BENCHMARKS_BASE_PROJ.srcs/constrs_1/new/partitions.xdc:10]
Finished Parsing XDC File [C:/Users/aamalik3/Desktop/ICAP_Readback/Benchmarks/RISC_BENCHMARKS_BASE_PROJ/RISC_BENCHMARKS_BASE_PROJ.srcs/constrs_1/new/partitions.xdc]
INFO: [Opt 31-138] Pushed 0 inverter(s) to 0 load pin(s).
INFO: [Project 1-486] Could not resolve non-primitive black box cell 'design_1_RISC_BENCHMARK_IP_0_0_RISC_BENCHMARK_IP' instantiated as 'design_1_i/RISC_BENCHMARK_IP/inst' [c:/Users/aamalik3/Desktop/ICAP_Readback/Benchmarks/RISC_BENCHMARKS_BASE_PROJ/RISC_BENCHMARKS_BASE_PROJ.srcs/sources_1/bd/design_1/ip/design_1_RISC_BENCHMARK_IP_0_0/synth/design_1_RISC_BENCHMARK_IP_0_0.v:76]
INFO: [Project 1-111] Unisim Transformation Summary:
No Unisim elements were transformed.

synth_1
cd C:/Users/aamalik3/Desktop/ICAP_Readback/Benchmarks/Bitfiles/WithCRC/
set benchmarkname "falcon512int"
falcon512int
read_checkpoint -cell [get_cell design_1_i/RISC_BENCHMARK_IP/inst] ../../Checkpoints/$benchmarkname.dcp
Command: read_checkpoint -cell [get_cells design_1_i/RISC_BENCHMARK_IP/inst] ../../Checkpoints/falcon512int.dcp
INFO: [Netlist 29-17] Analyzing 505 Unisim elements for replacement
INFO: [Netlist 29-28] Unisim Transformation completed in 0 CPU seconds
synth_1
opt_design
Command: opt_design
Attempting to get a license for feature 'Implementation' and/or device 'xc7z020'
INFO: [Common 17-349] Got license for feature 'Implementation' and/or device 'xc7z020'
Running DRC as a precondition to command opt_design

Starting DRC Task
INFO: [DRC 23-27] Running DRC with 2 threads
INFO: [Project 1-461] DRC finished with 0 Errors
INFO: [Project 1-462] Please refer to the DRC report (report_drc) for more information.

Time (s): cpu = 00:00:01 ; elapsed = 00:00:00.521 . Memory (MB): peak = 2877.031 ; gain = 0.000

Starting Cache Timing Information Task
INFO: [Timing 38-35] Done setting XDC timing constraints.
Ending Cache Timing Information Task | Checksum: 156e0abb6

Time (s): cpu = 00:00:01 ; elapsed = 00:00:00.355 . Memory (MB): peak = 2877.031 ; gain = 0.000

Starting Logic Optimization Task

Phase 1 Retarget
INFO: [Opt 31-138] Pushed 0 inverter(s) to 0 load pin(s).
INFO: [Opt 31-49] Retargeted 0 cell(s).
Phase 1 Retarget | Checksum: 12c378fe5

Time (s): cpu = 00:00:01 ; elapsed = 00:00:00.655 . Memory (MB): peak = 2877.031 ; gain = 0.000
INFO: [Opt 31-389] Phase Retarget created 0 cells and removed 0 cells

Phase 2 Constant propagation
INFO: [Opt 31-138] Pushed 0 inverter(s) to 0 load pin(s).
Phase 2 Constant propagation | Checksum: e778950a

Time (s): cpu = 00:00:01 ; elapsed = 00:00:00.823 . Memory (MB): peak = 2877.031 ; gain = 0.000
INFO: [Opt 31-389] Phase Constant propagation created 5 cells and removed 8 cells

Phase 3 Sweep
Phase 3 Sweep | Checksum: 1052513ae

Time (s): cpu = 00:00:01 ; elapsed = 00:00:01 . Memory (MB): peak = 2877.031 ; gain = 0.000
INFO: [Opt 31-389] Phase Sweep created 0 cells and removed 243 cells

Phase 4 BUFG optimization
Phase 4 BUFG optimization | Checksum: 1052513ae

Time (s): cpu = 00:00:01 ; elapsed = 00:00:01 . Memory (MB): peak = 2877.031 ; gain = 0.000
INFO: [Opt 31-662] Phase BUFG optimization created 0 cells of which 0 are BUFGs and removed 0 cells.

Phase 5 Shift Register Optimization
Phase 5 Shift Register Optimization | Checksum: 169ebb6db

Time (s): cpu = 00:00:02 ; elapsed = 00:00:02 . Memory (MB): peak = 2877.031 ; gain = 0.000
INFO: [Opt 31-389] Phase Shift Register Optimization created 0 cells and removed 0 cells

Phase 6 Post Processing Netlist
Phase 6 Post Processing Netlist | Checksum: 169ebb6db

Time (s): cpu = 00:00:02 ; elapsed = 00:00:02 . Memory (MB): peak = 2877.031 ; gain = 0.000
INFO: [Opt 31-389] Phase Post Processing Netlist created 0 cells and removed 0 cells

Starting Connectivity Check Task

Time (s): cpu = 00:00:00 ; elapsed = 00:00:00.018 . Memory (MB): peak = 2877.031 ; gain = 0.000
Ending Logic Optimization Task | Checksum: 169ebb6db

Time (s): cpu = 00:00:02 ; elapsed = 00:00:02 . Memory (MB): peak = 2877.031 ; gain = 0.000

Starting Power Optimization Task
INFO: [Pwropt 34-132] Skipping clock gating for clocks with a period < 2.00 ns.
INFO: [Pwropt 34-232] Skipping BRAM gating because all BRAMs are in high frequency (i.e. period < 3.12 ns) clock domains.
INFO: [Pwropt 34-162] WRITE_MODE attribute of 0 BRAM(s) out of a total of 32 has been updated to save power. Run report_power_opt to get a complete listing of the BRAMs updated.
Ending Power Optimization Task | Checksum: 169ebb6db

Time (s): cpu = 00:00:00 ; elapsed = 00:00:00.118 . Memory (MB): peak = 2877.031 ; gain = 0.000

Starting Final Cleanup Task
Ending Final Cleanup Task | Checksum: 169ebb6db

Time (s): cpu = 00:00:00 ; elapsed = 00:00:00 . Memory (MB): peak = 2877.031 ; gain = 0.000
INFO: [Common 17-83] Releasing license: Implementation
18 Infos, 0 Warnings, 0 Critical Warnings and 0 Errors encountered.
opt_design completed successfully
place_design
Command: place_design
Attempting to get a license for feature 'Implementation' and/or device 'xc7z020'
INFO: [Common 17-349] Got license for feature 'Implementation' and/or device 'xc7z020'
INFO: [DRC 23-27] Running DRC with 2 threads
INFO: [Vivado_Tcl 4-198] DRC finished with 0 Errors
INFO: [Vivado_Tcl 4-199] Please refer to the DRC report (report_drc) for more information.
Running DRC as a precondition to command place_design
INFO: [DRC 23-27] Running DRC with 2 threads
WARNING: [DRC CHECK-3] Report rule limit reached: REQP-1839 rule limit reached: 20 violations have been found.
WARNING: [DRC REQP-1839] RAMB36 async control check: The RAMB36E1 design_1_i/RISC_BENCHMARK_IP/inst/cv32e40x_wrapper_i/dp_ram_1/memory_reg_0_0 has an input control pin design_1_i/RISC_BENCHMARK_IP/inst/cv32e40x_wrapper_i/dp_ram_1/memory_reg_0_0/ADDRARDADDR[14] (net: design_1_i/RISC_BENCHMARK_IP/inst/cv32e40x_wrapper_i/dp_ram_1/mem_address_b[16]) which is driven by a register (design_1_i/RISC_BENCHMARK_IP/inst/cv32e40x_wrapper_i/cv32e40x_core_i/id_stage_i/id_ex_pipe_o_reg[alu_operand_a][12]) that has an active asychronous set or reset. This may cause corruption of the memory contents and/or read values when the set/reset is asserted and is not analyzed by the default static timing analysis. It is suggested to eliminate the use of a set/reset to registers driving this RAMB pin or else use a synchronous reset in which the assertion of the reset is timed by default.
WARNING: [DRC REQP-1839] RAMB36 async control check: The RAMB36E1 design_1_i/RISC_BENCHMARK_IP/inst/cv32e40x_wrapper_i/dp_ram_1/memory_reg_0_0 has an input control pin design_1_i/RISC_BENCHMARK_IP/inst/cv32e40x_wrapper_i/dp_ram_1/memory_reg_0_0/ADDRARDADDR[14] (net: design_1_i/RISC_BENCHMARK_IP/inst/cv32e40x_wrapper_i/dp_ram_1/mem_address_b[16]) which is driven by a register (design_1_i/RISC_BENCHMARK_IP/inst/cv32e40x_wrapper_i/cv32e40x_core_i/id_stage_i/id_ex_pipe_o_reg[alu_operand_a][13]) that has an active asychronous set or reset. This may cause corruption of the memory contents and/or read values when the set/reset is asserted and is not analyzed by the default static timing analysis. It is suggested to eliminate the use of a set/reset to registers driving this RAMB pin or else use a synchronous reset in which the assertion of the reset is timed by default.
WARNING: [DRC REQP-1839] RAMB36 async control check: The RAMB36E1 design_1_i/RISC_BENCHMARK_IP/inst/cv32e40x_wrapper_i/dp_ram_1/memory_reg_0_0 has an input control pin design_1_i/RISC_BENCHMARK_IP/inst/cv32e40x_wrapper_i/dp_ram_1/memory_reg_0_0/ADDRARDADDR[14] (net: design_1_i/RISC_BENCHMARK_IP/inst/cv32e40x_wrapper_i/dp_ram_1/mem_address_b[16]) which is driven by a register (design_1_i/RISC_BENCHMARK_IP/inst/cv32e40x_wrapper_i/cv32e40x_core_i/id_stage_i/id_ex_pipe_o_reg[alu_operand_a][14]) that has an active asychronous set or reset. This may cause corruption of the memory contents and/or read values when the set/reset is asserted and is not analyzed by the default static timing analysis. It is suggested to eliminate the use of a set/reset to registers driving this RAMB pin or else use a synchronous reset in which the assertion of the reset is timed by default.
WARNING: [DRC REQP-1839] RAMB36 async control check: The RAMB36E1 design_1_i/RISC_BENCHMARK_IP/inst/cv32e40x_wrapper_i/dp_ram_1/memory_reg_0_0 has an input control pin design_1_i/RISC_BENCHMARK_IP/inst/cv32e40x_wrapper_i/dp_ram_1/memory_reg_0_0/ADDRARDADDR[14] (net: design_1_i/RISC_BENCHMARK_IP/inst/cv32e40x_wrapper_i/dp_ram_1/mem_address_b[16]) which is driven by a register (design_1_i/RISC_BENCHMARK_IP/inst/cv32e40x_wrapper_i/cv32e40x_core_i/id_stage_i/id_ex_pipe_o_reg[alu_operand_a][15]) that has an active asychronous set or reset. This may cause corruption of the memory contents and/or read values when the set/reset is asserted and is not analyzed by the default static timing analysis. It is suggested to eliminate the use of a set/reset to registers driving this RAMB pin or else use a synchronous reset in which the assertion of the reset is timed by default.
WARNING: [DRC REQP-1839] RAMB36 async control check: The RAMB36E1 design_1_i/RISC_BENCHMARK_IP/inst/cv32e40x_wrapper_i/dp_ram_1/memory_reg_0_0 has an input control pin design_1_i/RISC_BENCHMARK_IP/inst/cv32e40x_wrapper_i/dp_ram_1/memory_reg_0_0/ADDRARDADDR[14] (net: design_1_i/RISC_BENCHMARK_IP/inst/cv32e40x_wrapper_i/dp_ram_1/mem_address_b[16]) which is driven by a register (design_1_i/RISC_BENCHMARK_IP/inst/cv32e40x_wrapper_i/cv32e40x_core_i/id_stage_i/id_ex_pipe_o_reg[alu_operand_a][16]) that has an active asychronous set or reset. This may cause corruption of the memory contents and/or read values when the set/reset is asserted and is not analyzed by the default static timing analysis. It is suggested to eliminate the use of a set/reset to registers driving this RAMB pin or else use a synchronous reset in which the assertion of the reset is timed by default.
WARNING: [DRC REQP-1839] RAMB36 async control check: The RAMB36E1 design_1_i/RISC_BENCHMARK_IP/inst/cv32e40x_wrapper_i/dp_ram_1/memory_reg_0_0 has an input control pin design_1_i/RISC_BENCHMARK_IP/inst/cv32e40x_wrapper_i/dp_ram_1/memory_reg_0_0/ADDRARDADDR[14] (net: design_1_i/RISC_BENCHMARK_IP/inst/cv32e40x_wrapper_i/dp_ram_1/mem_address_b[16]) which is driven by a register (design_1_i/RISC_BENCHMARK_IP/inst/cv32e40x_wrapper_i/cv32e40x_core_i/id_stage_i/id_ex_pipe_o_reg[alu_operand_a][17]) that has an active asychronous set or reset. This may cause corruption of the memory contents and/or read values when the set/reset is asserted and is not analyzed by the default static timing analysis. It is suggested to eliminate the use of a set/reset to registers driving this RAMB pin or else use a synchronous reset in which the assertion of the reset is timed by default.
WARNING: [DRC REQP-1839] RAMB36 async control check: The RAMB36E1 design_1_i/RISC_BENCHMARK_IP/inst/cv32e40x_wrapper_i/dp_ram_1/memory_reg_0_0 has an input control pin design_1_i/RISC_BENCHMARK_IP/inst/cv32e40x_wrapper_i/dp_ram_1/memory_reg_0_0/ADDRARDADDR[14] (net: design_1_i/RISC_BENCHMARK_IP/inst/cv32e40x_wrapper_i/dp_ram_1/mem_address_b[16]) which is driven by a register (design_1_i/RISC_BENCHMARK_IP/inst/cv32e40x_wrapper_i/cv32e40x_core_i/id_stage_i/id_ex_pipe_o_reg[alu_operand_a][18]) that has an active asychronous set or reset. This may cause corruption of the memory contents and/or read values when the set/reset is asserted and is not analyzed by the default static timing analysis. It is suggested to eliminate the use of a set/reset to registers driving this RAMB pin or else use a synchronous reset in which the assertion of the reset is timed by default.
WARNING: [DRC REQP-1839] RAMB36 async control check: The RAMB36E1 design_1_i/RISC_BENCHMARK_IP/inst/cv32e40x_wrapper_i/dp_ram_1/memory_reg_0_0 has an input control pin design_1_i/RISC_BENCHMARK_IP/inst/cv32e40x_wrapper_i/dp_ram_1/memory_reg_0_0/ADDRARDADDR[14] (net: design_1_i/RISC_BENCHMARK_IP/inst/cv32e40x_wrapper_i/dp_ram_1/mem_address_b[16]) which is driven by a register (design_1_i/RISC_BENCHMARK_IP/inst/cv32e40x_wrapper_i/cv32e40x_core_i/id_stage_i/id_ex_pipe_o_reg[alu_operand_a][19]) that has an active asychronous set or reset. This may cause corruption of the memory contents and/or read values when the set/reset is asserted and is not analyzed by the default static timing analysis. It is suggested to eliminate the use of a set/reset to registers driving this RAMB pin or else use a synchronous reset in which the assertion of the reset is timed by default.
WARNING: [DRC REQP-1839] RAMB36 async control check: The RAMB36E1 design_1_i/RISC_BENCHMARK_IP/inst/cv32e40x_wrapper_i/dp_ram_1/memory_reg_0_0 has an input control pin design_1_i/RISC_BENCHMARK_IP/inst/cv32e40x_wrapper_i/dp_ram_1/memory_reg_0_0/ADDRARDADDR[14] (net: design_1_i/RISC_BENCHMARK_IP/inst/cv32e40x_wrapper_i/dp_ram_1/mem_address_b[16]) which is driven by a register (design_1_i/RISC_BENCHMARK_IP/inst/cv32e40x_wrapper_i/cv32e40x_core_i/id_stage_i/id_ex_pipe_o_reg[alu_operand_a][1]) that has an active asychronous set or reset. This may cause corruption of the memory contents and/or read values when the set/reset is asserted and is not analyzed by the default static timing analysis. It is suggested to eliminate the use of a set/reset to registers driving this RAMB pin or else use a synchronous reset in which the assertion of the reset is timed by default.
WARNING: [DRC REQP-1839] RAMB36 async control check: The RAMB36E1 design_1_i/RISC_BENCHMARK_IP/inst/cv32e40x_wrapper_i/dp_ram_1/memory_reg_0_0 has an input control pin design_1_i/RISC_BENCHMARK_IP/inst/cv32e40x_wrapper_i/dp_ram_1/memory_reg_0_0/ADDRARDADDR[14] (net: design_1_i/RISC_BENCHMARK_IP/inst/cv32e40x_wrapper_i/dp_ram_1/mem_address_b[16]) which is driven by a register (design_1_i/RISC_BENCHMARK_IP/inst/cv32e40x_wrapper_i/cv32e40x_core_i/id_stage_i/id_ex_pipe_o_reg[alu_operand_a][20]) that has an active asychronous set or reset. This may cause corruption of the memory contents and/or read values when the set/reset is asserted and is not analyzed by the default static timing analysis. It is suggested to eliminate the use of a set/reset to registers driving this RAMB pin or else use a synchronous reset in which the assertion of the reset is timed by default.
WARNING: [DRC REQP-1839] RAMB36 async control check: The RAMB36E1 design_1_i/RISC_BENCHMARK_IP/inst/cv32e40x_wrapper_i/dp_ram_1/memory_reg_0_0 has an input control pin design_1_i/RISC_BENCHMARK_IP/inst/cv32e40x_wrapper_i/dp_ram_1/memory_reg_0_0/ADDRARDADDR[14] (net: design_1_i/RISC_BENCHMARK_IP/inst/cv32e40x_wrapper_i/dp_ram_1/mem_address_b[16]) which is driven by a register (design_1_i/RISC_BENCHMARK_IP/inst/cv32e40x_wrapper_i/cv32e40x_core_i/id_stage_i/id_ex_pipe_o_reg[alu_operand_a][21]) that has an active asychronous set or reset. This may cause corruption of the memory contents and/or read values when the set/reset is asserted and is not analyzed by the default static timing analysis. It is suggested to eliminate the use of a set/reset to registers driving this RAMB pin or else use a synchronous reset in which the assertion of the reset is timed by default.
WARNING: [DRC REQP-1839] RAMB36 async control check: The RAMB36E1 design_1_i/RISC_BENCHMARK_IP/inst/cv32e40x_wrapper_i/dp_ram_1/memory_reg_0_0 has an input control pin design_1_i/RISC_BENCHMARK_IP/inst/cv32e40x_wrapper_i/dp_ram_1/memory_reg_0_0/ADDRARDADDR[14] (net: design_1_i/RISC_BENCHMARK_IP/inst/cv32e40x_wrapper_i/dp_ram_1/mem_address_b[16]) which is driven by a register (design_1_i/RISC_BENCHMARK_IP/inst/cv32e40x_wrapper_i/cv32e40x_core_i/id_stage_i/id_ex_pipe_o_reg[alu_operand_a][22]) that has an active asychronous set or reset. This may cause corruption of the memory contents and/or read values when the set/reset is asserted and is not analyzed by the default static timing analysis. It is suggested to eliminate the use of a set/reset to registers driving this RAMB pin or else use a synchronous reset in which the assertion of the reset is timed by default.
WARNING: [DRC REQP-1839] RAMB36 async control check: The RAMB36E1 design_1_i/RISC_BENCHMARK_IP/inst/cv32e40x_wrapper_i/dp_ram_1/memory_reg_0_0 has an input control pin design_1_i/RISC_BENCHMARK_IP/inst/cv32e40x_wrapper_i/dp_ram_1/memory_reg_0_0/ADDRARDADDR[14] (net: design_1_i/RISC_BENCHMARK_IP/inst/cv32e40x_wrapper_i/dp_ram_1/mem_address_b[16]) which is driven by a register (design_1_i/RISC_BENCHMARK_IP/inst/cv32e40x_wrapper_i/cv32e40x_core_i/id_stage_i/id_ex_pipe_o_reg[alu_operand_a][23]) that has an active asychronous set or reset. This may cause corruption of the memory contents and/or read values when the set/reset is asserted and is not analyzed by the default static timing analysis. It is suggested to eliminate the use of a set/reset to registers driving this RAMB pin or else use a synchronous reset in which the assertion of the reset is timed by default.
WARNING: [DRC REQP-1839] RAMB36 async control check: The RAMB36E1 design_1_i/RISC_BENCHMARK_IP/inst/cv32e40x_wrapper_i/dp_ram_1/memory_reg_0_0 has an input control pin design_1_i/RISC_BENCHMARK_IP/inst/cv32e40x_wrapper_i/dp_ram_1/memory_reg_0_0/ADDRARDADDR[14] (net: design_1_i/RISC_BENCHMARK_IP/inst/cv32e40x_wrapper_i/dp_ram_1/mem_address_b[16]) which is driven by a register (design_1_i/RISC_BENCHMARK_IP/inst/cv32e40x_wrapper_i/cv32e40x_core_i/id_stage_i/id_ex_pipe_o_reg[alu_operand_a][24]) that has an active asychronous set or reset. This may cause corruption of the memory contents and/or read values when the set/reset is asserted and is not analyzed by the default static timing analysis. It is suggested to eliminate the use of a set/reset to registers driving this RAMB pin or else use a synchronous reset in which the assertion of the reset is timed by default.
WARNING: [DRC REQP-1839] RAMB36 async control check: The RAMB36E1 design_1_i/RISC_BENCHMARK_IP/inst/cv32e40x_wrapper_i/dp_ram_1/memory_reg_0_0 has an input control pin design_1_i/RISC_BENCHMARK_IP/inst/cv32e40x_wrapper_i/dp_ram_1/memory_reg_0_0/ADDRARDADDR[14] (net: design_1_i/RISC_BENCHMARK_IP/inst/cv32e40x_wrapper_i/dp_ram_1/mem_address_b[16]) which is driven by a register (design_1_i/RISC_BENCHMARK_IP/inst/cv32e40x_wrapper_i/cv32e40x_core_i/id_stage_i/id_ex_pipe_o_reg[alu_operand_a][25]) that has an active asychronous set or reset. This may cause corruption of the memory contents and/or read values when the set/reset is asserted and is not analyzed by the default static timing analysis. It is suggested to eliminate the use of a set/reset to registers driving this RAMB pin or else use a synchronous reset in which the assertion of the reset is timed by default.
WARNING: [DRC REQP-1839] RAMB36 async control check: The RAMB36E1 design_1_i/RISC_BENCHMARK_IP/inst/cv32e40x_wrapper_i/dp_ram_1/memory_reg_0_0 has an input control pin design_1_i/RISC_BENCHMARK_IP/inst/cv32e40x_wrapper_i/dp_ram_1/memory_reg_0_0/ADDRARDADDR[14] (net: design_1_i/RISC_BENCHMARK_IP/inst/cv32e40x_wrapper_i/dp_ram_1/mem_address_b[16]) which is driven by a register (design_1_i/RISC_BENCHMARK_IP/inst/cv32e40x_wrapper_i/cv32e40x_core_i/id_stage_i/id_ex_pipe_o_reg[alu_operand_a][26]) that has an active asychronous set or reset. This may cause corruption of the memory contents and/or read values when the set/reset is asserted and is not analyzed by the default static timing analysis. It is suggested to eliminate the use of a set/reset to registers driving this RAMB pin or else use a synchronous reset in which the assertion of the reset is timed by default.
WARNING: [DRC REQP-1839] RAMB36 async control check: The RAMB36E1 design_1_i/RISC_BENCHMARK_IP/inst/cv32e40x_wrapper_i/dp_ram_1/memory_reg_0_0 has an input control pin design_1_i/RISC_BENCHMARK_IP/inst/cv32e40x_wrapper_i/dp_ram_1/memory_reg_0_0/ADDRARDADDR[14] (net: design_1_i/RISC_BENCHMARK_IP/inst/cv32e40x_wrapper_i/dp_ram_1/mem_address_b[16]) which is driven by a register (design_1_i/RISC_BENCHMARK_IP/inst/cv32e40x_wrapper_i/cv32e40x_core_i/id_stage_i/id_ex_pipe_o_reg[alu_operand_a][27]) that has an active asychronous set or reset. This may cause corruption of the memory contents and/or read values when the set/reset is asserted and is not analyzed by the default static timing analysis. It is suggested to eliminate the use of a set/reset to registers driving this RAMB pin or else use a synchronous reset in which the assertion of the reset is timed by default.
WARNING: [DRC REQP-1839] RAMB36 async control check: The RAMB36E1 design_1_i/RISC_BENCHMARK_IP/inst/cv32e40x_wrapper_i/dp_ram_1/memory_reg_0_0 has an input control pin design_1_i/RISC_BENCHMARK_IP/inst/cv32e40x_wrapper_i/dp_ram_1/memory_reg_0_0/ADDRARDADDR[14] (net: design_1_i/RISC_BENCHMARK_IP/inst/cv32e40x_wrapper_i/dp_ram_1/mem_address_b[16]) which is driven by a register (design_1_i/RISC_BENCHMARK_IP/inst/cv32e40x_wrapper_i/cv32e40x_core_i/id_stage_i/id_ex_pipe_o_reg[alu_operand_a][28]) that has an active asychronous set or reset. This may cause corruption of the memory contents and/or read values when the set/reset is asserted and is not analyzed by the default static timing analysis. It is suggested to eliminate the use of a set/reset to registers driving this RAMB pin or else use a synchronous reset in which the assertion of the reset is timed by default.
WARNING: [DRC REQP-1839] RAMB36 async control check: The RAMB36E1 design_1_i/RISC_BENCHMARK_IP/inst/cv32e40x_wrapper_i/dp_ram_1/memory_reg_0_0 has an input control pin design_1_i/RISC_BENCHMARK_IP/inst/cv32e40x_wrapper_i/dp_ram_1/memory_reg_0_0/ADDRARDADDR[14] (net: design_1_i/RISC_BENCHMARK_IP/inst/cv32e40x_wrapper_i/dp_ram_1/mem_address_b[16]) which is driven by a register (design_1_i/RISC_BENCHMARK_IP/inst/cv32e40x_wrapper_i/cv32e40x_core_i/id_stage_i/id_ex_pipe_o_reg[alu_operand_a][29]) that has an active asychronous set or reset. This may cause corruption of the memory contents and/or read values when the set/reset is asserted and is not analyzed by the default static timing analysis. It is suggested to eliminate the use of a set/reset to registers driving this RAMB pin or else use a synchronous reset in which the assertion of the reset is timed by default.
WARNING: [DRC REQP-1839] RAMB36 async control check: The RAMB36E1 design_1_i/RISC_BENCHMARK_IP/inst/cv32e40x_wrapper_i/dp_ram_1/memory_reg_0_0 has an input control pin design_1_i/RISC_BENCHMARK_IP/inst/cv32e40x_wrapper_i/dp_ram_1/memory_reg_0_0/ADDRARDADDR[14] (net: design_1_i/RISC_BENCHMARK_IP/inst/cv32e40x_wrapper_i/dp_ram_1/mem_address_b[16]) which is driven by a register (design_1_i/RISC_BENCHMARK_IP/inst/cv32e40x_wrapper_i/cv32e40x_core_i/id_stage_i/id_ex_pipe_o_reg[alu_operand_a][2]) that has an active asychronous set or reset. This may cause corruption of the memory contents and/or read values when the set/reset is asserted and is not analyzed by the default static timing analysis. It is suggested to eliminate the use of a set/reset to registers driving this RAMB pin or else use a synchronous reset in which the assertion of the reset is timed by default.
INFO: [Vivado_Tcl 4-198] DRC finished with 0 Errors, 21 Warnings
INFO: [Vivado_Tcl 4-199] Please refer to the DRC report (report_drc) for more information.

Starting Placer Task
INFO: [Place 30-611] Multithreading enabled for place_design using a maximum of 2 CPUs

Phase 1 Placer Initialization

Phase 1.1 Placer Initialization Netlist Sorting
Netlist sorting complete. Time (s): cpu = 00:00:00 ; elapsed = 00:00:00.017 . Memory (MB): peak = 2877.031 ; gain = 0.000
Phase 1.1 Placer Initialization Netlist Sorting | Checksum: a52983d6

Time (s): cpu = 00:00:00 ; elapsed = 00:00:00.020 . Memory (MB): peak = 2877.031 ; gain = 0.000
Netlist sorting complete. Time (s): cpu = 00:00:00 ; elapsed = 00:00:00.009 . Memory (MB): peak = 2877.031 ; gain = 0.000

Phase 1.2 IO Placement/ Clock Placement/ Build Placer Device
CRITICAL WARNING: [Constraints 18-993] The Pblock pblock_risc has defined an area that causes the splitting of interconnect tile columns. Partial reconfiguration requires that the left and right paired interconnect tile columns cannot be split by a reconfigurable boundary.  This is caused by either the left or right edge of a Pblock boundary, or by the Pblock spanning over logic types not included in the Pblock ranges.  To avoid an unroutable situation, placement will be prohibited from both of these columns. To avoid placement restrictions, modify the Pblock to avoid splitting the two columns.
The column of the split contains interconnect tile INT_L_X32Y49  (SLICE_X49Y49 SLICE_X48Y49).
Please refer to the Xilinx document on Partial Reconfiguration.
Resolution: Set the Pblock property SNAPPING_MODE to value of ON, or modify the column/X specification of the pblock to avoid this edge.
CRITICAL WARNING: [Constraints 18-996] The split between the left and right columns occurs between a reconfigurable Pblock and Static logic.  The static sites are not reconfigurable.  The Pblock should be adjusted to remove the column from the Pblock, unless the excluded reconfigurable and static sites are not needed for the design.  Note that adjusting the Pblock will prevent prohibits and improve placement of the design, but may reduce the routability if the removed sites were needed to span across the static logic.  Failure to modify the Pblock may lead to an unplaceable design if these prohibited sites are required by the design.
Resolution: Set the Pblock property SNAPPING_MODE to value of ON, or modify the column/X specification of the pblock to avoid this edge.
CRITICAL WARNING: [Constraints 18-994] The following sites will be excluded from the left column in pblock_risc:
CRITICAL WARNING: [Constraints 18-992]   Site Type: SLICEL excluded sites: 100
CRITICAL WARNING: [Constraints 18-995] The following sites will be excluded from the right column in Static:
CRITICAL WARNING: [Constraints 18-992]   Site Type: PMV2 excluded sites: 1
CRITICAL WARNING: [Constraints 18-993] The Pblock pblock_risc has defined an area that causes the splitting of interconnect tile columns. Partial reconfiguration requires that the left and right paired interconnect tile columns cannot be split by a reconfigurable boundary.  This is caused by either the left or right edge of a Pblock boundary, or by the Pblock spanning over logic types not included in the Pblock ranges.  To avoid an unroutable situation, placement will be prohibited from both of these columns. To avoid placement restrictions, modify the Pblock to avoid splitting the two columns.
The column of the split contains interconnect tile INT_L_X4Y49  (SLICE_X6Y49 SLICE_X7Y49).
Please refer to the Xilinx document on Partial Reconfiguration.
Resolution: Set the Pblock property SNAPPING_MODE to value of ON, or modify the column/X specification of the pblock to avoid this edge.
CRITICAL WARNING: [Constraints 18-997] The split between the left and right columns occurs between a reconfigurable Pblock and Static logic.  The static sites are reconfigurable.  The Pblock should either be extended to include the right column, or reduced to remove the left column.
Resolution: Set the Pblock property SNAPPING_MODE to value of ON, or modify the column/X specification of the pblock to avoid this edge.
CRITICAL WARNING: [Constraints 18-994] The following sites will be excluded from the left column in Static:
CRITICAL WARNING: [Constraints 18-992]   Site Type: SLICEL excluded sites: 50
CRITICAL WARNING: [Constraints 18-992]   Site Type: SLICEM excluded sites: 50
CRITICAL WARNING: [Constraints 18-995] The following sites will be excluded from the right column in pblock_risc:
CRITICAL WARNING: [Constraints 18-992]   Site Type: SLICEL excluded sites: 50
CRITICAL WARNING: [Constraints 18-992]   Site Type: SLICEM excluded sites: 50
CRITICAL WARNING: [Constraints 18-993] The Pblock pblock_risc has defined an area that causes the splitting of interconnect tile columns. Partial reconfiguration requires that the left and right paired interconnect tile columns cannot be split by a reconfigurable boundary.  This is caused by either the left or right edge of a Pblock boundary, or by the Pblock spanning over logic types not included in the Pblock ranges.  To avoid an unroutable situation, placement will be prohibited from both of these columns. To avoid placement restrictions, modify the Pblock to avoid splitting the two columns.
The column of the split contains interconnect tile INT_L_X40Y49  (SLICE_X61Y49 SLICE_X60Y49).
Please refer to the Xilinx document on Partial Reconfiguration.
Resolution: Set the Pblock property SNAPPING_MODE to value of ON, or modify the column/X specification of the pblock to avoid this edge.
CRITICAL WARNING: [Constraints 18-997] The split between the left and right columns occurs between a reconfigurable Pblock and Static logic.  The static sites are reconfigurable.  The Pblock should either be extended to include the left column, or reduced to remove the right column.
Resolution: Set the Pblock property SNAPPING_MODE to value of ON, or modify the column/X specification of the pblock to avoid this edge.
CRITICAL WARNING: [Constraints 18-994] The following sites will be excluded from the left column in pblock_risc:
CRITICAL WARNING: [Constraints 18-992]   Site Type: SLICEL excluded sites: 100
CRITICAL WARNING: [Constraints 18-995] The following sites will be excluded from the right column in Static:
CRITICAL WARNING: [Constraints 18-992]   Site Type: SLICEL excluded sites: 50
CRITICAL WARNING: [Constraints 18-992]   Site Type: SLICEM excluded sites: 50
INFO: [Timing 38-35] Done setting XDC timing constraints.
WARNING: [Place 30-568] A LUT 'design_1_i/CLK_Gate_0/inst/clk_o_INST_0' is driving clock pin of 2388 registers. This could lead to large hold time violations. First few involved registers are:
	design_1_i/RISC_BENCHMARK_IP/inst/cv32e40x_wrapper_i/cv32e40x_core_i/register_file_wrapper_i/register_file_i/gen_rf[15].mem_reg[15][27] {FDCE}
	design_1_i/RISC_BENCHMARK_IP/inst/cv32e40x_wrapper_i/cv32e40x_core_i/register_file_wrapper_i/register_file_i/gen_rf[15].mem_reg[15][14] {FDCE}
	design_1_i/RISC_BENCHMARK_IP/inst/cv32e40x_wrapper_i/cv32e40x_core_i/register_file_wrapper_i/register_file_i/gen_rf[15].mem_reg[15][17] {FDCE}
	design_1_i/RISC_BENCHMARK_IP/inst/cv32e40x_wrapper_i/cv32e40x_core_i/register_file_wrapper_i/register_file_i/gen_rf[15].mem_reg[15][29] {FDCE}
	design_1_i/RISC_BENCHMARK_IP/inst/cv32e40x_wrapper_i/cv32e40x_core_i/register_file_wrapper_i/register_file_i/gen_rf[15].mem_reg[15][10] {FDCE}
Phase 1.2 IO Placement/ Clock Placement/ Build Placer Device | Checksum: 13b6593c3

Time (s): cpu = 00:00:03 ; elapsed = 00:00:03 . Memory (MB): peak = 2877.031 ; gain = 0.000

Phase 1.3 Build Placer Netlist Model
Phase 1.3 Build Placer Netlist Model | Checksum: 122082f56

Time (s): cpu = 00:00:05 ; elapsed = 00:00:04 . Memory (MB): peak = 2877.031 ; gain = 0.000

Phase 1.4 Constrain Clocks/Macros
Phase 1.4 Constrain Clocks/Macros | Checksum: 122082f56

Time (s): cpu = 00:00:05 ; elapsed = 00:00:04 . Memory (MB): peak = 2877.031 ; gain = 0.000
Phase 1 Placer Initialization | Checksum: 122082f56

Time (s): cpu = 00:00:05 ; elapsed = 00:00:04 . Memory (MB): peak = 2877.031 ; gain = 0.000

Phase 2 Global Placement

Phase 2.1 Floorplanning
Phase 2.1 Floorplanning | Checksum: e4637fac

Time (s): cpu = 00:00:06 ; elapsed = 00:00:04 . Memory (MB): peak = 2877.031 ; gain = 0.000

Phase 2.2 Physical Synthesis In Placer
INFO: [Physopt 32-65] No nets found for high-fanout optimization.
INFO: [Physopt 32-232] Optimized 0 net. Created 0 new instance.
INFO: [Physopt 32-775] End 1 Pass. Optimized 0 net or cell. Created 0 new cell, deleted 0 existing cell and moved 0 existing cell
INFO: [Physopt 32-64] No nets found for fanout-optimization.
INFO: [Physopt 32-232] Optimized 0 net. Created 0 new instance.
INFO: [Physopt 32-775] End 1 Pass. Optimized 0 net or cell. Created 0 new cell, deleted 0 existing cell and moved 0 existing cell
INFO: [Physopt 32-117] Net design_1_i/RISC_BENCHMARK_IP/inst/cv32e40x_wrapper_i/cv32e40x_core_i/id_stage_i/memory_reg_0_2[0] could not be optimized because driver design_1_i/RISC_BENCHMARK_IP/inst/cv32e40x_wrapper_i/cv32e40x_core_i/id_stage_i/memory_reg_0_0_i_1__2 could not be replicated
INFO: [Physopt 32-117] Net design_1_i/RISC_BENCHMARK_IP/inst/cv32e40x_wrapper_i/cv32e40x_core_i/id_stage_i/memory_reg_0_2_1[0] could not be optimized because driver design_1_i/RISC_BENCHMARK_IP/inst/cv32e40x_wrapper_i/cv32e40x_core_i/id_stage_i/memory_reg_0_0_i_2__0 could not be replicated
INFO: [Physopt 32-117] Net design_1_i/RISC_BENCHMARK_IP/inst/cv32e40x_wrapper_i/cv32e40x_core_i/id_stage_i/memory_reg_0_7_1[0] could not be optimized because driver design_1_i/RISC_BENCHMARK_IP/inst/cv32e40x_wrapper_i/cv32e40x_core_i/id_stage_i/memory_reg_0_5_i_1__1 could not be replicated
INFO: [Physopt 32-117] Net design_1_i/RISC_BENCHMARK_IP/inst/cv32e40x_wrapper_i/cv32e40x_core_i/id_stage_i/memory_reg_0_2_0[0] could not be optimized because driver design_1_i/RISC_BENCHMARK_IP/inst/cv32e40x_wrapper_i/cv32e40x_core_i/id_stage_i/memory_reg_0_0_i_2 could not be replicated
INFO: [Physopt 32-117] Net design_1_i/RISC_BENCHMARK_IP/inst/cv32e40x_wrapper_i/cv32e40x_core_i/id_stage_i/memory_reg_0_2[1] could not be optimized because driver design_1_i/RISC_BENCHMARK_IP/inst/cv32e40x_wrapper_i/cv32e40x_core_i/id_stage_i/memory_reg_0_2_i_1__0 could not be replicated
INFO: [Physopt 32-117] Net design_1_i/RISC_BENCHMARK_IP/inst/cv32e40x_wrapper_i/cv32e40x_core_i/id_stage_i/WEA[0] could not be optimized because driver design_1_i/RISC_BENCHMARK_IP/inst/cv32e40x_wrapper_i/cv32e40x_core_i/id_stage_i/memory_reg_0_0_i_1__1 could not be replicated
INFO: [Physopt 32-117] Net design_1_i/RISC_BENCHMARK_IP/inst/cv32e40x_wrapper_i/cv32e40x_core_i/id_stage_i/memory_reg_0_7_2[0] could not be optimized because driver design_1_i/RISC_BENCHMARK_IP/inst/cv32e40x_wrapper_i/cv32e40x_core_i/id_stage_i/memory_reg_0_5_i_1__2 could not be replicated
INFO: [Physopt 32-117] Net design_1_i/RISC_BENCHMARK_IP/inst/cv32e40x_wrapper_i/cv32e40x_core_i/id_stage_i/memory_reg_0_7[0] could not be optimized because driver design_1_i/RISC_BENCHMARK_IP/inst/cv32e40x_wrapper_i/cv32e40x_core_i/id_stage_i/memory_reg_0_5_i_1 could not be replicated
INFO: [Physopt 32-117] Net design_1_i/RISC_BENCHMARK_IP/inst/cv32e40x_wrapper_i/cv32e40x_core_i/id_stage_i/memory_reg_0_2_1[1] could not be optimized because driver design_1_i/RISC_BENCHMARK_IP/inst/cv32e40x_wrapper_i/cv32e40x_core_i/id_stage_i/memory_reg_0_2_i_1__2 could not be replicated
INFO: [Physopt 32-117] Net design_1_i/RISC_BENCHMARK_IP/inst/cv32e40x_wrapper_i/cv32e40x_core_i/id_stage_i/memory_reg_0_2_0[1] could not be optimized because driver design_1_i/RISC_BENCHMARK_IP/inst/cv32e40x_wrapper_i/cv32e40x_core_i/id_stage_i/memory_reg_0_2_i_1__1 could not be replicated
INFO: [Physopt 32-117] Net design_1_i/RISC_BENCHMARK_IP/inst/cv32e40x_wrapper_i/cv32e40x_core_i/id_stage_i/memory_reg_0_7_0[0] could not be optimized because driver design_1_i/RISC_BENCHMARK_IP/inst/cv32e40x_wrapper_i/cv32e40x_core_i/id_stage_i/memory_reg_0_5_i_1__0 could not be replicated
INFO: [Physopt 32-117] Net design_1_i/RISC_BENCHMARK_IP/inst/cv32e40x_wrapper_i/cv32e40x_core_i/if_stage_i/prefetch_unit_i/alignment_buffer_i/memory_reg_0_7 could not be optimized because driver design_1_i/RISC_BENCHMARK_IP/inst/cv32e40x_wrapper_i/cv32e40x_core_i/if_stage_i/prefetch_unit_i/alignment_buffer_i/memory_reg_0_0_i_1 could not be replicated
INFO: [Physopt 32-117] Net design_1_i/RISC_BENCHMARK_IP/inst/cv32e40x_wrapper_i/cv32e40x_core_i/if_stage_i/prefetch_unit_i/alignment_buffer_i/memory_reg_0_7_0 could not be optimized because driver design_1_i/RISC_BENCHMARK_IP/inst/cv32e40x_wrapper_i/cv32e40x_core_i/if_stage_i/prefetch_unit_i/alignment_buffer_i/memory_reg_0_0_i_1__0 could not be replicated
INFO: [Physopt 32-68] No nets found for critical-cell optimization.
INFO: [Physopt 32-232] Optimized 0 net. Created 0 new instance.
INFO: [Physopt 32-775] End 1 Pass. Optimized 0 net or cell. Created 0 new cell, deleted 0 existing cell and moved 0 existing cell
Netlist sorting complete. Time (s): cpu = 00:00:00 ; elapsed = 00:00:00.015 . Memory (MB): peak = 2877.031 ; gain = 0.000

Summary of Physical Synthesis Optimizations
============================================


-----------------------------------------------------------------------------------------------------------------------------
|  Optimization       |  Added Cells  |  Removed Cells  |  Optimized Cells/Nets  |  Dont Touch  |  Iterations  |  Elapsed   |
-----------------------------------------------------------------------------------------------------------------------------
|  Very High Fanout   |            0  |              0  |                     0  |           0  |           1  |  00:00:00  |
|  Fanout             |            0  |              0  |                     0  |           0  |           1  |  00:00:00  |
|  Critical Cell      |            0  |              0  |                     0  |           0  |           1  |  00:00:00  |
|  Total              |            0  |              0  |                     0  |           0  |           3  |  00:00:00  |
-----------------------------------------------------------------------------------------------------------------------------


Phase 2.2 Physical Synthesis In Placer | Checksum: 22cd41977

Time (s): cpu = 00:00:17 ; elapsed = 00:00:11 . Memory (MB): peak = 2877.031 ; gain = 0.000
Phase 2 Global Placement | Checksum: 185ae1994

Time (s): cpu = 00:00:18 ; elapsed = 00:00:12 . Memory (MB): peak = 2877.031 ; gain = 0.000

Phase 3 Detail Placement

Phase 3.1 Commit Multi Column Macros
Phase 3.1 Commit Multi Column Macros | Checksum: 185ae1994

Time (s): cpu = 00:00:18 ; elapsed = 00:00:12 . Memory (MB): peak = 2877.031 ; gain = 0.000

Phase 3.2 Commit Most Macros & LUTRAMs
Phase 3.2 Commit Most Macros & LUTRAMs | Checksum: 15ad340e3

Time (s): cpu = 00:00:19 ; elapsed = 00:00:13 . Memory (MB): peak = 2877.031 ; gain = 0.000

Phase 3.3 Area Swap Optimization
Phase 3.3 Area Swap Optimization | Checksum: f0c2b74d

Time (s): cpu = 00:00:19 ; elapsed = 00:00:13 . Memory (MB): peak = 2877.031 ; gain = 0.000

Phase 3.4 Pipeline Register Optimization
Phase 3.4 Pipeline Register Optimization | Checksum: f0c2b74d

Time (s): cpu = 00:00:19 ; elapsed = 00:00:13 . Memory (MB): peak = 2877.031 ; gain = 0.000

Phase 3.5 Timing Path Optimizer
Phase 3.5 Timing Path Optimizer | Checksum: f0c2b74d

Time (s): cpu = 00:00:19 ; elapsed = 00:00:13 . Memory (MB): peak = 2877.031 ; gain = 0.000

Phase 3.6 Fast Optimization
Phase 3.6 Fast Optimization | Checksum: e1c6c3bf

Time (s): cpu = 00:00:23 ; elapsed = 00:00:16 . Memory (MB): peak = 2877.031 ; gain = 0.000

Phase 3.7 Small Shape Detail Placement

Phase 3.7.1 Place Remaining
Phase 3.7.1 Place Remaining | Checksum: 19bac3e93

Time (s): cpu = 00:00:26 ; elapsed = 00:00:19 . Memory (MB): peak = 2877.031 ; gain = 0.000
Phase 3.7 Small Shape Detail Placement | Checksum: 19bac3e93

Time (s): cpu = 00:00:26 ; elapsed = 00:00:20 . Memory (MB): peak = 2877.031 ; gain = 0.000

Phase 3.8 Re-assign LUT pins
Phase 3.8 Re-assign LUT pins | Checksum: 1b2cae36c

Time (s): cpu = 00:00:27 ; elapsed = 00:00:21 . Memory (MB): peak = 2877.031 ; gain = 0.000

Phase 3.9 Pipeline Register Optimization
Phase 3.9 Pipeline Register Optimization | Checksum: 1b2cae36c

Time (s): cpu = 00:00:27 ; elapsed = 00:00:21 . Memory (MB): peak = 2877.031 ; gain = 0.000

Phase 3.10 Fast Optimization
Phase 3.10 Fast Optimization | Checksum: 12792a7c7

Time (s): cpu = 00:00:32 ; elapsed = 00:00:27 . Memory (MB): peak = 2877.031 ; gain = 0.000
Phase 3 Detail Placement | Checksum: 12792a7c7

Time (s): cpu = 00:00:32 ; elapsed = 00:00:27 . Memory (MB): peak = 2877.031 ; gain = 0.000

Phase 4 Post Placement Optimization and Clean-Up

Phase 4.1 Post Commit Optimization
INFO: [Timing 38-35] Done setting XDC timing constraints.

Phase 4.1.1 Post Placement Optimization
Post Placement Optimization Initialization | Checksum: 1215351de

Phase 4.1.1.1 BUFG Insertion
INFO: [Place 46-31] BUFG insertion identified 0 candidate nets, 0 success, 0 skipped for placement/routing, 0 skipped for timing, 0 skipped for netlist change reason.
Phase 4.1.1.1 BUFG Insertion | Checksum: 1215351de

Time (s): cpu = 00:00:34 ; elapsed = 00:00:28 . Memory (MB): peak = 2877.031 ; gain = 0.000
INFO: [Place 30-746] Post Placement Timing Summary WNS=-4.478. For the most accurate timing information please run report_timing.
Phase 4.1.1 Post Placement Optimization | Checksum: 1ac8d6a05

Time (s): cpu = 00:00:48 ; elapsed = 00:00:47 . Memory (MB): peak = 2877.031 ; gain = 0.000
Phase 4.1 Post Commit Optimization | Checksum: 1ac8d6a05

Time (s): cpu = 00:00:48 ; elapsed = 00:00:47 . Memory (MB): peak = 2877.031 ; gain = 0.000

Phase 4.2 Post Placement Cleanup
Phase 4.2 Post Placement Cleanup | Checksum: 1ac8d6a05

Time (s): cpu = 00:00:48 ; elapsed = 00:00:47 . Memory (MB): peak = 2877.031 ; gain = 0.000

Phase 4.3 Placer Reporting
Phase 4.3 Placer Reporting | Checksum: 1ac8d6a05

Time (s): cpu = 00:00:48 ; elapsed = 00:00:47 . Memory (MB): peak = 2877.031 ; gain = 0.000

Phase 4.4 Final Placement Cleanup
Phase 4.4 Final Placement Cleanup | Checksum: 247286b7c

Time (s): cpu = 00:00:48 ; elapsed = 00:00:47 . Memory (MB): peak = 2877.031 ; gain = 0.000
Phase 4 Post Placement Optimization and Clean-Up | Checksum: 247286b7c

Time (s): cpu = 00:00:48 ; elapsed = 00:00:47 . Memory (MB): peak = 2877.031 ; gain = 0.000
Ending Placer Task | Checksum: 14c701410

Time (s): cpu = 00:00:48 ; elapsed = 00:00:47 . Memory (MB): peak = 2877.031 ; gain = 0.000
INFO: [Common 17-83] Releasing license: Implementation
35 Infos, 22 Warnings, 21 Critical Warnings and 0 Errors encountered.
place_design completed successfully
place_design: Time (s): cpu = 00:00:54 ; elapsed = 00:00:50 . Memory (MB): peak = 2877.031 ; gain = 0.000
route_design
Command: route_design
Attempting to get a license for feature 'Implementation' and/or device 'xc7z020'
INFO: [Common 17-349] Got license for feature 'Implementation' and/or device 'xc7z020'
Running DRC as a precondition to command route_design
INFO: [DRC 23-27] Running DRC with 2 threads
INFO: [Vivado_Tcl 4-198] DRC finished with 0 Errors
INFO: [Vivado_Tcl 4-199] Please refer to the DRC report (report_drc) for more information.


Starting Routing Task
INFO: [Route 35-254] Multithreading enabled for route_design using a maximum of 2 CPUs
Checksum: PlaceDB: 744b5e13 ConstDB: 0 ShapeSum: d824b5fd RouteDB: 0

Phase 1 Build RT Design
Phase 1 Build RT Design | Checksum: e43f8003

Time (s): cpu = 00:00:20 ; elapsed = 00:00:17 . Memory (MB): peak = 2877.031 ; gain = 0.000
Post Restoration Checksum: NetGraph: 9c265616 NumContArr: 389bd5b7 Constraints: f7d5436 Timing: 0

Phase 2 Router Initialization

Phase 2.1 Create Timer
Phase 2.1 Create Timer | Checksum: e43f8003

Time (s): cpu = 00:00:20 ; elapsed = 00:00:17 . Memory (MB): peak = 2877.031 ; gain = 0.000

Phase 2.2 Fix Topology Constraints
Phase 2.2 Fix Topology Constraints | Checksum: e43f8003

Time (s): cpu = 00:00:20 ; elapsed = 00:00:17 . Memory (MB): peak = 2877.031 ; gain = 0.000

Phase 2.3 Pre Route Cleanup
Phase 2.3 Pre Route Cleanup | Checksum: e43f8003

Time (s): cpu = 00:00:20 ; elapsed = 00:00:17 . Memory (MB): peak = 2877.031 ; gain = 0.000
 Number of Nodes with overlaps = 0

Phase 2.4 Update Timing
Phase 2.4 Update Timing | Checksum: 29145276d

Time (s): cpu = 00:00:23 ; elapsed = 00:00:19 . Memory (MB): peak = 2877.031 ; gain = 0.000
INFO: [Route 35-416] Intermediate Timing Summary | WNS=-4.882 | TNS=-4872.608| WHS=-0.257 | THS=-39.177|

Phase 2 Router Initialization | Checksum: 1de06034d

Time (s): cpu = 00:00:24 ; elapsed = 00:00:20 . Memory (MB): peak = 2877.031 ; gain = 0.000

Phase 3 Initial Routing
Phase 3 Initial Routing | Checksum: 189a49cee

Time (s): cpu = 00:00:45 ; elapsed = 00:00:31 . Memory (MB): peak = 2877.031 ; gain = 0.000

Phase 4 Rip-up And Reroute

Phase 4.1 Global Iteration 0
 Number of Nodes with overlaps = 2664
 Number of Nodes with overlaps = 623
 Number of Nodes with overlaps = 237
 Number of Nodes with overlaps = 77
 Number of Nodes with overlaps = 43
 Number of Nodes with overlaps = 15
 Number of Nodes with overlaps = 2
 Number of Nodes with overlaps = 1
 Number of Nodes with overlaps = 1
 Number of Nodes with overlaps = 0
INFO: [Route 35-416] Intermediate Timing Summary | WNS=-5.634 | TNS=-7092.359| WHS=N/A    | THS=N/A    |

Phase 4.1 Global Iteration 0 | Checksum: 352748004

Time (s): cpu = 00:01:21 ; elapsed = 00:00:54 . Memory (MB): peak = 2877.031 ; gain = 0.000

Phase 4.2 Global Iteration 1
 Number of Nodes with overlaps = 176
 Number of Nodes with overlaps = 89
 Number of Nodes with overlaps = 51
 Number of Nodes with overlaps = 15
 Number of Nodes with overlaps = 6
 Number of Nodes with overlaps = 5
 Number of Nodes with overlaps = 3
 Number of Nodes with overlaps = 3
 Number of Nodes with overlaps = 1
 Number of Nodes with overlaps = 1
 Number of Nodes with overlaps = 1
 Number of Nodes with overlaps = 0
INFO: [Route 35-416] Intermediate Timing Summary | WNS=-5.461 | TNS=-7120.569| WHS=N/A    | THS=N/A    |

Phase 4.2 Global Iteration 1 | Checksum: 2281af2d2

Time (s): cpu = 00:01:26 ; elapsed = 00:00:58 . Memory (MB): peak = 2877.031 ; gain = 0.000

Phase 4.3 Global Iteration 2
 Number of Nodes with overlaps = 419
 Number of Nodes with overlaps = 324
 Number of Nodes with overlaps = 177
 Number of Nodes with overlaps = 96
 Number of Nodes with overlaps = 66
 Number of Nodes with overlaps = 33
 Number of Nodes with overlaps = 21
 Number of Nodes with overlaps = 22
 Number of Nodes with overlaps = 15
 Number of Nodes with overlaps = 9
 Number of Nodes with overlaps = 11
 Number of Nodes with overlaps = 4
 Number of Nodes with overlaps = 4
 Number of Nodes with overlaps = 1
 Number of Nodes with overlaps = 0
INFO: [Route 35-416] Intermediate Timing Summary | WNS=-5.378 | TNS=-7103.086| WHS=N/A    | THS=N/A    |

Phase 4.3 Global Iteration 2 | Checksum: 1f13f777b

Time (s): cpu = 00:01:38 ; elapsed = 00:01:06 . Memory (MB): peak = 2877.031 ; gain = 0.000

Phase 4.4 Global Iteration 3
 Number of Nodes with overlaps = 237
 Number of Nodes with overlaps = 140
 Number of Nodes with overlaps = 75
 Number of Nodes with overlaps = 85
 Number of Nodes with overlaps = 39
 Number of Nodes with overlaps = 22
 Number of Nodes with overlaps = 20
 Number of Nodes with overlaps = 19
 Number of Nodes with overlaps = 17
 Number of Nodes with overlaps = 10
 Number of Nodes with overlaps = 5
 Number of Nodes with overlaps = 5
 Number of Nodes with overlaps = 5
 Number of Nodes with overlaps = 4
 Number of Nodes with overlaps = 2
 Number of Nodes with overlaps = 3
 Number of Nodes with overlaps = 3
 Number of Nodes with overlaps = 0
INFO: [Route 35-416] Intermediate Timing Summary | WNS=-5.409 | TNS=-7067.729| WHS=N/A    | THS=N/A    |

Phase 4.4 Global Iteration 3 | Checksum: 1e5049aeb

Time (s): cpu = 00:01:55 ; elapsed = 00:01:19 . Memory (MB): peak = 2877.031 ; gain = 0.000
Phase 4 Rip-up And Reroute | Checksum: 1e5049aeb

Time (s): cpu = 00:01:55 ; elapsed = 00:01:19 . Memory (MB): peak = 2877.031 ; gain = 0.000

Phase 5 Delay and Skew Optimization

Phase 5.1 Delay CleanUp

Phase 5.1.1 Update Timing
Phase 5.1.1 Update Timing | Checksum: 2215acb3c

Time (s): cpu = 00:01:56 ; elapsed = 00:01:19 . Memory (MB): peak = 2877.031 ; gain = 0.000
INFO: [Route 35-416] Intermediate Timing Summary | WNS=-5.378 | TNS=-7103.086| WHS=N/A    | THS=N/A    |

 Number of Nodes with overlaps = 0
Phase 5.1 Delay CleanUp | Checksum: 1fc389c3b

Time (s): cpu = 00:01:57 ; elapsed = 00:01:20 . Memory (MB): peak = 2877.031 ; gain = 0.000

Phase 5.2 Clock Skew Optimization
Phase 5.2 Clock Skew Optimization | Checksum: 1fc389c3b

Time (s): cpu = 00:01:57 ; elapsed = 00:01:20 . Memory (MB): peak = 2877.031 ; gain = 0.000
Phase 5 Delay and Skew Optimization | Checksum: 1fc389c3b

Time (s): cpu = 00:01:57 ; elapsed = 00:01:20 . Memory (MB): peak = 2877.031 ; gain = 0.000

Phase 6 Post Hold Fix

Phase 6.1 Hold Fix Iter

Phase 6.1.1 Update Timing
Phase 6.1.1 Update Timing | Checksum: 20c4e0b03

Time (s): cpu = 00:01:58 ; elapsed = 00:01:20 . Memory (MB): peak = 2877.031 ; gain = 0.000
INFO: [Route 35-416] Intermediate Timing Summary | WNS=-5.359 | TNS=-7097.168| WHS=-0.062 | THS=-0.068 |


Phase 6.1.2 Lut RouteThru Assignment for hold
Phase 6.1.2 Lut RouteThru Assignment for hold | Checksum: 24417fa75

Time (s): cpu = 00:01:59 ; elapsed = 00:01:21 . Memory (MB): peak = 2877.031 ; gain = 0.000
Phase 6.1 Hold Fix Iter | Checksum: 24417fa75

Time (s): cpu = 00:01:59 ; elapsed = 00:01:21 . Memory (MB): peak = 2877.031 ; gain = 0.000

Phase 6.2 Additional Hold Fix
INFO: [Route 35-416] Intermediate Timing Summary | WNS=-5.362 | TNS=-7099.469| WHS=0.045  | THS=0.000  |

Phase 6.2 Additional Hold Fix | Checksum: 1b15fe2ba

Time (s): cpu = 00:02:00 ; elapsed = 00:01:22 . Memory (MB): peak = 2877.031 ; gain = 0.000
WARNING: [Route 35-468] The router encountered 10 pins that are both setup-critical and hold-critical and tried to fix hold violations at the expense of setup slack. Such pins are:
	design_1_i/RISC_BENCHMARK_IP/inst/cv32e40x_wrapper_i/dp_ram_1/memory_reg_0_4/ADDRBWRADDR[13]
	design_1_i/RISC_BENCHMARK_IP/inst/cv32e40x_wrapper_i/dp_ram_1/memory_reg_0_4/ADDRBWRADDR[13]
	design_1_i/RISC_BENCHMARK_IP/inst/cv32e40x_wrapper_i/dp_ram_1/memory_reg_0_4/ADDRBWRADDR[5]
	design_1_i/RISC_BENCHMARK_IP/inst/cv32e40x_wrapper_i/dp_ram_1/memory_reg_0_4/ADDRBWRADDR[5]
	design_1_i/RISC_BENCHMARK_IP/inst/cv32e40x_wrapper_i/dp_ram_2/memory_reg_0_4/ADDRBWRADDR[5]
	design_1_i/RISC_BENCHMARK_IP/inst/cv32e40x_wrapper_i/dp_ram_2/memory_reg_0_4/ADDRBWRADDR[5]
	design_1_i/RISC_BENCHMARK_IP/inst/cv32e40x_wrapper_i/dp_ram_3/memory_reg_0_6/ADDRBWRADDR[5]
	design_1_i/RISC_BENCHMARK_IP/inst/cv32e40x_wrapper_i/dp_ram_3/memory_reg_0_6/ADDRBWRADDR[5]
	design_1_i/RISC_BENCHMARK_IP/inst/cv32e40x_wrapper_i/dp_ram_4/memory_reg_0_4/ADDRBWRADDR[5]
	design_1_i/RISC_BENCHMARK_IP/inst/cv32e40x_wrapper_i/dp_ram_4/memory_reg_0_4/ADDRBWRADDR[5]

Phase 6 Post Hold Fix | Checksum: 242a8a1e8

Time (s): cpu = 00:02:00 ; elapsed = 00:01:22 . Memory (MB): peak = 2877.031 ; gain = 0.000

Phase 7 Route finalize

Router Utilization Summary
  Global Vertical Routing Utilization    = 3.66159 %
  Global Horizontal Routing Utilization  = 4.21095 %
  Routable Net Status*
  *Does not include unroutable nets such as driverless and loadless.
  Run report_route_status for detailed report.
  Number of Failed Nets               = 0
  Number of Unrouted Nets             = 0
  Number of Partially Routed Nets     = 0
  Number of Node Overlaps             = 0

Congestion Report
North Dir 1x1 Area, Max Cong = 81.982%, No Congested Regions.
South Dir 1x1 Area, Max Cong = 88.2883%, Congestion bounded by tiles (Lower Left Tile -> Upper Right Tile):
   INT_R_X19Y22 -> INT_R_X19Y22
East Dir 2x2 Area, Max Cong = 92.9688%, Congestion bounded by tiles (Lower Left Tile -> Upper Right Tile):
   INT_L_X30Y26 -> INT_R_X31Y27
   INT_L_X30Y18 -> INT_R_X31Y19
West Dir 1x1 Area, Max Cong = 100%, Congestion bounded by tiles (Lower Left Tile -> Upper Right Tile):
   INT_R_X35Y29 -> INT_R_X35Y29
   INT_L_X34Y26 -> INT_L_X34Y26
   INT_L_X34Y25 -> INT_L_X34Y25
   INT_R_X21Y23 -> INT_R_X21Y23
   INT_L_X34Y23 -> INT_L_X34Y23

------------------------------
Reporting congestion hotspots
------------------------------
Direction: North
----------------
Congested clusters found at Level 0
Effective congestion level: 0 Aspect Ratio: 1 Sparse Ratio: 0
Direction: South
----------------
Congested clusters found at Level 0
Effective congestion level: 0 Aspect Ratio: 1 Sparse Ratio: 1
Direction: East
----------------
Congested clusters found at Level 1
Effective congestion level: 2 Aspect Ratio: 0.25 Sparse Ratio: 1
Direction: West
----------------
Congested clusters found at Level 0
Effective congestion level: 1 Aspect Ratio: 0.5 Sparse Ratio: 0.5

Phase 7 Route finalize | Checksum: 23961a26f

Time (s): cpu = 00:02:00 ; elapsed = 00:01:22 . Memory (MB): peak = 2877.031 ; gain = 0.000

Phase 8 Verifying routed nets

 Verification completed successfully
Phase 8 Verifying routed nets | Checksum: 23961a26f

Time (s): cpu = 00:02:00 ; elapsed = 00:01:22 . Memory (MB): peak = 2877.031 ; gain = 0.000

Phase 9 Depositing Routes
Phase 9 Depositing Routes | Checksum: 2a3ff8d74

Time (s): cpu = 00:02:01 ; elapsed = 00:01:24 . Memory (MB): peak = 2877.031 ; gain = 0.000

Phase 10 Post Router Timing
INFO: [Route 35-57] Estimated Timing Summary | WNS=-5.362 | TNS=-7099.469| WHS=0.045  | THS=0.000  |

WARNING: [Route 35-328] Router estimated timing not met.
Resolution: For a complete and accurate timing signoff, report_timing_summary must be run after route_design. Alternatively, route_design can be run with the -timing_summary option to enable a complete timing signoff at the end of route_design.
Phase 10 Post Router Timing | Checksum: 2a3ff8d74

Time (s): cpu = 00:02:01 ; elapsed = 00:01:24 . Memory (MB): peak = 2877.031 ; gain = 0.000
INFO: [Route 35-16] Router Completed Successfully

Time (s): cpu = 00:02:03 ; elapsed = 00:01:25 . Memory (MB): peak = 2877.031 ; gain = 0.000

Routing Is Done.
INFO: [Common 17-83] Releasing license: Implementation
16 Infos, 2 Warnings, 0 Critical Warnings and 0 Errors encountered.
route_design completed successfully
route_design: Time (s): cpu = 00:02:05 ; elapsed = 00:01:27 . Memory (MB): peak = 2877.031 ; gain = 0.000
write_bitstream -force -file ./$benchmarkname/$benchmarkname.bit
Command: write_bitstream -force -file ./falcon512int/falcon512int.bit
Attempting to get a license for feature 'Implementation' and/or device 'xc7z020'
INFO: [Common 17-349] Got license for feature 'Implementation' and/or device 'xc7z020'
Running DRC as a precondition to command write_bitstream
INFO: [IP_Flow 19-1839] IP Catalog is up to date.
INFO: [DRC 23-27] Running DRC with 2 threads
WARNING: [DRC CHECK-3] Report rule limit reached: REQP-1839 rule limit reached: 20 violations have been found.
WARNING: [DRC DPIP-1] Input pipelining: DSP design_1_i/RISC_BENCHMARK_IP/inst/cv32e40x_wrapper_i/cv32e40x_core_i/ex_stage_i/mul.mult_i/int_result input design_1_i/RISC_BENCHMARK_IP/inst/cv32e40x_wrapper_i/cv32e40x_core_i/ex_stage_i/mul.mult_i/int_result/A[29:0] is not pipelined. Pipelining DSP48 input will improve performance.
WARNING: [DRC DPIP-1] Input pipelining: DSP design_1_i/RISC_BENCHMARK_IP/inst/cv32e40x_wrapper_i/cv32e40x_core_i/ex_stage_i/mul.mult_i/int_result input design_1_i/RISC_BENCHMARK_IP/inst/cv32e40x_wrapper_i/cv32e40x_core_i/ex_stage_i/mul.mult_i/int_result/B[17:0] is not pipelined. Pipelining DSP48 input will improve performance.
WARNING: [DRC DPIP-1] Input pipelining: DSP design_1_i/RISC_BENCHMARK_IP/inst/cv32e40x_wrapper_i/cv32e40x_core_i/ex_stage_i/mul.mult_i/int_result__0 input design_1_i/RISC_BENCHMARK_IP/inst/cv32e40x_wrapper_i/cv32e40x_core_i/ex_stage_i/mul.mult_i/int_result__0/A[29:0] is not pipelined. Pipelining DSP48 input will improve performance.
WARNING: [DRC DPIP-1] Input pipelining: DSP design_1_i/RISC_BENCHMARK_IP/inst/cv32e40x_wrapper_i/cv32e40x_core_i/ex_stage_i/mul.mult_i/int_result__0 input design_1_i/RISC_BENCHMARK_IP/inst/cv32e40x_wrapper_i/cv32e40x_core_i/ex_stage_i/mul.mult_i/int_result__0/B[17:0] is not pipelined. Pipelining DSP48 input will improve performance.
WARNING: [DRC DPIP-1] Input pipelining: DSP design_1_i/RISC_BENCHMARK_IP/inst/cv32e40x_wrapper_i/cv32e40x_core_i/ex_stage_i/mul.mult_i/int_result__1 input design_1_i/RISC_BENCHMARK_IP/inst/cv32e40x_wrapper_i/cv32e40x_core_i/ex_stage_i/mul.mult_i/int_result__1/B[17:0] is not pipelined. Pipelining DSP48 input will improve performance.
WARNING: [DRC DPOP-1] PREG Output pipelining: DSP design_1_i/RISC_BENCHMARK_IP/inst/cv32e40x_wrapper_i/cv32e40x_core_i/ex_stage_i/mul.mult_i/int_result output design_1_i/RISC_BENCHMARK_IP/inst/cv32e40x_wrapper_i/cv32e40x_core_i/ex_stage_i/mul.mult_i/int_result/P[47:0] is not pipelined (PREG=0). Pipelining the DSP48 output will improve performance and often saves power so it is suggested whenever possible to fully pipeline this function.  If this DSP48 function was inferred, it is suggested to describe an additional register stage after this function.  If the DSP48 was instantiated in the design, it is suggested to set the PREG attribute to 1.
WARNING: [DRC DPOP-1] PREG Output pipelining: DSP design_1_i/RISC_BENCHMARK_IP/inst/cv32e40x_wrapper_i/cv32e40x_core_i/ex_stage_i/mul.mult_i/int_result__0 output design_1_i/RISC_BENCHMARK_IP/inst/cv32e40x_wrapper_i/cv32e40x_core_i/ex_stage_i/mul.mult_i/int_result__0/P[47:0] is not pipelined (PREG=0). Pipelining the DSP48 output will improve performance and often saves power so it is suggested whenever possible to fully pipeline this function.  If this DSP48 function was inferred, it is suggested to describe an additional register stage after this function.  If the DSP48 was instantiated in the design, it is suggested to set the PREG attribute to 1.
WARNING: [DRC DPOP-1] PREG Output pipelining: DSP design_1_i/RISC_BENCHMARK_IP/inst/cv32e40x_wrapper_i/cv32e40x_core_i/ex_stage_i/mul.mult_i/int_result__1 output design_1_i/RISC_BENCHMARK_IP/inst/cv32e40x_wrapper_i/cv32e40x_core_i/ex_stage_i/mul.mult_i/int_result__1/P[47:0] is not pipelined (PREG=0). Pipelining the DSP48 output will improve performance and often saves power so it is suggested whenever possible to fully pipeline this function.  If this DSP48 function was inferred, it is suggested to describe an additional register stage after this function.  If the DSP48 was instantiated in the design, it is suggested to set the PREG attribute to 1.
WARNING: [DRC DPOP-2] MREG Output pipelining: DSP design_1_i/RISC_BENCHMARK_IP/inst/cv32e40x_wrapper_i/cv32e40x_core_i/ex_stage_i/mul.mult_i/int_result multiplier stage design_1_i/RISC_BENCHMARK_IP/inst/cv32e40x_wrapper_i/cv32e40x_core_i/ex_stage_i/mul.mult_i/int_result/P[47:0] is not pipelined (MREG=0). Pipelining the multiplier function will improve performance and will save significant power so it is suggested whenever possible to fully pipeline this function.  If this multiplier was inferred, it is suggested to describe an additional register stage after this function.  If there is no registered adder/accumulator following the multiply function, two pipeline stages are suggested to allow both the MREG and PREG registers to be used.  If the DSP48 was instantiated in the design, it is suggested to set both the MREG and PREG attributes to 1 when performing multiply functions.
WARNING: [DRC DPOP-2] MREG Output pipelining: DSP design_1_i/RISC_BENCHMARK_IP/inst/cv32e40x_wrapper_i/cv32e40x_core_i/ex_stage_i/mul.mult_i/int_result__0 multiplier stage design_1_i/RISC_BENCHMARK_IP/inst/cv32e40x_wrapper_i/cv32e40x_core_i/ex_stage_i/mul.mult_i/int_result__0/P[47:0] is not pipelined (MREG=0). Pipelining the multiplier function will improve performance and will save significant power so it is suggested whenever possible to fully pipeline this function.  If this multiplier was inferred, it is suggested to describe an additional register stage after this function.  If there is no registered adder/accumulator following the multiply function, two pipeline stages are suggested to allow both the MREG and PREG registers to be used.  If the DSP48 was instantiated in the design, it is suggested to set both the MREG and PREG attributes to 1 when performing multiply functions.
WARNING: [DRC DPOP-2] MREG Output pipelining: DSP design_1_i/RISC_BENCHMARK_IP/inst/cv32e40x_wrapper_i/cv32e40x_core_i/ex_stage_i/mul.mult_i/int_result__1 multiplier stage design_1_i/RISC_BENCHMARK_IP/inst/cv32e40x_wrapper_i/cv32e40x_core_i/ex_stage_i/mul.mult_i/int_result__1/P[47:0] is not pipelined (MREG=0). Pipelining the multiplier function will improve performance and will save significant power so it is suggested whenever possible to fully pipeline this function.  If this multiplier was inferred, it is suggested to describe an additional register stage after this function.  If there is no registered adder/accumulator following the multiply function, two pipeline stages are suggested to allow both the MREG and PREG registers to be used.  If the DSP48 was instantiated in the design, it is suggested to set both the MREG and PREG attributes to 1 when performing multiply functions.
WARNING: [DRC PDRC-153] Gated clock check: Net design_1_i/CLK_Gate_0/inst/clk_o is a gated clock net sourced by a combinational pin design_1_i/CLK_Gate_0/inst/clk_o_INST_0/O, cell design_1_i/CLK_Gate_0/inst/clk_o_INST_0. This is not good design practice and will likely impact performance. For SLICE registers, for example, use the CE pin to control the loading of data.
WARNING: [DRC PLHOLDVIO-2] Non-Optimal connections which could lead to hold violations: A LUT design_1_i/CLK_Gate_0/inst/clk_o_INST_0 is driving clock pin of 2388 cells. This could lead to large hold time violations. First few involved cells are:
    design_1_i/RISC_BENCHMARK_IP/inst/cv32e40x_wrapper_i/cv32e40x_core_i/controller_i/controller_fsm_i/FSM_sequential_ctrl_fsm_cs_reg[0] {FDCE}
    design_1_i/RISC_BENCHMARK_IP/inst/cv32e40x_wrapper_i/cv32e40x_core_i/controller_i/controller_fsm_i/FSM_sequential_ctrl_fsm_cs_reg[1] {FDCE}
    design_1_i/RISC_BENCHMARK_IP/inst/cv32e40x_wrapper_i/cv32e40x_core_i/controller_i/controller_fsm_i/branch_taken_q_reg {FDCE}
    design_1_i/RISC_BENCHMARK_IP/inst/cv32e40x_wrapper_i/cv32e40x_core_i/controller_i/controller_fsm_i/csr_flush_ack_q_reg {FDCE}
    design_1_i/RISC_BENCHMARK_IP/inst/cv32e40x_wrapper_i/cv32e40x_core_i/controller_i/controller_fsm_i/debug_cause_q_reg[0] {FDCE}
    design_1_i/RISC_BENCHMARK_IP/inst/cv32e40x_wrapper_i/cv32e40x_core_i/controller_i/controller_fsm_i/debug_cause_q_reg[1] {FDCE}
    design_1_i/RISC_BENCHMARK_IP/inst/cv32e40x_wrapper_i/cv32e40x_core_i/controller_i/controller_fsm_i/debug_cause_q_reg[2] {FDCE}
    design_1_i/RISC_BENCHMARK_IP/inst/cv32e40x_wrapper_i/cv32e40x_core_i/controller_i/controller_fsm_i/debug_mode_q_reg {FDCE}
    design_1_i/RISC_BENCHMARK_IP/inst/cv32e40x_wrapper_i/cv32e40x_core_i/controller_i/controller_fsm_i/fence_req_q_reg {FDCE}
WARNING: [DRC REQP-1839] RAMB36 async control check: The RAMB36E1 design_1_i/RISC_BENCHMARK_IP/inst/cv32e40x_wrapper_i/dp_ram_1/memory_reg_0_0 has an input control pin design_1_i/RISC_BENCHMARK_IP/inst/cv32e40x_wrapper_i/dp_ram_1/memory_reg_0_0/ADDRARDADDR[14] (net: design_1_i/RISC_BENCHMARK_IP/inst/cv32e40x_wrapper_i/dp_ram_1/mem_address_b[16]) which is driven by a register (design_1_i/RISC_BENCHMARK_IP/inst/cv32e40x_wrapper_i/cv32e40x_core_i/id_stage_i/id_ex_pipe_o_reg[alu_operand_a][12]) that has an active asychronous set or reset. This may cause corruption of the memory contents and/or read values when the set/reset is asserted and is not analyzed by the default static timing analysis. It is suggested to eliminate the use of a set/reset to registers driving this RAMB pin or else use a synchronous reset in which the assertion of the reset is timed by default.
WARNING: [DRC REQP-1839] RAMB36 async control check: The RAMB36E1 design_1_i/RISC_BENCHMARK_IP/inst/cv32e40x_wrapper_i/dp_ram_1/memory_reg_0_0 has an input control pin design_1_i/RISC_BENCHMARK_IP/inst/cv32e40x_wrapper_i/dp_ram_1/memory_reg_0_0/ADDRARDADDR[14] (net: design_1_i/RISC_BENCHMARK_IP/inst/cv32e40x_wrapper_i/dp_ram_1/mem_address_b[16]) which is driven by a register (design_1_i/RISC_BENCHMARK_IP/inst/cv32e40x_wrapper_i/cv32e40x_core_i/id_stage_i/id_ex_pipe_o_reg[alu_operand_a][13]) that has an active asychronous set or reset. This may cause corruption of the memory contents and/or read values when the set/reset is asserted and is not analyzed by the default static timing analysis. It is suggested to eliminate the use of a set/reset to registers driving this RAMB pin or else use a synchronous reset in which the assertion of the reset is timed by default.
WARNING: [DRC REQP-1839] RAMB36 async control check: The RAMB36E1 design_1_i/RISC_BENCHMARK_IP/inst/cv32e40x_wrapper_i/dp_ram_1/memory_reg_0_0 has an input control pin design_1_i/RISC_BENCHMARK_IP/inst/cv32e40x_wrapper_i/dp_ram_1/memory_reg_0_0/ADDRARDADDR[14] (net: design_1_i/RISC_BENCHMARK_IP/inst/cv32e40x_wrapper_i/dp_ram_1/mem_address_b[16]) which is driven by a register (design_1_i/RISC_BENCHMARK_IP/inst/cv32e40x_wrapper_i/cv32e40x_core_i/id_stage_i/id_ex_pipe_o_reg[alu_operand_a][14]) that has an active asychronous set or reset. This may cause corruption of the memory contents and/or read values when the set/reset is asserted and is not analyzed by the default static timing analysis. It is suggested to eliminate the use of a set/reset to registers driving this RAMB pin or else use a synchronous reset in which the assertion of the reset is timed by default.
WARNING: [DRC REQP-1839] RAMB36 async control check: The RAMB36E1 design_1_i/RISC_BENCHMARK_IP/inst/cv32e40x_wrapper_i/dp_ram_1/memory_reg_0_0 has an input control pin design_1_i/RISC_BENCHMARK_IP/inst/cv32e40x_wrapper_i/dp_ram_1/memory_reg_0_0/ADDRARDADDR[14] (net: design_1_i/RISC_BENCHMARK_IP/inst/cv32e40x_wrapper_i/dp_ram_1/mem_address_b[16]) which is driven by a register (design_1_i/RISC_BENCHMARK_IP/inst/cv32e40x_wrapper_i/cv32e40x_core_i/id_stage_i/id_ex_pipe_o_reg[alu_operand_a][15]) that has an active asychronous set or reset. This may cause corruption of the memory contents and/or read values when the set/reset is asserted and is not analyzed by the default static timing analysis. It is suggested to eliminate the use of a set/reset to registers driving this RAMB pin or else use a synchronous reset in which the assertion of the reset is timed by default.
WARNING: [DRC REQP-1839] RAMB36 async control check: The RAMB36E1 design_1_i/RISC_BENCHMARK_IP/inst/cv32e40x_wrapper_i/dp_ram_1/memory_reg_0_0 has an input control pin design_1_i/RISC_BENCHMARK_IP/inst/cv32e40x_wrapper_i/dp_ram_1/memory_reg_0_0/ADDRARDADDR[14] (net: design_1_i/RISC_BENCHMARK_IP/inst/cv32e40x_wrapper_i/dp_ram_1/mem_address_b[16]) which is driven by a register (design_1_i/RISC_BENCHMARK_IP/inst/cv32e40x_wrapper_i/cv32e40x_core_i/id_stage_i/id_ex_pipe_o_reg[alu_operand_a][16]) that has an active asychronous set or reset. This may cause corruption of the memory contents and/or read values when the set/reset is asserted and is not analyzed by the default static timing analysis. It is suggested to eliminate the use of a set/reset to registers driving this RAMB pin or else use a synchronous reset in which the assertion of the reset is timed by default.
WARNING: [DRC REQP-1839] RAMB36 async control check: The RAMB36E1 design_1_i/RISC_BENCHMARK_IP/inst/cv32e40x_wrapper_i/dp_ram_1/memory_reg_0_0 has an input control pin design_1_i/RISC_BENCHMARK_IP/inst/cv32e40x_wrapper_i/dp_ram_1/memory_reg_0_0/ADDRARDADDR[14] (net: design_1_i/RISC_BENCHMARK_IP/inst/cv32e40x_wrapper_i/dp_ram_1/mem_address_b[16]) which is driven by a register (design_1_i/RISC_BENCHMARK_IP/inst/cv32e40x_wrapper_i/cv32e40x_core_i/id_stage_i/id_ex_pipe_o_reg[alu_operand_a][17]) that has an active asychronous set or reset. This may cause corruption of the memory contents and/or read values when the set/reset is asserted and is not analyzed by the default static timing analysis. It is suggested to eliminate the use of a set/reset to registers driving this RAMB pin or else use a synchronous reset in which the assertion of the reset is timed by default.
WARNING: [DRC REQP-1839] RAMB36 async control check: The RAMB36E1 design_1_i/RISC_BENCHMARK_IP/inst/cv32e40x_wrapper_i/dp_ram_1/memory_reg_0_0 has an input control pin design_1_i/RISC_BENCHMARK_IP/inst/cv32e40x_wrapper_i/dp_ram_1/memory_reg_0_0/ADDRARDADDR[14] (net: design_1_i/RISC_BENCHMARK_IP/inst/cv32e40x_wrapper_i/dp_ram_1/mem_address_b[16]) which is driven by a register (design_1_i/RISC_BENCHMARK_IP/inst/cv32e40x_wrapper_i/cv32e40x_core_i/id_stage_i/id_ex_pipe_o_reg[alu_operand_a][18]) that has an active asychronous set or reset. This may cause corruption of the memory contents and/or read values when the set/reset is asserted and is not analyzed by the default static timing analysis. It is suggested to eliminate the use of a set/reset to registers driving this RAMB pin or else use a synchronous reset in which the assertion of the reset is timed by default.
WARNING: [DRC REQP-1839] RAMB36 async control check: The RAMB36E1 design_1_i/RISC_BENCHMARK_IP/inst/cv32e40x_wrapper_i/dp_ram_1/memory_reg_0_0 has an input control pin design_1_i/RISC_BENCHMARK_IP/inst/cv32e40x_wrapper_i/dp_ram_1/memory_reg_0_0/ADDRARDADDR[14] (net: design_1_i/RISC_BENCHMARK_IP/inst/cv32e40x_wrapper_i/dp_ram_1/mem_address_b[16]) which is driven by a register (design_1_i/RISC_BENCHMARK_IP/inst/cv32e40x_wrapper_i/cv32e40x_core_i/id_stage_i/id_ex_pipe_o_reg[alu_operand_a][19]) that has an active asychronous set or reset. This may cause corruption of the memory contents and/or read values when the set/reset is asserted and is not analyzed by the default static timing analysis. It is suggested to eliminate the use of a set/reset to registers driving this RAMB pin or else use a synchronous reset in which the assertion of the reset is timed by default.
WARNING: [DRC REQP-1839] RAMB36 async control check: The RAMB36E1 design_1_i/RISC_BENCHMARK_IP/inst/cv32e40x_wrapper_i/dp_ram_1/memory_reg_0_0 has an input control pin design_1_i/RISC_BENCHMARK_IP/inst/cv32e40x_wrapper_i/dp_ram_1/memory_reg_0_0/ADDRARDADDR[14] (net: design_1_i/RISC_BENCHMARK_IP/inst/cv32e40x_wrapper_i/dp_ram_1/mem_address_b[16]) which is driven by a register (design_1_i/RISC_BENCHMARK_IP/inst/cv32e40x_wrapper_i/cv32e40x_core_i/id_stage_i/id_ex_pipe_o_reg[alu_operand_a][1]) that has an active asychronous set or reset. This may cause corruption of the memory contents and/or read values when the set/reset is asserted and is not analyzed by the default static timing analysis. It is suggested to eliminate the use of a set/reset to registers driving this RAMB pin or else use a synchronous reset in which the assertion of the reset is timed by default.
WARNING: [DRC REQP-1839] RAMB36 async control check: The RAMB36E1 design_1_i/RISC_BENCHMARK_IP/inst/cv32e40x_wrapper_i/dp_ram_1/memory_reg_0_0 has an input control pin design_1_i/RISC_BENCHMARK_IP/inst/cv32e40x_wrapper_i/dp_ram_1/memory_reg_0_0/ADDRARDADDR[14] (net: design_1_i/RISC_BENCHMARK_IP/inst/cv32e40x_wrapper_i/dp_ram_1/mem_address_b[16]) which is driven by a register (design_1_i/RISC_BENCHMARK_IP/inst/cv32e40x_wrapper_i/cv32e40x_core_i/id_stage_i/id_ex_pipe_o_reg[alu_operand_a][20]) that has an active asychronous set or reset. This may cause corruption of the memory contents and/or read values when the set/reset is asserted and is not analyzed by the default static timing analysis. It is suggested to eliminate the use of a set/reset to registers driving this RAMB pin or else use a synchronous reset in which the assertion of the reset is timed by default.
WARNING: [DRC REQP-1839] RAMB36 async control check: The RAMB36E1 design_1_i/RISC_BENCHMARK_IP/inst/cv32e40x_wrapper_i/dp_ram_1/memory_reg_0_0 has an input control pin design_1_i/RISC_BENCHMARK_IP/inst/cv32e40x_wrapper_i/dp_ram_1/memory_reg_0_0/ADDRARDADDR[14] (net: design_1_i/RISC_BENCHMARK_IP/inst/cv32e40x_wrapper_i/dp_ram_1/mem_address_b[16]) which is driven by a register (design_1_i/RISC_BENCHMARK_IP/inst/cv32e40x_wrapper_i/cv32e40x_core_i/id_stage_i/id_ex_pipe_o_reg[alu_operand_a][21]) that has an active asychronous set or reset. This may cause corruption of the memory contents and/or read values when the set/reset is asserted and is not analyzed by the default static timing analysis. It is suggested to eliminate the use of a set/reset to registers driving this RAMB pin or else use a synchronous reset in which the assertion of the reset is timed by default.
WARNING: [DRC REQP-1839] RAMB36 async control check: The RAMB36E1 design_1_i/RISC_BENCHMARK_IP/inst/cv32e40x_wrapper_i/dp_ram_1/memory_reg_0_0 has an input control pin design_1_i/RISC_BENCHMARK_IP/inst/cv32e40x_wrapper_i/dp_ram_1/memory_reg_0_0/ADDRARDADDR[14] (net: design_1_i/RISC_BENCHMARK_IP/inst/cv32e40x_wrapper_i/dp_ram_1/mem_address_b[16]) which is driven by a register (design_1_i/RISC_BENCHMARK_IP/inst/cv32e40x_wrapper_i/cv32e40x_core_i/id_stage_i/id_ex_pipe_o_reg[alu_operand_a][22]) that has an active asychronous set or reset. This may cause corruption of the memory contents and/or read values when the set/reset is asserted and is not analyzed by the default static timing analysis. It is suggested to eliminate the use of a set/reset to registers driving this RAMB pin or else use a synchronous reset in which the assertion of the reset is timed by default.
WARNING: [DRC REQP-1839] RAMB36 async control check: The RAMB36E1 design_1_i/RISC_BENCHMARK_IP/inst/cv32e40x_wrapper_i/dp_ram_1/memory_reg_0_0 has an input control pin design_1_i/RISC_BENCHMARK_IP/inst/cv32e40x_wrapper_i/dp_ram_1/memory_reg_0_0/ADDRARDADDR[14] (net: design_1_i/RISC_BENCHMARK_IP/inst/cv32e40x_wrapper_i/dp_ram_1/mem_address_b[16]) which is driven by a register (design_1_i/RISC_BENCHMARK_IP/inst/cv32e40x_wrapper_i/cv32e40x_core_i/id_stage_i/id_ex_pipe_o_reg[alu_operand_a][23]) that has an active asychronous set or reset. This may cause corruption of the memory contents and/or read values when the set/reset is asserted and is not analyzed by the default static timing analysis. It is suggested to eliminate the use of a set/reset to registers driving this RAMB pin or else use a synchronous reset in which the assertion of the reset is timed by default.
WARNING: [DRC REQP-1839] RAMB36 async control check: The RAMB36E1 design_1_i/RISC_BENCHMARK_IP/inst/cv32e40x_wrapper_i/dp_ram_1/memory_reg_0_0 has an input control pin design_1_i/RISC_BENCHMARK_IP/inst/cv32e40x_wrapper_i/dp_ram_1/memory_reg_0_0/ADDRARDADDR[14] (net: design_1_i/RISC_BENCHMARK_IP/inst/cv32e40x_wrapper_i/dp_ram_1/mem_address_b[16]) which is driven by a register (design_1_i/RISC_BENCHMARK_IP/inst/cv32e40x_wrapper_i/cv32e40x_core_i/id_stage_i/id_ex_pipe_o_reg[alu_operand_a][24]) that has an active asychronous set or reset. This may cause corruption of the memory contents and/or read values when the set/reset is asserted and is not analyzed by the default static timing analysis. It is suggested to eliminate the use of a set/reset to registers driving this RAMB pin or else use a synchronous reset in which the assertion of the reset is timed by default.
WARNING: [DRC REQP-1839] RAMB36 async control check: The RAMB36E1 design_1_i/RISC_BENCHMARK_IP/inst/cv32e40x_wrapper_i/dp_ram_1/memory_reg_0_0 has an input control pin design_1_i/RISC_BENCHMARK_IP/inst/cv32e40x_wrapper_i/dp_ram_1/memory_reg_0_0/ADDRARDADDR[14] (net: design_1_i/RISC_BENCHMARK_IP/inst/cv32e40x_wrapper_i/dp_ram_1/mem_address_b[16]) which is driven by a register (design_1_i/RISC_BENCHMARK_IP/inst/cv32e40x_wrapper_i/cv32e40x_core_i/id_stage_i/id_ex_pipe_o_reg[alu_operand_a][25]) that has an active asychronous set or reset. This may cause corruption of the memory contents and/or read values when the set/reset is asserted and is not analyzed by the default static timing analysis. It is suggested to eliminate the use of a set/reset to registers driving this RAMB pin or else use a synchronous reset in which the assertion of the reset is timed by default.
WARNING: [DRC REQP-1839] RAMB36 async control check: The RAMB36E1 design_1_i/RISC_BENCHMARK_IP/inst/cv32e40x_wrapper_i/dp_ram_1/memory_reg_0_0 has an input control pin design_1_i/RISC_BENCHMARK_IP/inst/cv32e40x_wrapper_i/dp_ram_1/memory_reg_0_0/ADDRARDADDR[14] (net: design_1_i/RISC_BENCHMARK_IP/inst/cv32e40x_wrapper_i/dp_ram_1/mem_address_b[16]) which is driven by a register (design_1_i/RISC_BENCHMARK_IP/inst/cv32e40x_wrapper_i/cv32e40x_core_i/id_stage_i/id_ex_pipe_o_reg[alu_operand_a][26]) that has an active asychronous set or reset. This may cause corruption of the memory contents and/or read values when the set/reset is asserted and is not analyzed by the default static timing analysis. It is suggested to eliminate the use of a set/reset to registers driving this RAMB pin or else use a synchronous reset in which the assertion of the reset is timed by default.
WARNING: [DRC REQP-1839] RAMB36 async control check: The RAMB36E1 design_1_i/RISC_BENCHMARK_IP/inst/cv32e40x_wrapper_i/dp_ram_1/memory_reg_0_0 has an input control pin design_1_i/RISC_BENCHMARK_IP/inst/cv32e40x_wrapper_i/dp_ram_1/memory_reg_0_0/ADDRARDADDR[14] (net: design_1_i/RISC_BENCHMARK_IP/inst/cv32e40x_wrapper_i/dp_ram_1/mem_address_b[16]) which is driven by a register (design_1_i/RISC_BENCHMARK_IP/inst/cv32e40x_wrapper_i/cv32e40x_core_i/id_stage_i/id_ex_pipe_o_reg[alu_operand_a][27]) that has an active asychronous set or reset. This may cause corruption of the memory contents and/or read values when the set/reset is asserted and is not analyzed by the default static timing analysis. It is suggested to eliminate the use of a set/reset to registers driving this RAMB pin or else use a synchronous reset in which the assertion of the reset is timed by default.
WARNING: [DRC REQP-1839] RAMB36 async control check: The RAMB36E1 design_1_i/RISC_BENCHMARK_IP/inst/cv32e40x_wrapper_i/dp_ram_1/memory_reg_0_0 has an input control pin design_1_i/RISC_BENCHMARK_IP/inst/cv32e40x_wrapper_i/dp_ram_1/memory_reg_0_0/ADDRARDADDR[14] (net: design_1_i/RISC_BENCHMARK_IP/inst/cv32e40x_wrapper_i/dp_ram_1/mem_address_b[16]) which is driven by a register (design_1_i/RISC_BENCHMARK_IP/inst/cv32e40x_wrapper_i/cv32e40x_core_i/id_stage_i/id_ex_pipe_o_reg[alu_operand_a][28]) that has an active asychronous set or reset. This may cause corruption of the memory contents and/or read values when the set/reset is asserted and is not analyzed by the default static timing analysis. It is suggested to eliminate the use of a set/reset to registers driving this RAMB pin or else use a synchronous reset in which the assertion of the reset is timed by default.
WARNING: [DRC REQP-1839] RAMB36 async control check: The RAMB36E1 design_1_i/RISC_BENCHMARK_IP/inst/cv32e40x_wrapper_i/dp_ram_1/memory_reg_0_0 has an input control pin design_1_i/RISC_BENCHMARK_IP/inst/cv32e40x_wrapper_i/dp_ram_1/memory_reg_0_0/ADDRARDADDR[14] (net: design_1_i/RISC_BENCHMARK_IP/inst/cv32e40x_wrapper_i/dp_ram_1/mem_address_b[16]) which is driven by a register (design_1_i/RISC_BENCHMARK_IP/inst/cv32e40x_wrapper_i/cv32e40x_core_i/id_stage_i/id_ex_pipe_o_reg[alu_operand_a][29]) that has an active asychronous set or reset. This may cause corruption of the memory contents and/or read values when the set/reset is asserted and is not analyzed by the default static timing analysis. It is suggested to eliminate the use of a set/reset to registers driving this RAMB pin or else use a synchronous reset in which the assertion of the reset is timed by default.
WARNING: [DRC REQP-1839] RAMB36 async control check: The RAMB36E1 design_1_i/RISC_BENCHMARK_IP/inst/cv32e40x_wrapper_i/dp_ram_1/memory_reg_0_0 has an input control pin design_1_i/RISC_BENCHMARK_IP/inst/cv32e40x_wrapper_i/dp_ram_1/memory_reg_0_0/ADDRARDADDR[14] (net: design_1_i/RISC_BENCHMARK_IP/inst/cv32e40x_wrapper_i/dp_ram_1/mem_address_b[16]) which is driven by a register (design_1_i/RISC_BENCHMARK_IP/inst/cv32e40x_wrapper_i/cv32e40x_core_i/id_stage_i/id_ex_pipe_o_reg[alu_operand_a][2]) that has an active asychronous set or reset. This may cause corruption of the memory contents and/or read values when the set/reset is asserted and is not analyzed by the default static timing analysis. It is suggested to eliminate the use of a set/reset to registers driving this RAMB pin or else use a synchronous reset in which the assertion of the reset is timed by default.
INFO: [Vivado 12-3199] DRC finished with 0 Errors, 34 Warnings
INFO: [Vivado 12-3200] Please refer to the DRC report (report_drc) for more information.
Partition "pblock_risc" Reconfigurable Module "design_1_i/RISC_BENCHMARK_IP/inst"
INFO: [Designutils 20-2272] Running write_bitstream with 2 threads.
Loading data files...
Loading site data...
Loading route data...
Processing options...
Creating bitmap...
Creating bitstream...
Writing bitstream ./falcon512int/falcon512int.bit...
Process Partition "pblock_risc"
INFO: [Designutils 20-2272] Running write_bitstream with 2 threads.
Loading data files...
Loading site data...
Loading route data...
Processing options...
Partition "pblock_risc" has RESET_AFTER_RECONFIG = TRUE.
Creating bitmap...
Creating bitstream...
Partial bitstream contains 11852640 bits.
Writing bitstream ./falcon512int/falcon512int_pblock_risc_partial.bit...
INFO: [Vivado 12-1842] Bitgen Completed Successfully.
INFO: [Common 17-83] Releasing license: Implementation
9 Infos, 34 Warnings, 0 Critical Warnings and 0 Errors encountered.
write_bitstream completed successfully
write_bitstream: Time (s): cpu = 00:00:28 ; elapsed = 00:00:24 . Memory (MB): peak = 2958.156 ; gain = 81.125
./falcon512int/falcon512int.bit
write_cfgmem -force -format BIN -interface SMAPx32 -disablebitswap -loadbit "up 0 ./$benchmarkname/${benchmarkname}_pblock_risc_partial.bit" ./$benchmarkname/${benchmarkname}_partial.bin
Command: write_cfgmem -force -format BIN -interface SMAPx32 -disablebitswap -loadbit {up 0 ./falcon512int/falcon512int_pblock_risc_partial.bit} ./falcon512int/falcon512int_partial.bin
Creating config memory files...
INFO: [Writecfgmem 68-23] Start address provided has been multiplied by a factor of 4 due to the use of interface SMAPX32.
Creating bitstream load up from address 0x00000000
Loading bitfile ./falcon512int/falcon512int_pblock_risc_partial.bit
WARNING: [Writecfgmem 68-32] Bitfile ./falcon512int/falcon512int_pblock_risc_partial.bit is a partial reconfiguration bitfile. It is not possible to validate that this bitfile is compatible with the SMAPX32 interface.
Memory size is calculated to be 2 MB
Writing file ./falcon512int/falcon512int_partial.bin
Writing log file ./falcon512int/falcon512int_partial.prm
===================================
Configuration Memory information
===================================
File Format        BIN
Interface          SMAPX32
Size               2M
Start Address      0x00000000
End Address        0x001FFFFF

Addr1         Addr2         Date                    File(s)
0x00000000    0x00169B6B    Oct 24 12:01:04 2023    ./falcon512int/falcon512int_pblock_risc_partial.bit
1 Infos, 1 Warnings, 0 Critical Warnings and 0 Errors encountered.
write_cfgmem completed successfully
export_ip_user_files -of_objects  [get_files C:/Users/aamalik3/Desktop/ICAP_Readback/Benchmarks/Checkpoints/${benchmarkname}.dcp] -no_script -reset -force -quiet
remove_files  C:/Users/aamalik3/Desktop/ICAP_Readback/Benchmarks/Checkpoints/${benchmarkname}.dcp
C:/Users/aamalik3/Desktop/ICAP_Readback/Benchmarks/Checkpoints/falcon512int.dcp
report_utilization -hierarchical > ./$benchmarkname/${benchmarkname}_.txt
Copyright 1986-2018 Xilinx, Inc. All Rights Reserved.
------------------------------------------------------------------------------------
| Tool Version : Vivado v.2018.2 (win64) Build 2258646 Thu Jun 14 20:03:12 MDT 2018
| Date         : Tue Oct 24 12:01:06 2023
| Host         : sophitia running 64-bit major release  (build 9200)
| Command      : report_utilization -hierarchical
| Design       : design_1_wrapper
| Device       : 7z020clg484-1
| Design State : Routed
------------------------------------------------------------------------------------

Utilization Design Information

Table of Contents
-----------------
1. Utilization by Hierarchy

1. Utilization by Hierarchy
---------------------------

+-----------------------------------------------------------------------------+------------------------------------------------------------------------------------+----------------+--------------+------------+------------+---------+------+------+--------+--------+--------------+
|                                   Instance                                  |                                       Module                                       |  PR Attribute  | Total PPLOCs | Total LUTs | Logic LUTs | LUTRAMs | SRLs |  FFs | RAMB36 | RAMB18 | DSP48 Blocks |
+-----------------------------------------------------------------------------+------------------------------------------------------------------------------------+----------------+--------------+------------+------------+---------+------+------+--------+--------+--------------+
| design_1_wrapper                                                            |                                                                              (top) |              - |           35 |       4790 |       4728 |       0 |   62 | 3441 |     32 |      0 |            3 |
|   (design_1_wrapper)                                                        |                                                                              (top) |              - |            - |          0 |          0 |       0 |    0 |    0 |      0 |      0 |            0 |
|   design_1_i                                                                |                                                                           design_1 |              - |            - |       4790 |       4728 |       0 |   62 | 3441 |     32 |      0 |            3 |
|     CLK_Gate_0                                                              |                                                              design_1_CLK_Gate_0_0 |         Static |            - |          1 |          1 |       0 |    0 |    1 |      0 |      0 |            0 |
|       inst                                                                  |                                                     design_1_CLK_Gate_0_0_CLK_Gate |         Static |            - |          1 |          1 |       0 |    0 |    1 |      0 |      0 |            0 |
|     RISC_BENCHMARK_IP                                                       |                                                     design_1_RISC_BENCHMARK_IP_0_0 |              - |            - |       4125 |       4125 |       0 |    0 | 2356 |     32 |      0 |            3 |
|       inst                                                                  |                                                                  RISC_BENCHMARK_IP | Reconfigurable |           35 |       4125 |       4125 |       0 |    0 | 2356 |     32 |      0 |            3 |
|         (inst)                                                              |                                                                  RISC_BENCHMARK_IP | Reconfigurable |            - |          0 |          0 |       0 |    0 |   33 |      0 |      0 |            0 |
|         cv32e40x_wrapper_i                                                  |                                                                   cv32e40x_wrapper | Reconfigurable |            - |       4125 |       4125 |       0 |    0 | 2323 |     32 |      0 |            3 |
|           (cv32e40x_wrapper_i)                                              |                                                                   cv32e40x_wrapper | Reconfigurable |            - |         48 |         48 |       0 |    0 |   35 |      0 |      0 |            0 |
|           cv32e40x_core_i                                                   |                                                                      cv32e40x_core | Reconfigurable |            - |       4060 |       4060 |       0 |    0 | 2288 |      0 |      0 |            3 |
|             controller_i                                                    |                                                                cv32e40x_controller | Reconfigurable |            - |         70 |         70 |       0 |    0 |   11 |      0 |      0 |            0 |
|               controller_fsm_i                                              |                                                            cv32e40x_controller_fsm | Reconfigurable |            - |         70 |         70 |       0 |    0 |   11 |      0 |      0 |            0 |
|             cs_registers_i                                                  |                                                              cv32e40x_cs_registers | Reconfigurable |            - |         93 |         93 |       0 |    0 |  424 |      0 |      0 |            0 |
|               (cs_registers_i)                                              |                                                              cv32e40x_cs_registers | Reconfigurable |            - |          0 |          0 |       0 |    0 |  130 |      0 |      0 |            0 |
|               basic_mode_csrs.mcause_csr_i                                  |                                                                       cv32e40x_csr | Reconfigurable |            - |          1 |          1 |       0 |    0 |   12 |      0 |      0 |            0 |
|               basic_mode_csrs.mie_csr_i                                     |                                                                     cv32e40x_csr_0 | Reconfigurable |            - |          1 |          1 |       0 |    0 |   19 |      0 |      0 |            0 |
|               basic_mode_csrs.mtvec_csr_i                                   |                                                       cv32e40x_csr__parameterized1 | Reconfigurable |            - |          0 |          0 |       0 |    0 |   26 |      0 |      0 |            0 |
|               debug_triggers_i                                              |                                                            cv32e40x_debug_triggers | Reconfigurable |            - |         84 |         84 |       0 |    0 |   44 |      0 |      0 |            0 |
|                 gen_triggers.tmatch_csr[0].tdata1_csr_i                     |                                                       cv32e40x_csr__parameterized3 | Reconfigurable |            - |         36 |         36 |       0 |    0 |   12 |      0 |      0 |            0 |
|                 gen_triggers.tmatch_csr[0].tdata2_csr_i                     |                                                                     cv32e40x_csr_7 | Reconfigurable |            - |         48 |         48 |       0 |    0 |   32 |      0 |      0 |            0 |
|               gen_debug_csr.dcsr_csr_i                                      |                                                       cv32e40x_csr__parameterized0 | Reconfigurable |            - |          1 |          1 |       0 |    0 |    7 |      0 |      0 |            0 |
|               gen_debug_csr.dpc_csr_i                                       |                                                                     cv32e40x_csr_1 | Reconfigurable |            - |          0 |          0 |       0 |    0 |   31 |      0 |      0 |            0 |
|               gen_debug_csr.dscratch0_csr_i                                 |                                                                     cv32e40x_csr_2 | Reconfigurable |            - |          1 |          1 |       0 |    0 |   32 |      0 |      0 |            0 |
|               gen_debug_csr.dscratch1_csr_i                                 |                                                                     cv32e40x_csr_3 | Reconfigurable |            - |          4 |          4 |       0 |    0 |   32 |      0 |      0 |            0 |
|               jvt_csr_i                                                     |                                                                     cv32e40x_csr_4 | Reconfigurable |            - |          1 |          1 |       0 |    0 |   26 |      0 |      0 |            0 |
|               mepc_csr_i                                                    |                                                                     cv32e40x_csr_5 | Reconfigurable |            - |          0 |          0 |       0 |    0 |   31 |      0 |      0 |            0 |
|               mscratch_csr_i                                                |                                                                     cv32e40x_csr_6 | Reconfigurable |            - |          0 |          0 |       0 |    0 |   32 |      0 |      0 |            0 |
|               mstatus_csr_i                                                 |                                                       cv32e40x_csr__parameterized2 | Reconfigurable |            - |          0 |          0 |       0 |    0 |    2 |      0 |      0 |            0 |
|             ex_stage_i                                                      |                                                                  cv32e40x_ex_stage | Reconfigurable |            - |        911 |        911 |       0 |    0 |  278 |      0 |      0 |            3 |
|               (ex_stage_i)                                                  |                                                                  cv32e40x_ex_stage | Reconfigurable |            - |        641 |        641 |       0 |    0 |  136 |      0 |      0 |            0 |
|               alu_i                                                         |                                                                       cv32e40x_alu | Reconfigurable |            - |          0 |          0 |       0 |    0 |    0 |      0 |      0 |            0 |
|               div.div_i                                                     |                                                                       cv32e40x_div | Reconfigurable |            - |        183 |        183 |       0 |    0 |  107 |      0 |      0 |            0 |
|               mul.mult_i                                                    |                                                                      cv32e40x_mult | Reconfigurable |            - |         87 |         87 |       0 |    0 |   35 |      0 |      0 |            3 |
|             id_stage_i                                                      |                                                                  cv32e40x_id_stage | Reconfigurable |            - |       1050 |       1050 |       0 |    0 |  238 |      0 |      0 |            0 |
|               (id_stage_i)                                                  |                                                                  cv32e40x_id_stage | Reconfigurable |            - |       1050 |       1050 |       0 |    0 |  238 |      0 |      0 |            0 |
|               cv32e40x_pc_target_i                                          |                                                                 cv32e40x_pc_target | Reconfigurable |            - |          0 |          0 |       0 |    0 |    0 |      0 |      0 |            0 |
|             if_stage_i                                                      |                                                                  cv32e40x_if_stage | Reconfigurable |            - |       1085 |       1085 |       0 |    0 |  292 |      0 |      0 |            0 |
|               (if_stage_i)                                                  |                                                                  cv32e40x_if_stage | Reconfigurable |            - |        294 |        294 |       0 |    0 |  108 |      0 |      0 |            0 |
|               gen_seq.sequencer_i                                           |                                                                 cv32e40x_sequencer | Reconfigurable |            - |         48 |         48 |       0 |    0 |    7 |      0 |      0 |            0 |
|               mpu_i                                                         |                                                                       cv32e40x_mpu | Reconfigurable |            - |          3 |          3 |       0 |    0 |    2 |      0 |      0 |            0 |
|               prefetch_unit_i                                               |                                                             cv32e40x_prefetch_unit | Reconfigurable |            - |        742 |        742 |       0 |    0 |  175 |      0 |      0 |            0 |
|                 alignment_buffer_i                                          |                                                          cv32e40x_alignment_buffer | Reconfigurable |            - |        695 |        695 |       0 |    0 |  155 |      0 |      0 |            0 |
|                 prefetcher_i                                                |                                                                cv32e40x_prefetcher | Reconfigurable |            - |         47 |         47 |       0 |    0 |   20 |      0 |      0 |            0 |
|             load_store_unit_i                                               |                                                           cv32e40x_load_store_unit | Reconfigurable |            - |        256 |        256 |       0 |    0 |   48 |      0 |      0 |            0 |
|               (load_store_unit_i)                                           |                                                           cv32e40x_load_store_unit | Reconfigurable |            - |        162 |        162 |       0 |    0 |   41 |      0 |      0 |            0 |
|               gen_wpt.wpt_i                                                 |                                                                       cv32e40x_wpt | Reconfigurable |            - |         10 |         10 |       0 |    0 |    2 |      0 |      0 |            0 |
|               mpu_i                                                         |                                                       cv32e40x_mpu__parameterized0 | Reconfigurable |            - |         16 |         16 |       0 |    0 |    3 |      0 |      0 |            0 |
|               response_filter_i                                             |                                                       cv32e40x_lsu_response_filter | Reconfigurable |            - |         68 |         68 |       0 |    0 |    2 |      0 |      0 |            0 |
|             register_file_wrapper_i                                         |                                                     cv32e40x_register_file_wrapper | Reconfigurable |            - |        608 |        608 |       0 |    0 |  992 |      0 |      0 |            0 |
|               register_file_i                                               |                                                             cv32e40x_register_file | Reconfigurable |            - |        608 |        608 |       0 |    0 |  992 |      0 |      0 |            0 |
|             sleep_unit_i                                                    |                                                                cv32e40x_sleep_unit | Reconfigurable |            - |          0 |          0 |       0 |    0 |    1 |      0 |      0 |            0 |
|             wb_stage_i                                                      |                                                                  cv32e40x_wb_stage | Reconfigurable |            - |          3 |          3 |       0 |    0 |    4 |      0 |      0 |            0 |
|           dp_ram_1                                                          |                                                                           dp_ram_1 | Reconfigurable |            - |          1 |          1 |       0 |    0 |    0 |      8 |      0 |            0 |
|           dp_ram_2                                                          |                                                                           dp_ram_2 | Reconfigurable |            - |          4 |          4 |       0 |    0 |    0 |      8 |      0 |            0 |
|           dp_ram_3                                                          |                                                                           dp_ram_3 | Reconfigurable |            - |          9 |          9 |       0 |    0 |    0 |      8 |      0 |            0 |
|           dp_ram_4                                                          |                                                                           dp_ram_4 | Reconfigurable |            - |          5 |          5 |       0 |    0 |    0 |      8 |      0 |            0 |
|     RISC_IP_CHECK                                                           |                                                              design_1_axi_gpio_1_1 |         Static |            - |        113 |        113 |       0 |    0 |  325 |      0 |      0 |            0 |
|       U0                                                                    |                                                    design_1_axi_gpio_1_1__axi_gpio |         Static |            - |        113 |        113 |       0 |    0 |  325 |      0 |      0 |            0 |
|         (U0)                                                                |                                                    design_1_axi_gpio_1_1__axi_gpio |         Static |            - |          0 |          0 |       0 |    0 |   34 |      0 |      0 |            0 |
|         AXI_LITE_IPIF_I                                                     |                                               design_1_axi_gpio_1_1__axi_lite_ipif |         Static |            - |        110 |        110 |       0 |    0 |   58 |      0 |      0 |            0 |
|           I_SLAVE_ATTACHMENT                                                |                                            design_1_axi_gpio_1_1__slave_attachment |         Static |            - |        110 |        110 |       0 |    0 |   58 |      0 |      0 |            0 |
|             (I_SLAVE_ATTACHMENT)                                            |                                            design_1_axi_gpio_1_1__slave_attachment |         Static |            - |         50 |         50 |       0 |    0 |   52 |      0 |      0 |            0 |
|             I_DECODER                                                       |                                             design_1_axi_gpio_1_1__address_decoder |         Static |            - |         60 |         60 |       0 |    0 |    6 |      0 |      0 |            0 |
|         gpio_core_1                                                         |                                                   design_1_axi_gpio_1_1__GPIO_Core |         Static |            - |          3 |          3 |       0 |    0 |  233 |      0 |      0 |            0 |
|           (gpio_core_1)                                                     |                                                   design_1_axi_gpio_1_1__GPIO_Core |         Static |            - |          3 |          3 |       0 |    0 |  101 |      0 |      0 |            0 |
|           Dual.INPUT_DOUBLE_REGS4                                           |                                                    design_1_axi_gpio_1_1__cdc_sync |         Static |            - |          0 |          0 |       0 |    0 |  128 |      0 |      0 |            0 |
|           Dual.INPUT_DOUBLE_REGS5                                           |                                    design_1_axi_gpio_1_1__cdc_sync__parameterized0 |         Static |            - |          0 |          0 |       0 |    0 |    4 |      0 |      0 |            0 |
|     STARTUP_0                                                               |                                                               design_1_STARTUP_0_0 |         Static |            - |          0 |          0 |       0 |    0 |    0 |      0 |      0 |            0 |
|       inst                                                                  |                                                       design_1_STARTUP_0_0_STARTUP |         Static |            - |          0 |          0 |       0 |    0 |    0 |      0 |      0 |            0 |
|     axi_gpio_0                                                              |                                                              design_1_axi_gpio_0_0 |         Static |            - |         34 |         34 |       0 |    0 |   36 |      0 |      0 |            0 |
|       U0                                                                    |                                                    design_1_axi_gpio_0_0__axi_gpio |         Static |            - |         34 |         34 |       0 |    0 |   36 |      0 |      0 |            0 |
|         (U0)                                                                |                                                    design_1_axi_gpio_0_0__axi_gpio |         Static |            - |          0 |          0 |       0 |    0 |    4 |      0 |      0 |            0 |
|         AXI_LITE_IPIF_I                                                     |                                               design_1_axi_gpio_0_0__axi_lite_ipif |         Static |            - |         30 |         30 |       0 |    0 |   28 |      0 |      0 |            0 |
|           I_SLAVE_ATTACHMENT                                                |                                            design_1_axi_gpio_0_0__slave_attachment |         Static |            - |         30 |         30 |       0 |    0 |   28 |      0 |      0 |            0 |
|             (I_SLAVE_ATTACHMENT)                                            |                                            design_1_axi_gpio_0_0__slave_attachment |         Static |            - |         20 |         20 |       0 |    0 |   22 |      0 |      0 |            0 |
|             I_DECODER                                                       |                                             design_1_axi_gpio_0_0__address_decoder |         Static |            - |         10 |         10 |       0 |    0 |    6 |      0 |      0 |            0 |
|               (I_DECODER)                                                   |                                             design_1_axi_gpio_0_0__address_decoder |         Static |            - |          8 |          8 |       0 |    0 |    6 |      0 |      0 |            0 |
|               MEM_DECODE_GEN[0].PER_CE_GEN[0].MULTIPLE_CES_THIS_CS_GEN.CE_I |                                                   design_1_axi_gpio_0_0__pselect_f |         Static |            - |          1 |          1 |       0 |    0 |    0 |      0 |      0 |            0 |
|               MEM_DECODE_GEN[0].PER_CE_GEN[2].MULTIPLE_CES_THIS_CS_GEN.CE_I |                                   design_1_axi_gpio_0_0__pselect_f__parameterized1 |         Static |            - |          1 |          1 |       0 |    0 |    0 |      0 |      0 |            0 |
|         gpio_core_1                                                         |                                                   design_1_axi_gpio_0_0__GPIO_Core |         Static |            - |          4 |          4 |       0 |    0 |    4 |      0 |      0 |            0 |
|     processing_system7_0                                                    |                                                    design_1_processing_system7_0_0 |         Static |            - |          0 |          0 |       0 |    0 |    0 |      0 |      0 |            0 |
|       (processing_system7_0)                                                |                                                    design_1_processing_system7_0_0 |         Static |            - |          0 |          0 |       0 |    0 |    0 |      0 |      0 |            0 |
|       inst                                                                  |        design_1_processing_system7_0_0__processing_system7_v5_5_processing_system7 |         Static |            - |          0 |          0 |       0 |    0 |    0 |      0 |      0 |            0 |
|     ps7_0_axi_periph                                                        |                                                        design_1_ps7_0_axi_periph_0 |         Static |            - |        499 |        438 |       0 |   61 |  686 |      0 |      0 |            0 |
|       s00_couplers                                                          |                                                            s00_couplers_imp_UYSKKA |         Static |            - |        393 |        332 |       0 |   61 |  572 |      0 |      0 |            0 |
|         auto_pc                                                             |                                                                 design_1_auto_pc_0 |         Static |            - |        393 |        332 |       0 |   61 |  572 |      0 |      0 |            0 |
|           inst                                                              |          design_1_auto_pc_0__axi_protocol_converter_v2_1_17_axi_protocol_converter |         Static |            - |        393 |        332 |       0 |   61 |  572 |      0 |      0 |            0 |
|             gen_axilite.gen_b2s_conv.axilite_b2s                            |                             design_1_auto_pc_0__axi_protocol_converter_v2_1_17_b2s |         Static |            - |        393 |        332 |       0 |   61 |  572 |      0 |      0 |            0 |
|               (gen_axilite.gen_b2s_conv.axilite_b2s)                        |                             design_1_auto_pc_0__axi_protocol_converter_v2_1_17_b2s |         Static |            - |          1 |          1 |       0 |    0 |    1 |      0 |      0 |            0 |
|               RD.ar_channel_0                                               |                  design_1_auto_pc_0__axi_protocol_converter_v2_1_17_b2s_ar_channel |         Static |            - |         71 |         71 |       0 |    0 |   83 |      0 |      0 |            0 |
|                 (RD.ar_channel_0)                                           |                  design_1_auto_pc_0__axi_protocol_converter_v2_1_17_b2s_ar_channel |         Static |            - |          0 |          0 |       0 |    0 |   12 |      0 |      0 |            0 |
|                 ar_cmd_fsm_0                                                |                  design_1_auto_pc_0__axi_protocol_converter_v2_1_17_b2s_rd_cmd_fsm |         Static |            - |         13 |         13 |       0 |    0 |    4 |      0 |      0 |            0 |
|                 cmd_translator_0                                            |            design_1_auto_pc_0__axi_protocol_converter_v2_1_17_b2s_cmd_translator_1 |         Static |            - |         58 |         58 |       0 |    0 |   67 |      0 |      0 |            0 |
|                   (cmd_translator_0)                                        |            design_1_auto_pc_0__axi_protocol_converter_v2_1_17_b2s_cmd_translator_1 |         Static |            - |          1 |          1 |       0 |    0 |    3 |      0 |      0 |            0 |
|                   incr_cmd_0                                                |                  design_1_auto_pc_0__axi_protocol_converter_v2_1_17_b2s_incr_cmd_2 |         Static |            - |         27 |         27 |       0 |    0 |   22 |      0 |      0 |            0 |
|                   wrap_cmd_0                                                |                  design_1_auto_pc_0__axi_protocol_converter_v2_1_17_b2s_wrap_cmd_3 |         Static |            - |         30 |         30 |       0 |    0 |   42 |      0 |      0 |            0 |
|               RD.r_channel_0                                                |                   design_1_auto_pc_0__axi_protocol_converter_v2_1_17_b2s_r_channel |         Static |            - |         65 |         18 |       0 |   47 |   56 |      0 |      0 |            0 |
|                 (RD.r_channel_0)                                            |                   design_1_auto_pc_0__axi_protocol_converter_v2_1_17_b2s_r_channel |         Static |            - |          0 |          0 |       0 |    0 |   14 |      0 |      0 |            0 |
|                 rd_data_fifo_0                                              | design_1_auto_pc_0__axi_protocol_converter_v2_1_17_b2s_simple_fifo__parameterized1 |         Static |            - |         43 |          9 |       0 |   34 |   26 |      0 |      0 |            0 |
|                 transaction_fifo_0                                          | design_1_auto_pc_0__axi_protocol_converter_v2_1_17_b2s_simple_fifo__parameterized2 |         Static |            - |         22 |          9 |       0 |   13 |   16 |      0 |      0 |            0 |
|               SI_REG                                                        |                  design_1_auto_pc_0__axi_register_slice_v2_1_17_axi_register_slice |         Static |            - |        151 |        151 |       0 |    0 |  324 |      0 |      0 |            0 |
|                 ar.ar_pipe                                                  |                 design_1_auto_pc_0__axi_register_slice_v2_1_17_axic_register_slice |         Static |            - |         55 |         55 |       0 |    0 |   99 |      0 |      0 |            0 |
|                 aw.aw_pipe                                                  |               design_1_auto_pc_0__axi_register_slice_v2_1_17_axic_register_slice_0 |         Static |            - |         59 |         59 |       0 |    0 |   99 |      0 |      0 |            0 |
|                 b.b_pipe                                                    | design_1_auto_pc_0__axi_register_slice_v2_1_17_axic_register_slice__parameterized1 |         Static |            - |         10 |         10 |       0 |    0 |   30 |      0 |      0 |            0 |
|                 r.r_pipe                                                    | design_1_auto_pc_0__axi_register_slice_v2_1_17_axic_register_slice__parameterized2 |         Static |            - |         27 |         27 |       0 |    0 |   96 |      0 |      0 |            0 |
|               WR.aw_channel_0                                               |                  design_1_auto_pc_0__axi_protocol_converter_v2_1_17_b2s_aw_channel |         Static |            - |         72 |         72 |       0 |    0 |   87 |      0 |      0 |            0 |
|                 (WR.aw_channel_0)                                           |                  design_1_auto_pc_0__axi_protocol_converter_v2_1_17_b2s_aw_channel |         Static |            - |          0 |          0 |       0 |    0 |   16 |      0 |      0 |            0 |
|                 aw_cmd_fsm_0                                                |                  design_1_auto_pc_0__axi_protocol_converter_v2_1_17_b2s_wr_cmd_fsm |         Static |            - |         18 |         18 |       0 |    0 |    4 |      0 |      0 |            0 |
|                 cmd_translator_0                                            |              design_1_auto_pc_0__axi_protocol_converter_v2_1_17_b2s_cmd_translator |         Static |            - |         54 |         54 |       0 |    0 |   67 |      0 |      0 |            0 |
|                   (cmd_translator_0)                                        |              design_1_auto_pc_0__axi_protocol_converter_v2_1_17_b2s_cmd_translator |         Static |            - |          1 |          1 |       0 |    0 |    3 |      0 |      0 |            0 |
|                   incr_cmd_0                                                |                    design_1_auto_pc_0__axi_protocol_converter_v2_1_17_b2s_incr_cmd |         Static |            - |         24 |         24 |       0 |    0 |   22 |      0 |      0 |            0 |
|                   wrap_cmd_0                                                |                    design_1_auto_pc_0__axi_protocol_converter_v2_1_17_b2s_wrap_cmd |         Static |            - |         29 |         29 |       0 |    0 |   42 |      0 |      0 |            0 |
|               WR.b_channel_0                                                |                   design_1_auto_pc_0__axi_protocol_converter_v2_1_17_b2s_b_channel |         Static |            - |         36 |         22 |       0 |   14 |   21 |      0 |      0 |            0 |
|                 (WR.b_channel_0)                                            |                   design_1_auto_pc_0__axi_protocol_converter_v2_1_17_b2s_b_channel |         Static |            - |          9 |          9 |       0 |    0 |   13 |      0 |      0 |            0 |
|                 bid_fifo_0                                                  |                 design_1_auto_pc_0__axi_protocol_converter_v2_1_17_b2s_simple_fifo |         Static |            - |         23 |         11 |       0 |   12 |    6 |      0 |      0 |            0 |
|                 bresp_fifo_0                                                | design_1_auto_pc_0__axi_protocol_converter_v2_1_17_b2s_simple_fifo__parameterized0 |         Static |            - |          4 |          2 |       0 |    2 |    2 |      0 |      0 |            0 |
|       xbar                                                                  |                                                                    design_1_xbar_0 |         Static |            - |        106 |        106 |       0 |    0 |  114 |      0 |      0 |            0 |
|         inst                                                                |                                 design_1_xbar_0__axi_crossbar_v2_1_18_axi_crossbar |         Static |            - |        106 |        106 |       0 |    0 |  114 |      0 |      0 |            0 |
|           gen_sasd.crossbar_sasd_0                                          |                                design_1_xbar_0__axi_crossbar_v2_1_18_crossbar_sasd |         Static |            - |        106 |        106 |       0 |    0 |  114 |      0 |      0 |            0 |
|             (gen_sasd.crossbar_sasd_0)                                      |                                design_1_xbar_0__axi_crossbar_v2_1_18_crossbar_sasd |         Static |            - |          2 |          2 |       0 |    0 |    6 |      0 |      0 |            0 |
|             addr_arbiter_inst                                               |                            design_1_xbar_0__axi_crossbar_v2_1_18_addr_arbiter_sasd |         Static |            - |         53 |         53 |       0 |    0 |   25 |      0 |      0 |            0 |
|             gen_decerr.decerr_slave_inst                                    |                                 design_1_xbar_0__axi_crossbar_v2_1_18_decerr_slave |         Static |            - |          7 |          7 |       0 |    0 |    4 |      0 |      0 |            0 |
|             reg_slice_r                                                     |                    design_1_xbar_0__axi_register_slice_v2_1_17_axic_register_slice |         Static |            - |         37 |         37 |       0 |    0 |   74 |      0 |      0 |            0 |
|             splitter_ar                                                     |                     design_1_xbar_0__axi_crossbar_v2_1_18_splitter__parameterized0 |         Static |            - |          0 |          0 |       0 |    0 |    2 |      0 |      0 |            0 |
|             splitter_aw                                                     |                                     design_1_xbar_0__axi_crossbar_v2_1_18_splitter |         Static |            - |          7 |          7 |       0 |    0 |    3 |      0 |      0 |            0 |
|     rst_ps7_0_50M                                                           |                                                           design_1_rst_ps7_0_50M_0 |         Static |            - |         18 |         17 |       0 |    1 |   37 |      0 |      0 |            0 |
|       U0                                                                    |                                           design_1_rst_ps7_0_50M_0__proc_sys_reset |         Static |            - |         18 |         17 |       0 |    1 |   37 |      0 |      0 |            0 |
|         (U0)                                                                |                                           design_1_rst_ps7_0_50M_0__proc_sys_reset |         Static |            - |          0 |          0 |       0 |    0 |    2 |      0 |      0 |            0 |
|         EXT_LPF                                                             |                                                      design_1_rst_ps7_0_50M_0__lpf |         Static |            - |          5 |          4 |       0 |    1 |   17 |      0 |      0 |            0 |
|           (EXT_LPF)                                                         |                                                      design_1_rst_ps7_0_50M_0__lpf |         Static |            - |          2 |          1 |       0 |    1 |    9 |      0 |      0 |            0 |
|           ACTIVE_LOW_AUX.ACT_LO_AUX                                         |                                                 design_1_rst_ps7_0_50M_0__cdc_sync |         Static |            - |          1 |          1 |       0 |    0 |    4 |      0 |      0 |            0 |
|           ACTIVE_LOW_EXT.ACT_LO_EXT                                         |                                               design_1_rst_ps7_0_50M_0__cdc_sync_0 |         Static |            - |          2 |          2 |       0 |    0 |    4 |      0 |      0 |            0 |
|         SEQ                                                                 |                                             design_1_rst_ps7_0_50M_0__sequence_psr |         Static |            - |         13 |         13 |       0 |    0 |   18 |      0 |      0 |            0 |
|           (SEQ)                                                             |                                             design_1_rst_ps7_0_50M_0__sequence_psr |         Static |            - |          8 |          8 |       0 |    0 |   12 |      0 |      0 |            0 |
|           SEQ_COUNTER                                                       |                                                  design_1_rst_ps7_0_50M_0__upcnt_n |         Static |            - |          5 |          5 |       0 |    0 |    6 |      0 |      0 |            0 |
|     xlconstant_0                                                            |                                                            design_1_xlconstant_0_0 |         Static |            - |          0 |          0 |       0 |    0 |    0 |      0 |      0 |            0 |
+-----------------------------------------------------------------------------+------------------------------------------------------------------------------------+----------------+--------------+------------+------------+---------+------+------+--------+--------+--------------+
* Note: The sum of lower-level cells may be larger than their parent cells total, due to cross-hierarchy LUT combining


report_utilization: Time (s): cpu = 00:00:01 ; elapsed = 00:00:00.460 . Memory (MB): peak = 2958.156 ; gain = 0.000
report_utilization -name ./$benchmarkname/${benchmarkname}_area_utilization
report_utilization: Time (s): cpu = 00:00:04 ; elapsed = 00:00:02 . Memory (MB): peak = 2958.156 ; gain = 0.000
close_design
exit
INFO: [Common 17-206] Exiting Vivado at Tue Oct 24 12:03:28 2023...
