12:22:30 INFO  : Registering command handlers for SDK TCF services
12:22:30 INFO  : Launching XSCT server: xsct.bat -interactive C:\Users\aamalik3\Desktop\ICAP_Readback\Benchmarks\RISC_BENCHMARKS_BASE_PROJ\RISC_BENCHMARKS_BASE_PROJ.sdk\temp_xsdb_launch_script.tcl
12:22:33 INFO  : XSCT server has started successfully.
12:22:35 INFO  : Successfully done setting XSCT server connection channel  
12:22:35 INFO  : Successfully done setting SDK workspace  
12:22:35 INFO  : Processing command line option -hwspec C:/Users/aamalik3/Desktop/ICAP_Readback/Benchmarks/RISC_BENCHMARKS_BASE_PROJ/RISC_BENCHMARKS_BASE_PROJ.sdk/design_1_wrapper.hdf.
12:25:38 INFO  : Refreshed build settings on project Benchmarking
12:27:37 INFO  : Refreshed build settings on project Benchmark
12:31:02 INFO  : Connected to target on host '127.0.0.1' and port '3121'.
12:31:03 INFO  : 'targets -set -filter {jtag_cable_name =~ "Digilent Zed 210248B78019" && level==0} -index 1' command is executed.
12:31:05 INFO  : FPGA configured successfully with bitstream "C:/Users/aamalik3/Desktop/ICAP_Readback/Benchmarks/Bitfiles/WithCRC/falcon512int/falcon512int.bit"
12:44:56 INFO  : Connected to target on host '127.0.0.1' and port '3121'.
12:44:56 INFO  : 'targets -set -filter {jtag_cable_name =~ "Digilent Zed 210248B78019" && level==0} -index 1' command is executed.
12:44:58 INFO  : FPGA configured successfully with bitstream "C:/Users/aamalik3/Desktop/ICAP_Readback/Benchmarks/Bitfiles/WithCRC/falcon512int/falcon512int.bit"
12:45:07 INFO  : 'targets -set -filter {jtag_cable_name =~ "Digilent Zed 210248B78019" && level==0} -index 1' command is executed.
12:45:07 INFO  : 'fpga -state' command is executed.
12:45:07 INFO  : Connected to target on host '127.0.0.1' and port '3121'.
12:45:07 INFO  : Jtag cable 'Digilent Zed 210248B78019' is selected.
12:45:07 INFO  : 'jtag frequency' command is executed.
12:45:07 INFO  : Sourcing of 'C:/Users/aamalik3/Desktop/ICAP_Readback/Benchmarks/RISC_BENCHMARKS_BASE_PROJ/RISC_BENCHMARKS_BASE_PROJ.sdk/design_1_wrapper_hw_platform_0/ps7_init.tcl' is done.
12:45:07 INFO  : Context for 'APU' is selected.
12:45:07 INFO  : Hardware design information is loaded from 'C:/Users/aamalik3/Desktop/ICAP_Readback/Benchmarks/RISC_BENCHMARKS_BASE_PROJ/RISC_BENCHMARKS_BASE_PROJ.sdk/design_1_wrapper_hw_platform_0/system.hdf'.
12:45:07 INFO  : 'configparams force-mem-access 1' command is executed.
12:45:07 INFO  : Context for 'APU' is selected.
12:45:07 INFO  : 'stop' command is executed.
12:45:08 INFO  : 'ps7_init' command is executed.
12:45:08 INFO  : 'ps7_post_config' command is executed.
12:45:08 INFO  : Context for processor 'ps7_cortexa9_0' is selected.
12:45:08 INFO  : Processor reset is completed for 'ps7_cortexa9_0'.
12:45:08 INFO  : Context for processor 'ps7_cortexa9_0' is selected.
12:45:08 INFO  : The application 'C:/Users/aamalik3/Desktop/ICAP_Readback/Benchmarks/RISC_BENCHMARKS_BASE_PROJ/RISC_BENCHMARKS_BASE_PROJ.sdk/Benchmark/Debug/Benchmark.elf' is downloaded to processor 'ps7_cortexa9_0'.
12:45:08 INFO  : 'configparams force-mem-access 0' command is executed.
12:45:08 INFO  : ----------------XSDB Script----------------
connect -url tcp:127.0.0.1:3121
source C:/Users/aamalik3/Desktop/ICAP_Readback/Benchmarks/RISC_BENCHMARKS_BASE_PROJ/RISC_BENCHMARKS_BASE_PROJ.sdk/design_1_wrapper_hw_platform_0/ps7_init.tcl
targets -set -nocase -filter {name =~"APU*" && jtag_cable_name =~ "Digilent Zed 210248B78019"} -index 0
loadhw -hw C:/Users/aamalik3/Desktop/ICAP_Readback/Benchmarks/RISC_BENCHMARKS_BASE_PROJ/RISC_BENCHMARKS_BASE_PROJ.sdk/design_1_wrapper_hw_platform_0/system.hdf -mem-ranges [list {0x40000000 0xbfffffff}]
configparams force-mem-access 1
targets -set -nocase -filter {name =~"APU*" && jtag_cable_name =~ "Digilent Zed 210248B78019"} -index 0
stop
ps7_init
ps7_post_config
targets -set -nocase -filter {name =~ "ARM*#0" && jtag_cable_name =~ "Digilent Zed 210248B78019"} -index 0
rst -processor
targets -set -nocase -filter {name =~ "ARM*#0" && jtag_cable_name =~ "Digilent Zed 210248B78019"} -index 0
dow C:/Users/aamalik3/Desktop/ICAP_Readback/Benchmarks/RISC_BENCHMARKS_BASE_PROJ/RISC_BENCHMARKS_BASE_PROJ.sdk/Benchmark/Debug/Benchmark.elf
configparams force-mem-access 0
----------------End of Script----------------

12:45:08 INFO  : Memory regions updated for context APU
12:45:08 INFO  : Context for processor 'ps7_cortexa9_0' is selected.
12:45:08 INFO  : 'con' command is executed.
12:45:08 INFO  : ----------------XSDB Script (After Launch)----------------
targets -set -nocase -filter {name =~ "ARM*#0" && jtag_cable_name =~ "Digilent Zed 210248B78019"} -index 0
con
----------------End of Script----------------

12:45:08 INFO  : Launch script is exported to file 'C:\Users\aamalik3\Desktop\ICAP_Readback\Benchmarks\RISC_BENCHMARKS_BASE_PROJ\RISC_BENCHMARKS_BASE_PROJ.sdk\.sdk\launch_scripts\xilinx_c-c++_application_(system_debugger)\system_debugger_using_debug_benchmark.elf_on_local.tcl'
12:46:22 INFO  : Disconnected from the channel tcfchan#1.
12:46:23 INFO  : 'targets -set -filter {jtag_cable_name =~ "Digilent Zed 210248B78019" && level==0} -index 1' command is executed.
12:46:23 INFO  : 'fpga -state' command is executed.
12:46:23 INFO  : Connected to target on host '127.0.0.1' and port '3121'.
12:46:23 INFO  : Jtag cable 'Digilent Zed 210248B78019' is selected.
12:46:23 INFO  : 'jtag frequency' command is executed.
12:46:23 INFO  : Sourcing of 'C:/Users/aamalik3/Desktop/ICAP_Readback/Benchmarks/RISC_BENCHMARKS_BASE_PROJ/RISC_BENCHMARKS_BASE_PROJ.sdk/design_1_wrapper_hw_platform_0/ps7_init.tcl' is done.
12:46:23 INFO  : Context for 'APU' is selected.
12:46:24 INFO  : Hardware design information is loaded from 'C:/Users/aamalik3/Desktop/ICAP_Readback/Benchmarks/RISC_BENCHMARKS_BASE_PROJ/RISC_BENCHMARKS_BASE_PROJ.sdk/design_1_wrapper_hw_platform_0/system.hdf'.
12:46:24 INFO  : 'configparams force-mem-access 1' command is executed.
12:46:24 INFO  : Context for 'APU' is selected.
12:46:24 INFO  : 'stop' command is executed.
12:46:24 INFO  : 'ps7_init' command is executed.
12:46:24 INFO  : 'ps7_post_config' command is executed.
12:46:24 INFO  : Context for processor 'ps7_cortexa9_0' is selected.
12:46:24 INFO  : Processor reset is completed for 'ps7_cortexa9_0'.
12:46:24 INFO  : Context for processor 'ps7_cortexa9_0' is selected.
12:46:25 INFO  : The application 'C:/Users/aamalik3/Desktop/ICAP_Readback/Benchmarks/RISC_BENCHMARKS_BASE_PROJ/RISC_BENCHMARKS_BASE_PROJ.sdk/Benchmark/Debug/Benchmark.elf' is downloaded to processor 'ps7_cortexa9_0'.
12:46:25 INFO  : 'configparams force-mem-access 0' command is executed.
12:46:25 INFO  : ----------------XSDB Script----------------
connect -url tcp:127.0.0.1:3121
source C:/Users/aamalik3/Desktop/ICAP_Readback/Benchmarks/RISC_BENCHMARKS_BASE_PROJ/RISC_BENCHMARKS_BASE_PROJ.sdk/design_1_wrapper_hw_platform_0/ps7_init.tcl
targets -set -nocase -filter {name =~"APU*" && jtag_cable_name =~ "Digilent Zed 210248B78019"} -index 0
loadhw -hw C:/Users/aamalik3/Desktop/ICAP_Readback/Benchmarks/RISC_BENCHMARKS_BASE_PROJ/RISC_BENCHMARKS_BASE_PROJ.sdk/design_1_wrapper_hw_platform_0/system.hdf -mem-ranges [list {0x40000000 0xbfffffff}]
configparams force-mem-access 1
targets -set -nocase -filter {name =~"APU*" && jtag_cable_name =~ "Digilent Zed 210248B78019"} -index 0
stop
ps7_init
ps7_post_config
targets -set -nocase -filter {name =~ "ARM*#0" && jtag_cable_name =~ "Digilent Zed 210248B78019"} -index 0
rst -processor
targets -set -nocase -filter {name =~ "ARM*#0" && jtag_cable_name =~ "Digilent Zed 210248B78019"} -index 0
dow C:/Users/aamalik3/Desktop/ICAP_Readback/Benchmarks/RISC_BENCHMARKS_BASE_PROJ/RISC_BENCHMARKS_BASE_PROJ.sdk/Benchmark/Debug/Benchmark.elf
configparams force-mem-access 0
----------------End of Script----------------

12:46:25 INFO  : Memory regions updated for context APU
12:46:25 INFO  : Context for processor 'ps7_cortexa9_0' is selected.
12:46:25 INFO  : 'con' command is executed.
12:46:25 INFO  : ----------------XSDB Script (After Launch)----------------
targets -set -nocase -filter {name =~ "ARM*#0" && jtag_cable_name =~ "Digilent Zed 210248B78019"} -index 0
con
----------------End of Script----------------

12:46:25 INFO  : Launch script is exported to file 'C:\Users\aamalik3\Desktop\ICAP_Readback\Benchmarks\RISC_BENCHMARKS_BASE_PROJ\RISC_BENCHMARKS_BASE_PROJ.sdk\.sdk\launch_scripts\xilinx_c-c++_application_(system_debugger)\system_debugger_using_debug_benchmark.elf_on_local.tcl'
12:47:05 INFO  : Disconnected from the channel tcfchan#2.
12:47:06 INFO  : 'targets -set -filter {jtag_cable_name =~ "Digilent Zed 210248B78019" && level==0} -index 1' command is executed.
12:47:06 INFO  : 'fpga -state' command is executed.
12:47:06 INFO  : Connected to target on host '127.0.0.1' and port '3121'.
12:47:07 INFO  : Jtag cable 'Digilent Zed 210248B78019' is selected.
12:47:07 INFO  : 'jtag frequency' command is executed.
12:47:07 INFO  : Sourcing of 'C:/Users/aamalik3/Desktop/ICAP_Readback/Benchmarks/RISC_BENCHMARKS_BASE_PROJ/RISC_BENCHMARKS_BASE_PROJ.sdk/design_1_wrapper_hw_platform_0/ps7_init.tcl' is done.
12:47:07 INFO  : Context for 'APU' is selected.
12:47:07 INFO  : Hardware design information is loaded from 'C:/Users/aamalik3/Desktop/ICAP_Readback/Benchmarks/RISC_BENCHMARKS_BASE_PROJ/RISC_BENCHMARKS_BASE_PROJ.sdk/design_1_wrapper_hw_platform_0/system.hdf'.
12:47:07 INFO  : 'configparams force-mem-access 1' command is executed.
12:47:07 INFO  : Context for 'APU' is selected.
12:47:07 INFO  : 'stop' command is executed.
12:47:08 INFO  : 'ps7_init' command is executed.
12:47:08 INFO  : 'ps7_post_config' command is executed.
12:47:08 INFO  : Context for processor 'ps7_cortexa9_0' is selected.
12:47:08 INFO  : Processor reset is completed for 'ps7_cortexa9_0'.
12:47:08 INFO  : Context for processor 'ps7_cortexa9_0' is selected.
12:47:08 INFO  : The application 'C:/Users/aamalik3/Desktop/ICAP_Readback/Benchmarks/RISC_BENCHMARKS_BASE_PROJ/RISC_BENCHMARKS_BASE_PROJ.sdk/Benchmark/Debug/Benchmark.elf' is downloaded to processor 'ps7_cortexa9_0'.
12:47:08 INFO  : 'configparams force-mem-access 0' command is executed.
12:47:08 INFO  : ----------------XSDB Script----------------
connect -url tcp:127.0.0.1:3121
source C:/Users/aamalik3/Desktop/ICAP_Readback/Benchmarks/RISC_BENCHMARKS_BASE_PROJ/RISC_BENCHMARKS_BASE_PROJ.sdk/design_1_wrapper_hw_platform_0/ps7_init.tcl
targets -set -nocase -filter {name =~"APU*" && jtag_cable_name =~ "Digilent Zed 210248B78019"} -index 0
loadhw -hw C:/Users/aamalik3/Desktop/ICAP_Readback/Benchmarks/RISC_BENCHMARKS_BASE_PROJ/RISC_BENCHMARKS_BASE_PROJ.sdk/design_1_wrapper_hw_platform_0/system.hdf -mem-ranges [list {0x40000000 0xbfffffff}]
configparams force-mem-access 1
targets -set -nocase -filter {name =~"APU*" && jtag_cable_name =~ "Digilent Zed 210248B78019"} -index 0
stop
ps7_init
ps7_post_config
targets -set -nocase -filter {name =~ "ARM*#0" && jtag_cable_name =~ "Digilent Zed 210248B78019"} -index 0
rst -processor
targets -set -nocase -filter {name =~ "ARM*#0" && jtag_cable_name =~ "Digilent Zed 210248B78019"} -index 0
dow C:/Users/aamalik3/Desktop/ICAP_Readback/Benchmarks/RISC_BENCHMARKS_BASE_PROJ/RISC_BENCHMARKS_BASE_PROJ.sdk/Benchmark/Debug/Benchmark.elf
configparams force-mem-access 0
----------------End of Script----------------

12:47:08 INFO  : Memory regions updated for context APU
12:47:08 INFO  : Context for processor 'ps7_cortexa9_0' is selected.
12:47:08 INFO  : 'con' command is executed.
12:47:08 INFO  : ----------------XSDB Script (After Launch)----------------
targets -set -nocase -filter {name =~ "ARM*#0" && jtag_cable_name =~ "Digilent Zed 210248B78019"} -index 0
con
----------------End of Script----------------

12:47:08 INFO  : Launch script is exported to file 'C:\Users\aamalik3\Desktop\ICAP_Readback\Benchmarks\RISC_BENCHMARKS_BASE_PROJ\RISC_BENCHMARKS_BASE_PROJ.sdk\.sdk\launch_scripts\xilinx_c-c++_application_(system_debugger)\system_debugger_using_debug_benchmark.elf_on_local.tcl'
12:48:33 INFO  : Connected to target on host '127.0.0.1' and port '3121'.
12:48:33 INFO  : 'targets -set -filter {jtag_cable_name =~ "Digilent Zed 210248B78019" && level==0} -index 1' command is executed.
12:48:36 INFO  : FPGA configured successfully with bitstream "C:/Users/aamalik3/Desktop/ICAP_Readback/Benchmarks/Bitfiles/WithCRC/falcon512int/falcon512int.bit"
12:48:38 INFO  : Disconnected from the channel tcfchan#3.
12:48:39 INFO  : 'targets -set -filter {jtag_cable_name =~ "Digilent Zed 210248B78019" && level==0} -index 1' command is executed.
12:48:39 INFO  : 'fpga -state' command is executed.
12:48:39 INFO  : Connected to target on host '127.0.0.1' and port '3121'.
12:48:39 INFO  : Jtag cable 'Digilent Zed 210248B78019' is selected.
12:48:39 INFO  : 'jtag frequency' command is executed.
12:48:39 INFO  : Sourcing of 'C:/Users/aamalik3/Desktop/ICAP_Readback/Benchmarks/RISC_BENCHMARKS_BASE_PROJ/RISC_BENCHMARKS_BASE_PROJ.sdk/design_1_wrapper_hw_platform_0/ps7_init.tcl' is done.
12:48:39 INFO  : Context for 'APU' is selected.
12:48:40 INFO  : Hardware design information is loaded from 'C:/Users/aamalik3/Desktop/ICAP_Readback/Benchmarks/RISC_BENCHMARKS_BASE_PROJ/RISC_BENCHMARKS_BASE_PROJ.sdk/design_1_wrapper_hw_platform_0/system.hdf'.
12:48:40 INFO  : 'configparams force-mem-access 1' command is executed.
12:48:40 INFO  : Context for 'APU' is selected.
12:48:40 INFO  : 'stop' command is executed.
12:48:40 INFO  : 'ps7_init' command is executed.
12:48:40 INFO  : 'ps7_post_config' command is executed.
12:48:40 INFO  : Context for processor 'ps7_cortexa9_0' is selected.
12:48:40 INFO  : Processor reset is completed for 'ps7_cortexa9_0'.
12:48:40 INFO  : Context for processor 'ps7_cortexa9_0' is selected.
12:48:41 INFO  : The application 'C:/Users/aamalik3/Desktop/ICAP_Readback/Benchmarks/RISC_BENCHMARKS_BASE_PROJ/RISC_BENCHMARKS_BASE_PROJ.sdk/Benchmark/Debug/Benchmark.elf' is downloaded to processor 'ps7_cortexa9_0'.
12:48:41 INFO  : 'configparams force-mem-access 0' command is executed.
12:48:41 INFO  : ----------------XSDB Script----------------
connect -url tcp:127.0.0.1:3121
source C:/Users/aamalik3/Desktop/ICAP_Readback/Benchmarks/RISC_BENCHMARKS_BASE_PROJ/RISC_BENCHMARKS_BASE_PROJ.sdk/design_1_wrapper_hw_platform_0/ps7_init.tcl
targets -set -nocase -filter {name =~"APU*" && jtag_cable_name =~ "Digilent Zed 210248B78019"} -index 0
loadhw -hw C:/Users/aamalik3/Desktop/ICAP_Readback/Benchmarks/RISC_BENCHMARKS_BASE_PROJ/RISC_BENCHMARKS_BASE_PROJ.sdk/design_1_wrapper_hw_platform_0/system.hdf -mem-ranges [list {0x40000000 0xbfffffff}]
configparams force-mem-access 1
targets -set -nocase -filter {name =~"APU*" && jtag_cable_name =~ "Digilent Zed 210248B78019"} -index 0
stop
ps7_init
ps7_post_config
targets -set -nocase -filter {name =~ "ARM*#0" && jtag_cable_name =~ "Digilent Zed 210248B78019"} -index 0
rst -processor
targets -set -nocase -filter {name =~ "ARM*#0" && jtag_cable_name =~ "Digilent Zed 210248B78019"} -index 0
dow C:/Users/aamalik3/Desktop/ICAP_Readback/Benchmarks/RISC_BENCHMARKS_BASE_PROJ/RISC_BENCHMARKS_BASE_PROJ.sdk/Benchmark/Debug/Benchmark.elf
configparams force-mem-access 0
----------------End of Script----------------

12:48:41 INFO  : Memory regions updated for context APU
12:48:41 INFO  : Context for processor 'ps7_cortexa9_0' is selected.
12:48:41 INFO  : 'con' command is executed.
12:48:41 INFO  : ----------------XSDB Script (After Launch)----------------
targets -set -nocase -filter {name =~ "ARM*#0" && jtag_cable_name =~ "Digilent Zed 210248B78019"} -index 0
con
----------------End of Script----------------

12:48:41 INFO  : Launch script is exported to file 'C:\Users\aamalik3\Desktop\ICAP_Readback\Benchmarks\RISC_BENCHMARKS_BASE_PROJ\RISC_BENCHMARKS_BASE_PROJ.sdk\.sdk\launch_scripts\xilinx_c-c++_application_(system_debugger)\system_debugger_using_debug_benchmark.elf_on_local.tcl'
12:48:50 INFO  : Disconnected from the channel tcfchan#4.
12:48:51 INFO  : 'targets -set -filter {jtag_cable_name =~ "Digilent Zed 210248B78019" && level==0} -index 1' command is executed.
12:48:51 INFO  : 'fpga -state' command is executed.
12:48:51 INFO  : Connected to target on host '127.0.0.1' and port '3121'.
12:48:51 INFO  : Jtag cable 'Digilent Zed 210248B78019' is selected.
12:48:51 INFO  : 'jtag frequency' command is executed.
12:48:51 INFO  : Sourcing of 'C:/Users/aamalik3/Desktop/ICAP_Readback/Benchmarks/RISC_BENCHMARKS_BASE_PROJ/RISC_BENCHMARKS_BASE_PROJ.sdk/design_1_wrapper_hw_platform_0/ps7_init.tcl' is done.
12:48:51 INFO  : Context for 'APU' is selected.
12:48:52 INFO  : Hardware design information is loaded from 'C:/Users/aamalik3/Desktop/ICAP_Readback/Benchmarks/RISC_BENCHMARKS_BASE_PROJ/RISC_BENCHMARKS_BASE_PROJ.sdk/design_1_wrapper_hw_platform_0/system.hdf'.
12:48:52 INFO  : 'configparams force-mem-access 1' command is executed.
12:48:52 INFO  : Context for 'APU' is selected.
12:48:52 INFO  : 'stop' command is executed.
12:48:53 INFO  : 'ps7_init' command is executed.
12:48:53 INFO  : 'ps7_post_config' command is executed.
12:48:53 INFO  : Context for processor 'ps7_cortexa9_0' is selected.
12:48:53 INFO  : Processor reset is completed for 'ps7_cortexa9_0'.
12:48:53 INFO  : Context for processor 'ps7_cortexa9_0' is selected.
12:48:53 INFO  : The application 'C:/Users/aamalik3/Desktop/ICAP_Readback/Benchmarks/RISC_BENCHMARKS_BASE_PROJ/RISC_BENCHMARKS_BASE_PROJ.sdk/Benchmark/Debug/Benchmark.elf' is downloaded to processor 'ps7_cortexa9_0'.
12:48:53 INFO  : 'configparams force-mem-access 0' command is executed.
12:48:53 INFO  : ----------------XSDB Script----------------
connect -url tcp:127.0.0.1:3121
source C:/Users/aamalik3/Desktop/ICAP_Readback/Benchmarks/RISC_BENCHMARKS_BASE_PROJ/RISC_BENCHMARKS_BASE_PROJ.sdk/design_1_wrapper_hw_platform_0/ps7_init.tcl
targets -set -nocase -filter {name =~"APU*" && jtag_cable_name =~ "Digilent Zed 210248B78019"} -index 0
loadhw -hw C:/Users/aamalik3/Desktop/ICAP_Readback/Benchmarks/RISC_BENCHMARKS_BASE_PROJ/RISC_BENCHMARKS_BASE_PROJ.sdk/design_1_wrapper_hw_platform_0/system.hdf -mem-ranges [list {0x40000000 0xbfffffff}]
configparams force-mem-access 1
targets -set -nocase -filter {name =~"APU*" && jtag_cable_name =~ "Digilent Zed 210248B78019"} -index 0
stop
ps7_init
ps7_post_config
targets -set -nocase -filter {name =~ "ARM*#0" && jtag_cable_name =~ "Digilent Zed 210248B78019"} -index 0
rst -processor
targets -set -nocase -filter {name =~ "ARM*#0" && jtag_cable_name =~ "Digilent Zed 210248B78019"} -index 0
dow C:/Users/aamalik3/Desktop/ICAP_Readback/Benchmarks/RISC_BENCHMARKS_BASE_PROJ/RISC_BENCHMARKS_BASE_PROJ.sdk/Benchmark/Debug/Benchmark.elf
configparams force-mem-access 0
----------------End of Script----------------

12:48:53 INFO  : Memory regions updated for context APU
12:48:53 INFO  : Context for processor 'ps7_cortexa9_0' is selected.
12:48:53 INFO  : 'con' command is executed.
12:48:53 INFO  : ----------------XSDB Script (After Launch)----------------
targets -set -nocase -filter {name =~ "ARM*#0" && jtag_cable_name =~ "Digilent Zed 210248B78019"} -index 0
con
----------------End of Script----------------

12:48:53 INFO  : Launch script is exported to file 'C:\Users\aamalik3\Desktop\ICAP_Readback\Benchmarks\RISC_BENCHMARKS_BASE_PROJ\RISC_BENCHMARKS_BASE_PROJ.sdk\.sdk\launch_scripts\xilinx_c-c++_application_(system_debugger)\system_debugger_using_debug_benchmark.elf_on_local.tcl'
12:50:14 INFO  : Disconnected from the channel tcfchan#5.
12:50:15 INFO  : 'targets -set -filter {jtag_cable_name =~ "Digilent Zed 210248B78019" && level==0} -index 1' command is executed.
12:50:15 INFO  : 'fpga -state' command is executed.
12:50:15 INFO  : Connected to target on host '127.0.0.1' and port '3121'.
12:50:15 INFO  : Jtag cable 'Digilent Zed 210248B78019' is selected.
12:50:15 INFO  : 'jtag frequency' command is executed.
12:50:15 INFO  : Sourcing of 'C:/Users/aamalik3/Desktop/ICAP_Readback/Benchmarks/RISC_BENCHMARKS_BASE_PROJ/RISC_BENCHMARKS_BASE_PROJ.sdk/design_1_wrapper_hw_platform_0/ps7_init.tcl' is done.
12:50:15 INFO  : Context for 'APU' is selected.
12:50:16 INFO  : Hardware design information is loaded from 'C:/Users/aamalik3/Desktop/ICAP_Readback/Benchmarks/RISC_BENCHMARKS_BASE_PROJ/RISC_BENCHMARKS_BASE_PROJ.sdk/design_1_wrapper_hw_platform_0/system.hdf'.
12:50:16 INFO  : 'configparams force-mem-access 1' command is executed.
12:50:16 INFO  : Context for 'APU' is selected.
12:50:16 INFO  : 'stop' command is executed.
12:50:17 INFO  : 'ps7_init' command is executed.
12:50:17 INFO  : 'ps7_post_config' command is executed.
12:50:17 INFO  : Context for processor 'ps7_cortexa9_0' is selected.
12:50:17 INFO  : Processor reset is completed for 'ps7_cortexa9_0'.
12:50:17 INFO  : Context for processor 'ps7_cortexa9_0' is selected.
12:50:17 INFO  : The application 'C:/Users/aamalik3/Desktop/ICAP_Readback/Benchmarks/RISC_BENCHMARKS_BASE_PROJ/RISC_BENCHMARKS_BASE_PROJ.sdk/Benchmark/Debug/Benchmark.elf' is downloaded to processor 'ps7_cortexa9_0'.
12:50:17 INFO  : 'configparams force-mem-access 0' command is executed.
12:50:17 INFO  : ----------------XSDB Script----------------
connect -url tcp:127.0.0.1:3121
source C:/Users/aamalik3/Desktop/ICAP_Readback/Benchmarks/RISC_BENCHMARKS_BASE_PROJ/RISC_BENCHMARKS_BASE_PROJ.sdk/design_1_wrapper_hw_platform_0/ps7_init.tcl
targets -set -nocase -filter {name =~"APU*" && jtag_cable_name =~ "Digilent Zed 210248B78019"} -index 0
loadhw -hw C:/Users/aamalik3/Desktop/ICAP_Readback/Benchmarks/RISC_BENCHMARKS_BASE_PROJ/RISC_BENCHMARKS_BASE_PROJ.sdk/design_1_wrapper_hw_platform_0/system.hdf -mem-ranges [list {0x40000000 0xbfffffff}]
configparams force-mem-access 1
targets -set -nocase -filter {name =~"APU*" && jtag_cable_name =~ "Digilent Zed 210248B78019"} -index 0
stop
ps7_init
ps7_post_config
targets -set -nocase -filter {name =~ "ARM*#0" && jtag_cable_name =~ "Digilent Zed 210248B78019"} -index 0
rst -processor
targets -set -nocase -filter {name =~ "ARM*#0" && jtag_cable_name =~ "Digilent Zed 210248B78019"} -index 0
dow C:/Users/aamalik3/Desktop/ICAP_Readback/Benchmarks/RISC_BENCHMARKS_BASE_PROJ/RISC_BENCHMARKS_BASE_PROJ.sdk/Benchmark/Debug/Benchmark.elf
configparams force-mem-access 0
----------------End of Script----------------

12:50:17 INFO  : Memory regions updated for context APU
12:50:17 INFO  : Context for processor 'ps7_cortexa9_0' is selected.
12:50:17 INFO  : 'con' command is executed.
12:50:17 INFO  : ----------------XSDB Script (After Launch)----------------
targets -set -nocase -filter {name =~ "ARM*#0" && jtag_cable_name =~ "Digilent Zed 210248B78019"} -index 0
con
----------------End of Script----------------

12:50:17 INFO  : Launch script is exported to file 'C:\Users\aamalik3\Desktop\ICAP_Readback\Benchmarks\RISC_BENCHMARKS_BASE_PROJ\RISC_BENCHMARKS_BASE_PROJ.sdk\.sdk\launch_scripts\xilinx_c-c++_application_(system_debugger)\system_debugger_using_debug_benchmark.elf_on_local.tcl'
12:54:01 INFO  : Connected to target on host '127.0.0.1' and port '3121'.
12:54:01 INFO  : 'targets -set -filter {jtag_cable_name =~ "Digilent Zed 210248B78019" && level==0} -index 1' command is executed.
12:54:03 INFO  : FPGA configured successfully with bitstream "C:/Users/aamalik3/Desktop/ICAP_Readback/Benchmarks/Bitfiles/WithCRC/falcon512int/falcon512int.bit"
12:54:13 INFO  : Disconnected from the channel tcfchan#6.
12:54:14 INFO  : 'targets -set -filter {jtag_cable_name =~ "Digilent Zed 210248B78019" && level==0} -index 1' command is executed.
12:54:14 INFO  : 'fpga -state' command is executed.
12:54:14 INFO  : Connected to target on host '127.0.0.1' and port '3121'.
12:54:14 INFO  : Jtag cable 'Digilent Zed 210248B78019' is selected.
12:54:14 INFO  : 'jtag frequency' command is executed.
12:54:14 INFO  : Sourcing of 'C:/Users/aamalik3/Desktop/ICAP_Readback/Benchmarks/RISC_BENCHMARKS_BASE_PROJ/RISC_BENCHMARKS_BASE_PROJ.sdk/design_1_wrapper_hw_platform_0/ps7_init.tcl' is done.
12:54:14 INFO  : Context for 'APU' is selected.
12:54:15 INFO  : Hardware design information is loaded from 'C:/Users/aamalik3/Desktop/ICAP_Readback/Benchmarks/RISC_BENCHMARKS_BASE_PROJ/RISC_BENCHMARKS_BASE_PROJ.sdk/design_1_wrapper_hw_platform_0/system.hdf'.
12:54:15 INFO  : 'configparams force-mem-access 1' command is executed.
12:54:15 INFO  : Context for 'APU' is selected.
12:54:15 INFO  : 'stop' command is executed.
12:54:16 INFO  : 'ps7_init' command is executed.
12:54:16 INFO  : 'ps7_post_config' command is executed.
12:54:16 INFO  : Context for processor 'ps7_cortexa9_0' is selected.
12:54:16 INFO  : Processor reset is completed for 'ps7_cortexa9_0'.
12:54:16 INFO  : Context for processor 'ps7_cortexa9_0' is selected.
12:54:16 INFO  : The application 'C:/Users/aamalik3/Desktop/ICAP_Readback/Benchmarks/RISC_BENCHMARKS_BASE_PROJ/RISC_BENCHMARKS_BASE_PROJ.sdk/Benchmark/Debug/Benchmark.elf' is downloaded to processor 'ps7_cortexa9_0'.
12:54:16 INFO  : 'configparams force-mem-access 0' command is executed.
12:54:16 INFO  : ----------------XSDB Script----------------
connect -url tcp:127.0.0.1:3121
source C:/Users/aamalik3/Desktop/ICAP_Readback/Benchmarks/RISC_BENCHMARKS_BASE_PROJ/RISC_BENCHMARKS_BASE_PROJ.sdk/design_1_wrapper_hw_platform_0/ps7_init.tcl
targets -set -nocase -filter {name =~"APU*" && jtag_cable_name =~ "Digilent Zed 210248B78019"} -index 0
loadhw -hw C:/Users/aamalik3/Desktop/ICAP_Readback/Benchmarks/RISC_BENCHMARKS_BASE_PROJ/RISC_BENCHMARKS_BASE_PROJ.sdk/design_1_wrapper_hw_platform_0/system.hdf -mem-ranges [list {0x40000000 0xbfffffff}]
configparams force-mem-access 1
targets -set -nocase -filter {name =~"APU*" && jtag_cable_name =~ "Digilent Zed 210248B78019"} -index 0
stop
ps7_init
ps7_post_config
targets -set -nocase -filter {name =~ "ARM*#0" && jtag_cable_name =~ "Digilent Zed 210248B78019"} -index 0
rst -processor
targets -set -nocase -filter {name =~ "ARM*#0" && jtag_cable_name =~ "Digilent Zed 210248B78019"} -index 0
dow C:/Users/aamalik3/Desktop/ICAP_Readback/Benchmarks/RISC_BENCHMARKS_BASE_PROJ/RISC_BENCHMARKS_BASE_PROJ.sdk/Benchmark/Debug/Benchmark.elf
configparams force-mem-access 0
----------------End of Script----------------

12:54:16 INFO  : Memory regions updated for context APU
12:54:16 INFO  : Context for processor 'ps7_cortexa9_0' is selected.
12:54:16 INFO  : 'con' command is executed.
12:54:16 INFO  : ----------------XSDB Script (After Launch)----------------
targets -set -nocase -filter {name =~ "ARM*#0" && jtag_cable_name =~ "Digilent Zed 210248B78019"} -index 0
con
----------------End of Script----------------

12:54:16 INFO  : Launch script is exported to file 'C:\Users\aamalik3\Desktop\ICAP_Readback\Benchmarks\RISC_BENCHMARKS_BASE_PROJ\RISC_BENCHMARKS_BASE_PROJ.sdk\.sdk\launch_scripts\xilinx_c-c++_application_(system_debugger)\system_debugger_using_debug_benchmark.elf_on_local.tcl'
12:54:32 INFO  : Disconnected from the channel tcfchan#7.
12:54:33 INFO  : 'targets -set -filter {jtag_cable_name =~ "Digilent Zed 210248B78019" && level==0} -index 1' command is executed.
12:54:33 INFO  : 'fpga -state' command is executed.
12:54:33 INFO  : Connected to target on host '127.0.0.1' and port '3121'.
12:54:33 INFO  : Jtag cable 'Digilent Zed 210248B78019' is selected.
12:54:33 INFO  : 'jtag frequency' command is executed.
12:54:33 INFO  : Sourcing of 'C:/Users/aamalik3/Desktop/ICAP_Readback/Benchmarks/RISC_BENCHMARKS_BASE_PROJ/RISC_BENCHMARKS_BASE_PROJ.sdk/design_1_wrapper_hw_platform_0/ps7_init.tcl' is done.
12:54:33 INFO  : Context for 'APU' is selected.
12:54:34 INFO  : Hardware design information is loaded from 'C:/Users/aamalik3/Desktop/ICAP_Readback/Benchmarks/RISC_BENCHMARKS_BASE_PROJ/RISC_BENCHMARKS_BASE_PROJ.sdk/design_1_wrapper_hw_platform_0/system.hdf'.
12:54:34 INFO  : 'configparams force-mem-access 1' command is executed.
12:54:34 INFO  : Context for 'APU' is selected.
12:54:34 INFO  : 'stop' command is executed.
12:54:34 INFO  : 'ps7_init' command is executed.
12:54:34 INFO  : 'ps7_post_config' command is executed.
12:54:34 INFO  : Context for processor 'ps7_cortexa9_0' is selected.
12:54:34 INFO  : Processor reset is completed for 'ps7_cortexa9_0'.
12:54:34 INFO  : Context for processor 'ps7_cortexa9_0' is selected.
12:54:35 INFO  : The application 'C:/Users/aamalik3/Desktop/ICAP_Readback/Benchmarks/RISC_BENCHMARKS_BASE_PROJ/RISC_BENCHMARKS_BASE_PROJ.sdk/Benchmark/Debug/Benchmark.elf' is downloaded to processor 'ps7_cortexa9_0'.
12:54:35 INFO  : 'configparams force-mem-access 0' command is executed.
12:54:35 INFO  : ----------------XSDB Script----------------
connect -url tcp:127.0.0.1:3121
source C:/Users/aamalik3/Desktop/ICAP_Readback/Benchmarks/RISC_BENCHMARKS_BASE_PROJ/RISC_BENCHMARKS_BASE_PROJ.sdk/design_1_wrapper_hw_platform_0/ps7_init.tcl
targets -set -nocase -filter {name =~"APU*" && jtag_cable_name =~ "Digilent Zed 210248B78019"} -index 0
loadhw -hw C:/Users/aamalik3/Desktop/ICAP_Readback/Benchmarks/RISC_BENCHMARKS_BASE_PROJ/RISC_BENCHMARKS_BASE_PROJ.sdk/design_1_wrapper_hw_platform_0/system.hdf -mem-ranges [list {0x40000000 0xbfffffff}]
configparams force-mem-access 1
targets -set -nocase -filter {name =~"APU*" && jtag_cable_name =~ "Digilent Zed 210248B78019"} -index 0
stop
ps7_init
ps7_post_config
targets -set -nocase -filter {name =~ "ARM*#0" && jtag_cable_name =~ "Digilent Zed 210248B78019"} -index 0
rst -processor
targets -set -nocase -filter {name =~ "ARM*#0" && jtag_cable_name =~ "Digilent Zed 210248B78019"} -index 0
dow C:/Users/aamalik3/Desktop/ICAP_Readback/Benchmarks/RISC_BENCHMARKS_BASE_PROJ/RISC_BENCHMARKS_BASE_PROJ.sdk/Benchmark/Debug/Benchmark.elf
configparams force-mem-access 0
----------------End of Script----------------

12:54:35 INFO  : Memory regions updated for context APU
12:54:35 INFO  : Context for processor 'ps7_cortexa9_0' is selected.
12:54:35 INFO  : 'con' command is executed.
12:54:35 INFO  : ----------------XSDB Script (After Launch)----------------
targets -set -nocase -filter {name =~ "ARM*#0" && jtag_cable_name =~ "Digilent Zed 210248B78019"} -index 0
con
----------------End of Script----------------

12:54:35 INFO  : Launch script is exported to file 'C:\Users\aamalik3\Desktop\ICAP_Readback\Benchmarks\RISC_BENCHMARKS_BASE_PROJ\RISC_BENCHMARKS_BASE_PROJ.sdk\.sdk\launch_scripts\xilinx_c-c++_application_(system_debugger)\system_debugger_using_debug_benchmark.elf_on_local.tcl'
12:56:09 INFO  : Connected to target on host '127.0.0.1' and port '3121'.
12:56:09 INFO  : 'targets -set -filter {jtag_cable_name =~ "Digilent Zed 210248B78019" && level==0} -index 1' command is executed.
12:56:12 INFO  : FPGA configured successfully with bitstream "C:/Users/aamalik3/Desktop/ICAP_Readback/Benchmarks/Bitfiles/WithCRC/falcon512int/falcon512int.bit"
12:56:48 INFO  : Disconnected from the channel tcfchan#8.
12:56:50 INFO  : 'targets -set -filter {jtag_cable_name =~ "Digilent Zed 210248B78019" && level==0} -index 1' command is executed.
12:56:50 INFO  : 'fpga -state' command is executed.
12:56:50 INFO  : Connected to target on host '127.0.0.1' and port '3121'.
12:56:50 INFO  : Jtag cable 'Digilent Zed 210248B78019' is selected.
12:56:50 INFO  : 'jtag frequency' command is executed.
12:56:50 INFO  : Sourcing of 'C:/Users/aamalik3/Desktop/ICAP_Readback/Benchmarks/RISC_BENCHMARKS_BASE_PROJ/RISC_BENCHMARKS_BASE_PROJ.sdk/design_1_wrapper_hw_platform_0/ps7_init.tcl' is done.
12:56:50 INFO  : Context for 'APU' is selected.
12:56:51 INFO  : Hardware design information is loaded from 'C:/Users/aamalik3/Desktop/ICAP_Readback/Benchmarks/RISC_BENCHMARKS_BASE_PROJ/RISC_BENCHMARKS_BASE_PROJ.sdk/design_1_wrapper_hw_platform_0/system.hdf'.
12:56:51 INFO  : 'configparams force-mem-access 1' command is executed.
12:56:51 INFO  : Context for 'APU' is selected.
12:56:51 INFO  : 'stop' command is executed.
12:56:51 INFO  : 'ps7_init' command is executed.
12:56:51 INFO  : 'ps7_post_config' command is executed.
12:56:51 INFO  : Context for processor 'ps7_cortexa9_0' is selected.
12:56:51 INFO  : Processor reset is completed for 'ps7_cortexa9_0'.
12:56:51 INFO  : Context for processor 'ps7_cortexa9_0' is selected.
12:56:52 INFO  : The application 'C:/Users/aamalik3/Desktop/ICAP_Readback/Benchmarks/RISC_BENCHMARKS_BASE_PROJ/RISC_BENCHMARKS_BASE_PROJ.sdk/Benchmark/Debug/Benchmark.elf' is downloaded to processor 'ps7_cortexa9_0'.
12:56:52 INFO  : 'configparams force-mem-access 0' command is executed.
12:56:52 INFO  : ----------------XSDB Script----------------
connect -url tcp:127.0.0.1:3121
source C:/Users/aamalik3/Desktop/ICAP_Readback/Benchmarks/RISC_BENCHMARKS_BASE_PROJ/RISC_BENCHMARKS_BASE_PROJ.sdk/design_1_wrapper_hw_platform_0/ps7_init.tcl
targets -set -nocase -filter {name =~"APU*" && jtag_cable_name =~ "Digilent Zed 210248B78019"} -index 0
loadhw -hw C:/Users/aamalik3/Desktop/ICAP_Readback/Benchmarks/RISC_BENCHMARKS_BASE_PROJ/RISC_BENCHMARKS_BASE_PROJ.sdk/design_1_wrapper_hw_platform_0/system.hdf -mem-ranges [list {0x40000000 0xbfffffff}]
configparams force-mem-access 1
targets -set -nocase -filter {name =~"APU*" && jtag_cable_name =~ "Digilent Zed 210248B78019"} -index 0
stop
ps7_init
ps7_post_config
targets -set -nocase -filter {name =~ "ARM*#0" && jtag_cable_name =~ "Digilent Zed 210248B78019"} -index 0
rst -processor
targets -set -nocase -filter {name =~ "ARM*#0" && jtag_cable_name =~ "Digilent Zed 210248B78019"} -index 0
dow C:/Users/aamalik3/Desktop/ICAP_Readback/Benchmarks/RISC_BENCHMARKS_BASE_PROJ/RISC_BENCHMARKS_BASE_PROJ.sdk/Benchmark/Debug/Benchmark.elf
configparams force-mem-access 0
----------------End of Script----------------

12:56:52 INFO  : Memory regions updated for context APU
12:56:52 INFO  : Context for processor 'ps7_cortexa9_0' is selected.
12:56:52 INFO  : 'con' command is executed.
12:56:52 INFO  : ----------------XSDB Script (After Launch)----------------
targets -set -nocase -filter {name =~ "ARM*#0" && jtag_cable_name =~ "Digilent Zed 210248B78019"} -index 0
con
----------------End of Script----------------

12:56:52 INFO  : Launch script is exported to file 'C:\Users\aamalik3\Desktop\ICAP_Readback\Benchmarks\RISC_BENCHMARKS_BASE_PROJ\RISC_BENCHMARKS_BASE_PROJ.sdk\.sdk\launch_scripts\xilinx_c-c++_application_(system_debugger)\system_debugger_using_debug_benchmark.elf_on_local.tcl'
12:57:17 INFO  : Connected to target on host '127.0.0.1' and port '3121'.
12:57:17 INFO  : 'targets -set -filter {jtag_cable_name =~ "Digilent Zed 210248B78019" && level==0} -index 1' command is executed.
12:57:19 INFO  : FPGA configured successfully with bitstream "C:/Users/aamalik3/Desktop/ICAP_Readback/Benchmarks/Bitfiles/WithCRC/falcon512int/falcon512int.bit"
12:58:45 INFO  : Disconnected from the channel tcfchan#9.
12:58:46 INFO  : 'targets -set -filter {jtag_cable_name =~ "Digilent Zed 210248B78019" && level==0} -index 1' command is executed.
12:58:46 INFO  : 'fpga -state' command is executed.
12:58:46 INFO  : Connected to target on host '127.0.0.1' and port '3121'.
12:58:46 INFO  : Jtag cable 'Digilent Zed 210248B78019' is selected.
12:58:46 INFO  : 'jtag frequency' command is executed.
12:58:46 INFO  : Sourcing of 'C:/Users/aamalik3/Desktop/ICAP_Readback/Benchmarks/RISC_BENCHMARKS_BASE_PROJ/RISC_BENCHMARKS_BASE_PROJ.sdk/design_1_wrapper_hw_platform_0/ps7_init.tcl' is done.
12:58:46 INFO  : Context for 'APU' is selected.
12:58:47 INFO  : Hardware design information is loaded from 'C:/Users/aamalik3/Desktop/ICAP_Readback/Benchmarks/RISC_BENCHMARKS_BASE_PROJ/RISC_BENCHMARKS_BASE_PROJ.sdk/design_1_wrapper_hw_platform_0/system.hdf'.
12:58:47 INFO  : 'configparams force-mem-access 1' command is executed.
12:58:47 INFO  : Context for 'APU' is selected.
12:58:47 INFO  : 'stop' command is executed.
12:58:47 INFO  : 'ps7_init' command is executed.
12:58:47 INFO  : 'ps7_post_config' command is executed.
12:58:47 INFO  : Context for processor 'ps7_cortexa9_0' is selected.
12:58:47 INFO  : Processor reset is completed for 'ps7_cortexa9_0'.
12:58:47 INFO  : Context for processor 'ps7_cortexa9_0' is selected.
12:58:48 INFO  : The application 'C:/Users/aamalik3/Desktop/ICAP_Readback/Benchmarks/RISC_BENCHMARKS_BASE_PROJ/RISC_BENCHMARKS_BASE_PROJ.sdk/Benchmark/Debug/Benchmark.elf' is downloaded to processor 'ps7_cortexa9_0'.
12:58:48 INFO  : 'configparams force-mem-access 0' command is executed.
12:58:48 INFO  : ----------------XSDB Script----------------
connect -url tcp:127.0.0.1:3121
source C:/Users/aamalik3/Desktop/ICAP_Readback/Benchmarks/RISC_BENCHMARKS_BASE_PROJ/RISC_BENCHMARKS_BASE_PROJ.sdk/design_1_wrapper_hw_platform_0/ps7_init.tcl
targets -set -nocase -filter {name =~"APU*" && jtag_cable_name =~ "Digilent Zed 210248B78019"} -index 0
loadhw -hw C:/Users/aamalik3/Desktop/ICAP_Readback/Benchmarks/RISC_BENCHMARKS_BASE_PROJ/RISC_BENCHMARKS_BASE_PROJ.sdk/design_1_wrapper_hw_platform_0/system.hdf -mem-ranges [list {0x40000000 0xbfffffff}]
configparams force-mem-access 1
targets -set -nocase -filter {name =~"APU*" && jtag_cable_name =~ "Digilent Zed 210248B78019"} -index 0
stop
ps7_init
ps7_post_config
targets -set -nocase -filter {name =~ "ARM*#0" && jtag_cable_name =~ "Digilent Zed 210248B78019"} -index 0
rst -processor
targets -set -nocase -filter {name =~ "ARM*#0" && jtag_cable_name =~ "Digilent Zed 210248B78019"} -index 0
dow C:/Users/aamalik3/Desktop/ICAP_Readback/Benchmarks/RISC_BENCHMARKS_BASE_PROJ/RISC_BENCHMARKS_BASE_PROJ.sdk/Benchmark/Debug/Benchmark.elf
configparams force-mem-access 0
----------------End of Script----------------

12:58:48 INFO  : Memory regions updated for context APU
12:58:48 INFO  : Context for processor 'ps7_cortexa9_0' is selected.
12:58:48 INFO  : 'con' command is executed.
12:58:48 INFO  : ----------------XSDB Script (After Launch)----------------
targets -set -nocase -filter {name =~ "ARM*#0" && jtag_cable_name =~ "Digilent Zed 210248B78019"} -index 0
con
----------------End of Script----------------

12:58:48 INFO  : Launch script is exported to file 'C:\Users\aamalik3\Desktop\ICAP_Readback\Benchmarks\RISC_BENCHMARKS_BASE_PROJ\RISC_BENCHMARKS_BASE_PROJ.sdk\.sdk\launch_scripts\xilinx_c-c++_application_(system_debugger)\system_debugger_using_debug_benchmark.elf_on_local.tcl'
12:59:17 INFO  : Disconnected from the channel tcfchan#10.
12:59:18 INFO  : 'targets -set -filter {jtag_cable_name =~ "Digilent Zed 210248B78019" && level==0} -index 1' command is executed.
12:59:18 INFO  : 'fpga -state' command is executed.
12:59:18 INFO  : Connected to target on host '127.0.0.1' and port '3121'.
12:59:19 INFO  : Jtag cable 'Digilent Zed 210248B78019' is selected.
12:59:19 INFO  : 'jtag frequency' command is executed.
12:59:19 INFO  : Sourcing of 'C:/Users/aamalik3/Desktop/ICAP_Readback/Benchmarks/RISC_BENCHMARKS_BASE_PROJ/RISC_BENCHMARKS_BASE_PROJ.sdk/design_1_wrapper_hw_platform_0/ps7_init.tcl' is done.
12:59:19 INFO  : Context for 'APU' is selected.
12:59:20 INFO  : Hardware design information is loaded from 'C:/Users/aamalik3/Desktop/ICAP_Readback/Benchmarks/RISC_BENCHMARKS_BASE_PROJ/RISC_BENCHMARKS_BASE_PROJ.sdk/design_1_wrapper_hw_platform_0/system.hdf'.
12:59:20 INFO  : 'configparams force-mem-access 1' command is executed.
12:59:20 INFO  : Context for 'APU' is selected.
12:59:20 INFO  : 'stop' command is executed.
12:59:20 INFO  : 'ps7_init' command is executed.
12:59:20 INFO  : 'ps7_post_config' command is executed.
12:59:20 INFO  : Context for processor 'ps7_cortexa9_0' is selected.
12:59:20 INFO  : Processor reset is completed for 'ps7_cortexa9_0'.
12:59:20 INFO  : Context for processor 'ps7_cortexa9_0' is selected.
12:59:21 INFO  : The application 'C:/Users/aamalik3/Desktop/ICAP_Readback/Benchmarks/RISC_BENCHMARKS_BASE_PROJ/RISC_BENCHMARKS_BASE_PROJ.sdk/Benchmark/Debug/Benchmark.elf' is downloaded to processor 'ps7_cortexa9_0'.
12:59:21 INFO  : 'configparams force-mem-access 0' command is executed.
12:59:21 INFO  : ----------------XSDB Script----------------
connect -url tcp:127.0.0.1:3121
source C:/Users/aamalik3/Desktop/ICAP_Readback/Benchmarks/RISC_BENCHMARKS_BASE_PROJ/RISC_BENCHMARKS_BASE_PROJ.sdk/design_1_wrapper_hw_platform_0/ps7_init.tcl
targets -set -nocase -filter {name =~"APU*" && jtag_cable_name =~ "Digilent Zed 210248B78019"} -index 0
loadhw -hw C:/Users/aamalik3/Desktop/ICAP_Readback/Benchmarks/RISC_BENCHMARKS_BASE_PROJ/RISC_BENCHMARKS_BASE_PROJ.sdk/design_1_wrapper_hw_platform_0/system.hdf -mem-ranges [list {0x40000000 0xbfffffff}]
configparams force-mem-access 1
targets -set -nocase -filter {name =~"APU*" && jtag_cable_name =~ "Digilent Zed 210248B78019"} -index 0
stop
ps7_init
ps7_post_config
targets -set -nocase -filter {name =~ "ARM*#0" && jtag_cable_name =~ "Digilent Zed 210248B78019"} -index 0
rst -processor
targets -set -nocase -filter {name =~ "ARM*#0" && jtag_cable_name =~ "Digilent Zed 210248B78019"} -index 0
dow C:/Users/aamalik3/Desktop/ICAP_Readback/Benchmarks/RISC_BENCHMARKS_BASE_PROJ/RISC_BENCHMARKS_BASE_PROJ.sdk/Benchmark/Debug/Benchmark.elf
configparams force-mem-access 0
----------------End of Script----------------

12:59:21 INFO  : Memory regions updated for context APU
12:59:21 INFO  : Context for processor 'ps7_cortexa9_0' is selected.
12:59:21 INFO  : 'con' command is executed.
12:59:21 INFO  : ----------------XSDB Script (After Launch)----------------
targets -set -nocase -filter {name =~ "ARM*#0" && jtag_cable_name =~ "Digilent Zed 210248B78019"} -index 0
con
----------------End of Script----------------

12:59:21 INFO  : Launch script is exported to file 'C:\Users\aamalik3\Desktop\ICAP_Readback\Benchmarks\RISC_BENCHMARKS_BASE_PROJ\RISC_BENCHMARKS_BASE_PROJ.sdk\.sdk\launch_scripts\xilinx_c-c++_application_(system_debugger)\system_debugger_using_debug_benchmark.elf_on_local.tcl'
12:59:31 INFO  : Disconnected from the channel tcfchan#11.
12:59:32 INFO  : 'targets -set -filter {jtag_cable_name =~ "Digilent Zed 210248B78019" && level==0} -index 1' command is executed.
12:59:32 INFO  : 'fpga -state' command is executed.
12:59:32 INFO  : Connected to target on host '127.0.0.1' and port '3121'.
12:59:32 INFO  : Jtag cable 'Digilent Zed 210248B78019' is selected.
12:59:32 INFO  : 'jtag frequency' command is executed.
12:59:32 INFO  : Sourcing of 'C:/Users/aamalik3/Desktop/ICAP_Readback/Benchmarks/RISC_BENCHMARKS_BASE_PROJ/RISC_BENCHMARKS_BASE_PROJ.sdk/design_1_wrapper_hw_platform_0/ps7_init.tcl' is done.
12:59:32 INFO  : Context for 'APU' is selected.
12:59:33 INFO  : Hardware design information is loaded from 'C:/Users/aamalik3/Desktop/ICAP_Readback/Benchmarks/RISC_BENCHMARKS_BASE_PROJ/RISC_BENCHMARKS_BASE_PROJ.sdk/design_1_wrapper_hw_platform_0/system.hdf'.
12:59:33 INFO  : 'configparams force-mem-access 1' command is executed.
12:59:33 INFO  : Context for 'APU' is selected.
12:59:33 INFO  : 'stop' command is executed.
12:59:34 INFO  : 'ps7_init' command is executed.
12:59:34 INFO  : 'ps7_post_config' command is executed.
12:59:34 INFO  : Context for processor 'ps7_cortexa9_0' is selected.
12:59:34 INFO  : Processor reset is completed for 'ps7_cortexa9_0'.
12:59:34 INFO  : Context for processor 'ps7_cortexa9_0' is selected.
12:59:34 INFO  : The application 'C:/Users/aamalik3/Desktop/ICAP_Readback/Benchmarks/RISC_BENCHMARKS_BASE_PROJ/RISC_BENCHMARKS_BASE_PROJ.sdk/Benchmark/Debug/Benchmark.elf' is downloaded to processor 'ps7_cortexa9_0'.
12:59:34 INFO  : 'configparams force-mem-access 0' command is executed.
12:59:34 INFO  : ----------------XSDB Script----------------
connect -url tcp:127.0.0.1:3121
source C:/Users/aamalik3/Desktop/ICAP_Readback/Benchmarks/RISC_BENCHMARKS_BASE_PROJ/RISC_BENCHMARKS_BASE_PROJ.sdk/design_1_wrapper_hw_platform_0/ps7_init.tcl
targets -set -nocase -filter {name =~"APU*" && jtag_cable_name =~ "Digilent Zed 210248B78019"} -index 0
loadhw -hw C:/Users/aamalik3/Desktop/ICAP_Readback/Benchmarks/RISC_BENCHMARKS_BASE_PROJ/RISC_BENCHMARKS_BASE_PROJ.sdk/design_1_wrapper_hw_platform_0/system.hdf -mem-ranges [list {0x40000000 0xbfffffff}]
configparams force-mem-access 1
targets -set -nocase -filter {name =~"APU*" && jtag_cable_name =~ "Digilent Zed 210248B78019"} -index 0
stop
ps7_init
ps7_post_config
targets -set -nocase -filter {name =~ "ARM*#0" && jtag_cable_name =~ "Digilent Zed 210248B78019"} -index 0
rst -processor
targets -set -nocase -filter {name =~ "ARM*#0" && jtag_cable_name =~ "Digilent Zed 210248B78019"} -index 0
dow C:/Users/aamalik3/Desktop/ICAP_Readback/Benchmarks/RISC_BENCHMARKS_BASE_PROJ/RISC_BENCHMARKS_BASE_PROJ.sdk/Benchmark/Debug/Benchmark.elf
configparams force-mem-access 0
----------------End of Script----------------

12:59:34 INFO  : Memory regions updated for context APU
12:59:34 INFO  : Context for processor 'ps7_cortexa9_0' is selected.
12:59:34 INFO  : 'con' command is executed.
12:59:34 INFO  : ----------------XSDB Script (After Launch)----------------
targets -set -nocase -filter {name =~ "ARM*#0" && jtag_cable_name =~ "Digilent Zed 210248B78019"} -index 0
con
----------------End of Script----------------

12:59:34 INFO  : Launch script is exported to file 'C:\Users\aamalik3\Desktop\ICAP_Readback\Benchmarks\RISC_BENCHMARKS_BASE_PROJ\RISC_BENCHMARKS_BASE_PROJ.sdk\.sdk\launch_scripts\xilinx_c-c++_application_(system_debugger)\system_debugger_using_debug_benchmark.elf_on_local.tcl'
12:59:45 INFO  : Disconnected from the channel tcfchan#12.
12:59:46 INFO  : 'targets -set -filter {jtag_cable_name =~ "Digilent Zed 210248B78019" && level==0} -index 1' command is executed.
12:59:46 INFO  : 'fpga -state' command is executed.
12:59:46 INFO  : Connected to target on host '127.0.0.1' and port '3121'.
12:59:46 INFO  : Jtag cable 'Digilent Zed 210248B78019' is selected.
12:59:46 INFO  : 'jtag frequency' command is executed.
12:59:46 INFO  : Sourcing of 'C:/Users/aamalik3/Desktop/ICAP_Readback/Benchmarks/RISC_BENCHMARKS_BASE_PROJ/RISC_BENCHMARKS_BASE_PROJ.sdk/design_1_wrapper_hw_platform_0/ps7_init.tcl' is done.
12:59:46 INFO  : Context for 'APU' is selected.
12:59:47 INFO  : Hardware design information is loaded from 'C:/Users/aamalik3/Desktop/ICAP_Readback/Benchmarks/RISC_BENCHMARKS_BASE_PROJ/RISC_BENCHMARKS_BASE_PROJ.sdk/design_1_wrapper_hw_platform_0/system.hdf'.
12:59:47 INFO  : 'configparams force-mem-access 1' command is executed.
12:59:47 INFO  : Context for 'APU' is selected.
12:59:47 INFO  : 'stop' command is executed.
12:59:48 INFO  : 'ps7_init' command is executed.
12:59:48 INFO  : 'ps7_post_config' command is executed.
12:59:48 INFO  : Context for processor 'ps7_cortexa9_0' is selected.
12:59:48 INFO  : Processor reset is completed for 'ps7_cortexa9_0'.
12:59:48 INFO  : Context for processor 'ps7_cortexa9_0' is selected.
12:59:48 INFO  : The application 'C:/Users/aamalik3/Desktop/ICAP_Readback/Benchmarks/RISC_BENCHMARKS_BASE_PROJ/RISC_BENCHMARKS_BASE_PROJ.sdk/Benchmark/Debug/Benchmark.elf' is downloaded to processor 'ps7_cortexa9_0'.
12:59:48 INFO  : 'configparams force-mem-access 0' command is executed.
12:59:48 INFO  : ----------------XSDB Script----------------
connect -url tcp:127.0.0.1:3121
source C:/Users/aamalik3/Desktop/ICAP_Readback/Benchmarks/RISC_BENCHMARKS_BASE_PROJ/RISC_BENCHMARKS_BASE_PROJ.sdk/design_1_wrapper_hw_platform_0/ps7_init.tcl
targets -set -nocase -filter {name =~"APU*" && jtag_cable_name =~ "Digilent Zed 210248B78019"} -index 0
loadhw -hw C:/Users/aamalik3/Desktop/ICAP_Readback/Benchmarks/RISC_BENCHMARKS_BASE_PROJ/RISC_BENCHMARKS_BASE_PROJ.sdk/design_1_wrapper_hw_platform_0/system.hdf -mem-ranges [list {0x40000000 0xbfffffff}]
configparams force-mem-access 1
targets -set -nocase -filter {name =~"APU*" && jtag_cable_name =~ "Digilent Zed 210248B78019"} -index 0
stop
ps7_init
ps7_post_config
targets -set -nocase -filter {name =~ "ARM*#0" && jtag_cable_name =~ "Digilent Zed 210248B78019"} -index 0
rst -processor
targets -set -nocase -filter {name =~ "ARM*#0" && jtag_cable_name =~ "Digilent Zed 210248B78019"} -index 0
dow C:/Users/aamalik3/Desktop/ICAP_Readback/Benchmarks/RISC_BENCHMARKS_BASE_PROJ/RISC_BENCHMARKS_BASE_PROJ.sdk/Benchmark/Debug/Benchmark.elf
configparams force-mem-access 0
----------------End of Script----------------

12:59:48 INFO  : Memory regions updated for context APU
12:59:48 INFO  : Context for processor 'ps7_cortexa9_0' is selected.
12:59:48 INFO  : 'con' command is executed.
12:59:48 INFO  : ----------------XSDB Script (After Launch)----------------
targets -set -nocase -filter {name =~ "ARM*#0" && jtag_cable_name =~ "Digilent Zed 210248B78019"} -index 0
con
----------------End of Script----------------

12:59:48 INFO  : Launch script is exported to file 'C:\Users\aamalik3\Desktop\ICAP_Readback\Benchmarks\RISC_BENCHMARKS_BASE_PROJ\RISC_BENCHMARKS_BASE_PROJ.sdk\.sdk\launch_scripts\xilinx_c-c++_application_(system_debugger)\system_debugger_using_debug_benchmark.elf_on_local.tcl'
12:59:56 INFO  : Disconnected from the channel tcfchan#13.
12:59:57 INFO  : 'targets -set -filter {jtag_cable_name =~ "Digilent Zed 210248B78019" && level==0} -index 1' command is executed.
12:59:57 INFO  : 'fpga -state' command is executed.
12:59:57 INFO  : Connected to target on host '127.0.0.1' and port '3121'.
12:59:57 INFO  : Jtag cable 'Digilent Zed 210248B78019' is selected.
12:59:57 INFO  : 'jtag frequency' command is executed.
12:59:57 INFO  : Sourcing of 'C:/Users/aamalik3/Desktop/ICAP_Readback/Benchmarks/RISC_BENCHMARKS_BASE_PROJ/RISC_BENCHMARKS_BASE_PROJ.sdk/design_1_wrapper_hw_platform_0/ps7_init.tcl' is done.
12:59:57 INFO  : Context for 'APU' is selected.
12:59:58 INFO  : Hardware design information is loaded from 'C:/Users/aamalik3/Desktop/ICAP_Readback/Benchmarks/RISC_BENCHMARKS_BASE_PROJ/RISC_BENCHMARKS_BASE_PROJ.sdk/design_1_wrapper_hw_platform_0/system.hdf'.
12:59:58 INFO  : 'configparams force-mem-access 1' command is executed.
12:59:58 INFO  : Context for 'APU' is selected.
12:59:58 INFO  : 'stop' command is executed.
12:59:59 INFO  : 'ps7_init' command is executed.
12:59:59 INFO  : 'ps7_post_config' command is executed.
12:59:59 INFO  : Context for processor 'ps7_cortexa9_0' is selected.
12:59:59 INFO  : Processor reset is completed for 'ps7_cortexa9_0'.
12:59:59 INFO  : Context for processor 'ps7_cortexa9_0' is selected.
12:59:59 INFO  : The application 'C:/Users/aamalik3/Desktop/ICAP_Readback/Benchmarks/RISC_BENCHMARKS_BASE_PROJ/RISC_BENCHMARKS_BASE_PROJ.sdk/Benchmark/Debug/Benchmark.elf' is downloaded to processor 'ps7_cortexa9_0'.
12:59:59 INFO  : 'configparams force-mem-access 0' command is executed.
12:59:59 INFO  : ----------------XSDB Script----------------
connect -url tcp:127.0.0.1:3121
source C:/Users/aamalik3/Desktop/ICAP_Readback/Benchmarks/RISC_BENCHMARKS_BASE_PROJ/RISC_BENCHMARKS_BASE_PROJ.sdk/design_1_wrapper_hw_platform_0/ps7_init.tcl
targets -set -nocase -filter {name =~"APU*" && jtag_cable_name =~ "Digilent Zed 210248B78019"} -index 0
loadhw -hw C:/Users/aamalik3/Desktop/ICAP_Readback/Benchmarks/RISC_BENCHMARKS_BASE_PROJ/RISC_BENCHMARKS_BASE_PROJ.sdk/design_1_wrapper_hw_platform_0/system.hdf -mem-ranges [list {0x40000000 0xbfffffff}]
configparams force-mem-access 1
targets -set -nocase -filter {name =~"APU*" && jtag_cable_name =~ "Digilent Zed 210248B78019"} -index 0
stop
ps7_init
ps7_post_config
targets -set -nocase -filter {name =~ "ARM*#0" && jtag_cable_name =~ "Digilent Zed 210248B78019"} -index 0
rst -processor
targets -set -nocase -filter {name =~ "ARM*#0" && jtag_cable_name =~ "Digilent Zed 210248B78019"} -index 0
dow C:/Users/aamalik3/Desktop/ICAP_Readback/Benchmarks/RISC_BENCHMARKS_BASE_PROJ/RISC_BENCHMARKS_BASE_PROJ.sdk/Benchmark/Debug/Benchmark.elf
configparams force-mem-access 0
----------------End of Script----------------

12:59:59 INFO  : Memory regions updated for context APU
12:59:59 INFO  : Context for processor 'ps7_cortexa9_0' is selected.
12:59:59 INFO  : 'con' command is executed.
12:59:59 INFO  : ----------------XSDB Script (After Launch)----------------
targets -set -nocase -filter {name =~ "ARM*#0" && jtag_cable_name =~ "Digilent Zed 210248B78019"} -index 0
con
----------------End of Script----------------

12:59:59 INFO  : Launch script is exported to file 'C:\Users\aamalik3\Desktop\ICAP_Readback\Benchmarks\RISC_BENCHMARKS_BASE_PROJ\RISC_BENCHMARKS_BASE_PROJ.sdk\.sdk\launch_scripts\xilinx_c-c++_application_(system_debugger)\system_debugger_using_debug_benchmark.elf_on_local.tcl'
13:00:36 INFO  : Disconnected from the channel tcfchan#14.
13:00:37 INFO  : 'targets -set -filter {jtag_cable_name =~ "Digilent Zed 210248B78019" && level==0} -index 1' command is executed.
13:00:37 INFO  : 'fpga -state' command is executed.
13:00:37 INFO  : Connected to target on host '127.0.0.1' and port '3121'.
13:00:37 INFO  : Jtag cable 'Digilent Zed 210248B78019' is selected.
13:00:37 INFO  : 'jtag frequency' command is executed.
13:00:37 INFO  : Sourcing of 'C:/Users/aamalik3/Desktop/ICAP_Readback/Benchmarks/RISC_BENCHMARKS_BASE_PROJ/RISC_BENCHMARKS_BASE_PROJ.sdk/design_1_wrapper_hw_platform_0/ps7_init.tcl' is done.
13:00:37 INFO  : Context for 'APU' is selected.
13:00:38 INFO  : Hardware design information is loaded from 'C:/Users/aamalik3/Desktop/ICAP_Readback/Benchmarks/RISC_BENCHMARKS_BASE_PROJ/RISC_BENCHMARKS_BASE_PROJ.sdk/design_1_wrapper_hw_platform_0/system.hdf'.
13:00:38 INFO  : 'configparams force-mem-access 1' command is executed.
13:00:38 INFO  : Context for 'APU' is selected.
13:00:38 INFO  : 'stop' command is executed.
13:00:39 INFO  : 'ps7_init' command is executed.
13:00:39 INFO  : 'ps7_post_config' command is executed.
13:00:39 INFO  : Context for processor 'ps7_cortexa9_0' is selected.
13:00:39 INFO  : Processor reset is completed for 'ps7_cortexa9_0'.
13:00:39 INFO  : Context for processor 'ps7_cortexa9_0' is selected.
13:00:39 INFO  : The application 'C:/Users/aamalik3/Desktop/ICAP_Readback/Benchmarks/RISC_BENCHMARKS_BASE_PROJ/RISC_BENCHMARKS_BASE_PROJ.sdk/Benchmark/Debug/Benchmark.elf' is downloaded to processor 'ps7_cortexa9_0'.
13:00:39 INFO  : 'configparams force-mem-access 0' command is executed.
13:00:39 INFO  : ----------------XSDB Script----------------
connect -url tcp:127.0.0.1:3121
source C:/Users/aamalik3/Desktop/ICAP_Readback/Benchmarks/RISC_BENCHMARKS_BASE_PROJ/RISC_BENCHMARKS_BASE_PROJ.sdk/design_1_wrapper_hw_platform_0/ps7_init.tcl
targets -set -nocase -filter {name =~"APU*" && jtag_cable_name =~ "Digilent Zed 210248B78019"} -index 0
loadhw -hw C:/Users/aamalik3/Desktop/ICAP_Readback/Benchmarks/RISC_BENCHMARKS_BASE_PROJ/RISC_BENCHMARKS_BASE_PROJ.sdk/design_1_wrapper_hw_platform_0/system.hdf -mem-ranges [list {0x40000000 0xbfffffff}]
configparams force-mem-access 1
targets -set -nocase -filter {name =~"APU*" && jtag_cable_name =~ "Digilent Zed 210248B78019"} -index 0
stop
ps7_init
ps7_post_config
targets -set -nocase -filter {name =~ "ARM*#0" && jtag_cable_name =~ "Digilent Zed 210248B78019"} -index 0
rst -processor
targets -set -nocase -filter {name =~ "ARM*#0" && jtag_cable_name =~ "Digilent Zed 210248B78019"} -index 0
dow C:/Users/aamalik3/Desktop/ICAP_Readback/Benchmarks/RISC_BENCHMARKS_BASE_PROJ/RISC_BENCHMARKS_BASE_PROJ.sdk/Benchmark/Debug/Benchmark.elf
configparams force-mem-access 0
----------------End of Script----------------

13:00:39 INFO  : Memory regions updated for context APU
13:00:39 INFO  : Context for processor 'ps7_cortexa9_0' is selected.
13:00:39 INFO  : 'con' command is executed.
13:00:39 INFO  : ----------------XSDB Script (After Launch)----------------
targets -set -nocase -filter {name =~ "ARM*#0" && jtag_cable_name =~ "Digilent Zed 210248B78019"} -index 0
con
----------------End of Script----------------

13:00:39 INFO  : Launch script is exported to file 'C:\Users\aamalik3\Desktop\ICAP_Readback\Benchmarks\RISC_BENCHMARKS_BASE_PROJ\RISC_BENCHMARKS_BASE_PROJ.sdk\.sdk\launch_scripts\xilinx_c-c++_application_(system_debugger)\system_debugger_using_debug_benchmark.elf_on_local.tcl'
20:29:30 INFO  : Connected to target on host '127.0.0.1' and port '3121'.
20:29:30 INFO  : 'targets -set -filter {jtag_cable_name =~ "Digilent Zed 210248B78019" && level==0} -index 1' command is executed.
20:29:32 INFO  : FPGA configured successfully with bitstream "C:/Users/aamalik3/Desktop/ICAP_Readback/Benchmarks/Bitfiles/WithCRC/falcon512int/falcon512int.bit"
20:29:34 INFO  : Disconnected from the channel tcfchan#15.
20:29:35 INFO  : 'targets -set -filter {jtag_cable_name =~ "Digilent Zed 210248B78019" && level==0} -index 1' command is executed.
20:29:35 INFO  : 'fpga -state' command is executed.
20:29:35 INFO  : Connected to target on host '127.0.0.1' and port '3121'.
20:29:35 INFO  : Jtag cable 'Digilent Zed 210248B78019' is selected.
20:29:35 INFO  : 'jtag frequency' command is executed.
20:29:35 INFO  : Sourcing of 'C:/Users/aamalik3/Desktop/ICAP_Readback/Benchmarks/RISC_BENCHMARKS_BASE_PROJ/RISC_BENCHMARKS_BASE_PROJ.sdk/design_1_wrapper_hw_platform_0/ps7_init.tcl' is done.
20:29:35 INFO  : Context for 'APU' is selected.
20:29:36 INFO  : Hardware design information is loaded from 'C:/Users/aamalik3/Desktop/ICAP_Readback/Benchmarks/RISC_BENCHMARKS_BASE_PROJ/RISC_BENCHMARKS_BASE_PROJ.sdk/design_1_wrapper_hw_platform_0/system.hdf'.
20:29:36 INFO  : 'configparams force-mem-access 1' command is executed.
20:29:36 INFO  : Context for 'APU' is selected.
20:29:36 INFO  : 'stop' command is executed.
20:29:36 INFO  : 'ps7_init' command is executed.
20:29:36 INFO  : 'ps7_post_config' command is executed.
20:29:36 INFO  : Context for processor 'ps7_cortexa9_0' is selected.
20:29:37 INFO  : Processor reset is completed for 'ps7_cortexa9_0'.
20:29:37 INFO  : Context for processor 'ps7_cortexa9_0' is selected.
20:29:37 INFO  : The application 'C:/Users/aamalik3/Desktop/ICAP_Readback/Benchmarks/RISC_BENCHMARKS_BASE_PROJ/RISC_BENCHMARKS_BASE_PROJ.sdk/Benchmark/Debug/Benchmark.elf' is downloaded to processor 'ps7_cortexa9_0'.
20:29:37 INFO  : 'configparams force-mem-access 0' command is executed.
20:29:37 INFO  : ----------------XSDB Script----------------
connect -url tcp:127.0.0.1:3121
source C:/Users/aamalik3/Desktop/ICAP_Readback/Benchmarks/RISC_BENCHMARKS_BASE_PROJ/RISC_BENCHMARKS_BASE_PROJ.sdk/design_1_wrapper_hw_platform_0/ps7_init.tcl
targets -set -nocase -filter {name =~"APU*" && jtag_cable_name =~ "Digilent Zed 210248B78019"} -index 0
loadhw -hw C:/Users/aamalik3/Desktop/ICAP_Readback/Benchmarks/RISC_BENCHMARKS_BASE_PROJ/RISC_BENCHMARKS_BASE_PROJ.sdk/design_1_wrapper_hw_platform_0/system.hdf -mem-ranges [list {0x40000000 0xbfffffff}]
configparams force-mem-access 1
targets -set -nocase -filter {name =~"APU*" && jtag_cable_name =~ "Digilent Zed 210248B78019"} -index 0
stop
ps7_init
ps7_post_config
targets -set -nocase -filter {name =~ "ARM*#0" && jtag_cable_name =~ "Digilent Zed 210248B78019"} -index 0
rst -processor
targets -set -nocase -filter {name =~ "ARM*#0" && jtag_cable_name =~ "Digilent Zed 210248B78019"} -index 0
dow C:/Users/aamalik3/Desktop/ICAP_Readback/Benchmarks/RISC_BENCHMARKS_BASE_PROJ/RISC_BENCHMARKS_BASE_PROJ.sdk/Benchmark/Debug/Benchmark.elf
configparams force-mem-access 0
----------------End of Script----------------

20:29:37 INFO  : Memory regions updated for context APU
20:29:37 INFO  : Context for processor 'ps7_cortexa9_0' is selected.
20:29:37 INFO  : 'con' command is executed.
20:29:37 INFO  : ----------------XSDB Script (After Launch)----------------
targets -set -nocase -filter {name =~ "ARM*#0" && jtag_cable_name =~ "Digilent Zed 210248B78019"} -index 0
con
----------------End of Script----------------

20:29:37 INFO  : Launch script is exported to file 'C:\Users\aamalik3\Desktop\ICAP_Readback\Benchmarks\RISC_BENCHMARKS_BASE_PROJ\RISC_BENCHMARKS_BASE_PROJ.sdk\.sdk\launch_scripts\xilinx_c-c++_application_(system_debugger)\system_debugger_using_debug_benchmark.elf_on_local.tcl'
20:32:23 ERROR : (XSDB Server)wrong # of args: should be "mrd [options] address [count]"

20:41:50 INFO  : Disconnected from the channel tcfchan#16.
20:41:51 INFO  : 'targets -set -filter {jtag_cable_name =~ "Digilent Zed 210248B78019" && level==0} -index 1' command is executed.
20:41:51 INFO  : 'fpga -state' command is executed.
20:41:51 INFO  : Connected to target on host '127.0.0.1' and port '3121'.
20:41:51 INFO  : Jtag cable 'Digilent Zed 210248B78019' is selected.
20:41:51 INFO  : 'jtag frequency' command is executed.
20:41:51 INFO  : Sourcing of 'C:/Users/aamalik3/Desktop/ICAP_Readback/Benchmarks/RISC_BENCHMARKS_BASE_PROJ/RISC_BENCHMARKS_BASE_PROJ.sdk/design_1_wrapper_hw_platform_0/ps7_init.tcl' is done.
20:41:51 INFO  : Context for 'APU' is selected.
20:41:52 INFO  : Hardware design information is loaded from 'C:/Users/aamalik3/Desktop/ICAP_Readback/Benchmarks/RISC_BENCHMARKS_BASE_PROJ/RISC_BENCHMARKS_BASE_PROJ.sdk/design_1_wrapper_hw_platform_0/system.hdf'.
20:41:52 INFO  : 'configparams force-mem-access 1' command is executed.
20:41:52 INFO  : Context for 'APU' is selected.
20:41:52 INFO  : 'stop' command is executed.
20:41:53 INFO  : 'ps7_init' command is executed.
20:41:53 INFO  : 'ps7_post_config' command is executed.
20:41:53 INFO  : Context for processor 'ps7_cortexa9_0' is selected.
20:41:53 INFO  : Processor reset is completed for 'ps7_cortexa9_0'.
20:41:53 INFO  : Context for processor 'ps7_cortexa9_0' is selected.
20:41:53 INFO  : The application 'C:/Users/aamalik3/Desktop/ICAP_Readback/Benchmarks/RISC_BENCHMARKS_BASE_PROJ/RISC_BENCHMARKS_BASE_PROJ.sdk/Benchmark/Debug/Benchmark.elf' is downloaded to processor 'ps7_cortexa9_0'.
20:41:53 INFO  : 'configparams force-mem-access 0' command is executed.
20:41:53 INFO  : ----------------XSDB Script----------------
connect -url tcp:127.0.0.1:3121
source C:/Users/aamalik3/Desktop/ICAP_Readback/Benchmarks/RISC_BENCHMARKS_BASE_PROJ/RISC_BENCHMARKS_BASE_PROJ.sdk/design_1_wrapper_hw_platform_0/ps7_init.tcl
targets -set -nocase -filter {name =~"APU*" && jtag_cable_name =~ "Digilent Zed 210248B78019"} -index 0
loadhw -hw C:/Users/aamalik3/Desktop/ICAP_Readback/Benchmarks/RISC_BENCHMARKS_BASE_PROJ/RISC_BENCHMARKS_BASE_PROJ.sdk/design_1_wrapper_hw_platform_0/system.hdf -mem-ranges [list {0x40000000 0xbfffffff}]
configparams force-mem-access 1
targets -set -nocase -filter {name =~"APU*" && jtag_cable_name =~ "Digilent Zed 210248B78019"} -index 0
stop
ps7_init
ps7_post_config
targets -set -nocase -filter {name =~ "ARM*#0" && jtag_cable_name =~ "Digilent Zed 210248B78019"} -index 0
rst -processor
targets -set -nocase -filter {name =~ "ARM*#0" && jtag_cable_name =~ "Digilent Zed 210248B78019"} -index 0
dow C:/Users/aamalik3/Desktop/ICAP_Readback/Benchmarks/RISC_BENCHMARKS_BASE_PROJ/RISC_BENCHMARKS_BASE_PROJ.sdk/Benchmark/Debug/Benchmark.elf
configparams force-mem-access 0
----------------End of Script----------------

20:41:53 INFO  : Memory regions updated for context APU
20:41:53 INFO  : Context for processor 'ps7_cortexa9_0' is selected.
20:41:53 INFO  : 'con' command is executed.
20:41:53 INFO  : ----------------XSDB Script (After Launch)----------------
targets -set -nocase -filter {name =~ "ARM*#0" && jtag_cable_name =~ "Digilent Zed 210248B78019"} -index 0
con
----------------End of Script----------------

20:41:53 INFO  : Launch script is exported to file 'C:\Users\aamalik3\Desktop\ICAP_Readback\Benchmarks\RISC_BENCHMARKS_BASE_PROJ\RISC_BENCHMARKS_BASE_PROJ.sdk\.sdk\launch_scripts\xilinx_c-c++_application_(system_debugger)\system_debugger_using_debug_benchmark.elf_on_local.tcl'
20:42:12 INFO  : Disconnected from the channel tcfchan#17.
20:42:13 INFO  : 'targets -set -filter {jtag_cable_name =~ "Digilent Zed 210248B78019" && level==0} -index 1' command is executed.
20:42:13 INFO  : 'fpga -state' command is executed.
20:42:13 INFO  : Connected to target on host '127.0.0.1' and port '3121'.
20:42:13 INFO  : Jtag cable 'Digilent Zed 210248B78019' is selected.
20:42:13 INFO  : 'jtag frequency' command is executed.
20:42:13 INFO  : Sourcing of 'C:/Users/aamalik3/Desktop/ICAP_Readback/Benchmarks/RISC_BENCHMARKS_BASE_PROJ/RISC_BENCHMARKS_BASE_PROJ.sdk/design_1_wrapper_hw_platform_0/ps7_init.tcl' is done.
20:42:13 INFO  : Context for 'APU' is selected.
20:42:14 INFO  : Hardware design information is loaded from 'C:/Users/aamalik3/Desktop/ICAP_Readback/Benchmarks/RISC_BENCHMARKS_BASE_PROJ/RISC_BENCHMARKS_BASE_PROJ.sdk/design_1_wrapper_hw_platform_0/system.hdf'.
20:42:14 INFO  : 'configparams force-mem-access 1' command is executed.
20:42:14 INFO  : Context for 'APU' is selected.
20:42:14 INFO  : 'stop' command is executed.
20:42:15 INFO  : 'ps7_init' command is executed.
20:42:15 INFO  : 'ps7_post_config' command is executed.
20:42:15 INFO  : Context for processor 'ps7_cortexa9_0' is selected.
20:42:15 INFO  : Processor reset is completed for 'ps7_cortexa9_0'.
20:42:15 INFO  : Context for processor 'ps7_cortexa9_0' is selected.
20:42:15 INFO  : The application 'C:/Users/aamalik3/Desktop/ICAP_Readback/Benchmarks/RISC_BENCHMARKS_BASE_PROJ/RISC_BENCHMARKS_BASE_PROJ.sdk/Benchmark/Debug/Benchmark.elf' is downloaded to processor 'ps7_cortexa9_0'.
20:42:15 INFO  : 'configparams force-mem-access 0' command is executed.
20:42:15 INFO  : ----------------XSDB Script----------------
connect -url tcp:127.0.0.1:3121
source C:/Users/aamalik3/Desktop/ICAP_Readback/Benchmarks/RISC_BENCHMARKS_BASE_PROJ/RISC_BENCHMARKS_BASE_PROJ.sdk/design_1_wrapper_hw_platform_0/ps7_init.tcl
targets -set -nocase -filter {name =~"APU*" && jtag_cable_name =~ "Digilent Zed 210248B78019"} -index 0
loadhw -hw C:/Users/aamalik3/Desktop/ICAP_Readback/Benchmarks/RISC_BENCHMARKS_BASE_PROJ/RISC_BENCHMARKS_BASE_PROJ.sdk/design_1_wrapper_hw_platform_0/system.hdf -mem-ranges [list {0x40000000 0xbfffffff}]
configparams force-mem-access 1
targets -set -nocase -filter {name =~"APU*" && jtag_cable_name =~ "Digilent Zed 210248B78019"} -index 0
stop
ps7_init
ps7_post_config
targets -set -nocase -filter {name =~ "ARM*#0" && jtag_cable_name =~ "Digilent Zed 210248B78019"} -index 0
rst -processor
targets -set -nocase -filter {name =~ "ARM*#0" && jtag_cable_name =~ "Digilent Zed 210248B78019"} -index 0
dow C:/Users/aamalik3/Desktop/ICAP_Readback/Benchmarks/RISC_BENCHMARKS_BASE_PROJ/RISC_BENCHMARKS_BASE_PROJ.sdk/Benchmark/Debug/Benchmark.elf
configparams force-mem-access 0
----------------End of Script----------------

20:42:15 INFO  : Memory regions updated for context APU
20:42:15 INFO  : Context for processor 'ps7_cortexa9_0' is selected.
20:42:15 INFO  : 'con' command is executed.
20:42:15 INFO  : ----------------XSDB Script (After Launch)----------------
targets -set -nocase -filter {name =~ "ARM*#0" && jtag_cable_name =~ "Digilent Zed 210248B78019"} -index 0
con
----------------End of Script----------------

20:42:15 INFO  : Launch script is exported to file 'C:\Users\aamalik3\Desktop\ICAP_Readback\Benchmarks\RISC_BENCHMARKS_BASE_PROJ\RISC_BENCHMARKS_BASE_PROJ.sdk\.sdk\launch_scripts\xilinx_c-c++_application_(system_debugger)\system_debugger_using_debug_benchmark.elf_on_local.tcl'
20:47:29 INFO  : Disconnected from the channel tcfchan#18.
20:47:30 INFO  : 'targets -set -filter {jtag_cable_name =~ "Digilent Zed 210248B78019" && level==0} -index 1' command is executed.
20:47:30 INFO  : 'fpga -state' command is executed.
20:47:30 INFO  : Connected to target on host '127.0.0.1' and port '3121'.
20:47:30 INFO  : Jtag cable 'Digilent Zed 210248B78019' is selected.
20:47:30 INFO  : 'jtag frequency' command is executed.
20:47:30 INFO  : Sourcing of 'C:/Users/aamalik3/Desktop/ICAP_Readback/Benchmarks/RISC_BENCHMARKS_BASE_PROJ/RISC_BENCHMARKS_BASE_PROJ.sdk/design_1_wrapper_hw_platform_0/ps7_init.tcl' is done.
20:47:30 INFO  : Context for 'APU' is selected.
20:47:31 INFO  : Hardware design information is loaded from 'C:/Users/aamalik3/Desktop/ICAP_Readback/Benchmarks/RISC_BENCHMARKS_BASE_PROJ/RISC_BENCHMARKS_BASE_PROJ.sdk/design_1_wrapper_hw_platform_0/system.hdf'.
20:47:31 INFO  : 'configparams force-mem-access 1' command is executed.
20:47:31 INFO  : Context for 'APU' is selected.
20:47:31 INFO  : 'stop' command is executed.
20:47:32 INFO  : 'ps7_init' command is executed.
20:47:32 INFO  : 'ps7_post_config' command is executed.
20:47:32 INFO  : Context for processor 'ps7_cortexa9_0' is selected.
20:47:32 INFO  : Processor reset is completed for 'ps7_cortexa9_0'.
20:47:32 INFO  : Context for processor 'ps7_cortexa9_0' is selected.
20:47:32 INFO  : The application 'C:/Users/aamalik3/Desktop/ICAP_Readback/Benchmarks/RISC_BENCHMARKS_BASE_PROJ/RISC_BENCHMARKS_BASE_PROJ.sdk/Benchmark/Debug/Benchmark.elf' is downloaded to processor 'ps7_cortexa9_0'.
20:47:32 INFO  : 'configparams force-mem-access 0' command is executed.
20:47:32 INFO  : ----------------XSDB Script----------------
connect -url tcp:127.0.0.1:3121
source C:/Users/aamalik3/Desktop/ICAP_Readback/Benchmarks/RISC_BENCHMARKS_BASE_PROJ/RISC_BENCHMARKS_BASE_PROJ.sdk/design_1_wrapper_hw_platform_0/ps7_init.tcl
targets -set -nocase -filter {name =~"APU*" && jtag_cable_name =~ "Digilent Zed 210248B78019"} -index 0
loadhw -hw C:/Users/aamalik3/Desktop/ICAP_Readback/Benchmarks/RISC_BENCHMARKS_BASE_PROJ/RISC_BENCHMARKS_BASE_PROJ.sdk/design_1_wrapper_hw_platform_0/system.hdf -mem-ranges [list {0x40000000 0xbfffffff}]
configparams force-mem-access 1
targets -set -nocase -filter {name =~"APU*" && jtag_cable_name =~ "Digilent Zed 210248B78019"} -index 0
stop
ps7_init
ps7_post_config
targets -set -nocase -filter {name =~ "ARM*#0" && jtag_cable_name =~ "Digilent Zed 210248B78019"} -index 0
rst -processor
targets -set -nocase -filter {name =~ "ARM*#0" && jtag_cable_name =~ "Digilent Zed 210248B78019"} -index 0
dow C:/Users/aamalik3/Desktop/ICAP_Readback/Benchmarks/RISC_BENCHMARKS_BASE_PROJ/RISC_BENCHMARKS_BASE_PROJ.sdk/Benchmark/Debug/Benchmark.elf
configparams force-mem-access 0
----------------End of Script----------------

20:47:32 INFO  : Memory regions updated for context APU
20:47:32 INFO  : Context for processor 'ps7_cortexa9_0' is selected.
20:47:32 INFO  : 'con' command is executed.
20:47:32 INFO  : ----------------XSDB Script (After Launch)----------------
targets -set -nocase -filter {name =~ "ARM*#0" && jtag_cable_name =~ "Digilent Zed 210248B78019"} -index 0
con
----------------End of Script----------------

20:47:32 INFO  : Launch script is exported to file 'C:\Users\aamalik3\Desktop\ICAP_Readback\Benchmarks\RISC_BENCHMARKS_BASE_PROJ\RISC_BENCHMARKS_BASE_PROJ.sdk\.sdk\launch_scripts\xilinx_c-c++_application_(system_debugger)\system_debugger_using_debug_benchmark.elf_on_local.tcl'
20:48:21 INFO  : Disconnected from the channel tcfchan#19.
20:48:22 INFO  : 'targets -set -filter {jtag_cable_name =~ "Digilent Zed 210248B78019" && level==0} -index 1' command is executed.
20:48:22 INFO  : 'fpga -state' command is executed.
20:48:22 INFO  : Connected to target on host '127.0.0.1' and port '3121'.
20:48:22 INFO  : Jtag cable 'Digilent Zed 210248B78019' is selected.
20:48:22 INFO  : 'jtag frequency' command is executed.
20:48:22 INFO  : Sourcing of 'C:/Users/aamalik3/Desktop/ICAP_Readback/Benchmarks/RISC_BENCHMARKS_BASE_PROJ/RISC_BENCHMARKS_BASE_PROJ.sdk/design_1_wrapper_hw_platform_0/ps7_init.tcl' is done.
20:48:22 INFO  : Context for 'APU' is selected.
20:48:23 INFO  : Hardware design information is loaded from 'C:/Users/aamalik3/Desktop/ICAP_Readback/Benchmarks/RISC_BENCHMARKS_BASE_PROJ/RISC_BENCHMARKS_BASE_PROJ.sdk/design_1_wrapper_hw_platform_0/system.hdf'.
20:48:23 INFO  : 'configparams force-mem-access 1' command is executed.
20:48:23 INFO  : Context for 'APU' is selected.
20:48:23 INFO  : 'stop' command is executed.
20:48:23 INFO  : 'ps7_init' command is executed.
20:48:23 INFO  : 'ps7_post_config' command is executed.
20:48:23 INFO  : Context for processor 'ps7_cortexa9_0' is selected.
20:48:23 INFO  : Processor reset is completed for 'ps7_cortexa9_0'.
20:48:23 INFO  : Context for processor 'ps7_cortexa9_0' is selected.
20:48:24 INFO  : The application 'C:/Users/aamalik3/Desktop/ICAP_Readback/Benchmarks/RISC_BENCHMARKS_BASE_PROJ/RISC_BENCHMARKS_BASE_PROJ.sdk/Benchmark/Debug/Benchmark.elf' is downloaded to processor 'ps7_cortexa9_0'.
20:48:24 INFO  : 'configparams force-mem-access 0' command is executed.
20:48:24 INFO  : ----------------XSDB Script----------------
connect -url tcp:127.0.0.1:3121
source C:/Users/aamalik3/Desktop/ICAP_Readback/Benchmarks/RISC_BENCHMARKS_BASE_PROJ/RISC_BENCHMARKS_BASE_PROJ.sdk/design_1_wrapper_hw_platform_0/ps7_init.tcl
targets -set -nocase -filter {name =~"APU*" && jtag_cable_name =~ "Digilent Zed 210248B78019"} -index 0
loadhw -hw C:/Users/aamalik3/Desktop/ICAP_Readback/Benchmarks/RISC_BENCHMARKS_BASE_PROJ/RISC_BENCHMARKS_BASE_PROJ.sdk/design_1_wrapper_hw_platform_0/system.hdf -mem-ranges [list {0x40000000 0xbfffffff}]
configparams force-mem-access 1
targets -set -nocase -filter {name =~"APU*" && jtag_cable_name =~ "Digilent Zed 210248B78019"} -index 0
stop
ps7_init
ps7_post_config
targets -set -nocase -filter {name =~ "ARM*#0" && jtag_cable_name =~ "Digilent Zed 210248B78019"} -index 0
rst -processor
targets -set -nocase -filter {name =~ "ARM*#0" && jtag_cable_name =~ "Digilent Zed 210248B78019"} -index 0
dow C:/Users/aamalik3/Desktop/ICAP_Readback/Benchmarks/RISC_BENCHMARKS_BASE_PROJ/RISC_BENCHMARKS_BASE_PROJ.sdk/Benchmark/Debug/Benchmark.elf
configparams force-mem-access 0
----------------End of Script----------------

20:48:24 INFO  : Memory regions updated for context APU
20:48:24 INFO  : Context for processor 'ps7_cortexa9_0' is selected.
20:48:24 INFO  : 'con' command is executed.
20:48:24 INFO  : ----------------XSDB Script (After Launch)----------------
targets -set -nocase -filter {name =~ "ARM*#0" && jtag_cable_name =~ "Digilent Zed 210248B78019"} -index 0
con
----------------End of Script----------------

20:48:24 INFO  : Launch script is exported to file 'C:\Users\aamalik3\Desktop\ICAP_Readback\Benchmarks\RISC_BENCHMARKS_BASE_PROJ\RISC_BENCHMARKS_BASE_PROJ.sdk\.sdk\launch_scripts\xilinx_c-c++_application_(system_debugger)\system_debugger_using_debug_benchmark.elf_on_local.tcl'
20:49:38 INFO  : Connected to target on host '127.0.0.1' and port '3121'.
20:49:38 INFO  : 'targets -set -filter {jtag_cable_name =~ "Digilent Zed 210248B78019" && level==0} -index 1' command is executed.
20:49:41 INFO  : FPGA configured successfully with bitstream "C:/Users/aamalik3/Desktop/ICAP_Readback/Benchmarks/Bitfiles/WithCRC/falcon512int/falcon512int.bit"
20:49:54 INFO  : Disconnected from the channel tcfchan#20.
20:49:55 INFO  : 'targets -set -filter {jtag_cable_name =~ "Digilent Zed 210248B78019" && level==0} -index 1' command is executed.
20:49:55 INFO  : 'fpga -state' command is executed.
20:49:55 INFO  : Connected to target on host '127.0.0.1' and port '3121'.
20:49:55 INFO  : Jtag cable 'Digilent Zed 210248B78019' is selected.
20:49:55 INFO  : 'jtag frequency' command is executed.
20:49:55 INFO  : Sourcing of 'C:/Users/aamalik3/Desktop/ICAP_Readback/Benchmarks/RISC_BENCHMARKS_BASE_PROJ/RISC_BENCHMARKS_BASE_PROJ.sdk/design_1_wrapper_hw_platform_0/ps7_init.tcl' is done.
20:49:55 INFO  : Context for 'APU' is selected.
20:49:56 INFO  : Hardware design information is loaded from 'C:/Users/aamalik3/Desktop/ICAP_Readback/Benchmarks/RISC_BENCHMARKS_BASE_PROJ/RISC_BENCHMARKS_BASE_PROJ.sdk/design_1_wrapper_hw_platform_0/system.hdf'.
20:49:56 INFO  : 'configparams force-mem-access 1' command is executed.
20:49:56 INFO  : Context for 'APU' is selected.
20:49:56 INFO  : 'stop' command is executed.
20:49:56 INFO  : 'ps7_init' command is executed.
20:49:56 INFO  : 'ps7_post_config' command is executed.
20:49:56 INFO  : Context for processor 'ps7_cortexa9_0' is selected.
20:49:56 INFO  : Processor reset is completed for 'ps7_cortexa9_0'.
20:49:56 INFO  : Context for processor 'ps7_cortexa9_0' is selected.
20:49:56 INFO  : The application 'C:/Users/aamalik3/Desktop/ICAP_Readback/Benchmarks/RISC_BENCHMARKS_BASE_PROJ/RISC_BENCHMARKS_BASE_PROJ.sdk/Benchmark/Debug/Benchmark.elf' is downloaded to processor 'ps7_cortexa9_0'.
20:49:56 INFO  : 'configparams force-mem-access 0' command is executed.
20:49:56 INFO  : ----------------XSDB Script----------------
connect -url tcp:127.0.0.1:3121
source C:/Users/aamalik3/Desktop/ICAP_Readback/Benchmarks/RISC_BENCHMARKS_BASE_PROJ/RISC_BENCHMARKS_BASE_PROJ.sdk/design_1_wrapper_hw_platform_0/ps7_init.tcl
targets -set -nocase -filter {name =~"APU*" && jtag_cable_name =~ "Digilent Zed 210248B78019"} -index 0
loadhw -hw C:/Users/aamalik3/Desktop/ICAP_Readback/Benchmarks/RISC_BENCHMARKS_BASE_PROJ/RISC_BENCHMARKS_BASE_PROJ.sdk/design_1_wrapper_hw_platform_0/system.hdf -mem-ranges [list {0x40000000 0xbfffffff}]
configparams force-mem-access 1
targets -set -nocase -filter {name =~"APU*" && jtag_cable_name =~ "Digilent Zed 210248B78019"} -index 0
stop
ps7_init
ps7_post_config
targets -set -nocase -filter {name =~ "ARM*#0" && jtag_cable_name =~ "Digilent Zed 210248B78019"} -index 0
rst -processor
targets -set -nocase -filter {name =~ "ARM*#0" && jtag_cable_name =~ "Digilent Zed 210248B78019"} -index 0
dow C:/Users/aamalik3/Desktop/ICAP_Readback/Benchmarks/RISC_BENCHMARKS_BASE_PROJ/RISC_BENCHMARKS_BASE_PROJ.sdk/Benchmark/Debug/Benchmark.elf
configparams force-mem-access 0
----------------End of Script----------------

20:49:56 INFO  : Memory regions updated for context APU
20:49:56 INFO  : Context for processor 'ps7_cortexa9_0' is selected.
20:49:56 INFO  : 'con' command is executed.
20:49:56 INFO  : ----------------XSDB Script (After Launch)----------------
targets -set -nocase -filter {name =~ "ARM*#0" && jtag_cable_name =~ "Digilent Zed 210248B78019"} -index 0
con
----------------End of Script----------------

20:49:56 INFO  : Launch script is exported to file 'C:\Users\aamalik3\Desktop\ICAP_Readback\Benchmarks\RISC_BENCHMARKS_BASE_PROJ\RISC_BENCHMARKS_BASE_PROJ.sdk\.sdk\launch_scripts\xilinx_c-c++_application_(system_debugger)\system_debugger_using_debug_benchmark.elf_on_local.tcl'
20:50:03 INFO  : Connected to target on host '127.0.0.1' and port '3121'.
20:50:03 INFO  : 'targets -set -filter {jtag_cable_name =~ "Digilent Zed 210248B78019" && level==0} -index 1' command is executed.
20:50:03 INFO  : FPGA configured successfully with bitstream "C:/Users/aamalik3/Desktop/ICAP_Readback/Benchmarks/Bitfiles/WithCRC/falcon512int/falcon512int_pblock_risc_partial.bit"
21:55:33 INFO  : Connected to target on host '127.0.0.1' and port '3121'.
21:55:33 INFO  : 'targets -set -filter {jtag_cable_name =~ "Digilent Zed 210248B78019" && level==0} -index 1' command is executed.
21:55:36 INFO  : FPGA configured successfully with bitstream "C:/Users/aamalik3/Desktop/ICAP_Readback/Benchmarks/Bitfiles/WithCRC/falcon0delay/falcon0delay.bit"
21:55:38 INFO  : Disconnected from the channel tcfchan#21.
21:55:39 INFO  : 'targets -set -filter {jtag_cable_name =~ "Digilent Zed 210248B78019" && level==0} -index 1' command is executed.
21:55:39 INFO  : 'fpga -state' command is executed.
21:55:39 INFO  : Connected to target on host '127.0.0.1' and port '3121'.
21:55:39 INFO  : Jtag cable 'Digilent Zed 210248B78019' is selected.
21:55:39 INFO  : 'jtag frequency' command is executed.
21:55:39 INFO  : Sourcing of 'C:/Users/aamalik3/Desktop/ICAP_Readback/Benchmarks/RISC_BENCHMARKS_BASE_PROJ/RISC_BENCHMARKS_BASE_PROJ.sdk/design_1_wrapper_hw_platform_0/ps7_init.tcl' is done.
21:55:39 INFO  : Context for 'APU' is selected.
21:55:40 INFO  : Hardware design information is loaded from 'C:/Users/aamalik3/Desktop/ICAP_Readback/Benchmarks/RISC_BENCHMARKS_BASE_PROJ/RISC_BENCHMARKS_BASE_PROJ.sdk/design_1_wrapper_hw_platform_0/system.hdf'.
21:55:40 INFO  : 'configparams force-mem-access 1' command is executed.
21:55:40 INFO  : Context for 'APU' is selected.
21:55:40 INFO  : 'stop' command is executed.
21:55:41 INFO  : 'ps7_init' command is executed.
21:55:41 INFO  : 'ps7_post_config' command is executed.
21:55:41 INFO  : Context for processor 'ps7_cortexa9_0' is selected.
21:55:41 INFO  : Processor reset is completed for 'ps7_cortexa9_0'.
21:55:41 INFO  : Context for processor 'ps7_cortexa9_0' is selected.
21:55:41 INFO  : The application 'C:/Users/aamalik3/Desktop/ICAP_Readback/Benchmarks/RISC_BENCHMARKS_BASE_PROJ/RISC_BENCHMARKS_BASE_PROJ.sdk/Benchmark/Debug/Benchmark.elf' is downloaded to processor 'ps7_cortexa9_0'.
21:55:41 INFO  : 'configparams force-mem-access 0' command is executed.
21:55:41 INFO  : ----------------XSDB Script----------------
connect -url tcp:127.0.0.1:3121
source C:/Users/aamalik3/Desktop/ICAP_Readback/Benchmarks/RISC_BENCHMARKS_BASE_PROJ/RISC_BENCHMARKS_BASE_PROJ.sdk/design_1_wrapper_hw_platform_0/ps7_init.tcl
targets -set -nocase -filter {name =~"APU*" && jtag_cable_name =~ "Digilent Zed 210248B78019"} -index 0
loadhw -hw C:/Users/aamalik3/Desktop/ICAP_Readback/Benchmarks/RISC_BENCHMARKS_BASE_PROJ/RISC_BENCHMARKS_BASE_PROJ.sdk/design_1_wrapper_hw_platform_0/system.hdf -mem-ranges [list {0x40000000 0xbfffffff}]
configparams force-mem-access 1
targets -set -nocase -filter {name =~"APU*" && jtag_cable_name =~ "Digilent Zed 210248B78019"} -index 0
stop
ps7_init
ps7_post_config
targets -set -nocase -filter {name =~ "ARM*#0" && jtag_cable_name =~ "Digilent Zed 210248B78019"} -index 0
rst -processor
targets -set -nocase -filter {name =~ "ARM*#0" && jtag_cable_name =~ "Digilent Zed 210248B78019"} -index 0
dow C:/Users/aamalik3/Desktop/ICAP_Readback/Benchmarks/RISC_BENCHMARKS_BASE_PROJ/RISC_BENCHMARKS_BASE_PROJ.sdk/Benchmark/Debug/Benchmark.elf
configparams force-mem-access 0
----------------End of Script----------------

21:55:41 INFO  : Memory regions updated for context APU
21:55:41 INFO  : Context for processor 'ps7_cortexa9_0' is selected.
21:55:41 INFO  : 'con' command is executed.
21:55:41 INFO  : ----------------XSDB Script (After Launch)----------------
targets -set -nocase -filter {name =~ "ARM*#0" && jtag_cable_name =~ "Digilent Zed 210248B78019"} -index 0
con
----------------End of Script----------------

21:55:41 INFO  : Launch script is exported to file 'C:\Users\aamalik3\Desktop\ICAP_Readback\Benchmarks\RISC_BENCHMARKS_BASE_PROJ\RISC_BENCHMARKS_BASE_PROJ.sdk\.sdk\launch_scripts\xilinx_c-c++_application_(system_debugger)\system_debugger_using_debug_benchmark.elf_on_local.tcl'
22:15:33 INFO  : Connected to target on host '127.0.0.1' and port '3121'.
22:15:33 INFO  : 'targets -set -filter {jtag_cable_name =~ "Digilent Zed 210248B78019" && level==0} -index 1' command is executed.
22:15:35 INFO  : FPGA configured successfully with bitstream "C:/Users/aamalik3/Desktop/ICAP_Readback/Benchmarks/Bitfiles/WithCRC/falcon0delay/falcon0delay.bit"
22:16:05 INFO  : Disconnected from the channel tcfchan#22.
22:16:07 INFO  : 'targets -set -filter {jtag_cable_name =~ "Digilent Zed 210248B78019" && level==0} -index 1' command is executed.
22:16:07 INFO  : 'fpga -state' command is executed.
22:16:07 INFO  : Connected to target on host '127.0.0.1' and port '3121'.
22:16:07 INFO  : Jtag cable 'Digilent Zed 210248B78019' is selected.
22:16:07 INFO  : 'jtag frequency' command is executed.
22:16:07 INFO  : Sourcing of 'C:/Users/aamalik3/Desktop/ICAP_Readback/Benchmarks/RISC_BENCHMARKS_BASE_PROJ/RISC_BENCHMARKS_BASE_PROJ.sdk/design_1_wrapper_hw_platform_0/ps7_init.tcl' is done.
22:16:07 INFO  : Context for 'APU' is selected.
22:16:08 INFO  : Hardware design information is loaded from 'C:/Users/aamalik3/Desktop/ICAP_Readback/Benchmarks/RISC_BENCHMARKS_BASE_PROJ/RISC_BENCHMARKS_BASE_PROJ.sdk/design_1_wrapper_hw_platform_0/system.hdf'.
22:16:08 INFO  : 'configparams force-mem-access 1' command is executed.
22:16:08 INFO  : Context for 'APU' is selected.
22:16:08 INFO  : 'stop' command is executed.
22:16:08 INFO  : 'ps7_init' command is executed.
22:16:08 INFO  : 'ps7_post_config' command is executed.
22:16:08 INFO  : Context for processor 'ps7_cortexa9_0' is selected.
22:16:08 INFO  : Processor reset is completed for 'ps7_cortexa9_0'.
22:16:08 INFO  : Context for processor 'ps7_cortexa9_0' is selected.
22:16:08 INFO  : The application 'C:/Users/aamalik3/Desktop/ICAP_Readback/Benchmarks/RISC_BENCHMARKS_BASE_PROJ/RISC_BENCHMARKS_BASE_PROJ.sdk/Benchmark/Debug/Benchmark.elf' is downloaded to processor 'ps7_cortexa9_0'.
22:16:08 INFO  : 'configparams force-mem-access 0' command is executed.
22:16:08 INFO  : ----------------XSDB Script----------------
connect -url tcp:127.0.0.1:3121
source C:/Users/aamalik3/Desktop/ICAP_Readback/Benchmarks/RISC_BENCHMARKS_BASE_PROJ/RISC_BENCHMARKS_BASE_PROJ.sdk/design_1_wrapper_hw_platform_0/ps7_init.tcl
targets -set -nocase -filter {name =~"APU*" && jtag_cable_name =~ "Digilent Zed 210248B78019"} -index 0
loadhw -hw C:/Users/aamalik3/Desktop/ICAP_Readback/Benchmarks/RISC_BENCHMARKS_BASE_PROJ/RISC_BENCHMARKS_BASE_PROJ.sdk/design_1_wrapper_hw_platform_0/system.hdf -mem-ranges [list {0x40000000 0xbfffffff}]
configparams force-mem-access 1
targets -set -nocase -filter {name =~"APU*" && jtag_cable_name =~ "Digilent Zed 210248B78019"} -index 0
stop
ps7_init
ps7_post_config
targets -set -nocase -filter {name =~ "ARM*#0" && jtag_cable_name =~ "Digilent Zed 210248B78019"} -index 0
rst -processor
targets -set -nocase -filter {name =~ "ARM*#0" && jtag_cable_name =~ "Digilent Zed 210248B78019"} -index 0
dow C:/Users/aamalik3/Desktop/ICAP_Readback/Benchmarks/RISC_BENCHMARKS_BASE_PROJ/RISC_BENCHMARKS_BASE_PROJ.sdk/Benchmark/Debug/Benchmark.elf
configparams force-mem-access 0
----------------End of Script----------------

22:16:09 INFO  : Memory regions updated for context APU
22:16:09 INFO  : Context for processor 'ps7_cortexa9_0' is selected.
22:16:09 INFO  : 'con' command is executed.
22:16:09 INFO  : ----------------XSDB Script (After Launch)----------------
targets -set -nocase -filter {name =~ "ARM*#0" && jtag_cable_name =~ "Digilent Zed 210248B78019"} -index 0
con
----------------End of Script----------------

22:16:09 INFO  : Launch script is exported to file 'C:\Users\aamalik3\Desktop\ICAP_Readback\Benchmarks\RISC_BENCHMARKS_BASE_PROJ\RISC_BENCHMARKS_BASE_PROJ.sdk\.sdk\launch_scripts\xilinx_c-c++_application_(system_debugger)\system_debugger_using_debug_benchmark.elf_on_local.tcl'
12:52:14 INFO  : Connected to target on host '127.0.0.1' and port '3121'.
12:52:14 INFO  : 'targets -set -filter {jtag_cable_name =~ "Digilent Zed 210248B78019" && level==0} -index 1' command is executed.
12:52:16 INFO  : FPGA configured successfully with bitstream "C:/Users/aamalik3/Desktop/ICAP_Readback/Benchmarks/Bitfiles/WithCRC/falcon_delay_2/falcon_delay_2.bit"
12:53:23 INFO  : Connected to target on host '127.0.0.1' and port '3121'.
12:53:24 INFO  : 'targets -set -filter {jtag_cable_name =~ "Digilent Zed 210248B78019" && level==0} -index 1' command is executed.
12:53:26 INFO  : FPGA configured successfully with bitstream "C:/Users/aamalik3/Desktop/ICAP_Readback/Benchmarks/Bitfiles/WithCRC/falcon_delay_2/falcon_delay_2.bit"
12:53:33 INFO  : Connected to target on host '127.0.0.1' and port '3121'.
12:53:33 INFO  : 'targets -set -filter {jtag_cable_name =~ "Digilent Zed 210248B78019" && level==0} -index 1' command is executed.
12:53:34 INFO  : FPGA configured successfully with bitstream "C:/Users/aamalik3/Desktop/ICAP_Readback/Benchmarks/Bitfiles/WithCRC/falcon_delay_2/falcon_delay_2_pblock_risc_partial.bit"
12:53:50 INFO  : Connected to target on host '127.0.0.1' and port '3121'.
12:53:50 INFO  : 'targets -set -filter {jtag_cable_name =~ "Digilent Zed 210248B78019" && level==0} -index 1' command is executed.
12:53:53 INFO  : FPGA configured successfully with bitstream "C:/Users/aamalik3/Desktop/ICAP_Readback/Benchmarks/Bitfiles/WithCRC/falcon_delay_2/falcon_delay_2.bit"
12:56:03 INFO  : Disconnected from the channel tcfchan#23.
12:56:04 INFO  : 'targets -set -filter {jtag_cable_name =~ "Digilent Zed 210248B78019" && level==0} -index 1' command is executed.
12:56:04 INFO  : 'fpga -state' command is executed.
12:56:04 INFO  : Connected to target on host '127.0.0.1' and port '3121'.
12:56:04 INFO  : Jtag cable 'Digilent Zed 210248B78019' is selected.
12:56:04 INFO  : 'jtag frequency' command is executed.
12:56:04 INFO  : Sourcing of 'C:/Users/aamalik3/Desktop/ICAP_Readback/Benchmarks/RISC_BENCHMARKS_BASE_PROJ/RISC_BENCHMARKS_BASE_PROJ.sdk/design_1_wrapper_hw_platform_0/ps7_init.tcl' is done.
12:56:04 INFO  : Context for 'APU' is selected.
12:56:05 INFO  : Hardware design information is loaded from 'C:/Users/aamalik3/Desktop/ICAP_Readback/Benchmarks/RISC_BENCHMARKS_BASE_PROJ/RISC_BENCHMARKS_BASE_PROJ.sdk/design_1_wrapper_hw_platform_0/system.hdf'.
12:56:05 INFO  : 'configparams force-mem-access 1' command is executed.
12:56:05 INFO  : Context for 'APU' is selected.
12:56:06 INFO  : 'stop' command is executed.
12:56:06 INFO  : 'ps7_init' command is executed.
12:56:06 INFO  : 'ps7_post_config' command is executed.
12:56:06 INFO  : Context for processor 'ps7_cortexa9_0' is selected.
12:56:06 INFO  : Processor reset is completed for 'ps7_cortexa9_0'.
12:56:06 INFO  : Context for processor 'ps7_cortexa9_0' is selected.
12:56:07 INFO  : The application 'C:/Users/aamalik3/Desktop/ICAP_Readback/Benchmarks/RISC_BENCHMARKS_BASE_PROJ/RISC_BENCHMARKS_BASE_PROJ.sdk/Benchmark/Debug/Benchmark.elf' is downloaded to processor 'ps7_cortexa9_0'.
12:56:07 INFO  : 'configparams force-mem-access 0' command is executed.
12:56:07 INFO  : ----------------XSDB Script----------------
connect -url tcp:127.0.0.1:3121
source C:/Users/aamalik3/Desktop/ICAP_Readback/Benchmarks/RISC_BENCHMARKS_BASE_PROJ/RISC_BENCHMARKS_BASE_PROJ.sdk/design_1_wrapper_hw_platform_0/ps7_init.tcl
targets -set -nocase -filter {name =~"APU*" && jtag_cable_name =~ "Digilent Zed 210248B78019"} -index 0
loadhw -hw C:/Users/aamalik3/Desktop/ICAP_Readback/Benchmarks/RISC_BENCHMARKS_BASE_PROJ/RISC_BENCHMARKS_BASE_PROJ.sdk/design_1_wrapper_hw_platform_0/system.hdf -mem-ranges [list {0x40000000 0xbfffffff}]
configparams force-mem-access 1
targets -set -nocase -filter {name =~"APU*" && jtag_cable_name =~ "Digilent Zed 210248B78019"} -index 0
stop
ps7_init
ps7_post_config
targets -set -nocase -filter {name =~ "ARM*#0" && jtag_cable_name =~ "Digilent Zed 210248B78019"} -index 0
rst -processor
targets -set -nocase -filter {name =~ "ARM*#0" && jtag_cable_name =~ "Digilent Zed 210248B78019"} -index 0
dow C:/Users/aamalik3/Desktop/ICAP_Readback/Benchmarks/RISC_BENCHMARKS_BASE_PROJ/RISC_BENCHMARKS_BASE_PROJ.sdk/Benchmark/Debug/Benchmark.elf
configparams force-mem-access 0
----------------End of Script----------------

12:56:07 INFO  : Memory regions updated for context APU
12:56:07 INFO  : Context for processor 'ps7_cortexa9_0' is selected.
12:56:07 INFO  : 'con' command is executed.
12:56:07 INFO  : ----------------XSDB Script (After Launch)----------------
targets -set -nocase -filter {name =~ "ARM*#0" && jtag_cable_name =~ "Digilent Zed 210248B78019"} -index 0
con
----------------End of Script----------------

12:56:07 INFO  : Launch script is exported to file 'C:\Users\aamalik3\Desktop\ICAP_Readback\Benchmarks\RISC_BENCHMARKS_BASE_PROJ\RISC_BENCHMARKS_BASE_PROJ.sdk\.sdk\launch_scripts\xilinx_c-c++_application_(system_debugger)\system_debugger_using_debug_benchmark.elf_on_local.tcl'
12:56:39 INFO  : Disconnected from the channel tcfchan#24.
12:56:40 INFO  : 'targets -set -filter {jtag_cable_name =~ "Digilent Zed 210248B78019" && level==0} -index 1' command is executed.
12:56:40 INFO  : 'fpga -state' command is executed.
12:56:40 INFO  : Connected to target on host '127.0.0.1' and port '3121'.
12:56:40 INFO  : Jtag cable 'Digilent Zed 210248B78019' is selected.
12:56:40 INFO  : 'jtag frequency' command is executed.
12:56:40 INFO  : Sourcing of 'C:/Users/aamalik3/Desktop/ICAP_Readback/Benchmarks/RISC_BENCHMARKS_BASE_PROJ/RISC_BENCHMARKS_BASE_PROJ.sdk/design_1_wrapper_hw_platform_0/ps7_init.tcl' is done.
12:56:40 INFO  : Context for 'APU' is selected.
12:56:41 INFO  : Hardware design information is loaded from 'C:/Users/aamalik3/Desktop/ICAP_Readback/Benchmarks/RISC_BENCHMARKS_BASE_PROJ/RISC_BENCHMARKS_BASE_PROJ.sdk/design_1_wrapper_hw_platform_0/system.hdf'.
12:56:41 INFO  : 'configparams force-mem-access 1' command is executed.
12:56:41 INFO  : Context for 'APU' is selected.
12:56:41 INFO  : 'stop' command is executed.
12:56:41 INFO  : 'ps7_init' command is executed.
12:56:41 INFO  : 'ps7_post_config' command is executed.
12:56:41 INFO  : Context for processor 'ps7_cortexa9_0' is selected.
12:56:41 INFO  : Processor reset is completed for 'ps7_cortexa9_0'.
12:56:41 INFO  : Context for processor 'ps7_cortexa9_0' is selected.
12:56:42 INFO  : The application 'C:/Users/aamalik3/Desktop/ICAP_Readback/Benchmarks/RISC_BENCHMARKS_BASE_PROJ/RISC_BENCHMARKS_BASE_PROJ.sdk/Benchmark/Debug/Benchmark.elf' is downloaded to processor 'ps7_cortexa9_0'.
12:56:42 INFO  : 'configparams force-mem-access 0' command is executed.
12:56:42 INFO  : ----------------XSDB Script----------------
connect -url tcp:127.0.0.1:3121
source C:/Users/aamalik3/Desktop/ICAP_Readback/Benchmarks/RISC_BENCHMARKS_BASE_PROJ/RISC_BENCHMARKS_BASE_PROJ.sdk/design_1_wrapper_hw_platform_0/ps7_init.tcl
targets -set -nocase -filter {name =~"APU*" && jtag_cable_name =~ "Digilent Zed 210248B78019"} -index 0
loadhw -hw C:/Users/aamalik3/Desktop/ICAP_Readback/Benchmarks/RISC_BENCHMARKS_BASE_PROJ/RISC_BENCHMARKS_BASE_PROJ.sdk/design_1_wrapper_hw_platform_0/system.hdf -mem-ranges [list {0x40000000 0xbfffffff}]
configparams force-mem-access 1
targets -set -nocase -filter {name =~"APU*" && jtag_cable_name =~ "Digilent Zed 210248B78019"} -index 0
stop
ps7_init
ps7_post_config
targets -set -nocase -filter {name =~ "ARM*#0" && jtag_cable_name =~ "Digilent Zed 210248B78019"} -index 0
rst -processor
targets -set -nocase -filter {name =~ "ARM*#0" && jtag_cable_name =~ "Digilent Zed 210248B78019"} -index 0
dow C:/Users/aamalik3/Desktop/ICAP_Readback/Benchmarks/RISC_BENCHMARKS_BASE_PROJ/RISC_BENCHMARKS_BASE_PROJ.sdk/Benchmark/Debug/Benchmark.elf
configparams force-mem-access 0
----------------End of Script----------------

12:56:42 INFO  : Memory regions updated for context APU
12:56:42 INFO  : Context for processor 'ps7_cortexa9_0' is selected.
12:56:42 INFO  : 'con' command is executed.
12:56:42 INFO  : ----------------XSDB Script (After Launch)----------------
targets -set -nocase -filter {name =~ "ARM*#0" && jtag_cable_name =~ "Digilent Zed 210248B78019"} -index 0
con
----------------End of Script----------------

12:56:42 INFO  : Launch script is exported to file 'C:\Users\aamalik3\Desktop\ICAP_Readback\Benchmarks\RISC_BENCHMARKS_BASE_PROJ\RISC_BENCHMARKS_BASE_PROJ.sdk\.sdk\launch_scripts\xilinx_c-c++_application_(system_debugger)\system_debugger_using_debug_benchmark.elf_on_local.tcl'
12:57:06 INFO  : Disconnected from the channel tcfchan#25.
12:57:07 INFO  : 'targets -set -filter {jtag_cable_name =~ "Digilent Zed 210248B78019" && level==0} -index 1' command is executed.
12:57:07 INFO  : 'fpga -state' command is executed.
12:57:07 INFO  : Connected to target on host '127.0.0.1' and port '3121'.
12:57:07 INFO  : Jtag cable 'Digilent Zed 210248B78019' is selected.
12:57:07 INFO  : 'jtag frequency' command is executed.
12:57:07 INFO  : Sourcing of 'C:/Users/aamalik3/Desktop/ICAP_Readback/Benchmarks/RISC_BENCHMARKS_BASE_PROJ/RISC_BENCHMARKS_BASE_PROJ.sdk/design_1_wrapper_hw_platform_0/ps7_init.tcl' is done.
12:57:07 INFO  : Context for 'APU' is selected.
12:57:08 INFO  : Hardware design information is loaded from 'C:/Users/aamalik3/Desktop/ICAP_Readback/Benchmarks/RISC_BENCHMARKS_BASE_PROJ/RISC_BENCHMARKS_BASE_PROJ.sdk/design_1_wrapper_hw_platform_0/system.hdf'.
12:57:08 INFO  : 'configparams force-mem-access 1' command is executed.
12:57:08 INFO  : Context for 'APU' is selected.
12:57:08 INFO  : 'stop' command is executed.
12:57:09 INFO  : 'ps7_init' command is executed.
12:57:09 INFO  : 'ps7_post_config' command is executed.
12:57:09 INFO  : Context for processor 'ps7_cortexa9_0' is selected.
12:57:09 INFO  : Processor reset is completed for 'ps7_cortexa9_0'.
12:57:09 INFO  : Context for processor 'ps7_cortexa9_0' is selected.
12:57:09 INFO  : The application 'C:/Users/aamalik3/Desktop/ICAP_Readback/Benchmarks/RISC_BENCHMARKS_BASE_PROJ/RISC_BENCHMARKS_BASE_PROJ.sdk/Benchmark/Debug/Benchmark.elf' is downloaded to processor 'ps7_cortexa9_0'.
12:57:09 INFO  : 'configparams force-mem-access 0' command is executed.
12:57:09 INFO  : ----------------XSDB Script----------------
connect -url tcp:127.0.0.1:3121
source C:/Users/aamalik3/Desktop/ICAP_Readback/Benchmarks/RISC_BENCHMARKS_BASE_PROJ/RISC_BENCHMARKS_BASE_PROJ.sdk/design_1_wrapper_hw_platform_0/ps7_init.tcl
targets -set -nocase -filter {name =~"APU*" && jtag_cable_name =~ "Digilent Zed 210248B78019"} -index 0
loadhw -hw C:/Users/aamalik3/Desktop/ICAP_Readback/Benchmarks/RISC_BENCHMARKS_BASE_PROJ/RISC_BENCHMARKS_BASE_PROJ.sdk/design_1_wrapper_hw_platform_0/system.hdf -mem-ranges [list {0x40000000 0xbfffffff}]
configparams force-mem-access 1
targets -set -nocase -filter {name =~"APU*" && jtag_cable_name =~ "Digilent Zed 210248B78019"} -index 0
stop
ps7_init
ps7_post_config
targets -set -nocase -filter {name =~ "ARM*#0" && jtag_cable_name =~ "Digilent Zed 210248B78019"} -index 0
rst -processor
targets -set -nocase -filter {name =~ "ARM*#0" && jtag_cable_name =~ "Digilent Zed 210248B78019"} -index 0
dow C:/Users/aamalik3/Desktop/ICAP_Readback/Benchmarks/RISC_BENCHMARKS_BASE_PROJ/RISC_BENCHMARKS_BASE_PROJ.sdk/Benchmark/Debug/Benchmark.elf
configparams force-mem-access 0
----------------End of Script----------------

12:57:09 INFO  : Memory regions updated for context APU
12:57:10 INFO  : Context for processor 'ps7_cortexa9_0' is selected.
12:57:10 INFO  : 'con' command is executed.
12:57:10 INFO  : ----------------XSDB Script (After Launch)----------------
targets -set -nocase -filter {name =~ "ARM*#0" && jtag_cable_name =~ "Digilent Zed 210248B78019"} -index 0
con
----------------End of Script----------------

12:57:10 INFO  : Launch script is exported to file 'C:\Users\aamalik3\Desktop\ICAP_Readback\Benchmarks\RISC_BENCHMARKS_BASE_PROJ\RISC_BENCHMARKS_BASE_PROJ.sdk\.sdk\launch_scripts\xilinx_c-c++_application_(system_debugger)\system_debugger_using_debug_benchmark.elf_on_local.tcl'
13:01:04 INFO  : Disconnected from the channel tcfchan#26.
13:01:06 INFO  : 'targets -set -filter {jtag_cable_name =~ "Digilent Zed 210248B78019" && level==0} -index 1' command is executed.
13:01:06 INFO  : 'fpga -state' command is executed.
13:01:06 INFO  : Connected to target on host '127.0.0.1' and port '3121'.
13:01:06 INFO  : Jtag cable 'Digilent Zed 210248B78019' is selected.
13:01:06 INFO  : 'jtag frequency' command is executed.
13:01:06 INFO  : Sourcing of 'C:/Users/aamalik3/Desktop/ICAP_Readback/Benchmarks/RISC_BENCHMARKS_BASE_PROJ/RISC_BENCHMARKS_BASE_PROJ.sdk/design_1_wrapper_hw_platform_0/ps7_init.tcl' is done.
13:01:06 INFO  : Context for 'APU' is selected.
13:01:07 INFO  : Hardware design information is loaded from 'C:/Users/aamalik3/Desktop/ICAP_Readback/Benchmarks/RISC_BENCHMARKS_BASE_PROJ/RISC_BENCHMARKS_BASE_PROJ.sdk/design_1_wrapper_hw_platform_0/system.hdf'.
13:01:07 INFO  : 'configparams force-mem-access 1' command is executed.
13:01:07 INFO  : Context for 'APU' is selected.
13:01:07 INFO  : 'stop' command is executed.
13:01:07 INFO  : 'ps7_init' command is executed.
13:01:07 INFO  : 'ps7_post_config' command is executed.
13:01:07 INFO  : Context for processor 'ps7_cortexa9_0' is selected.
13:01:08 INFO  : Processor reset is completed for 'ps7_cortexa9_0'.
13:01:08 INFO  : Context for processor 'ps7_cortexa9_0' is selected.
13:01:08 INFO  : The application 'C:/Users/aamalik3/Desktop/ICAP_Readback/Benchmarks/RISC_BENCHMARKS_BASE_PROJ/RISC_BENCHMARKS_BASE_PROJ.sdk/Benchmark/Debug/Benchmark.elf' is downloaded to processor 'ps7_cortexa9_0'.
13:01:08 INFO  : 'configparams force-mem-access 0' command is executed.
13:01:08 INFO  : ----------------XSDB Script----------------
connect -url tcp:127.0.0.1:3121
source C:/Users/aamalik3/Desktop/ICAP_Readback/Benchmarks/RISC_BENCHMARKS_BASE_PROJ/RISC_BENCHMARKS_BASE_PROJ.sdk/design_1_wrapper_hw_platform_0/ps7_init.tcl
targets -set -nocase -filter {name =~"APU*" && jtag_cable_name =~ "Digilent Zed 210248B78019"} -index 0
loadhw -hw C:/Users/aamalik3/Desktop/ICAP_Readback/Benchmarks/RISC_BENCHMARKS_BASE_PROJ/RISC_BENCHMARKS_BASE_PROJ.sdk/design_1_wrapper_hw_platform_0/system.hdf -mem-ranges [list {0x40000000 0xbfffffff}]
configparams force-mem-access 1
targets -set -nocase -filter {name =~"APU*" && jtag_cable_name =~ "Digilent Zed 210248B78019"} -index 0
stop
ps7_init
ps7_post_config
targets -set -nocase -filter {name =~ "ARM*#0" && jtag_cable_name =~ "Digilent Zed 210248B78019"} -index 0
rst -processor
targets -set -nocase -filter {name =~ "ARM*#0" && jtag_cable_name =~ "Digilent Zed 210248B78019"} -index 0
dow C:/Users/aamalik3/Desktop/ICAP_Readback/Benchmarks/RISC_BENCHMARKS_BASE_PROJ/RISC_BENCHMARKS_BASE_PROJ.sdk/Benchmark/Debug/Benchmark.elf
configparams force-mem-access 0
----------------End of Script----------------

13:01:08 INFO  : Memory regions updated for context APU
13:01:08 INFO  : Context for processor 'ps7_cortexa9_0' is selected.
13:01:08 INFO  : 'con' command is executed.
13:01:08 INFO  : ----------------XSDB Script (After Launch)----------------
targets -set -nocase -filter {name =~ "ARM*#0" && jtag_cable_name =~ "Digilent Zed 210248B78019"} -index 0
con
----------------End of Script----------------

13:01:08 INFO  : Launch script is exported to file 'C:\Users\aamalik3\Desktop\ICAP_Readback\Benchmarks\RISC_BENCHMARKS_BASE_PROJ\RISC_BENCHMARKS_BASE_PROJ.sdk\.sdk\launch_scripts\xilinx_c-c++_application_(system_debugger)\system_debugger_using_debug_benchmark.elf_on_local.tcl'
13:01:46 INFO  : Disconnected from the channel tcfchan#27.
13:01:47 INFO  : 'targets -set -filter {jtag_cable_name =~ "Digilent Zed 210248B78019" && level==0} -index 1' command is executed.
13:01:47 INFO  : 'fpga -state' command is executed.
13:01:47 INFO  : Connected to target on host '127.0.0.1' and port '3121'.
13:01:47 INFO  : Jtag cable 'Digilent Zed 210248B78019' is selected.
13:01:47 INFO  : 'jtag frequency' command is executed.
13:01:47 INFO  : Sourcing of 'C:/Users/aamalik3/Desktop/ICAP_Readback/Benchmarks/RISC_BENCHMARKS_BASE_PROJ/RISC_BENCHMARKS_BASE_PROJ.sdk/design_1_wrapper_hw_platform_0/ps7_init.tcl' is done.
13:01:47 INFO  : Context for 'APU' is selected.
13:01:48 INFO  : Hardware design information is loaded from 'C:/Users/aamalik3/Desktop/ICAP_Readback/Benchmarks/RISC_BENCHMARKS_BASE_PROJ/RISC_BENCHMARKS_BASE_PROJ.sdk/design_1_wrapper_hw_platform_0/system.hdf'.
13:01:48 INFO  : 'configparams force-mem-access 1' command is executed.
13:01:48 INFO  : Context for 'APU' is selected.
13:01:49 INFO  : 'stop' command is executed.
13:01:51 INFO  : 'ps7_init' command is executed.
13:01:51 INFO  : 'ps7_post_config' command is executed.
13:01:51 INFO  : Context for processor 'ps7_cortexa9_0' is selected.
13:01:51 INFO  : Processor reset is completed for 'ps7_cortexa9_0'.
13:01:51 INFO  : Context for processor 'ps7_cortexa9_0' is selected.
13:01:53 ERROR : Memory write error at 0x100000. APB AP transaction error, DAP status f0000021
13:01:53 INFO  : ----------------XSDB Script----------------
connect -url tcp:127.0.0.1:3121
source C:/Users/aamalik3/Desktop/ICAP_Readback/Benchmarks/RISC_BENCHMARKS_BASE_PROJ/RISC_BENCHMARKS_BASE_PROJ.sdk/design_1_wrapper_hw_platform_0/ps7_init.tcl
targets -set -nocase -filter {name =~"APU*" && jtag_cable_name =~ "Digilent Zed 210248B78019"} -index 0
loadhw -hw C:/Users/aamalik3/Desktop/ICAP_Readback/Benchmarks/RISC_BENCHMARKS_BASE_PROJ/RISC_BENCHMARKS_BASE_PROJ.sdk/design_1_wrapper_hw_platform_0/system.hdf -mem-ranges [list {0x40000000 0xbfffffff}]
configparams force-mem-access 1
targets -set -nocase -filter {name =~"APU*" && jtag_cable_name =~ "Digilent Zed 210248B78019"} -index 0
stop
ps7_init
ps7_post_config
targets -set -nocase -filter {name =~ "ARM*#0" && jtag_cable_name =~ "Digilent Zed 210248B78019"} -index 0
rst -processor
targets -set -nocase -filter {name =~ "ARM*#0" && jtag_cable_name =~ "Digilent Zed 210248B78019"} -index 0
dow C:/Users/aamalik3/Desktop/ICAP_Readback/Benchmarks/RISC_BENCHMARKS_BASE_PROJ/RISC_BENCHMARKS_BASE_PROJ.sdk/Benchmark/Debug/Benchmark.elf
----------------End of Script----------------

13:02:04 INFO  : Connected to target on host '127.0.0.1' and port '3121'.
13:02:05 INFO  : 'targets -set -filter {jtag_cable_name =~ "Digilent Zed 210248B78019" && level==0} -index 1' command is executed.
13:02:07 INFO  : FPGA configured successfully with bitstream "C:/Users/aamalik3/Desktop/ICAP_Readback/Benchmarks/Bitfiles/WithCRC/falcon_delay_2/falcon_delay_2.bit"
13:02:11 INFO  : 'targets -set -filter {jtag_cable_name =~ "Digilent Zed 210248B78019" && level==0} -index 1' command is executed.
13:02:11 INFO  : 'fpga -state' command is executed.
13:02:11 INFO  : Connected to target on host '127.0.0.1' and port '3121'.
13:02:12 INFO  : Jtag cable 'Digilent Zed 210248B78019' is selected.
13:02:12 INFO  : 'jtag frequency' command is executed.
13:02:12 INFO  : Sourcing of 'C:/Users/aamalik3/Desktop/ICAP_Readback/Benchmarks/RISC_BENCHMARKS_BASE_PROJ/RISC_BENCHMARKS_BASE_PROJ.sdk/design_1_wrapper_hw_platform_0/ps7_init.tcl' is done.
13:02:12 INFO  : Context for 'APU' is selected.
13:02:12 INFO  : Hardware design information is loaded from 'C:/Users/aamalik3/Desktop/ICAP_Readback/Benchmarks/RISC_BENCHMARKS_BASE_PROJ/RISC_BENCHMARKS_BASE_PROJ.sdk/design_1_wrapper_hw_platform_0/system.hdf'.
13:02:12 INFO  : 'configparams force-mem-access 1' command is executed.
13:02:12 INFO  : Context for 'APU' is selected.
13:02:12 INFO  : 'stop' command is executed.
13:02:12 INFO  : 'ps7_init' command is executed.
13:02:12 INFO  : 'ps7_post_config' command is executed.
13:02:12 INFO  : Context for processor 'ps7_cortexa9_0' is selected.
13:02:12 INFO  : Processor reset is completed for 'ps7_cortexa9_0'.
13:02:12 INFO  : Context for processor 'ps7_cortexa9_0' is selected.
13:02:13 INFO  : The application 'C:/Users/aamalik3/Desktop/ICAP_Readback/Benchmarks/RISC_BENCHMARKS_BASE_PROJ/RISC_BENCHMARKS_BASE_PROJ.sdk/Benchmark/Debug/Benchmark.elf' is downloaded to processor 'ps7_cortexa9_0'.
13:02:13 INFO  : 'configparams force-mem-access 0' command is executed.
13:02:13 INFO  : ----------------XSDB Script----------------
connect -url tcp:127.0.0.1:3121
source C:/Users/aamalik3/Desktop/ICAP_Readback/Benchmarks/RISC_BENCHMARKS_BASE_PROJ/RISC_BENCHMARKS_BASE_PROJ.sdk/design_1_wrapper_hw_platform_0/ps7_init.tcl
targets -set -nocase -filter {name =~"APU*" && jtag_cable_name =~ "Digilent Zed 210248B78019"} -index 0
loadhw -hw C:/Users/aamalik3/Desktop/ICAP_Readback/Benchmarks/RISC_BENCHMARKS_BASE_PROJ/RISC_BENCHMARKS_BASE_PROJ.sdk/design_1_wrapper_hw_platform_0/system.hdf -mem-ranges [list {0x40000000 0xbfffffff}]
configparams force-mem-access 1
targets -set -nocase -filter {name =~"APU*" && jtag_cable_name =~ "Digilent Zed 210248B78019"} -index 0
stop
ps7_init
ps7_post_config
targets -set -nocase -filter {name =~ "ARM*#0" && jtag_cable_name =~ "Digilent Zed 210248B78019"} -index 0
rst -processor
targets -set -nocase -filter {name =~ "ARM*#0" && jtag_cable_name =~ "Digilent Zed 210248B78019"} -index 0
dow C:/Users/aamalik3/Desktop/ICAP_Readback/Benchmarks/RISC_BENCHMARKS_BASE_PROJ/RISC_BENCHMARKS_BASE_PROJ.sdk/Benchmark/Debug/Benchmark.elf
configparams force-mem-access 0
----------------End of Script----------------

13:02:13 INFO  : Memory regions updated for context APU
13:02:13 INFO  : Context for processor 'ps7_cortexa9_0' is selected.
13:02:13 INFO  : 'con' command is executed.
13:02:13 INFO  : ----------------XSDB Script (After Launch)----------------
targets -set -nocase -filter {name =~ "ARM*#0" && jtag_cable_name =~ "Digilent Zed 210248B78019"} -index 0
con
----------------End of Script----------------

13:02:13 INFO  : Launch script is exported to file 'C:\Users\aamalik3\Desktop\ICAP_Readback\Benchmarks\RISC_BENCHMARKS_BASE_PROJ\RISC_BENCHMARKS_BASE_PROJ.sdk\.sdk\launch_scripts\xilinx_c-c++_application_(system_debugger)\system_debugger_using_debug_benchmark.elf_on_local.tcl'
13:02:53 INFO  : Disconnected from the channel tcfchan#28.
13:02:55 INFO  : 'targets -set -filter {jtag_cable_name =~ "Digilent Zed 210248B78019" && level==0} -index 1' command is executed.
13:02:55 INFO  : 'fpga -state' command is executed.
13:02:55 INFO  : Connected to target on host '127.0.0.1' and port '3121'.
13:02:55 INFO  : Jtag cable 'Digilent Zed 210248B78019' is selected.
13:02:55 INFO  : 'jtag frequency' command is executed.
13:02:55 INFO  : Sourcing of 'C:/Users/aamalik3/Desktop/ICAP_Readback/Benchmarks/RISC_BENCHMARKS_BASE_PROJ/RISC_BENCHMARKS_BASE_PROJ.sdk/design_1_wrapper_hw_platform_0/ps7_init.tcl' is done.
13:02:55 INFO  : Context for 'APU' is selected.
13:02:56 INFO  : Hardware design information is loaded from 'C:/Users/aamalik3/Desktop/ICAP_Readback/Benchmarks/RISC_BENCHMARKS_BASE_PROJ/RISC_BENCHMARKS_BASE_PROJ.sdk/design_1_wrapper_hw_platform_0/system.hdf'.
13:02:56 INFO  : 'configparams force-mem-access 1' command is executed.
13:02:56 INFO  : Context for 'APU' is selected.
13:02:56 INFO  : 'stop' command is executed.
13:02:58 INFO  : 'ps7_init' command is executed.
13:02:58 INFO  : 'ps7_post_config' command is executed.
13:02:58 INFO  : Context for processor 'ps7_cortexa9_0' is selected.
13:02:58 INFO  : Processor reset is completed for 'ps7_cortexa9_0'.
13:02:58 INFO  : Context for processor 'ps7_cortexa9_0' is selected.
13:03:00 ERROR : Memory write error at 0x100000. APB AP transaction error, DAP status f0000021
13:03:00 INFO  : ----------------XSDB Script----------------
connect -url tcp:127.0.0.1:3121
source C:/Users/aamalik3/Desktop/ICAP_Readback/Benchmarks/RISC_BENCHMARKS_BASE_PROJ/RISC_BENCHMARKS_BASE_PROJ.sdk/design_1_wrapper_hw_platform_0/ps7_init.tcl
targets -set -nocase -filter {name =~"APU*" && jtag_cable_name =~ "Digilent Zed 210248B78019"} -index 0
loadhw -hw C:/Users/aamalik3/Desktop/ICAP_Readback/Benchmarks/RISC_BENCHMARKS_BASE_PROJ/RISC_BENCHMARKS_BASE_PROJ.sdk/design_1_wrapper_hw_platform_0/system.hdf -mem-ranges [list {0x40000000 0xbfffffff}]
configparams force-mem-access 1
targets -set -nocase -filter {name =~"APU*" && jtag_cable_name =~ "Digilent Zed 210248B78019"} -index 0
stop
ps7_init
ps7_post_config
targets -set -nocase -filter {name =~ "ARM*#0" && jtag_cable_name =~ "Digilent Zed 210248B78019"} -index 0
rst -processor
targets -set -nocase -filter {name =~ "ARM*#0" && jtag_cable_name =~ "Digilent Zed 210248B78019"} -index 0
dow C:/Users/aamalik3/Desktop/ICAP_Readback/Benchmarks/RISC_BENCHMARKS_BASE_PROJ/RISC_BENCHMARKS_BASE_PROJ.sdk/Benchmark/Debug/Benchmark.elf
----------------End of Script----------------

13:05:17 INFO  : Connected to target on host '127.0.0.1' and port '3121'.
13:05:17 INFO  : 'targets -set -filter {jtag_cable_name =~ "Digilent Zed 210248B78019" && level==0} -index 1' command is executed.
13:05:21 ERROR : fpga configuration failed. DONE PIN is not HIGH
13:05:28 INFO  : Connected to target on host '127.0.0.1' and port '3121'.
13:05:34 INFO  : 'targets -set -filter {jtag_cable_name =~ "Digilent Zed 210248B78019" && level==0} -index 1' command is executed.
13:05:37 INFO  : FPGA configured successfully with bitstream "C:/Users/aamalik3/Desktop/ICAP_Readback/Benchmarks/Bitfiles/WithCRC/falcon_delay_2/falcon_delay_2.bit"
13:05:41 INFO  : 'targets -set -filter {jtag_cable_name =~ "Digilent Zed 210248B78019" && level==0} -index 1' command is executed.
13:05:41 INFO  : 'fpga -state' command is executed.
13:05:41 INFO  : Connected to target on host '127.0.0.1' and port '3121'.
13:05:42 INFO  : Jtag cable 'Digilent Zed 210248B78019' is selected.
13:05:42 INFO  : 'jtag frequency' command is executed.
13:05:42 INFO  : Sourcing of 'C:/Users/aamalik3/Desktop/ICAP_Readback/Benchmarks/RISC_BENCHMARKS_BASE_PROJ/RISC_BENCHMARKS_BASE_PROJ.sdk/design_1_wrapper_hw_platform_0/ps7_init.tcl' is done.
13:05:42 INFO  : Context for 'APU' is selected.
13:05:42 INFO  : Hardware design information is loaded from 'C:/Users/aamalik3/Desktop/ICAP_Readback/Benchmarks/RISC_BENCHMARKS_BASE_PROJ/RISC_BENCHMARKS_BASE_PROJ.sdk/design_1_wrapper_hw_platform_0/system.hdf'.
13:05:42 INFO  : 'configparams force-mem-access 1' command is executed.
13:05:42 INFO  : Context for 'APU' is selected.
13:05:42 INFO  : 'stop' command is executed.
13:05:42 INFO  : 'ps7_init' command is executed.
13:05:42 INFO  : 'ps7_post_config' command is executed.
13:05:42 INFO  : Context for processor 'ps7_cortexa9_0' is selected.
13:05:42 INFO  : Processor reset is completed for 'ps7_cortexa9_0'.
13:05:42 INFO  : Context for processor 'ps7_cortexa9_0' is selected.
13:05:43 INFO  : The application 'C:/Users/aamalik3/Desktop/ICAP_Readback/Benchmarks/RISC_BENCHMARKS_BASE_PROJ/RISC_BENCHMARKS_BASE_PROJ.sdk/Benchmark/Debug/Benchmark.elf' is downloaded to processor 'ps7_cortexa9_0'.
13:05:43 INFO  : 'configparams force-mem-access 0' command is executed.
13:05:43 INFO  : ----------------XSDB Script----------------
connect -url tcp:127.0.0.1:3121
source C:/Users/aamalik3/Desktop/ICAP_Readback/Benchmarks/RISC_BENCHMARKS_BASE_PROJ/RISC_BENCHMARKS_BASE_PROJ.sdk/design_1_wrapper_hw_platform_0/ps7_init.tcl
targets -set -nocase -filter {name =~"APU*" && jtag_cable_name =~ "Digilent Zed 210248B78019"} -index 0
loadhw -hw C:/Users/aamalik3/Desktop/ICAP_Readback/Benchmarks/RISC_BENCHMARKS_BASE_PROJ/RISC_BENCHMARKS_BASE_PROJ.sdk/design_1_wrapper_hw_platform_0/system.hdf -mem-ranges [list {0x40000000 0xbfffffff}]
configparams force-mem-access 1
targets -set -nocase -filter {name =~"APU*" && jtag_cable_name =~ "Digilent Zed 210248B78019"} -index 0
stop
ps7_init
ps7_post_config
targets -set -nocase -filter {name =~ "ARM*#0" && jtag_cable_name =~ "Digilent Zed 210248B78019"} -index 0
rst -processor
targets -set -nocase -filter {name =~ "ARM*#0" && jtag_cable_name =~ "Digilent Zed 210248B78019"} -index 0
dow C:/Users/aamalik3/Desktop/ICAP_Readback/Benchmarks/RISC_BENCHMARKS_BASE_PROJ/RISC_BENCHMARKS_BASE_PROJ.sdk/Benchmark/Debug/Benchmark.elf
configparams force-mem-access 0
----------------End of Script----------------

13:05:43 INFO  : Memory regions updated for context APU
13:05:43 INFO  : Context for processor 'ps7_cortexa9_0' is selected.
13:05:43 INFO  : 'con' command is executed.
13:05:43 INFO  : ----------------XSDB Script (After Launch)----------------
targets -set -nocase -filter {name =~ "ARM*#0" && jtag_cable_name =~ "Digilent Zed 210248B78019"} -index 0
con
----------------End of Script----------------

13:05:43 INFO  : Launch script is exported to file 'C:\Users\aamalik3\Desktop\ICAP_Readback\Benchmarks\RISC_BENCHMARKS_BASE_PROJ\RISC_BENCHMARKS_BASE_PROJ.sdk\.sdk\launch_scripts\xilinx_c-c++_application_(system_debugger)\system_debugger_using_debug_benchmark.elf_on_local.tcl'
13:11:21 INFO  : Connected to target on host '127.0.0.1' and port '3121'.
13:11:27 INFO  : 'targets -set -filter {jtag_cable_name =~ "Digilent Zed 210248B78019" && level==0} -index 1' command is executed.
13:11:29 INFO  : FPGA configured successfully with bitstream "C:/Users/aamalik3/Desktop/ICAP_Readback/Benchmarks/Bitfiles/WithCRC/falcon_delay_2/falcon_delay_2.bit"
13:11:33 INFO  : Disconnected from the channel tcfchan#29.
13:11:34 INFO  : 'targets -set -filter {jtag_cable_name =~ "Digilent Zed 210248B78019" && level==0} -index 1' command is executed.
13:11:34 INFO  : 'fpga -state' command is executed.
13:11:34 INFO  : Connected to target on host '127.0.0.1' and port '3121'.
13:11:35 INFO  : Jtag cable 'Digilent Zed 210248B78019' is selected.
13:11:35 INFO  : 'jtag frequency' command is executed.
13:11:35 INFO  : Sourcing of 'C:/Users/aamalik3/Desktop/ICAP_Readback/Benchmarks/RISC_BENCHMARKS_BASE_PROJ/RISC_BENCHMARKS_BASE_PROJ.sdk/design_1_wrapper_hw_platform_0/ps7_init.tcl' is done.
13:11:35 INFO  : Context for 'APU' is selected.
13:11:36 INFO  : Hardware design information is loaded from 'C:/Users/aamalik3/Desktop/ICAP_Readback/Benchmarks/RISC_BENCHMARKS_BASE_PROJ/RISC_BENCHMARKS_BASE_PROJ.sdk/design_1_wrapper_hw_platform_0/system.hdf'.
13:11:36 INFO  : 'configparams force-mem-access 1' command is executed.
13:11:36 INFO  : Context for 'APU' is selected.
13:11:36 INFO  : 'stop' command is executed.
13:11:36 INFO  : 'ps7_init' command is executed.
13:11:36 INFO  : 'ps7_post_config' command is executed.
13:11:36 INFO  : Context for processor 'ps7_cortexa9_0' is selected.
13:11:36 INFO  : Processor reset is completed for 'ps7_cortexa9_0'.
13:11:36 INFO  : Context for processor 'ps7_cortexa9_0' is selected.
13:11:37 INFO  : The application 'C:/Users/aamalik3/Desktop/ICAP_Readback/Benchmarks/RISC_BENCHMARKS_BASE_PROJ/RISC_BENCHMARKS_BASE_PROJ.sdk/Benchmark/Debug/Benchmark.elf' is downloaded to processor 'ps7_cortexa9_0'.
13:11:37 INFO  : 'configparams force-mem-access 0' command is executed.
13:11:37 INFO  : ----------------XSDB Script----------------
connect -url tcp:127.0.0.1:3121
source C:/Users/aamalik3/Desktop/ICAP_Readback/Benchmarks/RISC_BENCHMARKS_BASE_PROJ/RISC_BENCHMARKS_BASE_PROJ.sdk/design_1_wrapper_hw_platform_0/ps7_init.tcl
targets -set -nocase -filter {name =~"APU*" && jtag_cable_name =~ "Digilent Zed 210248B78019"} -index 0
loadhw -hw C:/Users/aamalik3/Desktop/ICAP_Readback/Benchmarks/RISC_BENCHMARKS_BASE_PROJ/RISC_BENCHMARKS_BASE_PROJ.sdk/design_1_wrapper_hw_platform_0/system.hdf -mem-ranges [list {0x40000000 0xbfffffff}]
configparams force-mem-access 1
targets -set -nocase -filter {name =~"APU*" && jtag_cable_name =~ "Digilent Zed 210248B78019"} -index 0
stop
ps7_init
ps7_post_config
targets -set -nocase -filter {name =~ "ARM*#0" && jtag_cable_name =~ "Digilent Zed 210248B78019"} -index 0
rst -processor
targets -set -nocase -filter {name =~ "ARM*#0" && jtag_cable_name =~ "Digilent Zed 210248B78019"} -index 0
dow C:/Users/aamalik3/Desktop/ICAP_Readback/Benchmarks/RISC_BENCHMARKS_BASE_PROJ/RISC_BENCHMARKS_BASE_PROJ.sdk/Benchmark/Debug/Benchmark.elf
configparams force-mem-access 0
----------------End of Script----------------

13:11:37 INFO  : Memory regions updated for context APU
13:11:37 INFO  : Context for processor 'ps7_cortexa9_0' is selected.
13:11:37 INFO  : 'con' command is executed.
13:11:37 INFO  : ----------------XSDB Script (After Launch)----------------
targets -set -nocase -filter {name =~ "ARM*#0" && jtag_cable_name =~ "Digilent Zed 210248B78019"} -index 0
con
----------------End of Script----------------

13:11:37 INFO  : Launch script is exported to file 'C:\Users\aamalik3\Desktop\ICAP_Readback\Benchmarks\RISC_BENCHMARKS_BASE_PROJ\RISC_BENCHMARKS_BASE_PROJ.sdk\.sdk\launch_scripts\xilinx_c-c++_application_(system_debugger)\system_debugger_using_debug_benchmark.elf_on_local.tcl'
13:12:22 INFO  : Connected to target on host '127.0.0.1' and port '3121'.
13:12:43 INFO  : Connected to target on host '127.0.0.1' and port '3121'.
13:12:44 INFO  : 'targets -set -filter {jtag_cable_name =~ "Digilent Zed 210248B78019" && level==0} -index 1' command is executed.
13:12:47 INFO  : FPGA configured successfully with bitstream "C:/Users/aamalik3/Desktop/ICAP_Readback/Benchmarks/Bitfiles/WithCRC/falcon_delay_2/falcon_delay_2.bit"
13:12:53 INFO  : Disconnected from the channel tcfchan#30.
13:12:54 INFO  : 'targets -set -filter {jtag_cable_name =~ "Digilent Zed 210248B78019" && level==0} -index 1' command is executed.
13:12:54 INFO  : 'fpga -state' command is executed.
13:12:54 INFO  : Connected to target on host '127.0.0.1' and port '3121'.
13:12:54 INFO  : Jtag cable 'Digilent Zed 210248B78019' is selected.
13:12:54 INFO  : 'jtag frequency' command is executed.
13:12:54 INFO  : Sourcing of 'C:/Users/aamalik3/Desktop/ICAP_Readback/Benchmarks/RISC_BENCHMARKS_BASE_PROJ/RISC_BENCHMARKS_BASE_PROJ.sdk/design_1_wrapper_hw_platform_0/ps7_init.tcl' is done.
13:12:54 INFO  : Context for 'APU' is selected.
13:12:55 INFO  : Hardware design information is loaded from 'C:/Users/aamalik3/Desktop/ICAP_Readback/Benchmarks/RISC_BENCHMARKS_BASE_PROJ/RISC_BENCHMARKS_BASE_PROJ.sdk/design_1_wrapper_hw_platform_0/system.hdf'.
13:12:55 INFO  : 'configparams force-mem-access 1' command is executed.
13:12:55 INFO  : Context for 'APU' is selected.
13:12:55 INFO  : 'stop' command is executed.
13:12:55 INFO  : 'ps7_init' command is executed.
13:12:55 INFO  : 'ps7_post_config' command is executed.
13:12:56 INFO  : Context for processor 'ps7_cortexa9_0' is selected.
13:12:56 INFO  : Processor reset is completed for 'ps7_cortexa9_0'.
13:12:56 INFO  : Context for processor 'ps7_cortexa9_0' is selected.
13:12:56 INFO  : The application 'C:/Users/aamalik3/Desktop/ICAP_Readback/Benchmarks/RISC_BENCHMARKS_BASE_PROJ/RISC_BENCHMARKS_BASE_PROJ.sdk/Benchmark/Debug/Benchmark.elf' is downloaded to processor 'ps7_cortexa9_0'.
13:12:56 INFO  : 'configparams force-mem-access 0' command is executed.
13:12:56 INFO  : ----------------XSDB Script----------------
connect -url tcp:127.0.0.1:3121
source C:/Users/aamalik3/Desktop/ICAP_Readback/Benchmarks/RISC_BENCHMARKS_BASE_PROJ/RISC_BENCHMARKS_BASE_PROJ.sdk/design_1_wrapper_hw_platform_0/ps7_init.tcl
targets -set -nocase -filter {name =~"APU*" && jtag_cable_name =~ "Digilent Zed 210248B78019"} -index 0
loadhw -hw C:/Users/aamalik3/Desktop/ICAP_Readback/Benchmarks/RISC_BENCHMARKS_BASE_PROJ/RISC_BENCHMARKS_BASE_PROJ.sdk/design_1_wrapper_hw_platform_0/system.hdf -mem-ranges [list {0x40000000 0xbfffffff}]
configparams force-mem-access 1
targets -set -nocase -filter {name =~"APU*" && jtag_cable_name =~ "Digilent Zed 210248B78019"} -index 0
stop
ps7_init
ps7_post_config
targets -set -nocase -filter {name =~ "ARM*#0" && jtag_cable_name =~ "Digilent Zed 210248B78019"} -index 0
rst -processor
targets -set -nocase -filter {name =~ "ARM*#0" && jtag_cable_name =~ "Digilent Zed 210248B78019"} -index 0
dow C:/Users/aamalik3/Desktop/ICAP_Readback/Benchmarks/RISC_BENCHMARKS_BASE_PROJ/RISC_BENCHMARKS_BASE_PROJ.sdk/Benchmark/Debug/Benchmark.elf
configparams force-mem-access 0
----------------End of Script----------------

13:12:56 INFO  : Memory regions updated for context APU
13:12:56 INFO  : Context for processor 'ps7_cortexa9_0' is selected.
13:12:56 INFO  : 'con' command is executed.
13:12:56 INFO  : ----------------XSDB Script (After Launch)----------------
targets -set -nocase -filter {name =~ "ARM*#0" && jtag_cable_name =~ "Digilent Zed 210248B78019"} -index 0
con
----------------End of Script----------------

13:12:56 INFO  : Launch script is exported to file 'C:\Users\aamalik3\Desktop\ICAP_Readback\Benchmarks\RISC_BENCHMARKS_BASE_PROJ\RISC_BENCHMARKS_BASE_PROJ.sdk\.sdk\launch_scripts\xilinx_c-c++_application_(system_debugger)\system_debugger_using_debug_benchmark.elf_on_local.tcl'
13:13:30 INFO  : Disconnected from the channel tcfchan#31.
13:13:31 INFO  : 'targets -set -filter {jtag_cable_name =~ "Digilent Zed 210248B78019" && level==0} -index 1' command is executed.
13:13:31 INFO  : 'fpga -state' command is executed.
13:13:31 INFO  : Connected to target on host '127.0.0.1' and port '3121'.
13:13:31 INFO  : Jtag cable 'Digilent Zed 210248B78019' is selected.
13:13:31 INFO  : 'jtag frequency' command is executed.
13:13:31 INFO  : Sourcing of 'C:/Users/aamalik3/Desktop/ICAP_Readback/Benchmarks/RISC_BENCHMARKS_BASE_PROJ/RISC_BENCHMARKS_BASE_PROJ.sdk/design_1_wrapper_hw_platform_0/ps7_init.tcl' is done.
13:13:31 INFO  : Context for 'APU' is selected.
13:13:32 INFO  : Hardware design information is loaded from 'C:/Users/aamalik3/Desktop/ICAP_Readback/Benchmarks/RISC_BENCHMARKS_BASE_PROJ/RISC_BENCHMARKS_BASE_PROJ.sdk/design_1_wrapper_hw_platform_0/system.hdf'.
13:13:32 INFO  : 'configparams force-mem-access 1' command is executed.
13:13:33 INFO  : Context for 'APU' is selected.
13:13:33 INFO  : 'stop' command is executed.
13:13:33 INFO  : 'ps7_init' command is executed.
13:13:33 INFO  : 'ps7_post_config' command is executed.
13:13:33 INFO  : Context for processor 'ps7_cortexa9_0' is selected.
13:13:33 INFO  : Processor reset is completed for 'ps7_cortexa9_0'.
13:13:33 INFO  : Context for processor 'ps7_cortexa9_0' is selected.
13:13:34 INFO  : The application 'C:/Users/aamalik3/Desktop/ICAP_Readback/Benchmarks/RISC_BENCHMARKS_BASE_PROJ/RISC_BENCHMARKS_BASE_PROJ.sdk/Benchmark/Debug/Benchmark.elf' is downloaded to processor 'ps7_cortexa9_0'.
13:13:34 INFO  : 'configparams force-mem-access 0' command is executed.
13:13:34 INFO  : ----------------XSDB Script----------------
connect -url tcp:127.0.0.1:3121
source C:/Users/aamalik3/Desktop/ICAP_Readback/Benchmarks/RISC_BENCHMARKS_BASE_PROJ/RISC_BENCHMARKS_BASE_PROJ.sdk/design_1_wrapper_hw_platform_0/ps7_init.tcl
targets -set -nocase -filter {name =~"APU*" && jtag_cable_name =~ "Digilent Zed 210248B78019"} -index 0
loadhw -hw C:/Users/aamalik3/Desktop/ICAP_Readback/Benchmarks/RISC_BENCHMARKS_BASE_PROJ/RISC_BENCHMARKS_BASE_PROJ.sdk/design_1_wrapper_hw_platform_0/system.hdf -mem-ranges [list {0x40000000 0xbfffffff}]
configparams force-mem-access 1
targets -set -nocase -filter {name =~"APU*" && jtag_cable_name =~ "Digilent Zed 210248B78019"} -index 0
stop
ps7_init
ps7_post_config
targets -set -nocase -filter {name =~ "ARM*#0" && jtag_cable_name =~ "Digilent Zed 210248B78019"} -index 0
rst -processor
targets -set -nocase -filter {name =~ "ARM*#0" && jtag_cable_name =~ "Digilent Zed 210248B78019"} -index 0
dow C:/Users/aamalik3/Desktop/ICAP_Readback/Benchmarks/RISC_BENCHMARKS_BASE_PROJ/RISC_BENCHMARKS_BASE_PROJ.sdk/Benchmark/Debug/Benchmark.elf
configparams force-mem-access 0
----------------End of Script----------------

13:13:34 INFO  : Memory regions updated for context APU
13:13:34 INFO  : Context for processor 'ps7_cortexa9_0' is selected.
13:13:34 INFO  : 'con' command is executed.
13:13:34 INFO  : ----------------XSDB Script (After Launch)----------------
targets -set -nocase -filter {name =~ "ARM*#0" && jtag_cable_name =~ "Digilent Zed 210248B78019"} -index 0
con
----------------End of Script----------------

13:13:34 INFO  : Launch script is exported to file 'C:\Users\aamalik3\Desktop\ICAP_Readback\Benchmarks\RISC_BENCHMARKS_BASE_PROJ\RISC_BENCHMARKS_BASE_PROJ.sdk\.sdk\launch_scripts\xilinx_c-c++_application_(system_debugger)\system_debugger_using_debug_benchmark.elf_on_local.tcl'
13:15:13 INFO  : Connected to target on host '127.0.0.1' and port '3121'.
13:15:13 INFO  : 'targets -set -filter {jtag_cable_name =~ "Digilent Zed 210248B78019" && level==0} -index 1' command is executed.
13:15:16 INFO  : FPGA configured successfully with bitstream "C:/Users/aamalik3/Desktop/ICAP_Readback/Benchmarks/Bitfiles/WithCRC/falcon_delay_2/falcon_delay_2.bit"
13:15:20 INFO  : Disconnected from the channel tcfchan#32.
13:15:21 INFO  : 'targets -set -filter {jtag_cable_name =~ "Digilent Zed 210248B78019" && level==0} -index 1' command is executed.
13:15:21 INFO  : 'fpga -state' command is executed.
13:15:21 INFO  : Connected to target on host '127.0.0.1' and port '3121'.
13:15:21 INFO  : Jtag cable 'Digilent Zed 210248B78019' is selected.
13:15:21 INFO  : 'jtag frequency' command is executed.
13:15:21 INFO  : Sourcing of 'C:/Users/aamalik3/Desktop/ICAP_Readback/Benchmarks/RISC_BENCHMARKS_BASE_PROJ/RISC_BENCHMARKS_BASE_PROJ.sdk/design_1_wrapper_hw_platform_0/ps7_init.tcl' is done.
13:15:21 INFO  : Context for 'APU' is selected.
13:15:22 INFO  : Hardware design information is loaded from 'C:/Users/aamalik3/Desktop/ICAP_Readback/Benchmarks/RISC_BENCHMARKS_BASE_PROJ/RISC_BENCHMARKS_BASE_PROJ.sdk/design_1_wrapper_hw_platform_0/system.hdf'.
13:15:22 INFO  : 'configparams force-mem-access 1' command is executed.
13:15:22 INFO  : Context for 'APU' is selected.
13:15:22 INFO  : 'stop' command is executed.
13:15:23 INFO  : 'ps7_init' command is executed.
13:15:23 INFO  : 'ps7_post_config' command is executed.
13:15:23 INFO  : Context for processor 'ps7_cortexa9_0' is selected.
13:15:23 INFO  : Processor reset is completed for 'ps7_cortexa9_0'.
13:15:23 INFO  : Context for processor 'ps7_cortexa9_0' is selected.
13:15:23 INFO  : The application 'C:/Users/aamalik3/Desktop/ICAP_Readback/Benchmarks/RISC_BENCHMARKS_BASE_PROJ/RISC_BENCHMARKS_BASE_PROJ.sdk/Benchmark/Debug/Benchmark.elf' is downloaded to processor 'ps7_cortexa9_0'.
13:15:23 INFO  : 'configparams force-mem-access 0' command is executed.
13:15:23 INFO  : ----------------XSDB Script----------------
connect -url tcp:127.0.0.1:3121
source C:/Users/aamalik3/Desktop/ICAP_Readback/Benchmarks/RISC_BENCHMARKS_BASE_PROJ/RISC_BENCHMARKS_BASE_PROJ.sdk/design_1_wrapper_hw_platform_0/ps7_init.tcl
targets -set -nocase -filter {name =~"APU*" && jtag_cable_name =~ "Digilent Zed 210248B78019"} -index 0
loadhw -hw C:/Users/aamalik3/Desktop/ICAP_Readback/Benchmarks/RISC_BENCHMARKS_BASE_PROJ/RISC_BENCHMARKS_BASE_PROJ.sdk/design_1_wrapper_hw_platform_0/system.hdf -mem-ranges [list {0x40000000 0xbfffffff}]
configparams force-mem-access 1
targets -set -nocase -filter {name =~"APU*" && jtag_cable_name =~ "Digilent Zed 210248B78019"} -index 0
stop
ps7_init
ps7_post_config
targets -set -nocase -filter {name =~ "ARM*#0" && jtag_cable_name =~ "Digilent Zed 210248B78019"} -index 0
rst -processor
targets -set -nocase -filter {name =~ "ARM*#0" && jtag_cable_name =~ "Digilent Zed 210248B78019"} -index 0
dow C:/Users/aamalik3/Desktop/ICAP_Readback/Benchmarks/RISC_BENCHMARKS_BASE_PROJ/RISC_BENCHMARKS_BASE_PROJ.sdk/Benchmark/Debug/Benchmark.elf
configparams force-mem-access 0
----------------End of Script----------------

13:15:23 INFO  : Memory regions updated for context APU
13:15:23 INFO  : Context for processor 'ps7_cortexa9_0' is selected.
13:15:23 INFO  : 'con' command is executed.
13:15:23 INFO  : ----------------XSDB Script (After Launch)----------------
targets -set -nocase -filter {name =~ "ARM*#0" && jtag_cable_name =~ "Digilent Zed 210248B78019"} -index 0
con
----------------End of Script----------------

13:15:23 INFO  : Launch script is exported to file 'C:\Users\aamalik3\Desktop\ICAP_Readback\Benchmarks\RISC_BENCHMARKS_BASE_PROJ\RISC_BENCHMARKS_BASE_PROJ.sdk\.sdk\launch_scripts\xilinx_c-c++_application_(system_debugger)\system_debugger_using_debug_benchmark.elf_on_local.tcl'
13:16:30 ERROR : (XSDB Server)invalid command name "mrw"

13:16:36 ERROR : (XSDB Server)Memory write error at 0x41200000. AP transaction timeout

13:16:55 ERROR : (XSDB Server)AP transaction error, DAP status f0000021

13:17:08 ERROR : (XSDB Server)wrong # of args: should be "mwr [options] address values [num]"

13:17:23 ERROR : (XSDB Server)AP transaction error, DAP status f0000021

13:18:06 ERROR : (XSDB Server)AP transaction error, DAP status f0000021

13:18:25 INFO  : Disconnected from the channel tcfchan#33.
13:18:26 INFO  : 'targets -set -filter {jtag_cable_name =~ "Digilent Zed 210248B78019" && level==0} -index 1' command is executed.
13:18:26 INFO  : 'fpga -state' command is executed.
13:18:26 INFO  : Connected to target on host '127.0.0.1' and port '3121'.
13:18:26 INFO  : Jtag cable 'Digilent Zed 210248B78019' is selected.
13:18:26 INFO  : 'jtag frequency' command is executed.
13:18:26 INFO  : Sourcing of 'C:/Users/aamalik3/Desktop/ICAP_Readback/Benchmarks/RISC_BENCHMARKS_BASE_PROJ/RISC_BENCHMARKS_BASE_PROJ.sdk/design_1_wrapper_hw_platform_0/ps7_init.tcl' is done.
13:18:26 INFO  : Context for 'APU' is selected.
13:18:27 INFO  : Hardware design information is loaded from 'C:/Users/aamalik3/Desktop/ICAP_Readback/Benchmarks/RISC_BENCHMARKS_BASE_PROJ/RISC_BENCHMARKS_BASE_PROJ.sdk/design_1_wrapper_hw_platform_0/system.hdf'.
13:18:27 INFO  : 'configparams force-mem-access 1' command is executed.
13:18:27 INFO  : Context for 'APU' is selected.
13:18:27 INFO  : 'stop' command is executed.
13:18:27 ERROR : AP transaction error, DAP status f0000021
13:18:27 INFO  : ----------------XSDB Script----------------
connect -url tcp:127.0.0.1:3121
source C:/Users/aamalik3/Desktop/ICAP_Readback/Benchmarks/RISC_BENCHMARKS_BASE_PROJ/RISC_BENCHMARKS_BASE_PROJ.sdk/design_1_wrapper_hw_platform_0/ps7_init.tcl
targets -set -nocase -filter {name =~"APU*" && jtag_cable_name =~ "Digilent Zed 210248B78019"} -index 0
loadhw -hw C:/Users/aamalik3/Desktop/ICAP_Readback/Benchmarks/RISC_BENCHMARKS_BASE_PROJ/RISC_BENCHMARKS_BASE_PROJ.sdk/design_1_wrapper_hw_platform_0/system.hdf -mem-ranges [list {0x40000000 0xbfffffff}]
configparams force-mem-access 1
targets -set -nocase -filter {name =~"APU*" && jtag_cable_name =~ "Digilent Zed 210248B78019"} -index 0
stop
ps7_init
----------------End of Script----------------

13:18:34 INFO  : Connected to target on host '127.0.0.1' and port '3121'.
13:18:34 INFO  : 'targets -set -filter {jtag_cable_name =~ "Digilent Zed 210248B78019" && level==0} -index 1' command is executed.
13:18:36 INFO  : FPGA configured successfully with bitstream "C:/Users/aamalik3/Desktop/ICAP_Readback/Benchmarks/Bitfiles/WithCRC/falcon_delay_2/falcon_delay_2.bit"
13:18:39 INFO  : 'targets -set -filter {jtag_cable_name =~ "Digilent Zed 210248B78019" && level==0} -index 1' command is executed.
13:18:39 INFO  : 'fpga -state' command is executed.
13:18:39 INFO  : Connected to target on host '127.0.0.1' and port '3121'.
13:18:40 INFO  : Jtag cable 'Digilent Zed 210248B78019' is selected.
13:18:40 INFO  : 'jtag frequency' command is executed.
13:18:40 INFO  : Sourcing of 'C:/Users/aamalik3/Desktop/ICAP_Readback/Benchmarks/RISC_BENCHMARKS_BASE_PROJ/RISC_BENCHMARKS_BASE_PROJ.sdk/design_1_wrapper_hw_platform_0/ps7_init.tcl' is done.
13:18:40 INFO  : Context for 'APU' is selected.
13:18:40 INFO  : Hardware design information is loaded from 'C:/Users/aamalik3/Desktop/ICAP_Readback/Benchmarks/RISC_BENCHMARKS_BASE_PROJ/RISC_BENCHMARKS_BASE_PROJ.sdk/design_1_wrapper_hw_platform_0/system.hdf'.
13:18:40 INFO  : 'configparams force-mem-access 1' command is executed.
13:18:40 INFO  : Context for 'APU' is selected.
13:18:40 INFO  : 'stop' command is executed.
13:18:40 INFO  : 'ps7_init' command is executed.
13:18:40 INFO  : 'ps7_post_config' command is executed.
13:18:40 INFO  : Context for processor 'ps7_cortexa9_0' is selected.
13:18:40 INFO  : Processor reset is completed for 'ps7_cortexa9_0'.
13:18:40 INFO  : Context for processor 'ps7_cortexa9_0' is selected.
13:18:41 INFO  : The application 'C:/Users/aamalik3/Desktop/ICAP_Readback/Benchmarks/RISC_BENCHMARKS_BASE_PROJ/RISC_BENCHMARKS_BASE_PROJ.sdk/Benchmark/Debug/Benchmark.elf' is downloaded to processor 'ps7_cortexa9_0'.
13:18:41 INFO  : 'configparams force-mem-access 0' command is executed.
13:18:41 INFO  : ----------------XSDB Script----------------
connect -url tcp:127.0.0.1:3121
source C:/Users/aamalik3/Desktop/ICAP_Readback/Benchmarks/RISC_BENCHMARKS_BASE_PROJ/RISC_BENCHMARKS_BASE_PROJ.sdk/design_1_wrapper_hw_platform_0/ps7_init.tcl
targets -set -nocase -filter {name =~"APU*" && jtag_cable_name =~ "Digilent Zed 210248B78019"} -index 0
loadhw -hw C:/Users/aamalik3/Desktop/ICAP_Readback/Benchmarks/RISC_BENCHMARKS_BASE_PROJ/RISC_BENCHMARKS_BASE_PROJ.sdk/design_1_wrapper_hw_platform_0/system.hdf -mem-ranges [list {0x40000000 0xbfffffff}]
configparams force-mem-access 1
targets -set -nocase -filter {name =~"APU*" && jtag_cable_name =~ "Digilent Zed 210248B78019"} -index 0
stop
ps7_init
ps7_post_config
targets -set -nocase -filter {name =~ "ARM*#0" && jtag_cable_name =~ "Digilent Zed 210248B78019"} -index 0
rst -processor
targets -set -nocase -filter {name =~ "ARM*#0" && jtag_cable_name =~ "Digilent Zed 210248B78019"} -index 0
dow C:/Users/aamalik3/Desktop/ICAP_Readback/Benchmarks/RISC_BENCHMARKS_BASE_PROJ/RISC_BENCHMARKS_BASE_PROJ.sdk/Benchmark/Debug/Benchmark.elf
configparams force-mem-access 0
----------------End of Script----------------

13:18:41 INFO  : Memory regions updated for context APU
13:18:41 INFO  : Context for processor 'ps7_cortexa9_0' is selected.
13:18:41 INFO  : 'con' command is executed.
13:18:41 INFO  : ----------------XSDB Script (After Launch)----------------
targets -set -nocase -filter {name =~ "ARM*#0" && jtag_cable_name =~ "Digilent Zed 210248B78019"} -index 0
con
----------------End of Script----------------

13:18:41 INFO  : Launch script is exported to file 'C:\Users\aamalik3\Desktop\ICAP_Readback\Benchmarks\RISC_BENCHMARKS_BASE_PROJ\RISC_BENCHMARKS_BASE_PROJ.sdk\.sdk\launch_scripts\xilinx_c-c++_application_(system_debugger)\system_debugger_using_debug_benchmark.elf_on_local.tcl'
13:18:51 ERROR : (XSDB Server)Memory write error at 0x41200000. AP transaction timeout

13:19:12 ERROR : (XSDB Server)invalid command name "mrw"

13:19:18 ERROR : (XSDB Server)AP transaction error, DAP status f0000021

13:21:23 INFO  : Connected to target on host '127.0.0.1' and port '3121'.
13:21:23 INFO  : 'targets -set -filter {jtag_cable_name =~ "Digilent Zed 210248B78019" && level==0} -index 1' command is executed.
13:21:25 INFO  : FPGA configured successfully with bitstream "C:/Users/aamalik3/Desktop/ICAP_Readback/Benchmarks/Bitfiles/WithCRC/falcon_delay_2/falcon_delay_2.bit"
13:21:27 INFO  : Disconnected from the channel tcfchan#34.
13:21:28 INFO  : 'targets -set -filter {jtag_cable_name =~ "Digilent Zed 210248B78019" && level==0} -index 1' command is executed.
13:21:28 INFO  : 'fpga -state' command is executed.
13:21:28 INFO  : Connected to target on host '127.0.0.1' and port '3121'.
13:21:28 INFO  : Jtag cable 'Digilent Zed 210248B78019' is selected.
13:21:28 INFO  : 'jtag frequency' command is executed.
13:21:28 INFO  : Sourcing of 'C:/Users/aamalik3/Desktop/ICAP_Readback/Benchmarks/RISC_BENCHMARKS_BASE_PROJ/RISC_BENCHMARKS_BASE_PROJ.sdk/design_1_wrapper_hw_platform_0/ps7_init.tcl' is done.
13:21:28 INFO  : Context for 'APU' is selected.
13:21:29 INFO  : Hardware design information is loaded from 'C:/Users/aamalik3/Desktop/ICAP_Readback/Benchmarks/RISC_BENCHMARKS_BASE_PROJ/RISC_BENCHMARKS_BASE_PROJ.sdk/design_1_wrapper_hw_platform_0/system.hdf'.
13:21:29 INFO  : 'configparams force-mem-access 1' command is executed.
13:21:29 INFO  : Context for 'APU' is selected.
13:21:29 INFO  : 'stop' command is executed.
13:21:30 INFO  : 'ps7_init' command is executed.
13:21:30 INFO  : 'ps7_post_config' command is executed.
13:21:30 INFO  : Context for processor 'ps7_cortexa9_0' is selected.
13:21:30 INFO  : Processor reset is completed for 'ps7_cortexa9_0'.
13:21:30 INFO  : Context for processor 'ps7_cortexa9_0' is selected.
13:21:31 INFO  : The application 'C:/Users/aamalik3/Desktop/ICAP_Readback/Benchmarks/RISC_BENCHMARKS_BASE_PROJ/RISC_BENCHMARKS_BASE_PROJ.sdk/Benchmark/Debug/Benchmark.elf' is downloaded to processor 'ps7_cortexa9_0'.
13:21:31 INFO  : 'configparams force-mem-access 0' command is executed.
13:21:31 INFO  : ----------------XSDB Script----------------
connect -url tcp:127.0.0.1:3121
source C:/Users/aamalik3/Desktop/ICAP_Readback/Benchmarks/RISC_BENCHMARKS_BASE_PROJ/RISC_BENCHMARKS_BASE_PROJ.sdk/design_1_wrapper_hw_platform_0/ps7_init.tcl
targets -set -nocase -filter {name =~"APU*" && jtag_cable_name =~ "Digilent Zed 210248B78019"} -index 0
loadhw -hw C:/Users/aamalik3/Desktop/ICAP_Readback/Benchmarks/RISC_BENCHMARKS_BASE_PROJ/RISC_BENCHMARKS_BASE_PROJ.sdk/design_1_wrapper_hw_platform_0/system.hdf -mem-ranges [list {0x40000000 0xbfffffff}]
configparams force-mem-access 1
targets -set -nocase -filter {name =~"APU*" && jtag_cable_name =~ "Digilent Zed 210248B78019"} -index 0
stop
ps7_init
ps7_post_config
targets -set -nocase -filter {name =~ "ARM*#0" && jtag_cable_name =~ "Digilent Zed 210248B78019"} -index 0
rst -processor
targets -set -nocase -filter {name =~ "ARM*#0" && jtag_cable_name =~ "Digilent Zed 210248B78019"} -index 0
dow C:/Users/aamalik3/Desktop/ICAP_Readback/Benchmarks/RISC_BENCHMARKS_BASE_PROJ/RISC_BENCHMARKS_BASE_PROJ.sdk/Benchmark/Debug/Benchmark.elf
configparams force-mem-access 0
----------------End of Script----------------

13:21:31 INFO  : Memory regions updated for context APU
13:21:31 INFO  : Context for processor 'ps7_cortexa9_0' is selected.
13:21:31 INFO  : 'con' command is executed.
13:21:31 INFO  : ----------------XSDB Script (After Launch)----------------
targets -set -nocase -filter {name =~ "ARM*#0" && jtag_cable_name =~ "Digilent Zed 210248B78019"} -index 0
con
----------------End of Script----------------

13:21:31 INFO  : Launch script is exported to file 'C:\Users\aamalik3\Desktop\ICAP_Readback\Benchmarks\RISC_BENCHMARKS_BASE_PROJ\RISC_BENCHMARKS_BASE_PROJ.sdk\.sdk\launch_scripts\xilinx_c-c++_application_(system_debugger)\system_debugger_using_debug_benchmark.elf_on_local.tcl'
13:29:11 INFO  : Connected to target on host '127.0.0.1' and port '3121'.
13:29:13 INFO  : 'targets -set -filter {jtag_cable_name =~ "Digilent Zed 210248B78019" && level==0} -index 1' command is executed.
13:29:16 INFO  : FPGA configured successfully with bitstream "C:/Users/aamalik3/Desktop/ICAP_Readback/Benchmarks/Bitfiles/WithCRC/falcon_delay_2/falcon_delay_2.bit"
13:29:18 INFO  : Disconnected from the channel tcfchan#35.
13:29:19 INFO  : 'targets -set -filter {jtag_cable_name =~ "Digilent Zed 210248B78019" && level==0} -index 1' command is executed.
13:29:19 INFO  : 'fpga -state' command is executed.
13:29:19 INFO  : Connected to target on host '127.0.0.1' and port '3121'.
13:29:19 INFO  : Jtag cable 'Digilent Zed 210248B78019' is selected.
13:29:19 INFO  : 'jtag frequency' command is executed.
13:29:19 INFO  : Sourcing of 'C:/Users/aamalik3/Desktop/ICAP_Readback/Benchmarks/RISC_BENCHMARKS_BASE_PROJ/RISC_BENCHMARKS_BASE_PROJ.sdk/design_1_wrapper_hw_platform_0/ps7_init.tcl' is done.
13:29:19 INFO  : Context for 'APU' is selected.
13:29:20 INFO  : Hardware design information is loaded from 'C:/Users/aamalik3/Desktop/ICAP_Readback/Benchmarks/RISC_BENCHMARKS_BASE_PROJ/RISC_BENCHMARKS_BASE_PROJ.sdk/design_1_wrapper_hw_platform_0/system.hdf'.
13:29:20 INFO  : 'configparams force-mem-access 1' command is executed.
13:29:20 INFO  : Context for 'APU' is selected.
13:29:20 INFO  : 'stop' command is executed.
13:29:20 INFO  : 'ps7_init' command is executed.
13:29:20 INFO  : 'ps7_post_config' command is executed.
13:29:20 INFO  : Context for processor 'ps7_cortexa9_0' is selected.
13:29:20 INFO  : Processor reset is completed for 'ps7_cortexa9_0'.
13:29:20 INFO  : Context for processor 'ps7_cortexa9_0' is selected.
13:29:21 INFO  : The application 'C:/Users/aamalik3/Desktop/ICAP_Readback/Benchmarks/RISC_BENCHMARKS_BASE_PROJ/RISC_BENCHMARKS_BASE_PROJ.sdk/Benchmark/Debug/Benchmark.elf' is downloaded to processor 'ps7_cortexa9_0'.
13:29:21 INFO  : 'configparams force-mem-access 0' command is executed.
13:29:21 INFO  : ----------------XSDB Script----------------
connect -url tcp:127.0.0.1:3121
source C:/Users/aamalik3/Desktop/ICAP_Readback/Benchmarks/RISC_BENCHMARKS_BASE_PROJ/RISC_BENCHMARKS_BASE_PROJ.sdk/design_1_wrapper_hw_platform_0/ps7_init.tcl
targets -set -nocase -filter {name =~"APU*" && jtag_cable_name =~ "Digilent Zed 210248B78019"} -index 0
loadhw -hw C:/Users/aamalik3/Desktop/ICAP_Readback/Benchmarks/RISC_BENCHMARKS_BASE_PROJ/RISC_BENCHMARKS_BASE_PROJ.sdk/design_1_wrapper_hw_platform_0/system.hdf -mem-ranges [list {0x40000000 0xbfffffff}]
configparams force-mem-access 1
targets -set -nocase -filter {name =~"APU*" && jtag_cable_name =~ "Digilent Zed 210248B78019"} -index 0
stop
ps7_init
ps7_post_config
targets -set -nocase -filter {name =~ "ARM*#0" && jtag_cable_name =~ "Digilent Zed 210248B78019"} -index 0
rst -processor
targets -set -nocase -filter {name =~ "ARM*#0" && jtag_cable_name =~ "Digilent Zed 210248B78019"} -index 0
dow C:/Users/aamalik3/Desktop/ICAP_Readback/Benchmarks/RISC_BENCHMARKS_BASE_PROJ/RISC_BENCHMARKS_BASE_PROJ.sdk/Benchmark/Debug/Benchmark.elf
configparams force-mem-access 0
----------------End of Script----------------

13:29:21 INFO  : Memory regions updated for context APU
13:29:21 INFO  : Context for processor 'ps7_cortexa9_0' is selected.
13:29:21 INFO  : 'con' command is executed.
13:29:21 INFO  : ----------------XSDB Script (After Launch)----------------
targets -set -nocase -filter {name =~ "ARM*#0" && jtag_cable_name =~ "Digilent Zed 210248B78019"} -index 0
con
----------------End of Script----------------

13:29:21 INFO  : Launch script is exported to file 'C:\Users\aamalik3\Desktop\ICAP_Readback\Benchmarks\RISC_BENCHMARKS_BASE_PROJ\RISC_BENCHMARKS_BASE_PROJ.sdk\.sdk\launch_scripts\xilinx_c-c++_application_(system_debugger)\system_debugger_using_debug_benchmark.elf_on_local.tcl'
13:30:58 INFO  : Connected to target on host '127.0.0.1' and port '3121'.
13:30:59 INFO  : 'targets -set -filter {jtag_cable_name =~ "Digilent Zed 210248B78019" && level==0} -index 1' command is executed.
13:31:01 INFO  : FPGA configured successfully with bitstream "C:/Users/aamalik3/Desktop/ICAP_Readback/Benchmarks/Bitfiles/WithCRC/falcon_delay_2/falcon_delay_2.bit"
13:32:05 INFO  : Connected to target on host '127.0.0.1' and port '3121'.
13:32:05 INFO  : 'targets -set -filter {jtag_cable_name =~ "Digilent Zed 210248B78019" && level==0} -index 1' command is executed.
13:32:08 INFO  : FPGA configured successfully with bitstream "C:/Users/aamalik3/Desktop/ICAP_Readback/Benchmarks/Bitfiles/WithCRC/falcon_delay_2/falcon_delay_2.bit"
13:32:10 INFO  : Disconnected from the channel tcfchan#36.
13:32:11 INFO  : 'targets -set -filter {jtag_cable_name =~ "Digilent Zed 210248B78019" && level==0} -index 1' command is executed.
13:32:11 INFO  : 'fpga -state' command is executed.
13:32:11 INFO  : Connected to target on host '127.0.0.1' and port '3121'.
13:32:11 INFO  : Jtag cable 'Digilent Zed 210248B78019' is selected.
13:32:11 INFO  : 'jtag frequency' command is executed.
13:32:11 INFO  : Sourcing of 'C:/Users/aamalik3/Desktop/ICAP_Readback/Benchmarks/RISC_BENCHMARKS_BASE_PROJ/RISC_BENCHMARKS_BASE_PROJ.sdk/design_1_wrapper_hw_platform_0/ps7_init.tcl' is done.
13:32:11 INFO  : Context for 'APU' is selected.
13:32:12 INFO  : Hardware design information is loaded from 'C:/Users/aamalik3/Desktop/ICAP_Readback/Benchmarks/RISC_BENCHMARKS_BASE_PROJ/RISC_BENCHMARKS_BASE_PROJ.sdk/design_1_wrapper_hw_platform_0/system.hdf'.
13:32:12 INFO  : 'configparams force-mem-access 1' command is executed.
13:32:12 INFO  : Context for 'APU' is selected.
13:32:12 INFO  : 'stop' command is executed.
13:32:12 INFO  : 'ps7_init' command is executed.
13:32:12 INFO  : 'ps7_post_config' command is executed.
13:32:12 INFO  : Context for processor 'ps7_cortexa9_0' is selected.
13:32:12 INFO  : Processor reset is completed for 'ps7_cortexa9_0'.
13:32:13 INFO  : Context for processor 'ps7_cortexa9_0' is selected.
13:32:13 INFO  : The application 'C:/Users/aamalik3/Desktop/ICAP_Readback/Benchmarks/RISC_BENCHMARKS_BASE_PROJ/RISC_BENCHMARKS_BASE_PROJ.sdk/Benchmark/Debug/Benchmark.elf' is downloaded to processor 'ps7_cortexa9_0'.
13:32:13 INFO  : 'configparams force-mem-access 0' command is executed.
13:32:13 INFO  : ----------------XSDB Script----------------
connect -url tcp:127.0.0.1:3121
source C:/Users/aamalik3/Desktop/ICAP_Readback/Benchmarks/RISC_BENCHMARKS_BASE_PROJ/RISC_BENCHMARKS_BASE_PROJ.sdk/design_1_wrapper_hw_platform_0/ps7_init.tcl
targets -set -nocase -filter {name =~"APU*" && jtag_cable_name =~ "Digilent Zed 210248B78019"} -index 0
loadhw -hw C:/Users/aamalik3/Desktop/ICAP_Readback/Benchmarks/RISC_BENCHMARKS_BASE_PROJ/RISC_BENCHMARKS_BASE_PROJ.sdk/design_1_wrapper_hw_platform_0/system.hdf -mem-ranges [list {0x40000000 0xbfffffff}]
configparams force-mem-access 1
targets -set -nocase -filter {name =~"APU*" && jtag_cable_name =~ "Digilent Zed 210248B78019"} -index 0
stop
ps7_init
ps7_post_config
targets -set -nocase -filter {name =~ "ARM*#0" && jtag_cable_name =~ "Digilent Zed 210248B78019"} -index 0
rst -processor
targets -set -nocase -filter {name =~ "ARM*#0" && jtag_cable_name =~ "Digilent Zed 210248B78019"} -index 0
dow C:/Users/aamalik3/Desktop/ICAP_Readback/Benchmarks/RISC_BENCHMARKS_BASE_PROJ/RISC_BENCHMARKS_BASE_PROJ.sdk/Benchmark/Debug/Benchmark.elf
configparams force-mem-access 0
----------------End of Script----------------

13:32:13 INFO  : Memory regions updated for context APU
13:32:13 INFO  : Context for processor 'ps7_cortexa9_0' is selected.
13:32:13 INFO  : 'con' command is executed.
13:32:13 INFO  : ----------------XSDB Script (After Launch)----------------
targets -set -nocase -filter {name =~ "ARM*#0" && jtag_cable_name =~ "Digilent Zed 210248B78019"} -index 0
con
----------------End of Script----------------

13:32:13 INFO  : Launch script is exported to file 'C:\Users\aamalik3\Desktop\ICAP_Readback\Benchmarks\RISC_BENCHMARKS_BASE_PROJ\RISC_BENCHMARKS_BASE_PROJ.sdk\.sdk\launch_scripts\xilinx_c-c++_application_(system_debugger)\system_debugger_using_debug_benchmark.elf_on_local.tcl'
13:35:18 INFO  : Connected to target on host '127.0.0.1' and port '3121'.
13:35:18 INFO  : 'targets -set -filter {jtag_cable_name =~ "Digilent Zed 210248B78019" && level==0} -index 1' command is executed.
13:35:20 INFO  : FPGA configured successfully with bitstream "C:/Users/aamalik3/Desktop/ICAP_Readback/Benchmarks/Bitfiles/WithCRC/falcon_delay_2/falcon_delay_2.bit"
13:35:22 INFO  : Disconnected from the channel tcfchan#37.
13:35:23 INFO  : 'targets -set -filter {jtag_cable_name =~ "Digilent Zed 210248B78019" && level==0} -index 1' command is executed.
13:35:23 INFO  : 'fpga -state' command is executed.
13:35:23 INFO  : Connected to target on host '127.0.0.1' and port '3121'.
13:35:23 INFO  : Jtag cable 'Digilent Zed 210248B78019' is selected.
13:35:23 INFO  : 'jtag frequency' command is executed.
13:35:23 INFO  : Sourcing of 'C:/Users/aamalik3/Desktop/ICAP_Readback/Benchmarks/RISC_BENCHMARKS_BASE_PROJ/RISC_BENCHMARKS_BASE_PROJ.sdk/design_1_wrapper_hw_platform_0/ps7_init.tcl' is done.
13:35:23 INFO  : Context for 'APU' is selected.
13:35:24 INFO  : Hardware design information is loaded from 'C:/Users/aamalik3/Desktop/ICAP_Readback/Benchmarks/RISC_BENCHMARKS_BASE_PROJ/RISC_BENCHMARKS_BASE_PROJ.sdk/design_1_wrapper_hw_platform_0/system.hdf'.
13:35:24 INFO  : 'configparams force-mem-access 1' command is executed.
13:35:24 INFO  : Context for 'APU' is selected.
13:35:25 INFO  : 'stop' command is executed.
13:35:25 INFO  : 'ps7_init' command is executed.
13:35:25 INFO  : 'ps7_post_config' command is executed.
13:35:25 INFO  : Context for processor 'ps7_cortexa9_0' is selected.
13:35:25 INFO  : Processor reset is completed for 'ps7_cortexa9_0'.
13:35:25 INFO  : Context for processor 'ps7_cortexa9_0' is selected.
13:35:25 INFO  : The application 'C:/Users/aamalik3/Desktop/ICAP_Readback/Benchmarks/RISC_BENCHMARKS_BASE_PROJ/RISC_BENCHMARKS_BASE_PROJ.sdk/Benchmark/Debug/Benchmark.elf' is downloaded to processor 'ps7_cortexa9_0'.
13:35:25 INFO  : 'configparams force-mem-access 0' command is executed.
13:35:25 INFO  : ----------------XSDB Script----------------
connect -url tcp:127.0.0.1:3121
source C:/Users/aamalik3/Desktop/ICAP_Readback/Benchmarks/RISC_BENCHMARKS_BASE_PROJ/RISC_BENCHMARKS_BASE_PROJ.sdk/design_1_wrapper_hw_platform_0/ps7_init.tcl
targets -set -nocase -filter {name =~"APU*" && jtag_cable_name =~ "Digilent Zed 210248B78019"} -index 0
loadhw -hw C:/Users/aamalik3/Desktop/ICAP_Readback/Benchmarks/RISC_BENCHMARKS_BASE_PROJ/RISC_BENCHMARKS_BASE_PROJ.sdk/design_1_wrapper_hw_platform_0/system.hdf -mem-ranges [list {0x40000000 0xbfffffff}]
configparams force-mem-access 1
targets -set -nocase -filter {name =~"APU*" && jtag_cable_name =~ "Digilent Zed 210248B78019"} -index 0
stop
ps7_init
ps7_post_config
targets -set -nocase -filter {name =~ "ARM*#0" && jtag_cable_name =~ "Digilent Zed 210248B78019"} -index 0
rst -processor
targets -set -nocase -filter {name =~ "ARM*#0" && jtag_cable_name =~ "Digilent Zed 210248B78019"} -index 0
dow C:/Users/aamalik3/Desktop/ICAP_Readback/Benchmarks/RISC_BENCHMARKS_BASE_PROJ/RISC_BENCHMARKS_BASE_PROJ.sdk/Benchmark/Debug/Benchmark.elf
configparams force-mem-access 0
----------------End of Script----------------

13:35:25 INFO  : Memory regions updated for context APU
13:35:25 INFO  : Context for processor 'ps7_cortexa9_0' is selected.
13:35:25 INFO  : 'con' command is executed.
13:35:25 INFO  : ----------------XSDB Script (After Launch)----------------
targets -set -nocase -filter {name =~ "ARM*#0" && jtag_cable_name =~ "Digilent Zed 210248B78019"} -index 0
con
----------------End of Script----------------

13:35:25 INFO  : Launch script is exported to file 'C:\Users\aamalik3\Desktop\ICAP_Readback\Benchmarks\RISC_BENCHMARKS_BASE_PROJ\RISC_BENCHMARKS_BASE_PROJ.sdk\.sdk\launch_scripts\xilinx_c-c++_application_(system_debugger)\system_debugger_using_debug_benchmark.elf_on_local.tcl'
13:39:37 ERROR : (XSDB Server)Invalid context

13:39:39 INFO  : Connected to target on host '127.0.0.1' and port '3121'.
13:39:45 INFO  : 'targets -set -filter {jtag_cable_name =~ "Digilent Zed 210248B78019" && level==0} -index 1' command is executed.
13:39:47 INFO  : FPGA configured successfully with bitstream "C:/Users/aamalik3/Desktop/ICAP_Readback/Benchmarks/Bitfiles/WithCRC/falcon_delay_2/falcon_delay_2.bit"
13:39:50 INFO  : Disconnected from the channel tcfchan#38.
13:39:51 INFO  : 'targets -set -filter {jtag_cable_name =~ "Digilent Zed 210248B78019" && level==0} -index 1' command is executed.
13:39:51 INFO  : 'fpga -state' command is executed.
13:39:51 INFO  : Connected to target on host '127.0.0.1' and port '3121'.
13:39:51 INFO  : Jtag cable 'Digilent Zed 210248B78019' is selected.
13:39:51 INFO  : 'jtag frequency' command is executed.
13:39:51 INFO  : Sourcing of 'C:/Users/aamalik3/Desktop/ICAP_Readback/Benchmarks/RISC_BENCHMARKS_BASE_PROJ/RISC_BENCHMARKS_BASE_PROJ.sdk/design_1_wrapper_hw_platform_0/ps7_init.tcl' is done.
13:39:51 INFO  : Context for 'APU' is selected.
13:39:52 INFO  : Hardware design information is loaded from 'C:/Users/aamalik3/Desktop/ICAP_Readback/Benchmarks/RISC_BENCHMARKS_BASE_PROJ/RISC_BENCHMARKS_BASE_PROJ.sdk/design_1_wrapper_hw_platform_0/system.hdf'.
13:39:52 INFO  : 'configparams force-mem-access 1' command is executed.
13:39:52 INFO  : Context for 'APU' is selected.
13:39:53 INFO  : 'stop' command is executed.
13:39:53 INFO  : 'ps7_init' command is executed.
13:39:53 INFO  : 'ps7_post_config' command is executed.
13:39:53 INFO  : Context for processor 'ps7_cortexa9_0' is selected.
13:39:53 INFO  : Processor reset is completed for 'ps7_cortexa9_0'.
13:39:53 INFO  : Context for processor 'ps7_cortexa9_0' is selected.
13:39:53 INFO  : The application 'C:/Users/aamalik3/Desktop/ICAP_Readback/Benchmarks/RISC_BENCHMARKS_BASE_PROJ/RISC_BENCHMARKS_BASE_PROJ.sdk/Benchmark/Debug/Benchmark.elf' is downloaded to processor 'ps7_cortexa9_0'.
13:39:53 INFO  : 'configparams force-mem-access 0' command is executed.
13:39:53 INFO  : ----------------XSDB Script----------------
connect -url tcp:127.0.0.1:3121
source C:/Users/aamalik3/Desktop/ICAP_Readback/Benchmarks/RISC_BENCHMARKS_BASE_PROJ/RISC_BENCHMARKS_BASE_PROJ.sdk/design_1_wrapper_hw_platform_0/ps7_init.tcl
targets -set -nocase -filter {name =~"APU*" && jtag_cable_name =~ "Digilent Zed 210248B78019"} -index 0
loadhw -hw C:/Users/aamalik3/Desktop/ICAP_Readback/Benchmarks/RISC_BENCHMARKS_BASE_PROJ/RISC_BENCHMARKS_BASE_PROJ.sdk/design_1_wrapper_hw_platform_0/system.hdf -mem-ranges [list {0x40000000 0xbfffffff}]
configparams force-mem-access 1
targets -set -nocase -filter {name =~"APU*" && jtag_cable_name =~ "Digilent Zed 210248B78019"} -index 0
stop
ps7_init
ps7_post_config
targets -set -nocase -filter {name =~ "ARM*#0" && jtag_cable_name =~ "Digilent Zed 210248B78019"} -index 0
rst -processor
targets -set -nocase -filter {name =~ "ARM*#0" && jtag_cable_name =~ "Digilent Zed 210248B78019"} -index 0
dow C:/Users/aamalik3/Desktop/ICAP_Readback/Benchmarks/RISC_BENCHMARKS_BASE_PROJ/RISC_BENCHMARKS_BASE_PROJ.sdk/Benchmark/Debug/Benchmark.elf
configparams force-mem-access 0
----------------End of Script----------------

13:39:53 INFO  : Memory regions updated for context APU
13:39:54 INFO  : Context for processor 'ps7_cortexa9_0' is selected.
13:39:54 INFO  : 'con' command is executed.
13:39:54 INFO  : ----------------XSDB Script (After Launch)----------------
targets -set -nocase -filter {name =~ "ARM*#0" && jtag_cable_name =~ "Digilent Zed 210248B78019"} -index 0
con
----------------End of Script----------------

13:39:54 INFO  : Launch script is exported to file 'C:\Users\aamalik3\Desktop\ICAP_Readback\Benchmarks\RISC_BENCHMARKS_BASE_PROJ\RISC_BENCHMARKS_BASE_PROJ.sdk\.sdk\launch_scripts\xilinx_c-c++_application_(system_debugger)\system_debugger_using_debug_benchmark.elf_on_local.tcl'
13:59:21 INFO  : Disconnected from the channel tcfchan#39.
