
*** Running vivado
    with args -log RISC_BENCHMARK_IP.vds -m64 -product Vivado -mode batch -messageDb vivado.pb -notrace -source RISC_BENCHMARK_IP.tcl


****** Vivado v2018.2 (64-bit)
  **** SW Build 2258646 on Thu Jun 14 20:03:12 MDT 2018
  **** IP Build 2256618 on Thu Jun 14 22:10:49 MDT 2018
    ** Copyright 1986-2018 Xilinx, Inc. All Rights Reserved.

source RISC_BENCHMARK_IP.tcl -notrace
Command: synth_design -top RISC_BENCHMARK_IP -part xc7z020clg484-1 -flatten_hierarchy none -directive AreaOptimized_high -control_set_opt_threshold 1
Starting synth_design
Attempting to get a license for feature 'Synthesis' and/or device 'xc7z020'
INFO: [Common 17-349] Got license for feature 'Synthesis' and/or device 'xc7z020'
INFO: Launching helper process for spawning children vivado processes
INFO: Helper process launched with PID 14536 
WARNING: [Synth 8-2507] parameter declaration becomes local in cv32e40x_pma with formal parameter declaration list [C:/Users/aamalik3/Desktop/ICAP_Readback/Benchmarks/RISC_RTL_Project/RISC_RTL_Project.srcs/sources_1/imports/AES_RISC/cv32e40x_core/cv32e40x_pma.sv:45]
---------------------------------------------------------------------------------
Starting RTL Elaboration : Time (s): cpu = 00:00:01 ; elapsed = 00:00:01 . Memory (MB): peak = 424.703 ; gain = 112.250
---------------------------------------------------------------------------------
INFO: [Synth 8-6157] synthesizing module 'RISC_BENCHMARK_IP' [C:/Users/aamalik3/Desktop/ICAP_Readback/Benchmarks/RISC_RTL_Project/RISC_RTL_Project.srcs/sources_1/imports/top/RISC_AES.v:3]
	Parameter INSTR_RDATA_WIDTH bound to: 32 - type: integer 
	Parameter RAM_ADDR_WIDTH bound to: 17 - type: integer 
	Parameter BOOT_ADDR bound to: 128 - type: integer 
INFO: [Synth 8-6157] synthesizing module 'cv32e40x_wrapper' [C:/Users/aamalik3/Desktop/ICAP_Readback/Benchmarks/RISC_RTL_Project/RISC_RTL_Project.srcs/sources_1/imports/AES_RISC/top/cv32e40x_wrapper.sv:3]
	Parameter INSTR_RDATA_WIDTH bound to: 32 - type: integer 
	Parameter RAM_ADDR_WIDTH bound to: 17 - type: integer 
	Parameter BOOT_ADDR bound to: 128 - type: integer 
	Parameter DM_HALTADDRESS bound to: 437323776 - type: integer 
	Parameter HART_ID bound to: 0 - type: integer 
	Parameter IMP_PATCH_ID bound to: 4'b0000 
	Parameter NUM_MHPMCOUNTERS bound to: 0 - type: integer 
	Parameter DBG_ADDR_WIDTH bound to: 14 - type: integer 
INFO: [Synth 8-5534] Detected attribute (* KEEP = "true" *) [C:/Users/aamalik3/Desktop/ICAP_Readback/Benchmarks/RISC_RTL_Project/RISC_RTL_Project.srcs/sources_1/imports/AES_RISC/top/cv32e40x_wrapper.sv:15]
INFO: [Synth 8-5534] Detected attribute (* KEEP = "true" *) [C:/Users/aamalik3/Desktop/ICAP_Readback/Benchmarks/RISC_RTL_Project/RISC_RTL_Project.srcs/sources_1/imports/AES_RISC/top/cv32e40x_wrapper.sv:16]
INFO: [Synth 8-5534] Detected attribute (* KEEP = "true" *) [C:/Users/aamalik3/Desktop/ICAP_Readback/Benchmarks/RISC_RTL_Project/RISC_RTL_Project.srcs/sources_1/imports/AES_RISC/top/cv32e40x_wrapper.sv:23]
INFO: [Synth 8-5534] Detected attribute (* KEEP = "true" *) [C:/Users/aamalik3/Desktop/ICAP_Readback/Benchmarks/RISC_RTL_Project/RISC_RTL_Project.srcs/sources_1/imports/AES_RISC/top/cv32e40x_wrapper.sv:37]
INFO: [Synth 8-5534] Detected attribute (* KEEP = "true" *) [C:/Users/aamalik3/Desktop/ICAP_Readback/Benchmarks/RISC_RTL_Project/RISC_RTL_Project.srcs/sources_1/imports/AES_RISC/top/cv32e40x_wrapper.sv:40]
INFO: [Synth 8-5534] Detected attribute (* KEEP = "true" *) [C:/Users/aamalik3/Desktop/ICAP_Readback/Benchmarks/RISC_RTL_Project/RISC_RTL_Project.srcs/sources_1/imports/AES_RISC/top/cv32e40x_wrapper.sv:52]
INFO: [Synth 8-6157] synthesizing module 'if_xif' [C:/Users/aamalik3/Desktop/ICAP_Readback/Benchmarks/RISC_RTL_Project/RISC_RTL_Project.srcs/sources_1/imports/AES_RISC/cv32e40x_core/if_xif.sv:31]
	Parameter X_NUM_RS bound to: 32'sb00000000000000000000000000000010 
	Parameter X_ID_WIDTH bound to: 32'sb00000000000000000000000000000100 
	Parameter X_MEM_WIDTH bound to: 32'sb00000000000000000000000000100000 
	Parameter X_RFR_WIDTH bound to: 32'sb00000000000000000000000000100000 
	Parameter X_RFW_WIDTH bound to: 32'sb00000000000000000000000000100000 
	Parameter X_MISA bound to: 0 - type: integer 
	Parameter X_ECS_XS bound to: 2'b00 
	Parameter XLEN bound to: 32'sb00000000000000000000000000100000 
	Parameter FLEN bound to: 32'sb00000000000000000000000000100000 
INFO: [Synth 8-6155] done synthesizing module 'if_xif' (0#1) [C:/Users/aamalik3/Desktop/ICAP_Readback/Benchmarks/RISC_RTL_Project/RISC_RTL_Project.srcs/sources_1/imports/AES_RISC/cv32e40x_core/if_xif.sv:31]
INFO: [Synth 8-6157] synthesizing module 'cv32e40x_core' [C:/Users/aamalik3/Desktop/ICAP_Readback/Benchmarks/RISC_RTL_Project/RISC_RTL_Project.srcs/sources_1/imports/AES_RISC/cv32e40x_core/cv32e40x_core.sv:32]
	Parameter LIB bound to: 0 - type: integer 
	Parameter RV32 bound to: 1'b0 
	Parameter A_EXT bound to: 2'b00 
	Parameter B_EXT bound to: 2'b00 
	Parameter M_EXT bound to: 2'b01 
	Parameter DEBUG bound to: 32'sb00000000000000000000000000000001 
	Parameter DM_REGION_START bound to: -268435456 - type: integer 
	Parameter DM_REGION_END bound to: -268419073 - type: integer 
	Parameter DBG_NUM_TRIGGERS bound to: 32'sb00000000000000000000000000000001 
	Parameter PMA_NUM_REGIONS bound to: 32'sb00000000000000000000000000000000 
	Parameter PMA_CFG bound to: 136'b0000000000000000000000000000000000000000000000000000000000000000000000000000000000000000000000000000000000000000000000000000000000000000 
	Parameter SMCLIC bound to: 1'b0 
	Parameter SMCLIC_ID_WIDTH bound to: 32'sb00000000000000000000000000000101 
	Parameter SMCLIC_INTTHRESHBITS bound to: 32'sb00000000000000000000000000001000 
	Parameter X_EXT bound to: 1'b0 
	Parameter X_NUM_RS bound to: 32'sb00000000000000000000000000000010 
	Parameter X_ID_WIDTH bound to: 32'sb00000000000000000000000000000100 
	Parameter X_MEM_WIDTH bound to: 32'sb00000000000000000000000000100000 
	Parameter X_RFR_WIDTH bound to: 32'sb00000000000000000000000000100000 
	Parameter X_RFW_WIDTH bound to: 32'sb00000000000000000000000000100000 
	Parameter X_MISA bound to: 0 - type: integer 
	Parameter X_ECS_XS bound to: 2'b00 
	Parameter NUM_MHPMCOUNTERS bound to: 0 - type: integer 
	Parameter REGFILE_NUM_READ_PORTS bound to: 32'b00000000000000000000000000000010 
	Parameter ZC_EXT bound to: 1'b1 
	Parameter MTVT_LSB bound to: 32'b00000000000000000000000000000111 
	Parameter MTVT_ADDR_WIDTH bound to: 32'b00000000000000000000000000011001 
INFO: [Synth 8-6157] synthesizing module 'cv32e40x_int_controller' [C:/Users/aamalik3/Desktop/ICAP_Readback/Benchmarks/RISC_RTL_Project/RISC_RTL_Project.srcs/sources_1/imports/AES_RISC/cv32e40x_core/cv32e40x_int_controller.sv:24]
INFO: [Synth 8-6155] done synthesizing module 'cv32e40x_int_controller' (1#1) [C:/Users/aamalik3/Desktop/ICAP_Readback/Benchmarks/RISC_RTL_Project/RISC_RTL_Project.srcs/sources_1/imports/AES_RISC/cv32e40x_core/cv32e40x_int_controller.sv:24]
INFO: [Synth 8-6157] synthesizing module 'if_c_obi' [C:/Users/aamalik3/Desktop/ICAP_Readback/Benchmarks/RISC_RTL_Project/RISC_RTL_Project.srcs/sources_1/imports/AES_RISC/cv32e40x_core/if_c_obi.sv:27]
INFO: [Synth 8-6155] done synthesizing module 'if_c_obi' (1#1) [C:/Users/aamalik3/Desktop/ICAP_Readback/Benchmarks/RISC_RTL_Project/RISC_RTL_Project.srcs/sources_1/imports/AES_RISC/cv32e40x_core/if_c_obi.sv:27]
INFO: [Synth 8-6157] synthesizing module 'if_c_obi' [C:/Users/aamalik3/Desktop/ICAP_Readback/Benchmarks/RISC_RTL_Project/RISC_RTL_Project.srcs/sources_1/imports/AES_RISC/cv32e40x_core/if_c_obi.sv:27]
INFO: [Synth 8-6155] done synthesizing module 'if_c_obi' (1#1) [C:/Users/aamalik3/Desktop/ICAP_Readback/Benchmarks/RISC_RTL_Project/RISC_RTL_Project.srcs/sources_1/imports/AES_RISC/cv32e40x_core/if_c_obi.sv:27]
INFO: [Synth 8-6157] synthesizing module 'cv32e40x_sleep_unit' [C:/Users/aamalik3/Desktop/ICAP_Readback/Benchmarks/RISC_RTL_Project/RISC_RTL_Project.srcs/sources_1/imports/AES_RISC/cv32e40x_core/cv32e40x_sleep_unit.sv:43]
	Parameter LIB bound to: 0 - type: integer 
INFO: [Synth 8-6157] synthesizing module 'cv32e40x_clock_gate' [C:/Users/aamalik3/Desktop/ICAP_Readback/Benchmarks/RISC_RTL_Project/RISC_RTL_Project.srcs/sources_1/imports/AES_RISC/cv32e40x_core/cv32e40x_sim_clock_gate.sv:15]
	Parameter LIB bound to: 0 - type: integer 
INFO: [Synth 8-6155] done synthesizing module 'cv32e40x_clock_gate' (2#1) [C:/Users/aamalik3/Desktop/ICAP_Readback/Benchmarks/RISC_RTL_Project/RISC_RTL_Project.srcs/sources_1/imports/AES_RISC/cv32e40x_core/cv32e40x_sim_clock_gate.sv:15]
INFO: [Synth 8-6155] done synthesizing module 'cv32e40x_sleep_unit' (3#1) [C:/Users/aamalik3/Desktop/ICAP_Readback/Benchmarks/RISC_RTL_Project/RISC_RTL_Project.srcs/sources_1/imports/AES_RISC/cv32e40x_core/cv32e40x_sleep_unit.sv:43]
INFO: [Synth 8-6157] synthesizing module 'cv32e40x_if_stage' [C:/Users/aamalik3/Desktop/ICAP_Readback/Benchmarks/RISC_RTL_Project/RISC_RTL_Project.srcs/sources_1/imports/AES_RISC/cv32e40x_core/cv32e40x_if_stage.sv:29]
	Parameter RV32 bound to: 1'b0 
	Parameter A_EXT bound to: 2'b00 
	Parameter B_EXT bound to: 2'b00 
	Parameter X_EXT bound to: 1'b0 
	Parameter X_ID_WIDTH bound to: 32'sb00000000000000000000000000000100 
	Parameter PMA_NUM_REGIONS bound to: 32'sb00000000000000000000000000000000 
	Parameter PMA_CFG bound to: 136'b0000000000000000000000000000000000000000000000000000000000000000000000000000000000000000000000000000000000000000000000000000000000000000 
	Parameter MTVT_ADDR_WIDTH bound to: 32'b00000000000000000000000000011001 
	Parameter SMCLIC bound to: 1'b0 
	Parameter SMCLIC_ID_WIDTH bound to: 32'sb00000000000000000000000000000101 
	Parameter ZC_EXT bound to: 1'b1 
	Parameter M_EXT bound to: 2'b01 
	Parameter DEBUG bound to: 32'sb00000000000000000000000000000001 
	Parameter DM_REGION_START bound to: -268435456 - type: integer 
	Parameter DM_REGION_END bound to: -268419073 - type: integer 
	Parameter ALBUF_DEPTH bound to: 32'b00000000000000000000000000000011 
	Parameter ALBUF_CNT_WIDTH bound to: 32'b00000000000000000000000000000010 
INFO: [Synth 8-6157] synthesizing module 'cv32e40x_sequencer' [C:/Users/aamalik3/Desktop/ICAP_Readback/Benchmarks/RISC_RTL_Project/RISC_RTL_Project.srcs/sources_1/imports/AES_RISC/cv32e40x_core/cv32e40x_sequencer.sv:34]
	Parameter RV32 bound to: 1'b0 
INFO: [Synth 8-294] found qualifier unique on case statement: implementing as parallel_case [C:/Users/aamalik3/Desktop/ICAP_Readback/Benchmarks/RISC_RTL_Project/RISC_RTL_Project.srcs/sources_1/imports/AES_RISC/cv32e40x_core/cv32e40x_sequencer.sv:153]
INFO: [Synth 8-226] default block is never used [C:/Users/aamalik3/Desktop/ICAP_Readback/Benchmarks/RISC_RTL_Project/RISC_RTL_Project.srcs/sources_1/imports/AES_RISC/cv32e40x_core/include/cv32e40x_pkg.sv:1560]
INFO: [Synth 8-294] found qualifier unique on case statement: implementing as parallel_case [C:/Users/aamalik3/Desktop/ICAP_Readback/Benchmarks/RISC_RTL_Project/RISC_RTL_Project.srcs/sources_1/imports/AES_RISC/cv32e40x_core/cv32e40x_sequencer.sv:264]
INFO: [Synth 8-6155] done synthesizing module 'cv32e40x_sequencer' (4#1) [C:/Users/aamalik3/Desktop/ICAP_Readback/Benchmarks/RISC_RTL_Project/RISC_RTL_Project.srcs/sources_1/imports/AES_RISC/cv32e40x_core/cv32e40x_sequencer.sv:34]
INFO: [Synth 8-294] found qualifier unique on case statement: implementing as parallel_case [C:/Users/aamalik3/Desktop/ICAP_Readback/Benchmarks/RISC_RTL_Project/RISC_RTL_Project.srcs/sources_1/imports/AES_RISC/cv32e40x_core/cv32e40x_if_stage.sv:158]
INFO: [Synth 8-6157] synthesizing module 'cv32e40x_prefetch_unit' [C:/Users/aamalik3/Desktop/ICAP_Readback/Benchmarks/RISC_RTL_Project/RISC_RTL_Project.srcs/sources_1/imports/AES_RISC/cv32e40x_core/cv32e40x_prefetch_unit.sv:29]
	Parameter SMCLIC bound to: 1'b0 
	Parameter ALBUF_DEPTH bound to: 32'b00000000000000000000000000000011 
	Parameter ALBUF_CNT_WIDTH bound to: 32'b00000000000000000000000000000010 
INFO: [Synth 8-6157] synthesizing module 'cv32e40x_prefetcher' [C:/Users/aamalik3/Desktop/ICAP_Readback/Benchmarks/RISC_RTL_Project/RISC_RTL_Project.srcs/sources_1/imports/AES_RISC/cv32e40x_core/cv32e40x_prefetcher.sv:40]
	Parameter SMCLIC bound to: 1'b0 
INFO: [Synth 8-226] default block is never used [C:/Users/aamalik3/Desktop/ICAP_Readback/Benchmarks/RISC_RTL_Project/RISC_RTL_Project.srcs/sources_1/imports/AES_RISC/cv32e40x_core/cv32e40x_prefetcher.sv:93]
WARNING: [Synth 8-5788] Register trans_priv_lvl_q_reg in module cv32e40x_prefetcher is has both Set and reset with same priority. This may cause simulation mismatches. Consider rewriting code  [C:/Users/aamalik3/Desktop/ICAP_Readback/Benchmarks/RISC_RTL_Project/RISC_RTL_Project.srcs/sources_1/imports/AES_RISC/cv32e40x_core/cv32e40x_prefetcher.sv:152]
INFO: [Synth 8-6155] done synthesizing module 'cv32e40x_prefetcher' (5#1) [C:/Users/aamalik3/Desktop/ICAP_Readback/Benchmarks/RISC_RTL_Project/RISC_RTL_Project.srcs/sources_1/imports/AES_RISC/cv32e40x_core/cv32e40x_prefetcher.sv:40]
INFO: [Synth 8-6157] synthesizing module 'cv32e40x_alignment_buffer' [C:/Users/aamalik3/Desktop/ICAP_Readback/Benchmarks/RISC_RTL_Project/RISC_RTL_Project.srcs/sources_1/imports/AES_RISC/cv32e40x_core/cv32e40x_alignment_buffer.sv:24]
	Parameter ALBUF_DEPTH bound to: 32'b00000000000000000000000000000011 
	Parameter ALBUF_CNT_WIDTH bound to: 32'b00000000000000000000000000000010 
INFO: [Synth 8-226] default block is never used [C:/Users/aamalik3/Desktop/ICAP_Readback/Benchmarks/RISC_RTL_Project/RISC_RTL_Project.srcs/sources_1/imports/AES_RISC/cv32e40x_core/cv32e40x_alignment_buffer.sv:360]
INFO: [Synth 8-6155] done synthesizing module 'cv32e40x_alignment_buffer' (6#1) [C:/Users/aamalik3/Desktop/ICAP_Readback/Benchmarks/RISC_RTL_Project/RISC_RTL_Project.srcs/sources_1/imports/AES_RISC/cv32e40x_core/cv32e40x_alignment_buffer.sv:24]
INFO: [Synth 8-6155] done synthesizing module 'cv32e40x_prefetch_unit' (7#1) [C:/Users/aamalik3/Desktop/ICAP_Readback/Benchmarks/RISC_RTL_Project/RISC_RTL_Project.srcs/sources_1/imports/AES_RISC/cv32e40x_core/cv32e40x_prefetch_unit.sv:29]
INFO: [Synth 8-6157] synthesizing module 'cv32e40x_mpu' [C:/Users/aamalik3/Desktop/ICAP_Readback/Benchmarks/RISC_RTL_Project/RISC_RTL_Project.srcs/sources_1/imports/AES_RISC/cv32e40x_core/cv32e40x_mpu.sv:26]
	Parameter IF_STAGE bound to: 1'b1 
	Parameter A_EXT bound to: 2'b00 
	Parameter PMA_NUM_REGIONS bound to: 32'sb00000000000000000000000000000000 
	Parameter PMA_CFG bound to: 136'b0000000000000000000000000000000000000000000000000000000000000000000000000000000000000000000000000000000000000000000000000000000000000000 
	Parameter DEBUG bound to: 32'sb00000000000000000000000000000001 
	Parameter DM_REGION_START bound to: -268435456 - type: integer 
	Parameter DM_REGION_END bound to: -268419073 - type: integer 
INFO: [Synth 8-6157] synthesizing module 'cv32e40x_pma' [C:/Users/aamalik3/Desktop/ICAP_Readback/Benchmarks/RISC_RTL_Project/RISC_RTL_Project.srcs/sources_1/imports/AES_RISC/cv32e40x_core/cv32e40x_pma.sv:26]
	Parameter A_EXT bound to: 2'b00 
	Parameter PMA_NUM_REGIONS bound to: 32'sb00000000000000000000000000000000 
	Parameter PMA_CFG bound to: 136'b0000000000000000000000000000000000000000000000000000000000000000000000000000000000000000000000000000000000000000000000000000000000000000 
	Parameter PMA_ADDR_LSB bound to: 0 - type: integer 
	Parameter PMA_DBG[word_addr_low] bound to: 0 - type: integer 
	Parameter PMA_DBG[word_addr_high] bound to: 0 - type: integer 
	Parameter PMA_DBG[main] bound to: 1'b1 
	Parameter PMA_DBG[bufferable] bound to: 1'b0 
	Parameter PMA_DBG[cacheable] bound to: 1'b0 
	Parameter PMA_DBG[atomic] bound to: 1'b0 
INFO: [Synth 8-6155] done synthesizing module 'cv32e40x_pma' (8#1) [C:/Users/aamalik3/Desktop/ICAP_Readback/Benchmarks/RISC_RTL_Project/RISC_RTL_Project.srcs/sources_1/imports/AES_RISC/cv32e40x_core/cv32e40x_pma.sv:26]
INFO: [Synth 8-6155] done synthesizing module 'cv32e40x_mpu' (9#1) [C:/Users/aamalik3/Desktop/ICAP_Readback/Benchmarks/RISC_RTL_Project/RISC_RTL_Project.srcs/sources_1/imports/AES_RISC/cv32e40x_core/cv32e40x_mpu.sv:26]
INFO: [Synth 8-6157] synthesizing module 'cv32e40x_instr_obi_interface' [C:/Users/aamalik3/Desktop/ICAP_Readback/Benchmarks/RISC_RTL_Project/RISC_RTL_Project.srcs/sources_1/imports/AES_RISC/cv32e40x_core/cv32e40x_instr_obi_interface.sv:38]
INFO: [Synth 8-226] default block is never used [C:/Users/aamalik3/Desktop/ICAP_Readback/Benchmarks/RISC_RTL_Project/RISC_RTL_Project.srcs/sources_1/imports/AES_RISC/cv32e40x_core/cv32e40x_instr_obi_interface.sv:93]
INFO: [Synth 8-6155] done synthesizing module 'cv32e40x_instr_obi_interface' (10#1) [C:/Users/aamalik3/Desktop/ICAP_Readback/Benchmarks/RISC_RTL_Project/RISC_RTL_Project.srcs/sources_1/imports/AES_RISC/cv32e40x_core/cv32e40x_instr_obi_interface.sv:38]
INFO: [Synth 8-6157] synthesizing module 'cv32e40x_compressed_decoder' [C:/Users/aamalik3/Desktop/ICAP_Readback/Benchmarks/RISC_RTL_Project/RISC_RTL_Project.srcs/sources_1/imports/AES_RISC/cv32e40x_core/cv32e40x_compressed_decoder.sv:27]
	Parameter ZC_EXT bound to: 1'b1 
	Parameter B_EXT bound to: 2'b00 
	Parameter M_EXT bound to: 2'b01 
INFO: [Synth 8-294] found qualifier unique on case statement: implementing as parallel_case [C:/Users/aamalik3/Desktop/ICAP_Readback/Benchmarks/RISC_RTL_Project/RISC_RTL_Project.srcs/sources_1/imports/AES_RISC/cv32e40x_core/cv32e40x_compressed_decoder.sv:62]
INFO: [Synth 8-294] found qualifier unique on case statement: implementing as parallel_case [C:/Users/aamalik3/Desktop/ICAP_Readback/Benchmarks/RISC_RTL_Project/RISC_RTL_Project.srcs/sources_1/imports/AES_RISC/cv32e40x_core/cv32e40x_compressed_decoder.sv:65]
INFO: [Synth 8-226] default block is never used [C:/Users/aamalik3/Desktop/ICAP_Readback/Benchmarks/RISC_RTL_Project/RISC_RTL_Project.srcs/sources_1/imports/AES_RISC/cv32e40x_core/cv32e40x_compressed_decoder.sv:65]
INFO: [Synth 8-294] found qualifier unique on case statement: implementing as parallel_case [C:/Users/aamalik3/Desktop/ICAP_Readback/Benchmarks/RISC_RTL_Project/RISC_RTL_Project.srcs/sources_1/imports/AES_RISC/cv32e40x_core/cv32e40x_compressed_decoder.sv:87]
INFO: [Synth 8-294] found qualifier unique on case statement: implementing as parallel_case [C:/Users/aamalik3/Desktop/ICAP_Readback/Benchmarks/RISC_RTL_Project/RISC_RTL_Project.srcs/sources_1/imports/AES_RISC/cv32e40x_core/cv32e40x_compressed_decoder.sv:138]
INFO: [Synth 8-226] default block is never used [C:/Users/aamalik3/Desktop/ICAP_Readback/Benchmarks/RISC_RTL_Project/RISC_RTL_Project.srcs/sources_1/imports/AES_RISC/cv32e40x_core/cv32e40x_compressed_decoder.sv:138]
INFO: [Synth 8-294] found qualifier unique on case statement: implementing as parallel_case [C:/Users/aamalik3/Desktop/ICAP_Readback/Benchmarks/RISC_RTL_Project/RISC_RTL_Project.srcs/sources_1/imports/AES_RISC/cv32e40x_core/cv32e40x_compressed_decoder.sv:180]
INFO: [Synth 8-226] default block is never used [C:/Users/aamalik3/Desktop/ICAP_Readback/Benchmarks/RISC_RTL_Project/RISC_RTL_Project.srcs/sources_1/imports/AES_RISC/cv32e40x_core/cv32e40x_compressed_decoder.sv:180]
INFO: [Synth 8-294] found qualifier unique on case statement: implementing as parallel_case [C:/Users/aamalik3/Desktop/ICAP_Readback/Benchmarks/RISC_RTL_Project/RISC_RTL_Project.srcs/sources_1/imports/AES_RISC/cv32e40x_core/cv32e40x_compressed_decoder.sv:205]
INFO: [Synth 8-226] default block is never used [C:/Users/aamalik3/Desktop/ICAP_Readback/Benchmarks/RISC_RTL_Project/RISC_RTL_Project.srcs/sources_1/imports/AES_RISC/cv32e40x_core/cv32e40x_compressed_decoder.sv:205]
INFO: [Synth 8-294] found qualifier unique on case statement: implementing as parallel_case [C:/Users/aamalik3/Desktop/ICAP_Readback/Benchmarks/RISC_RTL_Project/RISC_RTL_Project.srcs/sources_1/imports/AES_RISC/cv32e40x_core/cv32e40x_compressed_decoder.sv:238]
INFO: [Synth 8-294] found qualifier unique on case statement: implementing as parallel_case [C:/Users/aamalik3/Desktop/ICAP_Readback/Benchmarks/RISC_RTL_Project/RISC_RTL_Project.srcs/sources_1/imports/AES_RISC/cv32e40x_core/cv32e40x_compressed_decoder.sv:309]
INFO: [Synth 8-226] default block is never used [C:/Users/aamalik3/Desktop/ICAP_Readback/Benchmarks/RISC_RTL_Project/RISC_RTL_Project.srcs/sources_1/imports/AES_RISC/cv32e40x_core/cv32e40x_compressed_decoder.sv:309]
INFO: [Synth 8-6155] done synthesizing module 'cv32e40x_compressed_decoder' (11#1) [C:/Users/aamalik3/Desktop/ICAP_Readback/Benchmarks/RISC_RTL_Project/RISC_RTL_Project.srcs/sources_1/imports/AES_RISC/cv32e40x_core/cv32e40x_compressed_decoder.sv:27]
INFO: [Synth 8-6155] done synthesizing module 'cv32e40x_if_stage' (12#1) [C:/Users/aamalik3/Desktop/ICAP_Readback/Benchmarks/RISC_RTL_Project/RISC_RTL_Project.srcs/sources_1/imports/AES_RISC/cv32e40x_core/cv32e40x_if_stage.sv:29]
INFO: [Synth 8-6157] synthesizing module 'cv32e40x_id_stage' [C:/Users/aamalik3/Desktop/ICAP_Readback/Benchmarks/RISC_RTL_Project/RISC_RTL_Project.srcs/sources_1/imports/AES_RISC/cv32e40x_core/cv32e40x_id_stage.sv:33]
	Parameter RV32 bound to: 1'b0 
	Parameter A_EXT bound to: 2'b00 
	Parameter B_EXT bound to: 2'b00 
	Parameter M_EXT bound to: 2'b01 
	Parameter X_EXT bound to: 1'b0 
	Parameter DEBUG_TRIGGER_EN bound to: 1 - type: integer 
	Parameter REGFILE_NUM_READ_PORTS bound to: 32'b00000000000000000000000000000010 
	Parameter SMCLIC bound to: 1'b0 
	Parameter REG_S1_MSB bound to: 19 - type: integer 
	Parameter REG_S1_LSB bound to: 15 - type: integer 
	Parameter REG_S2_MSB bound to: 24 - type: integer 
	Parameter REG_S2_LSB bound to: 20 - type: integer 
	Parameter REG_S3_MSB bound to: 31 - type: integer 
	Parameter REG_S3_LSB bound to: 27 - type: integer 
	Parameter REG_D_MSB bound to: 11 - type: integer 
	Parameter REG_D_LSB bound to: 7 - type: integer 
INFO: [Synth 8-6157] synthesizing module 'cv32e40x_pc_target' [C:/Users/aamalik3/Desktop/ICAP_Readback/Benchmarks/RISC_RTL_Project/RISC_RTL_Project.srcs/sources_1/imports/AES_RISC/cv32e40x_core/cv32e40x_pc_target.sv:26]
INFO: [Synth 8-294] found qualifier unique on case statement: implementing as parallel_case [C:/Users/aamalik3/Desktop/ICAP_Readback/Benchmarks/RISC_RTL_Project/RISC_RTL_Project.srcs/sources_1/imports/AES_RISC/cv32e40x_core/cv32e40x_pc_target.sv:46]
INFO: [Synth 8-226] default block is never used [C:/Users/aamalik3/Desktop/ICAP_Readback/Benchmarks/RISC_RTL_Project/RISC_RTL_Project.srcs/sources_1/imports/AES_RISC/cv32e40x_core/cv32e40x_pc_target.sv:46]
INFO: [Synth 8-6155] done synthesizing module 'cv32e40x_pc_target' (13#1) [C:/Users/aamalik3/Desktop/ICAP_Readback/Benchmarks/RISC_RTL_Project/RISC_RTL_Project.srcs/sources_1/imports/AES_RISC/cv32e40x_core/cv32e40x_pc_target.sv:26]
INFO: [Synth 8-294] found qualifier unique on case statement: implementing as parallel_case [C:/Users/aamalik3/Desktop/ICAP_Readback/Benchmarks/RISC_RTL_Project/RISC_RTL_Project.srcs/sources_1/imports/AES_RISC/cv32e40x_core/cv32e40x_id_stage.sv:324]
INFO: [Synth 8-226] default block is never used [C:/Users/aamalik3/Desktop/ICAP_Readback/Benchmarks/RISC_RTL_Project/RISC_RTL_Project.srcs/sources_1/imports/AES_RISC/cv32e40x_core/cv32e40x_id_stage.sv:324]
INFO: [Synth 8-226] default block is never used [C:/Users/aamalik3/Desktop/ICAP_Readback/Benchmarks/RISC_RTL_Project/RISC_RTL_Project.srcs/sources_1/imports/AES_RISC/cv32e40x_core/cv32e40x_id_stage.sv:342]
INFO: [Synth 8-294] found qualifier unique on case statement: implementing as parallel_case [C:/Users/aamalik3/Desktop/ICAP_Readback/Benchmarks/RISC_RTL_Project/RISC_RTL_Project.srcs/sources_1/imports/AES_RISC/cv32e40x_core/cv32e40x_id_stage.sv:360]
INFO: [Synth 8-6157] synthesizing module 'cv32e40x_decoder' [C:/Users/aamalik3/Desktop/ICAP_Readback/Benchmarks/RISC_RTL_Project/RISC_RTL_Project.srcs/sources_1/imports/AES_RISC/cv32e40x_core/cv32e40x_decoder.sv:28]
	Parameter RV32 bound to: 1'b0 
	Parameter REGFILE_NUM_READ_PORTS bound to: 32'b00000000000000000000000000000010 
	Parameter A_EXT bound to: 2'b00 
	Parameter B_EXT bound to: 2'b00 
	Parameter M_EXT bound to: 2'b01 
	Parameter DEBUG_TRIGGER_EN bound to: 1 - type: integer 
	Parameter SMCLIC bound to: 1'b0 
INFO: [Synth 8-6157] synthesizing module 'cv32e40x_m_decoder' [C:/Users/aamalik3/Desktop/ICAP_Readback/Benchmarks/RISC_RTL_Project/RISC_RTL_Project.srcs/sources_1/imports/AES_RISC/cv32e40x_core/cv32e40x_m_decoder.sv:29]
	Parameter M_EXT bound to: 2'b01 
INFO: [Synth 8-294] found qualifier unique on case statement: implementing as parallel_case [C:/Users/aamalik3/Desktop/ICAP_Readback/Benchmarks/RISC_RTL_Project/RISC_RTL_Project.srcs/sources_1/imports/AES_RISC/cv32e40x_core/cv32e40x_m_decoder.sv:46]
INFO: [Synth 8-294] found qualifier unique on case statement: implementing as parallel_case [C:/Users/aamalik3/Desktop/ICAP_Readback/Benchmarks/RISC_RTL_Project/RISC_RTL_Project.srcs/sources_1/imports/AES_RISC/cv32e40x_core/cv32e40x_m_decoder.sv:61]
INFO: [Synth 8-6155] done synthesizing module 'cv32e40x_m_decoder' (14#1) [C:/Users/aamalik3/Desktop/ICAP_Readback/Benchmarks/RISC_RTL_Project/RISC_RTL_Project.srcs/sources_1/imports/AES_RISC/cv32e40x_core/cv32e40x_m_decoder.sv:29]
INFO: [Synth 8-6157] synthesizing module 'cv32e40x_i_decoder' [C:/Users/aamalik3/Desktop/ICAP_Readback/Benchmarks/RISC_RTL_Project/RISC_RTL_Project.srcs/sources_1/imports/AES_RISC/cv32e40x_core/cv32e40x_i_decoder.sv:30]
	Parameter DEBUG_TRIGGER_EN bound to: 1 - type: integer 
	Parameter SMCLIC bound to: 1'b0 
	Parameter CUSTOM_EXT bound to: 1 - type: integer 
INFO: [Synth 8-294] found qualifier unique on case statement: implementing as parallel_case [C:/Users/aamalik3/Desktop/ICAP_Readback/Benchmarks/RISC_RTL_Project/RISC_RTL_Project.srcs/sources_1/imports/AES_RISC/cv32e40x_core/cv32e40x_i_decoder.sv:52]
INFO: [Synth 8-294] found qualifier unique on case statement: implementing as parallel_case [C:/Users/aamalik3/Desktop/ICAP_Readback/Benchmarks/RISC_RTL_Project/RISC_RTL_Project.srcs/sources_1/imports/AES_RISC/cv32e40x_core/cv32e40x_i_decoder.sv:106]
INFO: [Synth 8-294] found qualifier unique on case statement: implementing as parallel_case [C:/Users/aamalik3/Desktop/ICAP_Readback/Benchmarks/RISC_RTL_Project/RISC_RTL_Project.srcs/sources_1/imports/AES_RISC/cv32e40x_core/cv32e40x_i_decoder.sv:205]
INFO: [Synth 8-226] default block is never used [C:/Users/aamalik3/Desktop/ICAP_Readback/Benchmarks/RISC_RTL_Project/RISC_RTL_Project.srcs/sources_1/imports/AES_RISC/cv32e40x_core/cv32e40x_i_decoder.sv:205]
INFO: [Synth 8-294] found qualifier unique on case statement: implementing as parallel_case [C:/Users/aamalik3/Desktop/ICAP_Readback/Benchmarks/RISC_RTL_Project/RISC_RTL_Project.srcs/sources_1/imports/AES_RISC/cv32e40x_core/cv32e40x_i_decoder.sv:247]
INFO: [Synth 8-294] found qualifier unique on case statement: implementing as parallel_case [C:/Users/aamalik3/Desktop/ICAP_Readback/Benchmarks/RISC_RTL_Project/RISC_RTL_Project.srcs/sources_1/imports/AES_RISC/cv32e40x_core/cv32e40x_i_decoder.sv:277]
INFO: [Synth 8-294] found qualifier unique on case statement: implementing as parallel_case [C:/Users/aamalik3/Desktop/ICAP_Readback/Benchmarks/RISC_RTL_Project/RISC_RTL_Project.srcs/sources_1/imports/AES_RISC/cv32e40x_core/cv32e40x_i_decoder.sv:299]
INFO: [Synth 8-294] found qualifier unique on case statement: implementing as parallel_case [C:/Users/aamalik3/Desktop/ICAP_Readback/Benchmarks/RISC_RTL_Project/RISC_RTL_Project.srcs/sources_1/imports/AES_RISC/cv32e40x_core/cv32e40x_i_decoder.sv:365]
INFO: [Synth 8-6155] done synthesizing module 'cv32e40x_i_decoder' (15#1) [C:/Users/aamalik3/Desktop/ICAP_Readback/Benchmarks/RISC_RTL_Project/RISC_RTL_Project.srcs/sources_1/imports/AES_RISC/cv32e40x_core/cv32e40x_i_decoder.sv:30]
INFO: [Synth 8-294] found qualifier unique on case statement: implementing as parallel_case [C:/Users/aamalik3/Desktop/ICAP_Readback/Benchmarks/RISC_RTL_Project/RISC_RTL_Project.srcs/sources_1/imports/AES_RISC/cv32e40x_core/cv32e40x_decoder.sv:249]
INFO: [Synth 8-6155] done synthesizing module 'cv32e40x_decoder' (16#1) [C:/Users/aamalik3/Desktop/ICAP_Readback/Benchmarks/RISC_RTL_Project/RISC_RTL_Project.srcs/sources_1/imports/AES_RISC/cv32e40x_core/cv32e40x_decoder.sv:28]
WARNING: [Synth 8-3848] Net xif_offloading_o in module/entity cv32e40x_id_stage does not have driver. [C:/Users/aamalik3/Desktop/ICAP_Readback/Benchmarks/RISC_RTL_Project/RISC_RTL_Project.srcs/sources_1/imports/AES_RISC/cv32e40x_core/cv32e40x_id_stage.sv:102]
INFO: [Synth 8-6155] done synthesizing module 'cv32e40x_id_stage' (17#1) [C:/Users/aamalik3/Desktop/ICAP_Readback/Benchmarks/RISC_RTL_Project/RISC_RTL_Project.srcs/sources_1/imports/AES_RISC/cv32e40x_core/cv32e40x_id_stage.sv:33]
INFO: [Synth 8-6157] synthesizing module 'cv32e40x_ex_stage' [C:/Users/aamalik3/Desktop/ICAP_Readback/Benchmarks/RISC_RTL_Project/RISC_RTL_Project.srcs/sources_1/imports/AES_RISC/cv32e40x_core/cv32e40x_ex_stage.sv:33]
	Parameter X_EXT bound to: 1'b0 
	Parameter B_EXT bound to: 2'b00 
	Parameter M_EXT bound to: 2'b01 
INFO: [Synth 8-6157] synthesizing module 'cv32e40x_div' [C:/Users/aamalik3/Desktop/ICAP_Readback/Benchmarks/RISC_RTL_Project/RISC_RTL_Project.srcs/sources_1/imports/AES_RISC/cv32e40x_core/cv32e40x_div.sv:28]
INFO: [Synth 8-226] default block is never used [C:/Users/aamalik3/Desktop/ICAP_Readback/Benchmarks/RISC_RTL_Project/RISC_RTL_Project.srcs/sources_1/imports/AES_RISC/cv32e40x_core/cv32e40x_div.sv:119]
INFO: [Synth 8-226] default block is never used [C:/Users/aamalik3/Desktop/ICAP_Readback/Benchmarks/RISC_RTL_Project/RISC_RTL_Project.srcs/sources_1/imports/AES_RISC/cv32e40x_core/cv32e40x_div.sv:211]
INFO: [Synth 8-6155] done synthesizing module 'cv32e40x_div' (18#1) [C:/Users/aamalik3/Desktop/ICAP_Readback/Benchmarks/RISC_RTL_Project/RISC_RTL_Project.srcs/sources_1/imports/AES_RISC/cv32e40x_core/cv32e40x_div.sv:28]
INFO: [Synth 8-6157] synthesizing module 'cv32e40x_mult' [C:/Users/aamalik3/Desktop/ICAP_Readback/Benchmarks/RISC_RTL_Project/RISC_RTL_Project.srcs/sources_1/imports/AES_RISC/cv32e40x_core/cv32e40x_mult.sv:27]
INFO: [Synth 8-226] default block is never used [C:/Users/aamalik3/Desktop/ICAP_Readback/Benchmarks/RISC_RTL_Project/RISC_RTL_Project.srcs/sources_1/imports/AES_RISC/cv32e40x_core/cv32e40x_mult.sv:119]
INFO: [Synth 8-6155] done synthesizing module 'cv32e40x_mult' (19#1) [C:/Users/aamalik3/Desktop/ICAP_Readback/Benchmarks/RISC_RTL_Project/RISC_RTL_Project.srcs/sources_1/imports/AES_RISC/cv32e40x_core/cv32e40x_mult.sv:27]
INFO: [Synth 8-294] found qualifier unique on case statement: implementing as parallel_case [C:/Users/aamalik3/Desktop/ICAP_Readback/Benchmarks/RISC_RTL_Project/RISC_RTL_Project.srcs/sources_1/imports/AES_RISC/cv32e40x_core/cv32e40x_ex_stage.sv:161]
INFO: [Synth 8-6157] synthesizing module 'cv32e40x_alu' [C:/Users/aamalik3/Desktop/ICAP_Readback/Benchmarks/RISC_RTL_Project/RISC_RTL_Project.srcs/sources_1/imports/AES_RISC/cv32e40x_core/cv32e40x_alu.sv:50]
	Parameter B_EXT bound to: 2'b00 
INFO: [Synth 8-294] found qualifier unique on case statement: implementing as parallel_case [C:/Users/aamalik3/Desktop/ICAP_Readback/Benchmarks/RISC_RTL_Project/RISC_RTL_Project.srcs/sources_1/imports/AES_RISC/cv32e40x_core/cv32e40x_alu.sv:151]
INFO: [Synth 8-294] found qualifier unique on case statement: implementing as parallel_case [C:/Users/aamalik3/Desktop/ICAP_Readback/Benchmarks/RISC_RTL_Project/RISC_RTL_Project.srcs/sources_1/imports/AES_RISC/cv32e40x_core/cv32e40x_alu.sv:181]
INFO: [Synth 8-294] found qualifier unique on case statement: implementing as parallel_case [C:/Users/aamalik3/Desktop/ICAP_Readback/Benchmarks/RISC_RTL_Project/RISC_RTL_Project.srcs/sources_1/imports/AES_RISC/cv32e40x_core/cv32e40x_alu.sv:226]
INFO: [Synth 8-6157] synthesizing module 'cv32e40x_ff_one' [C:/Users/aamalik3/Desktop/ICAP_Readback/Benchmarks/RISC_RTL_Project/RISC_RTL_Project.srcs/sources_1/imports/AES_RISC/cv32e40x_core/cv32e40x_ff_one.sv:25]
	Parameter LEN bound to: 32 - type: integer 
	Parameter NUM_LEVELS bound to: 5 - type: integer 
INFO: [Synth 8-6155] done synthesizing module 'cv32e40x_ff_one' (20#1) [C:/Users/aamalik3/Desktop/ICAP_Readback/Benchmarks/RISC_RTL_Project/RISC_RTL_Project.srcs/sources_1/imports/AES_RISC/cv32e40x_core/cv32e40x_ff_one.sv:25]
INFO: [Synth 8-6157] synthesizing module 'cv32e40x_alu_b_cpop' [C:/Users/aamalik3/Desktop/ICAP_Readback/Benchmarks/RISC_RTL_Project/RISC_RTL_Project.srcs/sources_1/imports/AES_RISC/cv32e40x_core/cv32e40x_alu_b_cpop.sv:30]
INFO: [Synth 8-6155] done synthesizing module 'cv32e40x_alu_b_cpop' (21#1) [C:/Users/aamalik3/Desktop/ICAP_Readback/Benchmarks/RISC_RTL_Project/RISC_RTL_Project.srcs/sources_1/imports/AES_RISC/cv32e40x_core/cv32e40x_alu_b_cpop.sv:30]
INFO: [Synth 8-294] found qualifier unique on case statement: implementing as parallel_case [C:/Users/aamalik3/Desktop/ICAP_Readback/Benchmarks/RISC_RTL_Project/RISC_RTL_Project.srcs/sources_1/imports/AES_RISC/cv32e40x_core/cv32e40x_alu.sv:335]
WARNING: [Synth 8-3936] Found unconnected internal register 'shifter_tmp_reg' and it is trimmed from '64' to '32' bits. [C:/Users/aamalik3/Desktop/ICAP_Readback/Benchmarks/RISC_RTL_Project/RISC_RTL_Project.srcs/sources_1/imports/AES_RISC/cv32e40x_core/cv32e40x_alu.sv:169]
INFO: [Synth 8-6155] done synthesizing module 'cv32e40x_alu' (22#1) [C:/Users/aamalik3/Desktop/ICAP_Readback/Benchmarks/RISC_RTL_Project/RISC_RTL_Project.srcs/sources_1/imports/AES_RISC/cv32e40x_core/cv32e40x_alu.sv:50]
INFO: [Synth 8-6155] done synthesizing module 'cv32e40x_ex_stage' (23#1) [C:/Users/aamalik3/Desktop/ICAP_Readback/Benchmarks/RISC_RTL_Project/RISC_RTL_Project.srcs/sources_1/imports/AES_RISC/cv32e40x_core/cv32e40x_ex_stage.sv:33]
INFO: [Synth 8-6157] synthesizing module 'cv32e40x_load_store_unit' [C:/Users/aamalik3/Desktop/ICAP_Readback/Benchmarks/RISC_RTL_Project/RISC_RTL_Project.srcs/sources_1/imports/AES_RISC/cv32e40x_core/cv32e40x_load_store_unit.sv:28]
	Parameter A_EXT bound to: 2'b00 
	Parameter X_EXT bound to: 1'b0 
	Parameter X_ID_WIDTH bound to: 32'sb00000000000000000000000000000100 
	Parameter PMA_NUM_REGIONS bound to: 32'sb00000000000000000000000000000000 
	Parameter PMA_CFG bound to: 136'b0000000000000000000000000000000000000000000000000000000000000000000000000000000000000000000000000000000000000000000000000000000000000000 
	Parameter DBG_NUM_TRIGGERS bound to: 32'sb00000000000000000000000000000001 
	Parameter DEBUG bound to: 32'sb00000000000000000000000000000001 
	Parameter DM_REGION_START bound to: -268435456 - type: integer 
	Parameter DM_REGION_END bound to: -268419073 - type: integer 
	Parameter DEPTH bound to: 2 - type: integer 
INFO: [Synth 8-6157] synthesizing module 'cv32e40x_wpt' [C:/Users/aamalik3/Desktop/ICAP_Readback/Benchmarks/RISC_RTL_Project/RISC_RTL_Project.srcs/sources_1/imports/AES_RISC/cv32e40x_core/cv32e40x_wpt.sv:31]
INFO: [Synth 8-6155] done synthesizing module 'cv32e40x_wpt' (24#1) [C:/Users/aamalik3/Desktop/ICAP_Readback/Benchmarks/RISC_RTL_Project/RISC_RTL_Project.srcs/sources_1/imports/AES_RISC/cv32e40x_core/cv32e40x_wpt.sv:31]
INFO: [Synth 8-226] default block is never used [C:/Users/aamalik3/Desktop/ICAP_Readback/Benchmarks/RISC_RTL_Project/RISC_RTL_Project.srcs/sources_1/imports/AES_RISC/cv32e40x_core/cv32e40x_load_store_unit.sv:216]
INFO: [Synth 8-226] default block is never used [C:/Users/aamalik3/Desktop/ICAP_Readback/Benchmarks/RISC_RTL_Project/RISC_RTL_Project.srcs/sources_1/imports/AES_RISC/cv32e40x_core/cv32e40x_load_store_unit.sv:228]
INFO: [Synth 8-226] default block is never used [C:/Users/aamalik3/Desktop/ICAP_Readback/Benchmarks/RISC_RTL_Project/RISC_RTL_Project.srcs/sources_1/imports/AES_RISC/cv32e40x_core/cv32e40x_load_store_unit.sv:245]
INFO: [Synth 8-226] default block is never used [C:/Users/aamalik3/Desktop/ICAP_Readback/Benchmarks/RISC_RTL_Project/RISC_RTL_Project.srcs/sources_1/imports/AES_RISC/cv32e40x_core/cv32e40x_load_store_unit.sv:255]
INFO: [Synth 8-226] default block is never used [C:/Users/aamalik3/Desktop/ICAP_Readback/Benchmarks/RISC_RTL_Project/RISC_RTL_Project.srcs/sources_1/imports/AES_RISC/cv32e40x_core/cv32e40x_load_store_unit.sv:272]
INFO: [Synth 8-226] default block is never used [C:/Users/aamalik3/Desktop/ICAP_Readback/Benchmarks/RISC_RTL_Project/RISC_RTL_Project.srcs/sources_1/imports/AES_RISC/cv32e40x_core/cv32e40x_load_store_unit.sv:603]
INFO: [Synth 8-6157] synthesizing module 'cv32e40x_mpu__parameterized0' [C:/Users/aamalik3/Desktop/ICAP_Readback/Benchmarks/RISC_RTL_Project/RISC_RTL_Project.srcs/sources_1/imports/AES_RISC/cv32e40x_core/cv32e40x_mpu.sv:26]
	Parameter IF_STAGE bound to: 1'b0 
	Parameter A_EXT bound to: 2'b00 
	Parameter PMA_NUM_REGIONS bound to: 32'sb00000000000000000000000000000000 
	Parameter PMA_CFG bound to: 136'b0000000000000000000000000000000000000000000000000000000000000000000000000000000000000000000000000000000000000000000000000000000000000000 
	Parameter DEBUG bound to: 32'sb00000000000000000000000000000001 
	Parameter DM_REGION_START bound to: -268435456 - type: integer 
	Parameter DM_REGION_END bound to: -268419073 - type: integer 
INFO: [Synth 8-6155] done synthesizing module 'cv32e40x_mpu__parameterized0' (24#1) [C:/Users/aamalik3/Desktop/ICAP_Readback/Benchmarks/RISC_RTL_Project/RISC_RTL_Project.srcs/sources_1/imports/AES_RISC/cv32e40x_core/cv32e40x_mpu.sv:26]
INFO: [Synth 8-6157] synthesizing module 'cv32e40x_lsu_response_filter' [C:/Users/aamalik3/Desktop/ICAP_Readback/Benchmarks/RISC_RTL_Project/RISC_RTL_Project.srcs/sources_1/imports/AES_RISC/cv32e40x_core/cv32e40x_lsu_response_filter.sv:33]
	Parameter DEPTH bound to: 2 - type: integer 
	Parameter CNT_WIDTH bound to: 2 - type: integer 
INFO: [Synth 8-6155] done synthesizing module 'cv32e40x_lsu_response_filter' (25#1) [C:/Users/aamalik3/Desktop/ICAP_Readback/Benchmarks/RISC_RTL_Project/RISC_RTL_Project.srcs/sources_1/imports/AES_RISC/cv32e40x_core/cv32e40x_lsu_response_filter.sv:33]
INFO: [Synth 8-6157] synthesizing module 'cv32e40x_write_buffer' [C:/Users/aamalik3/Desktop/ICAP_Readback/Benchmarks/RISC_RTL_Project/RISC_RTL_Project.srcs/sources_1/imports/AES_RISC/cv32e40x_core/cv32e40x_write_buffer.sv:32]
	Parameter PMA_NUM_REGIONS bound to: 32'sb00000000000000000000000000000000 
	Parameter PMA_CFG bound to: 136'b0000000000000000000000000000000000000000000000000000000000000000000000000000000000000000000000000000000000000000000000000000000000000000 
INFO: [Synth 8-226] default block is never used [C:/Users/aamalik3/Desktop/ICAP_Readback/Benchmarks/RISC_RTL_Project/RISC_RTL_Project.srcs/sources_1/imports/AES_RISC/cv32e40x_core/cv32e40x_write_buffer.sv:76]
INFO: [Synth 8-6155] done synthesizing module 'cv32e40x_write_buffer' (26#1) [C:/Users/aamalik3/Desktop/ICAP_Readback/Benchmarks/RISC_RTL_Project/RISC_RTL_Project.srcs/sources_1/imports/AES_RISC/cv32e40x_core/cv32e40x_write_buffer.sv:32]
INFO: [Synth 8-6157] synthesizing module 'cv32e40x_data_obi_interface' [C:/Users/aamalik3/Desktop/ICAP_Readback/Benchmarks/RISC_RTL_Project/RISC_RTL_Project.srcs/sources_1/imports/AES_RISC/cv32e40x_core/cv32e40x_data_obi_interface.sv:38]
INFO: [Synth 8-6155] done synthesizing module 'cv32e40x_data_obi_interface' (27#1) [C:/Users/aamalik3/Desktop/ICAP_Readback/Benchmarks/RISC_RTL_Project/RISC_RTL_Project.srcs/sources_1/imports/AES_RISC/cv32e40x_core/cv32e40x_data_obi_interface.sv:38]
WARNING: [Synth 8-6014] Unused sequential element last_q_reg was removed.  [C:/Users/aamalik3/Desktop/ICAP_Readback/Benchmarks/RISC_RTL_Project/RISC_RTL_Project.srcs/sources_1/imports/AES_RISC/cv32e40x_core/cv32e40x_load_store_unit.sv:290]
INFO: [Synth 8-6155] done synthesizing module 'cv32e40x_load_store_unit' (28#1) [C:/Users/aamalik3/Desktop/ICAP_Readback/Benchmarks/RISC_RTL_Project/RISC_RTL_Project.srcs/sources_1/imports/AES_RISC/cv32e40x_core/cv32e40x_load_store_unit.sv:28]
INFO: [Synth 8-6157] synthesizing module 'cv32e40x_wb_stage' [C:/Users/aamalik3/Desktop/ICAP_Readback/Benchmarks/RISC_RTL_Project/RISC_RTL_Project.srcs/sources_1/imports/AES_RISC/cv32e40x_core/cv32e40x_wb_stage.sv:37]
	Parameter DEBUG bound to: 32'sb00000000000000000000000000000001 
INFO: [Synth 8-6155] done synthesizing module 'cv32e40x_wb_stage' (29#1) [C:/Users/aamalik3/Desktop/ICAP_Readback/Benchmarks/RISC_RTL_Project/RISC_RTL_Project.srcs/sources_1/imports/AES_RISC/cv32e40x_core/cv32e40x_wb_stage.sv:37]
INFO: [Synth 8-6157] synthesizing module 'cv32e40x_cs_registers' [C:/Users/aamalik3/Desktop/ICAP_Readback/Benchmarks/RISC_RTL_Project/RISC_RTL_Project.srcs/sources_1/imports/AES_RISC/cv32e40x_core/cv32e40x_cs_registers.sv:30]
	Parameter RV32 bound to: 1'b0 
	Parameter A_EXT bound to: 2'b00 
	Parameter M_EXT bound to: 2'b01 
	Parameter X_EXT bound to: 1'b0 
	Parameter X_MISA bound to: 0 - type: integer 
	Parameter X_ECS_XS bound to: 2'b00 
	Parameter ZC_EXT bound to: 1'b1 
	Parameter SMCLIC bound to: 1'b0 
	Parameter SMCLIC_ID_WIDTH bound to: 32'sb00000000000000000000000000000101 
	Parameter SMCLIC_INTTHRESHBITS bound to: 32'sb00000000000000000000000000001000 
	Parameter NUM_MHPMCOUNTERS bound to: 0 - type: integer 
	Parameter DEBUG bound to: 32'sb00000000000000000000000000000001 
	Parameter DBG_NUM_TRIGGERS bound to: 32'sb00000000000000000000000000000001 
	Parameter MTVT_ADDR_WIDTH bound to: 32'b00000000000000000000000000011001 
	Parameter CORE_MISA bound to: 32'b01000000100000000001000100000100 
	Parameter MISA_VALUE bound to: 32'b01000000100000000001000100000100 
	Parameter CSR_MINTTHRESH_MASK bound to: 255 - type: integer 
	Parameter HPM_EVENT_FLOP bound to: 16'b1111111111000000 
	Parameter MHPMCOUNTERS_MASK bound to: 29'b00000000000000000000000000000 
	Parameter MCOUNTINHIBIT_MASK bound to: 32'b00000000000000000000000000000101 
INFO: [Synth 8-6157] synthesizing module 'cv32e40x_csr' [C:/Users/aamalik3/Desktop/ICAP_Readback/Benchmarks/RISC_RTL_Project/RISC_RTL_Project.srcs/sources_1/imports/AES_RISC/cv32e40x_core/cv32e40x_csr.sv:10]
	Parameter WIDTH bound to: 32'b00000000000000000000000000100000 
	Parameter RESETVALUE bound to: 0 - type: integer 
INFO: [Synth 8-6155] done synthesizing module 'cv32e40x_csr' (30#1) [C:/Users/aamalik3/Desktop/ICAP_Readback/Benchmarks/RISC_RTL_Project/RISC_RTL_Project.srcs/sources_1/imports/AES_RISC/cv32e40x_core/cv32e40x_csr.sv:10]
INFO: [Synth 8-6157] synthesizing module 'cv32e40x_csr__parameterized0' [C:/Users/aamalik3/Desktop/ICAP_Readback/Benchmarks/RISC_RTL_Project/RISC_RTL_Project.srcs/sources_1/imports/AES_RISC/cv32e40x_core/cv32e40x_csr.sv:10]
	Parameter WIDTH bound to: 32'b00000000000000000000000000100000 
	Parameter RESETVALUE bound to: 32'b01000000000000000000010000010011 
INFO: [Synth 8-6155] done synthesizing module 'cv32e40x_csr__parameterized0' (30#1) [C:/Users/aamalik3/Desktop/ICAP_Readback/Benchmarks/RISC_RTL_Project/RISC_RTL_Project.srcs/sources_1/imports/AES_RISC/cv32e40x_core/cv32e40x_csr.sv:10]
INFO: [Synth 8-6157] synthesizing module 'cv32e40x_csr__parameterized1' [C:/Users/aamalik3/Desktop/ICAP_Readback/Benchmarks/RISC_RTL_Project/RISC_RTL_Project.srcs/sources_1/imports/AES_RISC/cv32e40x_core/cv32e40x_csr.sv:10]
	Parameter WIDTH bound to: 32'b00000000000000000000000000100000 
	Parameter RESETVALUE bound to: 32'b00000000000000000000000000000001 
INFO: [Synth 8-6155] done synthesizing module 'cv32e40x_csr__parameterized1' (30#1) [C:/Users/aamalik3/Desktop/ICAP_Readback/Benchmarks/RISC_RTL_Project/RISC_RTL_Project.srcs/sources_1/imports/AES_RISC/cv32e40x_core/cv32e40x_csr.sv:10]
INFO: [Synth 8-294] found qualifier unique on case statement: implementing as parallel_case [C:/Users/aamalik3/Desktop/ICAP_Readback/Benchmarks/RISC_RTL_Project/RISC_RTL_Project.srcs/sources_1/imports/AES_RISC/cv32e40x_core/cv32e40x_cs_registers.sv:1050]
INFO: [Synth 8-226] default block is never used [C:/Users/aamalik3/Desktop/ICAP_Readback/Benchmarks/RISC_RTL_Project/RISC_RTL_Project.srcs/sources_1/imports/AES_RISC/cv32e40x_core/cv32e40x_cs_registers.sv:1203]
INFO: [Synth 8-6157] synthesizing module 'cv32e40x_csr__parameterized2' [C:/Users/aamalik3/Desktop/ICAP_Readback/Benchmarks/RISC_RTL_Project/RISC_RTL_Project.srcs/sources_1/imports/AES_RISC/cv32e40x_core/cv32e40x_csr.sv:10]
	Parameter WIDTH bound to: 32'b00000000000000000000000000100000 
	Parameter RESETVALUE bound to: 32'b00000000000000000001100000000000 
INFO: [Synth 8-6155] done synthesizing module 'cv32e40x_csr__parameterized2' (30#1) [C:/Users/aamalik3/Desktop/ICAP_Readback/Benchmarks/RISC_RTL_Project/RISC_RTL_Project.srcs/sources_1/imports/AES_RISC/cv32e40x_core/cv32e40x_csr.sv:10]
INFO: [Synth 8-6157] synthesizing module 'cv32e40x_debug_triggers' [C:/Users/aamalik3/Desktop/ICAP_Readback/Benchmarks/RISC_RTL_Project/RISC_RTL_Project.srcs/sources_1/imports/AES_RISC/cv32e40x_core/cv32e40x_debug_triggers.sv:32]
	Parameter DBG_NUM_TRIGGERS bound to: 32'sb00000000000000000000000000000001 
	Parameter A_EXT bound to: 2'b00 
INFO: [Synth 8-6157] synthesizing module 'cv32e40x_csr__parameterized3' [C:/Users/aamalik3/Desktop/ICAP_Readback/Benchmarks/RISC_RTL_Project/RISC_RTL_Project.srcs/sources_1/imports/AES_RISC/cv32e40x_core/cv32e40x_csr.sv:10]
	Parameter WIDTH bound to: 32'b00000000000000000000000000100000 
	Parameter RESETVALUE bound to: 32'b00101000000000000001000000000000 
INFO: [Synth 8-6155] done synthesizing module 'cv32e40x_csr__parameterized3' (30#1) [C:/Users/aamalik3/Desktop/ICAP_Readback/Benchmarks/RISC_RTL_Project/RISC_RTL_Project.srcs/sources_1/imports/AES_RISC/cv32e40x_core/cv32e40x_csr.sv:10]
INFO: [Synth 8-6155] done synthesizing module 'cv32e40x_debug_triggers' (31#1) [C:/Users/aamalik3/Desktop/ICAP_Readback/Benchmarks/RISC_RTL_Project/RISC_RTL_Project.srcs/sources_1/imports/AES_RISC/cv32e40x_core/cv32e40x_debug_triggers.sv:32]
INFO: [Synth 8-6155] done synthesizing module 'cv32e40x_cs_registers' (32#1) [C:/Users/aamalik3/Desktop/ICAP_Readback/Benchmarks/RISC_RTL_Project/RISC_RTL_Project.srcs/sources_1/imports/AES_RISC/cv32e40x_core/cv32e40x_cs_registers.sv:30]
INFO: [Synth 8-6157] synthesizing module 'cv32e40x_controller' [C:/Users/aamalik3/Desktop/ICAP_Readback/Benchmarks/RISC_RTL_Project/RISC_RTL_Project.srcs/sources_1/imports/AES_RISC/cv32e40x_core/cv32e40x_controller.sv:32]
	Parameter X_EXT bound to: 1'b0 
	Parameter A_EXT bound to: 2'b00 
	Parameter REGFILE_NUM_READ_PORTS bound to: 32'b00000000000000000000000000000010 
	Parameter SMCLIC bound to: 1'b0 
	Parameter SMCLIC_ID_WIDTH bound to: 32'sb00000000000000000000000000000101 
	Parameter DEBUG bound to: 32'sb00000000000000000000000000000001 
INFO: [Synth 8-6157] synthesizing module 'cv32e40x_controller_fsm' [C:/Users/aamalik3/Desktop/ICAP_Readback/Benchmarks/RISC_RTL_Project/RISC_RTL_Project.srcs/sources_1/imports/AES_RISC/cv32e40x_core/cv32e40x_controller_fsm.sv:32]
	Parameter X_EXT bound to: 1'b0 
	Parameter DEBUG bound to: 32'sb00000000000000000000000000000001 
	Parameter SMCLIC bound to: 1'b0 
	Parameter SMCLIC_ID_WIDTH bound to: 32'sb00000000000000000000000000000101 
INFO: [Synth 8-294] found qualifier unique on case statement: implementing as parallel_case [C:/Users/aamalik3/Desktop/ICAP_Readback/Benchmarks/RISC_RTL_Project/RISC_RTL_Project.srcs/sources_1/imports/AES_RISC/cv32e40x_core/cv32e40x_controller_fsm.sv:597]
INFO: [Synth 8-226] default block is never used [C:/Users/aamalik3/Desktop/ICAP_Readback/Benchmarks/RISC_RTL_Project/RISC_RTL_Project.srcs/sources_1/imports/AES_RISC/cv32e40x_core/cv32e40x_controller_fsm.sv:597]
INFO: [Synth 8-294] found qualifier unique on case statement: implementing as parallel_case [C:/Users/aamalik3/Desktop/ICAP_Readback/Benchmarks/RISC_RTL_Project/RISC_RTL_Project.srcs/sources_1/imports/AES_RISC/cv32e40x_core/cv32e40x_controller_fsm.sv:695]
INFO: [Synth 8-226] default block is never used [C:/Users/aamalik3/Desktop/ICAP_Readback/Benchmarks/RISC_RTL_Project/RISC_RTL_Project.srcs/sources_1/imports/AES_RISC/cv32e40x_core/cv32e40x_controller_fsm.sv:695]
INFO: [Synth 8-6155] done synthesizing module 'cv32e40x_controller_fsm' (33#1) [C:/Users/aamalik3/Desktop/ICAP_Readback/Benchmarks/RISC_RTL_Project/RISC_RTL_Project.srcs/sources_1/imports/AES_RISC/cv32e40x_core/cv32e40x_controller_fsm.sv:32]
INFO: [Synth 8-6157] synthesizing module 'cv32e40x_controller_bypass' [C:/Users/aamalik3/Desktop/ICAP_Readback/Benchmarks/RISC_RTL_Project/RISC_RTL_Project.srcs/sources_1/imports/AES_RISC/cv32e40x_core/cv32e40x_controller_bypass.sv:33]
	Parameter REGFILE_NUM_READ_PORTS bound to: 32'b00000000000000000000000000000010 
	Parameter A_EXT bound to: 2'b00 
INFO: [Synth 8-6155] done synthesizing module 'cv32e40x_controller_bypass' (34#1) [C:/Users/aamalik3/Desktop/ICAP_Readback/Benchmarks/RISC_RTL_Project/RISC_RTL_Project.srcs/sources_1/imports/AES_RISC/cv32e40x_core/cv32e40x_controller_bypass.sv:33]
INFO: [Synth 8-6155] done synthesizing module 'cv32e40x_controller' (35#1) [C:/Users/aamalik3/Desktop/ICAP_Readback/Benchmarks/RISC_RTL_Project/RISC_RTL_Project.srcs/sources_1/imports/AES_RISC/cv32e40x_core/cv32e40x_controller.sv:32]
INFO: [Synth 8-6157] synthesizing module 'cv32e40x_register_file_wrapper' [C:/Users/aamalik3/Desktop/ICAP_Readback/Benchmarks/RISC_RTL_Project/RISC_RTL_Project.srcs/sources_1/imports/AES_RISC/cv32e40x_core/cv32e40x_register_file_wrapper.sv:31]
	Parameter REGFILE_NUM_READ_PORTS bound to: 32'b00000000000000000000000000000010 
	Parameter RV32 bound to: 1'b0 
INFO: [Synth 8-6157] synthesizing module 'cv32e40x_register_file' [C:/Users/aamalik3/Desktop/ICAP_Readback/Benchmarks/RISC_RTL_Project/RISC_RTL_Project.srcs/sources_1/imports/AES_RISC/cv32e40x_core/cv32e40x_register_file.sv:29]
	Parameter REGFILE_NUM_READ_PORTS bound to: 32'b00000000000000000000000000000010 
	Parameter RV32 bound to: 1'b0 
	Parameter REGFILE_NUM_WORDS bound to: 32 - type: integer 
	Parameter REGFILE_IMPL_ADDR_WIDTH bound to: 5 - type: integer 
INFO: [Synth 8-6155] done synthesizing module 'cv32e40x_register_file' (36#1) [C:/Users/aamalik3/Desktop/ICAP_Readback/Benchmarks/RISC_RTL_Project/RISC_RTL_Project.srcs/sources_1/imports/AES_RISC/cv32e40x_core/cv32e40x_register_file.sv:29]
INFO: [Synth 8-6155] done synthesizing module 'cv32e40x_register_file_wrapper' (37#1) [C:/Users/aamalik3/Desktop/ICAP_Readback/Benchmarks/RISC_RTL_Project/RISC_RTL_Project.srcs/sources_1/imports/AES_RISC/cv32e40x_core/cv32e40x_register_file_wrapper.sv:31]
INFO: [Synth 8-6155] done synthesizing module 'cv32e40x_core' (38#1) [C:/Users/aamalik3/Desktop/ICAP_Readback/Benchmarks/RISC_RTL_Project/RISC_RTL_Project.srcs/sources_1/imports/AES_RISC/cv32e40x_core/cv32e40x_core.sv:32]
INFO: [Synth 8-6157] synthesizing module 'dp_ram_1' [C:/Users/aamalik3/Desktop/ICAP_Readback/Benchmarks/RISC_RTL_Project/RISC_RTL_Project.srcs/sources_1/imports/top/dp_ram_1.sv:3]
	Parameter ADDR_WIDTH bound to: 17 - type: integer 
	Parameter INSTR_RDATA_WIDTH bound to: 8 - type: integer 
	Parameter bytes bound to: 131071 - type: integer 
INFO: [Synth 8-5534] Detected attribute (* KEEP = "true" *) [C:/Users/aamalik3/Desktop/ICAP_Readback/Benchmarks/RISC_RTL_Project/RISC_RTL_Project.srcs/sources_1/imports/top/dp_ram_1.sv:24]
INFO: [Synth 8-5534] Detected attribute (* KEEP = "true" *) [C:/Users/aamalik3/Desktop/ICAP_Readback/Benchmarks/RISC_RTL_Project/RISC_RTL_Project.srcs/sources_1/imports/top/dp_ram_1.sv:25]
INFO: [Synth 8-5534] Detected attribute (* KEEP = "true" *) [C:/Users/aamalik3/Desktop/ICAP_Readback/Benchmarks/RISC_RTL_Project/RISC_RTL_Project.srcs/sources_1/imports/top/dp_ram_1.sv:26]
INFO: [Synth 8-3876] $readmem data file 'C:/Users/aamalik3/Desktop/ICAP_Readback/Benchmarks/memfiles/sha256/sha256_1.hex' is read successfully [C:/Users/aamalik3/Desktop/ICAP_Readback/Benchmarks/RISC_RTL_Project/RISC_RTL_Project.srcs/sources_1/imports/top/dp_ram_1.sv:30]
WARNING: [Synth 8-6026] Ignoring keep related attribute (keep/mark_debug/dont_touch) applied on memory [C:/Users/aamalik3/Desktop/ICAP_Readback/Benchmarks/RISC_RTL_Project/RISC_RTL_Project.srcs/sources_1/imports/top/dp_ram_1.sv:24]
INFO: [Synth 8-6155] done synthesizing module 'dp_ram_1' (39#1) [C:/Users/aamalik3/Desktop/ICAP_Readback/Benchmarks/RISC_RTL_Project/RISC_RTL_Project.srcs/sources_1/imports/top/dp_ram_1.sv:3]
INFO: [Synth 8-6157] synthesizing module 'dp_ram_2' [C:/Users/aamalik3/Desktop/ICAP_Readback/Benchmarks/RISC_RTL_Project/RISC_RTL_Project.srcs/sources_1/imports/top/dp_ram_2.sv:2]
	Parameter ADDR_WIDTH bound to: 17 - type: integer 
	Parameter INSTR_RDATA_WIDTH bound to: 8 - type: integer 
	Parameter bytes bound to: 131071 - type: integer 
INFO: [Synth 8-5534] Detected attribute (* KEEP = "true" *) [C:/Users/aamalik3/Desktop/ICAP_Readback/Benchmarks/RISC_RTL_Project/RISC_RTL_Project.srcs/sources_1/imports/top/dp_ram_2.sv:23]
INFO: [Synth 8-5534] Detected attribute (* KEEP = "true" *) [C:/Users/aamalik3/Desktop/ICAP_Readback/Benchmarks/RISC_RTL_Project/RISC_RTL_Project.srcs/sources_1/imports/top/dp_ram_2.sv:24]
INFO: [Synth 8-5534] Detected attribute (* KEEP = "true" *) [C:/Users/aamalik3/Desktop/ICAP_Readback/Benchmarks/RISC_RTL_Project/RISC_RTL_Project.srcs/sources_1/imports/top/dp_ram_2.sv:25]
INFO: [Synth 8-3876] $readmem data file 'C:/Users/aamalik3/Desktop/ICAP_Readback/Benchmarks/memfiles/sha256/sha256_2.hex' is read successfully [C:/Users/aamalik3/Desktop/ICAP_Readback/Benchmarks/RISC_RTL_Project/RISC_RTL_Project.srcs/sources_1/imports/top/dp_ram_2.sv:29]
WARNING: [Synth 8-6026] Ignoring keep related attribute (keep/mark_debug/dont_touch) applied on memory [C:/Users/aamalik3/Desktop/ICAP_Readback/Benchmarks/RISC_RTL_Project/RISC_RTL_Project.srcs/sources_1/imports/top/dp_ram_2.sv:23]
INFO: [Synth 8-6155] done synthesizing module 'dp_ram_2' (40#1) [C:/Users/aamalik3/Desktop/ICAP_Readback/Benchmarks/RISC_RTL_Project/RISC_RTL_Project.srcs/sources_1/imports/top/dp_ram_2.sv:2]
INFO: [Synth 8-6157] synthesizing module 'dp_ram_3' [C:/Users/aamalik3/Desktop/ICAP_Readback/Benchmarks/RISC_RTL_Project/RISC_RTL_Project.srcs/sources_1/imports/top/dp_ram_3.sv:2]
	Parameter ADDR_WIDTH bound to: 17 - type: integer 
	Parameter INSTR_RDATA_WIDTH bound to: 8 - type: integer 
	Parameter bytes bound to: 131071 - type: integer 
INFO: [Synth 8-5534] Detected attribute (* KEEP = "true" *) [C:/Users/aamalik3/Desktop/ICAP_Readback/Benchmarks/RISC_RTL_Project/RISC_RTL_Project.srcs/sources_1/imports/top/dp_ram_3.sv:23]
INFO: [Synth 8-5534] Detected attribute (* KEEP = "true" *) [C:/Users/aamalik3/Desktop/ICAP_Readback/Benchmarks/RISC_RTL_Project/RISC_RTL_Project.srcs/sources_1/imports/top/dp_ram_3.sv:24]
INFO: [Synth 8-5534] Detected attribute (* KEEP = "true" *) [C:/Users/aamalik3/Desktop/ICAP_Readback/Benchmarks/RISC_RTL_Project/RISC_RTL_Project.srcs/sources_1/imports/top/dp_ram_3.sv:25]
INFO: [Synth 8-3876] $readmem data file 'C:/Users/aamalik3/Desktop/ICAP_Readback/Benchmarks/memfiles/sha256/sha256_3.hex' is read successfully [C:/Users/aamalik3/Desktop/ICAP_Readback/Benchmarks/RISC_RTL_Project/RISC_RTL_Project.srcs/sources_1/imports/top/dp_ram_3.sv:29]
WARNING: [Synth 8-6026] Ignoring keep related attribute (keep/mark_debug/dont_touch) applied on memory [C:/Users/aamalik3/Desktop/ICAP_Readback/Benchmarks/RISC_RTL_Project/RISC_RTL_Project.srcs/sources_1/imports/top/dp_ram_3.sv:23]
INFO: [Synth 8-6155] done synthesizing module 'dp_ram_3' (41#1) [C:/Users/aamalik3/Desktop/ICAP_Readback/Benchmarks/RISC_RTL_Project/RISC_RTL_Project.srcs/sources_1/imports/top/dp_ram_3.sv:2]
INFO: [Synth 8-6157] synthesizing module 'dp_ram_4' [C:/Users/aamalik3/Desktop/ICAP_Readback/Benchmarks/RISC_RTL_Project/RISC_RTL_Project.srcs/sources_1/imports/top/dp_ram_4.sv:2]
	Parameter ADDR_WIDTH bound to: 17 - type: integer 
	Parameter INSTR_RDATA_WIDTH bound to: 8 - type: integer 
	Parameter bytes bound to: 131071 - type: integer 
INFO: [Synth 8-5534] Detected attribute (* KEEP = "true" *) [C:/Users/aamalik3/Desktop/ICAP_Readback/Benchmarks/RISC_RTL_Project/RISC_RTL_Project.srcs/sources_1/imports/top/dp_ram_4.sv:23]
INFO: [Synth 8-5534] Detected attribute (* KEEP = "true" *) [C:/Users/aamalik3/Desktop/ICAP_Readback/Benchmarks/RISC_RTL_Project/RISC_RTL_Project.srcs/sources_1/imports/top/dp_ram_4.sv:24]
INFO: [Synth 8-5534] Detected attribute (* KEEP = "true" *) [C:/Users/aamalik3/Desktop/ICAP_Readback/Benchmarks/RISC_RTL_Project/RISC_RTL_Project.srcs/sources_1/imports/top/dp_ram_4.sv:25]
INFO: [Synth 8-3876] $readmem data file 'C:/Users/aamalik3/Desktop/ICAP_Readback/Benchmarks/memfiles/sha256/sha256_4.hex' is read successfully [C:/Users/aamalik3/Desktop/ICAP_Readback/Benchmarks/RISC_RTL_Project/RISC_RTL_Project.srcs/sources_1/imports/top/dp_ram_4.sv:29]
WARNING: [Synth 8-6026] Ignoring keep related attribute (keep/mark_debug/dont_touch) applied on memory [C:/Users/aamalik3/Desktop/ICAP_Readback/Benchmarks/RISC_RTL_Project/RISC_RTL_Project.srcs/sources_1/imports/top/dp_ram_4.sv:23]
INFO: [Synth 8-6155] done synthesizing module 'dp_ram_4' (42#1) [C:/Users/aamalik3/Desktop/ICAP_Readback/Benchmarks/RISC_RTL_Project/RISC_RTL_Project.srcs/sources_1/imports/top/dp_ram_4.sv:2]
WARNING: [Synth 8-6014] Unused sequential element counter_reg was removed.  [C:/Users/aamalik3/Desktop/ICAP_Readback/Benchmarks/RISC_RTL_Project/RISC_RTL_Project.srcs/sources_1/imports/AES_RISC/top/cv32e40x_wrapper.sv:77]
WARNING: [Synth 8-3848] Net ext_if\.compressed_ready in module/entity cv32e40x_wrapper does not have driver. [C:/Users/aamalik3/Desktop/ICAP_Readback/Benchmarks/RISC_RTL_Project/RISC_RTL_Project.srcs/sources_1/imports/AES_RISC/cv32e40x_core/if_xif.sv:122]
WARNING: [Synth 8-3848] Net ext_if\.compressed_resp[instr] in module/entity cv32e40x_wrapper does not have driver. [C:/Users/aamalik3/Desktop/ICAP_Readback/Benchmarks/RISC_RTL_Project/RISC_RTL_Project.srcs/sources_1/imports/AES_RISC/cv32e40x_core/if_xif.sv:124]
WARNING: [Synth 8-3848] Net ext_if\.compressed_resp[accept] in module/entity cv32e40x_wrapper does not have driver. [C:/Users/aamalik3/Desktop/ICAP_Readback/Benchmarks/RISC_RTL_Project/RISC_RTL_Project.srcs/sources_1/imports/AES_RISC/cv32e40x_core/if_xif.sv:124]
WARNING: [Synth 8-3848] Net ext_if\.issue_ready in module/entity cv32e40x_wrapper does not have driver. [C:/Users/aamalik3/Desktop/ICAP_Readback/Benchmarks/RISC_RTL_Project/RISC_RTL_Project.srcs/sources_1/imports/AES_RISC/cv32e40x_core/if_xif.sv:128]
WARNING: [Synth 8-3848] Net ext_if\.issue_resp[accept] in module/entity cv32e40x_wrapper does not have driver. [C:/Users/aamalik3/Desktop/ICAP_Readback/Benchmarks/RISC_RTL_Project/RISC_RTL_Project.srcs/sources_1/imports/AES_RISC/cv32e40x_core/if_xif.sv:130]
WARNING: [Synth 8-3848] Net ext_if\.issue_resp[writeback] in module/entity cv32e40x_wrapper does not have driver. [C:/Users/aamalik3/Desktop/ICAP_Readback/Benchmarks/RISC_RTL_Project/RISC_RTL_Project.srcs/sources_1/imports/AES_RISC/cv32e40x_core/if_xif.sv:130]
WARNING: [Synth 8-3848] Net ext_if\.issue_resp[dualwrite] in module/entity cv32e40x_wrapper does not have driver. [C:/Users/aamalik3/Desktop/ICAP_Readback/Benchmarks/RISC_RTL_Project/RISC_RTL_Project.srcs/sources_1/imports/AES_RISC/cv32e40x_core/if_xif.sv:130]
WARNING: [Synth 8-3848] Net ext_if\.issue_resp[dualread] in module/entity cv32e40x_wrapper does not have driver. [C:/Users/aamalik3/Desktop/ICAP_Readback/Benchmarks/RISC_RTL_Project/RISC_RTL_Project.srcs/sources_1/imports/AES_RISC/cv32e40x_core/if_xif.sv:130]
WARNING: [Synth 8-3848] Net ext_if\.issue_resp[loadstore] in module/entity cv32e40x_wrapper does not have driver. [C:/Users/aamalik3/Desktop/ICAP_Readback/Benchmarks/RISC_RTL_Project/RISC_RTL_Project.srcs/sources_1/imports/AES_RISC/cv32e40x_core/if_xif.sv:130]
WARNING: [Synth 8-3848] Net ext_if\.issue_resp[ecswrite] in module/entity cv32e40x_wrapper does not have driver. [C:/Users/aamalik3/Desktop/ICAP_Readback/Benchmarks/RISC_RTL_Project/RISC_RTL_Project.srcs/sources_1/imports/AES_RISC/cv32e40x_core/if_xif.sv:130]
WARNING: [Synth 8-3848] Net ext_if\.issue_resp[exc] in module/entity cv32e40x_wrapper does not have driver. [C:/Users/aamalik3/Desktop/ICAP_Readback/Benchmarks/RISC_RTL_Project/RISC_RTL_Project.srcs/sources_1/imports/AES_RISC/cv32e40x_core/if_xif.sv:130]
WARNING: [Synth 8-3848] Net ext_if\.mem_valid in module/entity cv32e40x_wrapper does not have driver. [C:/Users/aamalik3/Desktop/ICAP_Readback/Benchmarks/RISC_RTL_Project/RISC_RTL_Project.srcs/sources_1/imports/AES_RISC/cv32e40x_core/if_xif.sv:137]
WARNING: [Synth 8-3848] Net ext_if\.mem_req[id] in module/entity cv32e40x_wrapper does not have driver. [C:/Users/aamalik3/Desktop/ICAP_Readback/Benchmarks/RISC_RTL_Project/RISC_RTL_Project.srcs/sources_1/imports/AES_RISC/cv32e40x_core/if_xif.sv:139]
WARNING: [Synth 8-3848] Net ext_if\.mem_req[addr] in module/entity cv32e40x_wrapper does not have driver. [C:/Users/aamalik3/Desktop/ICAP_Readback/Benchmarks/RISC_RTL_Project/RISC_RTL_Project.srcs/sources_1/imports/AES_RISC/cv32e40x_core/if_xif.sv:139]
WARNING: [Synth 8-3848] Net ext_if\.mem_req[mode] in module/entity cv32e40x_wrapper does not have driver. [C:/Users/aamalik3/Desktop/ICAP_Readback/Benchmarks/RISC_RTL_Project/RISC_RTL_Project.srcs/sources_1/imports/AES_RISC/cv32e40x_core/if_xif.sv:139]
WARNING: [Synth 8-3848] Net ext_if\.mem_req[we] in module/entity cv32e40x_wrapper does not have driver. [C:/Users/aamalik3/Desktop/ICAP_Readback/Benchmarks/RISC_RTL_Project/RISC_RTL_Project.srcs/sources_1/imports/AES_RISC/cv32e40x_core/if_xif.sv:139]
WARNING: [Synth 8-3848] Net ext_if\.mem_req[size] in module/entity cv32e40x_wrapper does not have driver. [C:/Users/aamalik3/Desktop/ICAP_Readback/Benchmarks/RISC_RTL_Project/RISC_RTL_Project.srcs/sources_1/imports/AES_RISC/cv32e40x_core/if_xif.sv:139]
WARNING: [Synth 8-3848] Net ext_if\.mem_req[be] in module/entity cv32e40x_wrapper does not have driver. [C:/Users/aamalik3/Desktop/ICAP_Readback/Benchmarks/RISC_RTL_Project/RISC_RTL_Project.srcs/sources_1/imports/AES_RISC/cv32e40x_core/if_xif.sv:139]
WARNING: [Synth 8-3848] Net ext_if\.mem_req[attr] in module/entity cv32e40x_wrapper does not have driver. [C:/Users/aamalik3/Desktop/ICAP_Readback/Benchmarks/RISC_RTL_Project/RISC_RTL_Project.srcs/sources_1/imports/AES_RISC/cv32e40x_core/if_xif.sv:139]
WARNING: [Synth 8-3848] Net ext_if\.mem_req[wdata] in module/entity cv32e40x_wrapper does not have driver. [C:/Users/aamalik3/Desktop/ICAP_Readback/Benchmarks/RISC_RTL_Project/RISC_RTL_Project.srcs/sources_1/imports/AES_RISC/cv32e40x_core/if_xif.sv:139]
WARNING: [Synth 8-3848] Net ext_if\.mem_req[last] in module/entity cv32e40x_wrapper does not have driver. [C:/Users/aamalik3/Desktop/ICAP_Readback/Benchmarks/RISC_RTL_Project/RISC_RTL_Project.srcs/sources_1/imports/AES_RISC/cv32e40x_core/if_xif.sv:139]
WARNING: [Synth 8-3848] Net ext_if\.mem_req[spec] in module/entity cv32e40x_wrapper does not have driver. [C:/Users/aamalik3/Desktop/ICAP_Readback/Benchmarks/RISC_RTL_Project/RISC_RTL_Project.srcs/sources_1/imports/AES_RISC/cv32e40x_core/if_xif.sv:139]
WARNING: [Synth 8-3848] Net ext_if\.result_valid in module/entity cv32e40x_wrapper does not have driver. [C:/Users/aamalik3/Desktop/ICAP_Readback/Benchmarks/RISC_RTL_Project/RISC_RTL_Project.srcs/sources_1/imports/AES_RISC/cv32e40x_core/if_xif.sv:147]
WARNING: [Synth 8-3848] Net ext_if\.result[id] in module/entity cv32e40x_wrapper does not have driver. [C:/Users/aamalik3/Desktop/ICAP_Readback/Benchmarks/RISC_RTL_Project/RISC_RTL_Project.srcs/sources_1/imports/AES_RISC/cv32e40x_core/if_xif.sv:149]
WARNING: [Synth 8-3848] Net ext_if\.result[data] in module/entity cv32e40x_wrapper does not have driver. [C:/Users/aamalik3/Desktop/ICAP_Readback/Benchmarks/RISC_RTL_Project/RISC_RTL_Project.srcs/sources_1/imports/AES_RISC/cv32e40x_core/if_xif.sv:149]
WARNING: [Synth 8-3848] Net ext_if\.result[rd] in module/entity cv32e40x_wrapper does not have driver. [C:/Users/aamalik3/Desktop/ICAP_Readback/Benchmarks/RISC_RTL_Project/RISC_RTL_Project.srcs/sources_1/imports/AES_RISC/cv32e40x_core/if_xif.sv:149]
WARNING: [Synth 8-3848] Net ext_if\.result[we] in module/entity cv32e40x_wrapper does not have driver. [C:/Users/aamalik3/Desktop/ICAP_Readback/Benchmarks/RISC_RTL_Project/RISC_RTL_Project.srcs/sources_1/imports/AES_RISC/cv32e40x_core/if_xif.sv:149]
WARNING: [Synth 8-3848] Net ext_if\.result[ecsdata] in module/entity cv32e40x_wrapper does not have driver. [C:/Users/aamalik3/Desktop/ICAP_Readback/Benchmarks/RISC_RTL_Project/RISC_RTL_Project.srcs/sources_1/imports/AES_RISC/cv32e40x_core/if_xif.sv:149]
WARNING: [Synth 8-3848] Net ext_if\.result[ecswe] in module/entity cv32e40x_wrapper does not have driver. [C:/Users/aamalik3/Desktop/ICAP_Readback/Benchmarks/RISC_RTL_Project/RISC_RTL_Project.srcs/sources_1/imports/AES_RISC/cv32e40x_core/if_xif.sv:149]
WARNING: [Synth 8-3848] Net ext_if\.result[exc] in module/entity cv32e40x_wrapper does not have driver. [C:/Users/aamalik3/Desktop/ICAP_Readback/Benchmarks/RISC_RTL_Project/RISC_RTL_Project.srcs/sources_1/imports/AES_RISC/cv32e40x_core/if_xif.sv:149]
WARNING: [Synth 8-3848] Net ext_if\.result[exccode] in module/entity cv32e40x_wrapper does not have driver. [C:/Users/aamalik3/Desktop/ICAP_Readback/Benchmarks/RISC_RTL_Project/RISC_RTL_Project.srcs/sources_1/imports/AES_RISC/cv32e40x_core/if_xif.sv:149]
WARNING: [Synth 8-3848] Net ext_if\.result[err] in module/entity cv32e40x_wrapper does not have driver. [C:/Users/aamalik3/Desktop/ICAP_Readback/Benchmarks/RISC_RTL_Project/RISC_RTL_Project.srcs/sources_1/imports/AES_RISC/cv32e40x_core/if_xif.sv:149]
WARNING: [Synth 8-3848] Net ext_if\.result[dbg] in module/entity cv32e40x_wrapper does not have driver. [C:/Users/aamalik3/Desktop/ICAP_Readback/Benchmarks/RISC_RTL_Project/RISC_RTL_Project.srcs/sources_1/imports/AES_RISC/cv32e40x_core/if_xif.sv:149]
INFO: [Synth 8-6155] done synthesizing module 'cv32e40x_wrapper' (43#1) [C:/Users/aamalik3/Desktop/ICAP_Readback/Benchmarks/RISC_RTL_Project/RISC_RTL_Project.srcs/sources_1/imports/AES_RISC/top/cv32e40x_wrapper.sv:3]
INFO: [Synth 8-6155] done synthesizing module 'RISC_BENCHMARK_IP' (44#1) [C:/Users/aamalik3/Desktop/ICAP_Readback/Benchmarks/RISC_RTL_Project/RISC_RTL_Project.srcs/sources_1/imports/top/RISC_AES.v:3]
WARNING: [Synth 8-3331] design dp_ram_4 has unconnected port mem_addr_a[1]
WARNING: [Synth 8-3331] design dp_ram_4 has unconnected port mem_addr_a[0]
WARNING: [Synth 8-3331] design dp_ram_4 has unconnected port mem_wdata_a[7]
WARNING: [Synth 8-3331] design dp_ram_4 has unconnected port mem_wdata_a[6]
WARNING: [Synth 8-3331] design dp_ram_4 has unconnected port mem_wdata_a[5]
WARNING: [Synth 8-3331] design dp_ram_4 has unconnected port mem_wdata_a[4]
WARNING: [Synth 8-3331] design dp_ram_4 has unconnected port mem_wdata_a[3]
WARNING: [Synth 8-3331] design dp_ram_4 has unconnected port mem_wdata_a[2]
WARNING: [Synth 8-3331] design dp_ram_4 has unconnected port mem_wdata_a[1]
WARNING: [Synth 8-3331] design dp_ram_4 has unconnected port mem_wdata_a[0]
WARNING: [Synth 8-3331] design dp_ram_4 has unconnected port mem_wen_a
WARNING: [Synth 8-3331] design dp_ram_4 has unconnected port mem_wstrb_a
WARNING: [Synth 8-3331] design dp_ram_4 has unconnected port mem_addr_b[1]
WARNING: [Synth 8-3331] design dp_ram_4 has unconnected port mem_addr_b[0]
WARNING: [Synth 8-3331] design dp_ram_3 has unconnected port mem_addr_a[1]
WARNING: [Synth 8-3331] design dp_ram_3 has unconnected port mem_addr_a[0]
WARNING: [Synth 8-3331] design dp_ram_3 has unconnected port mem_wdata_a[7]
WARNING: [Synth 8-3331] design dp_ram_3 has unconnected port mem_wdata_a[6]
WARNING: [Synth 8-3331] design dp_ram_3 has unconnected port mem_wdata_a[5]
WARNING: [Synth 8-3331] design dp_ram_3 has unconnected port mem_wdata_a[4]
WARNING: [Synth 8-3331] design dp_ram_3 has unconnected port mem_wdata_a[3]
WARNING: [Synth 8-3331] design dp_ram_3 has unconnected port mem_wdata_a[2]
WARNING: [Synth 8-3331] design dp_ram_3 has unconnected port mem_wdata_a[1]
WARNING: [Synth 8-3331] design dp_ram_3 has unconnected port mem_wdata_a[0]
WARNING: [Synth 8-3331] design dp_ram_3 has unconnected port mem_wen_a
WARNING: [Synth 8-3331] design dp_ram_3 has unconnected port mem_wstrb_a
WARNING: [Synth 8-3331] design dp_ram_3 has unconnected port mem_addr_b[1]
WARNING: [Synth 8-3331] design dp_ram_3 has unconnected port mem_addr_b[0]
WARNING: [Synth 8-3331] design dp_ram_2 has unconnected port mem_addr_a[1]
WARNING: [Synth 8-3331] design dp_ram_2 has unconnected port mem_addr_a[0]
WARNING: [Synth 8-3331] design dp_ram_2 has unconnected port mem_wdata_a[7]
WARNING: [Synth 8-3331] design dp_ram_2 has unconnected port mem_wdata_a[6]
WARNING: [Synth 8-3331] design dp_ram_2 has unconnected port mem_wdata_a[5]
WARNING: [Synth 8-3331] design dp_ram_2 has unconnected port mem_wdata_a[4]
WARNING: [Synth 8-3331] design dp_ram_2 has unconnected port mem_wdata_a[3]
WARNING: [Synth 8-3331] design dp_ram_2 has unconnected port mem_wdata_a[2]
WARNING: [Synth 8-3331] design dp_ram_2 has unconnected port mem_wdata_a[1]
WARNING: [Synth 8-3331] design dp_ram_2 has unconnected port mem_wdata_a[0]
WARNING: [Synth 8-3331] design dp_ram_2 has unconnected port mem_wen_a
WARNING: [Synth 8-3331] design dp_ram_2 has unconnected port mem_wstrb_a
WARNING: [Synth 8-3331] design dp_ram_2 has unconnected port mem_addr_b[1]
WARNING: [Synth 8-3331] design dp_ram_2 has unconnected port mem_addr_b[0]
WARNING: [Synth 8-3331] design dp_ram_1 has unconnected port mem_addr_a[1]
WARNING: [Synth 8-3331] design dp_ram_1 has unconnected port mem_addr_a[0]
WARNING: [Synth 8-3331] design dp_ram_1 has unconnected port mem_wstrb_a
WARNING: [Synth 8-3331] design dp_ram_1 has unconnected port mem_addr_b[1]
WARNING: [Synth 8-3331] design dp_ram_1 has unconnected port mem_addr_b[0]
WARNING: [Synth 8-3331] design cv32e40x_controller_bypass has unconnected port if_id_pipe_i[instr][bus_resp][rdata][31]
WARNING: [Synth 8-3331] design cv32e40x_controller_bypass has unconnected port if_id_pipe_i[instr][bus_resp][rdata][30]
WARNING: [Synth 8-3331] design cv32e40x_controller_bypass has unconnected port if_id_pipe_i[instr][bus_resp][rdata][29]
WARNING: [Synth 8-3331] design cv32e40x_controller_bypass has unconnected port if_id_pipe_i[instr][bus_resp][rdata][28]
WARNING: [Synth 8-3331] design cv32e40x_controller_bypass has unconnected port if_id_pipe_i[instr][bus_resp][rdata][27]
WARNING: [Synth 8-3331] design cv32e40x_controller_bypass has unconnected port if_id_pipe_i[instr][bus_resp][rdata][26]
WARNING: [Synth 8-3331] design cv32e40x_controller_bypass has unconnected port if_id_pipe_i[instr][bus_resp][rdata][25]
WARNING: [Synth 8-3331] design cv32e40x_controller_bypass has unconnected port if_id_pipe_i[instr][bus_resp][rdata][24]
WARNING: [Synth 8-3331] design cv32e40x_controller_bypass has unconnected port if_id_pipe_i[instr][bus_resp][rdata][23]
WARNING: [Synth 8-3331] design cv32e40x_controller_bypass has unconnected port if_id_pipe_i[instr][bus_resp][rdata][22]
WARNING: [Synth 8-3331] design cv32e40x_controller_bypass has unconnected port if_id_pipe_i[instr][bus_resp][rdata][21]
WARNING: [Synth 8-3331] design cv32e40x_controller_bypass has unconnected port if_id_pipe_i[instr][bus_resp][rdata][20]
WARNING: [Synth 8-3331] design cv32e40x_controller_bypass has unconnected port if_id_pipe_i[instr][bus_resp][rdata][19]
WARNING: [Synth 8-3331] design cv32e40x_controller_bypass has unconnected port if_id_pipe_i[instr][bus_resp][rdata][18]
WARNING: [Synth 8-3331] design cv32e40x_controller_bypass has unconnected port if_id_pipe_i[instr][bus_resp][rdata][17]
WARNING: [Synth 8-3331] design cv32e40x_controller_bypass has unconnected port if_id_pipe_i[instr][bus_resp][rdata][16]
WARNING: [Synth 8-3331] design cv32e40x_controller_bypass has unconnected port if_id_pipe_i[instr][bus_resp][rdata][15]
WARNING: [Synth 8-3331] design cv32e40x_controller_bypass has unconnected port if_id_pipe_i[instr][bus_resp][rdata][14]
WARNING: [Synth 8-3331] design cv32e40x_controller_bypass has unconnected port if_id_pipe_i[instr][bus_resp][rdata][13]
WARNING: [Synth 8-3331] design cv32e40x_controller_bypass has unconnected port if_id_pipe_i[instr][bus_resp][rdata][12]
WARNING: [Synth 8-3331] design cv32e40x_controller_bypass has unconnected port if_id_pipe_i[instr][bus_resp][rdata][11]
WARNING: [Synth 8-3331] design cv32e40x_controller_bypass has unconnected port if_id_pipe_i[instr][bus_resp][rdata][10]
WARNING: [Synth 8-3331] design cv32e40x_controller_bypass has unconnected port if_id_pipe_i[instr][bus_resp][rdata][9]
WARNING: [Synth 8-3331] design cv32e40x_controller_bypass has unconnected port if_id_pipe_i[instr][bus_resp][rdata][8]
WARNING: [Synth 8-3331] design cv32e40x_controller_bypass has unconnected port if_id_pipe_i[instr][bus_resp][rdata][7]
WARNING: [Synth 8-3331] design cv32e40x_controller_bypass has unconnected port if_id_pipe_i[instr][bus_resp][rdata][6]
WARNING: [Synth 8-3331] design cv32e40x_controller_bypass has unconnected port if_id_pipe_i[instr][bus_resp][rdata][5]
WARNING: [Synth 8-3331] design cv32e40x_controller_bypass has unconnected port if_id_pipe_i[instr][bus_resp][rdata][4]
WARNING: [Synth 8-3331] design cv32e40x_controller_bypass has unconnected port if_id_pipe_i[instr][bus_resp][rdata][3]
WARNING: [Synth 8-3331] design cv32e40x_controller_bypass has unconnected port if_id_pipe_i[instr][bus_resp][rdata][2]
WARNING: [Synth 8-3331] design cv32e40x_controller_bypass has unconnected port if_id_pipe_i[instr][bus_resp][rdata][1]
WARNING: [Synth 8-3331] design cv32e40x_controller_bypass has unconnected port if_id_pipe_i[instr][bus_resp][rdata][0]
WARNING: [Synth 8-3331] design cv32e40x_controller_bypass has unconnected port if_id_pipe_i[instr_meta][compressed]
WARNING: [Synth 8-3331] design cv32e40x_controller_bypass has unconnected port if_id_pipe_i[instr_meta][pushpop]
WARNING: [Synth 8-3331] design cv32e40x_controller_bypass has unconnected port if_id_pipe_i[pc][31]
WARNING: [Synth 8-3331] design cv32e40x_controller_bypass has unconnected port if_id_pipe_i[pc][30]
WARNING: [Synth 8-3331] design cv32e40x_controller_bypass has unconnected port if_id_pipe_i[pc][29]
WARNING: [Synth 8-3331] design cv32e40x_controller_bypass has unconnected port if_id_pipe_i[pc][28]
WARNING: [Synth 8-3331] design cv32e40x_controller_bypass has unconnected port if_id_pipe_i[pc][27]
WARNING: [Synth 8-3331] design cv32e40x_controller_bypass has unconnected port if_id_pipe_i[pc][26]
WARNING: [Synth 8-3331] design cv32e40x_controller_bypass has unconnected port if_id_pipe_i[pc][25]
WARNING: [Synth 8-3331] design cv32e40x_controller_bypass has unconnected port if_id_pipe_i[pc][24]
WARNING: [Synth 8-3331] design cv32e40x_controller_bypass has unconnected port if_id_pipe_i[pc][23]
WARNING: [Synth 8-3331] design cv32e40x_controller_bypass has unconnected port if_id_pipe_i[pc][22]
WARNING: [Synth 8-3331] design cv32e40x_controller_bypass has unconnected port if_id_pipe_i[pc][21]
WARNING: [Synth 8-3331] design cv32e40x_controller_bypass has unconnected port if_id_pipe_i[pc][20]
WARNING: [Synth 8-3331] design cv32e40x_controller_bypass has unconnected port if_id_pipe_i[pc][19]
WARNING: [Synth 8-3331] design cv32e40x_controller_bypass has unconnected port if_id_pipe_i[pc][18]
WARNING: [Synth 8-3331] design cv32e40x_controller_bypass has unconnected port if_id_pipe_i[pc][17]
WARNING: [Synth 8-3331] design cv32e40x_controller_bypass has unconnected port if_id_pipe_i[pc][16]
WARNING: [Synth 8-3331] design cv32e40x_controller_bypass has unconnected port if_id_pipe_i[pc][15]
WARNING: [Synth 8-3331] design cv32e40x_controller_bypass has unconnected port if_id_pipe_i[pc][14]
WARNING: [Synth 8-3331] design cv32e40x_controller_bypass has unconnected port if_id_pipe_i[pc][13]
INFO: [Common 17-14] Message 'Synth 8-3331' appears 100 times and further instances of the messages will be disabled. Use the Tcl command set_msg_config to change the current settings.
---------------------------------------------------------------------------------
Finished RTL Elaboration : Time (s): cpu = 00:00:07 ; elapsed = 00:00:08 . Memory (MB): peak = 1546.832 ; gain = 1234.379
---------------------------------------------------------------------------------

Report Check Netlist: 
+------+------------------+-------+---------+-------+------------------+
|      |Item              |Errors |Warnings |Status |Description       |
+------+------------------+-------+---------+-------+------------------+
|1     |multi_driven_nets |      0|        0|Passed |Multi driven nets |
+------+------------------+-------+---------+-------+------------------+
WARNING: [Synth 8-3295] tying undriven pin cv32e40x_core_i:xif_compressed_if\.compressed_ready to constant 0 [C:/Users/aamalik3/Desktop/ICAP_Readback/Benchmarks/RISC_RTL_Project/RISC_RTL_Project.srcs/sources_1/imports/AES_RISC/top/cv32e40x_wrapper.sv:171]
WARNING: [Synth 8-3295] tying undriven pin cv32e40x_core_i:xif_compressed_if\.compressed_resp[instr][31] to constant 0 [C:/Users/aamalik3/Desktop/ICAP_Readback/Benchmarks/RISC_RTL_Project/RISC_RTL_Project.srcs/sources_1/imports/AES_RISC/top/cv32e40x_wrapper.sv:171]
WARNING: [Synth 8-3295] tying undriven pin cv32e40x_core_i:xif_compressed_if\.compressed_resp[instr][30] to constant 0 [C:/Users/aamalik3/Desktop/ICAP_Readback/Benchmarks/RISC_RTL_Project/RISC_RTL_Project.srcs/sources_1/imports/AES_RISC/top/cv32e40x_wrapper.sv:171]
WARNING: [Synth 8-3295] tying undriven pin cv32e40x_core_i:xif_compressed_if\.compressed_resp[instr][29] to constant 0 [C:/Users/aamalik3/Desktop/ICAP_Readback/Benchmarks/RISC_RTL_Project/RISC_RTL_Project.srcs/sources_1/imports/AES_RISC/top/cv32e40x_wrapper.sv:171]
WARNING: [Synth 8-3295] tying undriven pin cv32e40x_core_i:xif_compressed_if\.compressed_resp[instr][28] to constant 0 [C:/Users/aamalik3/Desktop/ICAP_Readback/Benchmarks/RISC_RTL_Project/RISC_RTL_Project.srcs/sources_1/imports/AES_RISC/top/cv32e40x_wrapper.sv:171]
WARNING: [Synth 8-3295] tying undriven pin cv32e40x_core_i:xif_compressed_if\.compressed_resp[instr][27] to constant 0 [C:/Users/aamalik3/Desktop/ICAP_Readback/Benchmarks/RISC_RTL_Project/RISC_RTL_Project.srcs/sources_1/imports/AES_RISC/top/cv32e40x_wrapper.sv:171]
WARNING: [Synth 8-3295] tying undriven pin cv32e40x_core_i:xif_compressed_if\.compressed_resp[instr][26] to constant 0 [C:/Users/aamalik3/Desktop/ICAP_Readback/Benchmarks/RISC_RTL_Project/RISC_RTL_Project.srcs/sources_1/imports/AES_RISC/top/cv32e40x_wrapper.sv:171]
WARNING: [Synth 8-3295] tying undriven pin cv32e40x_core_i:xif_compressed_if\.compressed_resp[instr][25] to constant 0 [C:/Users/aamalik3/Desktop/ICAP_Readback/Benchmarks/RISC_RTL_Project/RISC_RTL_Project.srcs/sources_1/imports/AES_RISC/top/cv32e40x_wrapper.sv:171]
WARNING: [Synth 8-3295] tying undriven pin cv32e40x_core_i:xif_compressed_if\.compressed_resp[instr][24] to constant 0 [C:/Users/aamalik3/Desktop/ICAP_Readback/Benchmarks/RISC_RTL_Project/RISC_RTL_Project.srcs/sources_1/imports/AES_RISC/top/cv32e40x_wrapper.sv:171]
WARNING: [Synth 8-3295] tying undriven pin cv32e40x_core_i:xif_compressed_if\.compressed_resp[instr][23] to constant 0 [C:/Users/aamalik3/Desktop/ICAP_Readback/Benchmarks/RISC_RTL_Project/RISC_RTL_Project.srcs/sources_1/imports/AES_RISC/top/cv32e40x_wrapper.sv:171]
WARNING: [Synth 8-3295] tying undriven pin cv32e40x_core_i:xif_compressed_if\.compressed_resp[instr][22] to constant 0 [C:/Users/aamalik3/Desktop/ICAP_Readback/Benchmarks/RISC_RTL_Project/RISC_RTL_Project.srcs/sources_1/imports/AES_RISC/top/cv32e40x_wrapper.sv:171]
WARNING: [Synth 8-3295] tying undriven pin cv32e40x_core_i:xif_compressed_if\.compressed_resp[instr][21] to constant 0 [C:/Users/aamalik3/Desktop/ICAP_Readback/Benchmarks/RISC_RTL_Project/RISC_RTL_Project.srcs/sources_1/imports/AES_RISC/top/cv32e40x_wrapper.sv:171]
WARNING: [Synth 8-3295] tying undriven pin cv32e40x_core_i:xif_compressed_if\.compressed_resp[instr][20] to constant 0 [C:/Users/aamalik3/Desktop/ICAP_Readback/Benchmarks/RISC_RTL_Project/RISC_RTL_Project.srcs/sources_1/imports/AES_RISC/top/cv32e40x_wrapper.sv:171]
WARNING: [Synth 8-3295] tying undriven pin cv32e40x_core_i:xif_compressed_if\.compressed_resp[instr][19] to constant 0 [C:/Users/aamalik3/Desktop/ICAP_Readback/Benchmarks/RISC_RTL_Project/RISC_RTL_Project.srcs/sources_1/imports/AES_RISC/top/cv32e40x_wrapper.sv:171]
WARNING: [Synth 8-3295] tying undriven pin cv32e40x_core_i:xif_compressed_if\.compressed_resp[instr][18] to constant 0 [C:/Users/aamalik3/Desktop/ICAP_Readback/Benchmarks/RISC_RTL_Project/RISC_RTL_Project.srcs/sources_1/imports/AES_RISC/top/cv32e40x_wrapper.sv:171]
WARNING: [Synth 8-3295] tying undriven pin cv32e40x_core_i:xif_compressed_if\.compressed_resp[instr][17] to constant 0 [C:/Users/aamalik3/Desktop/ICAP_Readback/Benchmarks/RISC_RTL_Project/RISC_RTL_Project.srcs/sources_1/imports/AES_RISC/top/cv32e40x_wrapper.sv:171]
WARNING: [Synth 8-3295] tying undriven pin cv32e40x_core_i:xif_compressed_if\.compressed_resp[instr][16] to constant 0 [C:/Users/aamalik3/Desktop/ICAP_Readback/Benchmarks/RISC_RTL_Project/RISC_RTL_Project.srcs/sources_1/imports/AES_RISC/top/cv32e40x_wrapper.sv:171]
WARNING: [Synth 8-3295] tying undriven pin cv32e40x_core_i:xif_compressed_if\.compressed_resp[instr][15] to constant 0 [C:/Users/aamalik3/Desktop/ICAP_Readback/Benchmarks/RISC_RTL_Project/RISC_RTL_Project.srcs/sources_1/imports/AES_RISC/top/cv32e40x_wrapper.sv:171]
WARNING: [Synth 8-3295] tying undriven pin cv32e40x_core_i:xif_compressed_if\.compressed_resp[instr][14] to constant 0 [C:/Users/aamalik3/Desktop/ICAP_Readback/Benchmarks/RISC_RTL_Project/RISC_RTL_Project.srcs/sources_1/imports/AES_RISC/top/cv32e40x_wrapper.sv:171]
WARNING: [Synth 8-3295] tying undriven pin cv32e40x_core_i:xif_compressed_if\.compressed_resp[instr][13] to constant 0 [C:/Users/aamalik3/Desktop/ICAP_Readback/Benchmarks/RISC_RTL_Project/RISC_RTL_Project.srcs/sources_1/imports/AES_RISC/top/cv32e40x_wrapper.sv:171]
WARNING: [Synth 8-3295] tying undriven pin cv32e40x_core_i:xif_compressed_if\.compressed_resp[instr][12] to constant 0 [C:/Users/aamalik3/Desktop/ICAP_Readback/Benchmarks/RISC_RTL_Project/RISC_RTL_Project.srcs/sources_1/imports/AES_RISC/top/cv32e40x_wrapper.sv:171]
WARNING: [Synth 8-3295] tying undriven pin cv32e40x_core_i:xif_compressed_if\.compressed_resp[instr][11] to constant 0 [C:/Users/aamalik3/Desktop/ICAP_Readback/Benchmarks/RISC_RTL_Project/RISC_RTL_Project.srcs/sources_1/imports/AES_RISC/top/cv32e40x_wrapper.sv:171]
WARNING: [Synth 8-3295] tying undriven pin cv32e40x_core_i:xif_compressed_if\.compressed_resp[instr][10] to constant 0 [C:/Users/aamalik3/Desktop/ICAP_Readback/Benchmarks/RISC_RTL_Project/RISC_RTL_Project.srcs/sources_1/imports/AES_RISC/top/cv32e40x_wrapper.sv:171]
WARNING: [Synth 8-3295] tying undriven pin cv32e40x_core_i:xif_compressed_if\.compressed_resp[instr][9] to constant 0 [C:/Users/aamalik3/Desktop/ICAP_Readback/Benchmarks/RISC_RTL_Project/RISC_RTL_Project.srcs/sources_1/imports/AES_RISC/top/cv32e40x_wrapper.sv:171]
WARNING: [Synth 8-3295] tying undriven pin cv32e40x_core_i:xif_compressed_if\.compressed_resp[instr][8] to constant 0 [C:/Users/aamalik3/Desktop/ICAP_Readback/Benchmarks/RISC_RTL_Project/RISC_RTL_Project.srcs/sources_1/imports/AES_RISC/top/cv32e40x_wrapper.sv:171]
WARNING: [Synth 8-3295] tying undriven pin cv32e40x_core_i:xif_compressed_if\.compressed_resp[instr][7] to constant 0 [C:/Users/aamalik3/Desktop/ICAP_Readback/Benchmarks/RISC_RTL_Project/RISC_RTL_Project.srcs/sources_1/imports/AES_RISC/top/cv32e40x_wrapper.sv:171]
WARNING: [Synth 8-3295] tying undriven pin cv32e40x_core_i:xif_compressed_if\.compressed_resp[instr][6] to constant 0 [C:/Users/aamalik3/Desktop/ICAP_Readback/Benchmarks/RISC_RTL_Project/RISC_RTL_Project.srcs/sources_1/imports/AES_RISC/top/cv32e40x_wrapper.sv:171]
WARNING: [Synth 8-3295] tying undriven pin cv32e40x_core_i:xif_compressed_if\.compressed_resp[instr][5] to constant 0 [C:/Users/aamalik3/Desktop/ICAP_Readback/Benchmarks/RISC_RTL_Project/RISC_RTL_Project.srcs/sources_1/imports/AES_RISC/top/cv32e40x_wrapper.sv:171]
WARNING: [Synth 8-3295] tying undriven pin cv32e40x_core_i:xif_compressed_if\.compressed_resp[instr][4] to constant 0 [C:/Users/aamalik3/Desktop/ICAP_Readback/Benchmarks/RISC_RTL_Project/RISC_RTL_Project.srcs/sources_1/imports/AES_RISC/top/cv32e40x_wrapper.sv:171]
WARNING: [Synth 8-3295] tying undriven pin cv32e40x_core_i:xif_compressed_if\.compressed_resp[instr][3] to constant 0 [C:/Users/aamalik3/Desktop/ICAP_Readback/Benchmarks/RISC_RTL_Project/RISC_RTL_Project.srcs/sources_1/imports/AES_RISC/top/cv32e40x_wrapper.sv:171]
WARNING: [Synth 8-3295] tying undriven pin cv32e40x_core_i:xif_compressed_if\.compressed_resp[instr][2] to constant 0 [C:/Users/aamalik3/Desktop/ICAP_Readback/Benchmarks/RISC_RTL_Project/RISC_RTL_Project.srcs/sources_1/imports/AES_RISC/top/cv32e40x_wrapper.sv:171]
WARNING: [Synth 8-3295] tying undriven pin cv32e40x_core_i:xif_compressed_if\.compressed_resp[instr][1] to constant 0 [C:/Users/aamalik3/Desktop/ICAP_Readback/Benchmarks/RISC_RTL_Project/RISC_RTL_Project.srcs/sources_1/imports/AES_RISC/top/cv32e40x_wrapper.sv:171]
WARNING: [Synth 8-3295] tying undriven pin cv32e40x_core_i:xif_compressed_if\.compressed_resp[instr][0] to constant 0 [C:/Users/aamalik3/Desktop/ICAP_Readback/Benchmarks/RISC_RTL_Project/RISC_RTL_Project.srcs/sources_1/imports/AES_RISC/top/cv32e40x_wrapper.sv:171]
WARNING: [Synth 8-3295] tying undriven pin cv32e40x_core_i:xif_compressed_if\.compressed_resp[accept] to constant 0 [C:/Users/aamalik3/Desktop/ICAP_Readback/Benchmarks/RISC_RTL_Project/RISC_RTL_Project.srcs/sources_1/imports/AES_RISC/top/cv32e40x_wrapper.sv:171]
WARNING: [Synth 8-3295] tying undriven pin cv32e40x_core_i:xif_compressed_if\.issue_ready to constant 0 [C:/Users/aamalik3/Desktop/ICAP_Readback/Benchmarks/RISC_RTL_Project/RISC_RTL_Project.srcs/sources_1/imports/AES_RISC/top/cv32e40x_wrapper.sv:171]
WARNING: [Synth 8-3295] tying undriven pin cv32e40x_core_i:xif_compressed_if\.issue_resp[accept] to constant 0 [C:/Users/aamalik3/Desktop/ICAP_Readback/Benchmarks/RISC_RTL_Project/RISC_RTL_Project.srcs/sources_1/imports/AES_RISC/top/cv32e40x_wrapper.sv:171]
WARNING: [Synth 8-3295] tying undriven pin cv32e40x_core_i:xif_compressed_if\.issue_resp[writeback] to constant 0 [C:/Users/aamalik3/Desktop/ICAP_Readback/Benchmarks/RISC_RTL_Project/RISC_RTL_Project.srcs/sources_1/imports/AES_RISC/top/cv32e40x_wrapper.sv:171]
WARNING: [Synth 8-3295] tying undriven pin cv32e40x_core_i:xif_compressed_if\.issue_resp[dualwrite] to constant 0 [C:/Users/aamalik3/Desktop/ICAP_Readback/Benchmarks/RISC_RTL_Project/RISC_RTL_Project.srcs/sources_1/imports/AES_RISC/top/cv32e40x_wrapper.sv:171]
WARNING: [Synth 8-3295] tying undriven pin cv32e40x_core_i:xif_compressed_if\.issue_resp[dualread][2] to constant 0 [C:/Users/aamalik3/Desktop/ICAP_Readback/Benchmarks/RISC_RTL_Project/RISC_RTL_Project.srcs/sources_1/imports/AES_RISC/top/cv32e40x_wrapper.sv:171]
WARNING: [Synth 8-3295] tying undriven pin cv32e40x_core_i:xif_compressed_if\.issue_resp[dualread][1] to constant 0 [C:/Users/aamalik3/Desktop/ICAP_Readback/Benchmarks/RISC_RTL_Project/RISC_RTL_Project.srcs/sources_1/imports/AES_RISC/top/cv32e40x_wrapper.sv:171]
WARNING: [Synth 8-3295] tying undriven pin cv32e40x_core_i:xif_compressed_if\.issue_resp[dualread][0] to constant 0 [C:/Users/aamalik3/Desktop/ICAP_Readback/Benchmarks/RISC_RTL_Project/RISC_RTL_Project.srcs/sources_1/imports/AES_RISC/top/cv32e40x_wrapper.sv:171]
WARNING: [Synth 8-3295] tying undriven pin cv32e40x_core_i:xif_compressed_if\.issue_resp[loadstore] to constant 0 [C:/Users/aamalik3/Desktop/ICAP_Readback/Benchmarks/RISC_RTL_Project/RISC_RTL_Project.srcs/sources_1/imports/AES_RISC/top/cv32e40x_wrapper.sv:171]
WARNING: [Synth 8-3295] tying undriven pin cv32e40x_core_i:xif_compressed_if\.issue_resp[ecswrite] to constant 0 [C:/Users/aamalik3/Desktop/ICAP_Readback/Benchmarks/RISC_RTL_Project/RISC_RTL_Project.srcs/sources_1/imports/AES_RISC/top/cv32e40x_wrapper.sv:171]
WARNING: [Synth 8-3295] tying undriven pin cv32e40x_core_i:xif_compressed_if\.issue_resp[exc] to constant 0 [C:/Users/aamalik3/Desktop/ICAP_Readback/Benchmarks/RISC_RTL_Project/RISC_RTL_Project.srcs/sources_1/imports/AES_RISC/top/cv32e40x_wrapper.sv:171]
WARNING: [Synth 8-3295] tying undriven pin cv32e40x_core_i:xif_compressed_if\.mem_valid to constant 0 [C:/Users/aamalik3/Desktop/ICAP_Readback/Benchmarks/RISC_RTL_Project/RISC_RTL_Project.srcs/sources_1/imports/AES_RISC/top/cv32e40x_wrapper.sv:171]
WARNING: [Synth 8-3295] tying undriven pin cv32e40x_core_i:xif_compressed_if\.mem_req[id][3] to constant 0 [C:/Users/aamalik3/Desktop/ICAP_Readback/Benchmarks/RISC_RTL_Project/RISC_RTL_Project.srcs/sources_1/imports/AES_RISC/top/cv32e40x_wrapper.sv:171]
WARNING: [Synth 8-3295] tying undriven pin cv32e40x_core_i:xif_compressed_if\.mem_req[id][2] to constant 0 [C:/Users/aamalik3/Desktop/ICAP_Readback/Benchmarks/RISC_RTL_Project/RISC_RTL_Project.srcs/sources_1/imports/AES_RISC/top/cv32e40x_wrapper.sv:171]
WARNING: [Synth 8-3295] tying undriven pin cv32e40x_core_i:xif_compressed_if\.mem_req[id][1] to constant 0 [C:/Users/aamalik3/Desktop/ICAP_Readback/Benchmarks/RISC_RTL_Project/RISC_RTL_Project.srcs/sources_1/imports/AES_RISC/top/cv32e40x_wrapper.sv:171]
WARNING: [Synth 8-3295] tying undriven pin cv32e40x_core_i:xif_compressed_if\.mem_req[id][0] to constant 0 [C:/Users/aamalik3/Desktop/ICAP_Readback/Benchmarks/RISC_RTL_Project/RISC_RTL_Project.srcs/sources_1/imports/AES_RISC/top/cv32e40x_wrapper.sv:171]
WARNING: [Synth 8-3295] tying undriven pin cv32e40x_core_i:xif_compressed_if\.mem_req[addr][31] to constant 0 [C:/Users/aamalik3/Desktop/ICAP_Readback/Benchmarks/RISC_RTL_Project/RISC_RTL_Project.srcs/sources_1/imports/AES_RISC/top/cv32e40x_wrapper.sv:171]
WARNING: [Synth 8-3295] tying undriven pin cv32e40x_core_i:xif_compressed_if\.mem_req[addr][30] to constant 0 [C:/Users/aamalik3/Desktop/ICAP_Readback/Benchmarks/RISC_RTL_Project/RISC_RTL_Project.srcs/sources_1/imports/AES_RISC/top/cv32e40x_wrapper.sv:171]
WARNING: [Synth 8-3295] tying undriven pin cv32e40x_core_i:xif_compressed_if\.mem_req[addr][29] to constant 0 [C:/Users/aamalik3/Desktop/ICAP_Readback/Benchmarks/RISC_RTL_Project/RISC_RTL_Project.srcs/sources_1/imports/AES_RISC/top/cv32e40x_wrapper.sv:171]
WARNING: [Synth 8-3295] tying undriven pin cv32e40x_core_i:xif_compressed_if\.mem_req[addr][28] to constant 0 [C:/Users/aamalik3/Desktop/ICAP_Readback/Benchmarks/RISC_RTL_Project/RISC_RTL_Project.srcs/sources_1/imports/AES_RISC/top/cv32e40x_wrapper.sv:171]
WARNING: [Synth 8-3295] tying undriven pin cv32e40x_core_i:xif_compressed_if\.mem_req[addr][27] to constant 0 [C:/Users/aamalik3/Desktop/ICAP_Readback/Benchmarks/RISC_RTL_Project/RISC_RTL_Project.srcs/sources_1/imports/AES_RISC/top/cv32e40x_wrapper.sv:171]
WARNING: [Synth 8-3295] tying undriven pin cv32e40x_core_i:xif_compressed_if\.mem_req[addr][26] to constant 0 [C:/Users/aamalik3/Desktop/ICAP_Readback/Benchmarks/RISC_RTL_Project/RISC_RTL_Project.srcs/sources_1/imports/AES_RISC/top/cv32e40x_wrapper.sv:171]
WARNING: [Synth 8-3295] tying undriven pin cv32e40x_core_i:xif_compressed_if\.mem_req[addr][25] to constant 0 [C:/Users/aamalik3/Desktop/ICAP_Readback/Benchmarks/RISC_RTL_Project/RISC_RTL_Project.srcs/sources_1/imports/AES_RISC/top/cv32e40x_wrapper.sv:171]
WARNING: [Synth 8-3295] tying undriven pin cv32e40x_core_i:xif_compressed_if\.mem_req[addr][24] to constant 0 [C:/Users/aamalik3/Desktop/ICAP_Readback/Benchmarks/RISC_RTL_Project/RISC_RTL_Project.srcs/sources_1/imports/AES_RISC/top/cv32e40x_wrapper.sv:171]
WARNING: [Synth 8-3295] tying undriven pin cv32e40x_core_i:xif_compressed_if\.mem_req[addr][23] to constant 0 [C:/Users/aamalik3/Desktop/ICAP_Readback/Benchmarks/RISC_RTL_Project/RISC_RTL_Project.srcs/sources_1/imports/AES_RISC/top/cv32e40x_wrapper.sv:171]
WARNING: [Synth 8-3295] tying undriven pin cv32e40x_core_i:xif_compressed_if\.mem_req[addr][22] to constant 0 [C:/Users/aamalik3/Desktop/ICAP_Readback/Benchmarks/RISC_RTL_Project/RISC_RTL_Project.srcs/sources_1/imports/AES_RISC/top/cv32e40x_wrapper.sv:171]
WARNING: [Synth 8-3295] tying undriven pin cv32e40x_core_i:xif_compressed_if\.mem_req[addr][21] to constant 0 [C:/Users/aamalik3/Desktop/ICAP_Readback/Benchmarks/RISC_RTL_Project/RISC_RTL_Project.srcs/sources_1/imports/AES_RISC/top/cv32e40x_wrapper.sv:171]
WARNING: [Synth 8-3295] tying undriven pin cv32e40x_core_i:xif_compressed_if\.mem_req[addr][20] to constant 0 [C:/Users/aamalik3/Desktop/ICAP_Readback/Benchmarks/RISC_RTL_Project/RISC_RTL_Project.srcs/sources_1/imports/AES_RISC/top/cv32e40x_wrapper.sv:171]
WARNING: [Synth 8-3295] tying undriven pin cv32e40x_core_i:xif_compressed_if\.mem_req[addr][19] to constant 0 [C:/Users/aamalik3/Desktop/ICAP_Readback/Benchmarks/RISC_RTL_Project/RISC_RTL_Project.srcs/sources_1/imports/AES_RISC/top/cv32e40x_wrapper.sv:171]
WARNING: [Synth 8-3295] tying undriven pin cv32e40x_core_i:xif_compressed_if\.mem_req[addr][18] to constant 0 [C:/Users/aamalik3/Desktop/ICAP_Readback/Benchmarks/RISC_RTL_Project/RISC_RTL_Project.srcs/sources_1/imports/AES_RISC/top/cv32e40x_wrapper.sv:171]
WARNING: [Synth 8-3295] tying undriven pin cv32e40x_core_i:xif_compressed_if\.mem_req[addr][17] to constant 0 [C:/Users/aamalik3/Desktop/ICAP_Readback/Benchmarks/RISC_RTL_Project/RISC_RTL_Project.srcs/sources_1/imports/AES_RISC/top/cv32e40x_wrapper.sv:171]
WARNING: [Synth 8-3295] tying undriven pin cv32e40x_core_i:xif_compressed_if\.mem_req[addr][16] to constant 0 [C:/Users/aamalik3/Desktop/ICAP_Readback/Benchmarks/RISC_RTL_Project/RISC_RTL_Project.srcs/sources_1/imports/AES_RISC/top/cv32e40x_wrapper.sv:171]
WARNING: [Synth 8-3295] tying undriven pin cv32e40x_core_i:xif_compressed_if\.mem_req[addr][15] to constant 0 [C:/Users/aamalik3/Desktop/ICAP_Readback/Benchmarks/RISC_RTL_Project/RISC_RTL_Project.srcs/sources_1/imports/AES_RISC/top/cv32e40x_wrapper.sv:171]
WARNING: [Synth 8-3295] tying undriven pin cv32e40x_core_i:xif_compressed_if\.mem_req[addr][14] to constant 0 [C:/Users/aamalik3/Desktop/ICAP_Readback/Benchmarks/RISC_RTL_Project/RISC_RTL_Project.srcs/sources_1/imports/AES_RISC/top/cv32e40x_wrapper.sv:171]
WARNING: [Synth 8-3295] tying undriven pin cv32e40x_core_i:xif_compressed_if\.mem_req[addr][13] to constant 0 [C:/Users/aamalik3/Desktop/ICAP_Readback/Benchmarks/RISC_RTL_Project/RISC_RTL_Project.srcs/sources_1/imports/AES_RISC/top/cv32e40x_wrapper.sv:171]
WARNING: [Synth 8-3295] tying undriven pin cv32e40x_core_i:xif_compressed_if\.mem_req[addr][12] to constant 0 [C:/Users/aamalik3/Desktop/ICAP_Readback/Benchmarks/RISC_RTL_Project/RISC_RTL_Project.srcs/sources_1/imports/AES_RISC/top/cv32e40x_wrapper.sv:171]
WARNING: [Synth 8-3295] tying undriven pin cv32e40x_core_i:xif_compressed_if\.mem_req[addr][11] to constant 0 [C:/Users/aamalik3/Desktop/ICAP_Readback/Benchmarks/RISC_RTL_Project/RISC_RTL_Project.srcs/sources_1/imports/AES_RISC/top/cv32e40x_wrapper.sv:171]
WARNING: [Synth 8-3295] tying undriven pin cv32e40x_core_i:xif_compressed_if\.mem_req[addr][10] to constant 0 [C:/Users/aamalik3/Desktop/ICAP_Readback/Benchmarks/RISC_RTL_Project/RISC_RTL_Project.srcs/sources_1/imports/AES_RISC/top/cv32e40x_wrapper.sv:171]
WARNING: [Synth 8-3295] tying undriven pin cv32e40x_core_i:xif_compressed_if\.mem_req[addr][9] to constant 0 [C:/Users/aamalik3/Desktop/ICAP_Readback/Benchmarks/RISC_RTL_Project/RISC_RTL_Project.srcs/sources_1/imports/AES_RISC/top/cv32e40x_wrapper.sv:171]
WARNING: [Synth 8-3295] tying undriven pin cv32e40x_core_i:xif_compressed_if\.mem_req[addr][8] to constant 0 [C:/Users/aamalik3/Desktop/ICAP_Readback/Benchmarks/RISC_RTL_Project/RISC_RTL_Project.srcs/sources_1/imports/AES_RISC/top/cv32e40x_wrapper.sv:171]
WARNING: [Synth 8-3295] tying undriven pin cv32e40x_core_i:xif_compressed_if\.mem_req[addr][7] to constant 0 [C:/Users/aamalik3/Desktop/ICAP_Readback/Benchmarks/RISC_RTL_Project/RISC_RTL_Project.srcs/sources_1/imports/AES_RISC/top/cv32e40x_wrapper.sv:171]
WARNING: [Synth 8-3295] tying undriven pin cv32e40x_core_i:xif_compressed_if\.mem_req[addr][6] to constant 0 [C:/Users/aamalik3/Desktop/ICAP_Readback/Benchmarks/RISC_RTL_Project/RISC_RTL_Project.srcs/sources_1/imports/AES_RISC/top/cv32e40x_wrapper.sv:171]
WARNING: [Synth 8-3295] tying undriven pin cv32e40x_core_i:xif_compressed_if\.mem_req[addr][5] to constant 0 [C:/Users/aamalik3/Desktop/ICAP_Readback/Benchmarks/RISC_RTL_Project/RISC_RTL_Project.srcs/sources_1/imports/AES_RISC/top/cv32e40x_wrapper.sv:171]
WARNING: [Synth 8-3295] tying undriven pin cv32e40x_core_i:xif_compressed_if\.mem_req[addr][4] to constant 0 [C:/Users/aamalik3/Desktop/ICAP_Readback/Benchmarks/RISC_RTL_Project/RISC_RTL_Project.srcs/sources_1/imports/AES_RISC/top/cv32e40x_wrapper.sv:171]
WARNING: [Synth 8-3295] tying undriven pin cv32e40x_core_i:xif_compressed_if\.mem_req[addr][3] to constant 0 [C:/Users/aamalik3/Desktop/ICAP_Readback/Benchmarks/RISC_RTL_Project/RISC_RTL_Project.srcs/sources_1/imports/AES_RISC/top/cv32e40x_wrapper.sv:171]
WARNING: [Synth 8-3295] tying undriven pin cv32e40x_core_i:xif_compressed_if\.mem_req[addr][2] to constant 0 [C:/Users/aamalik3/Desktop/ICAP_Readback/Benchmarks/RISC_RTL_Project/RISC_RTL_Project.srcs/sources_1/imports/AES_RISC/top/cv32e40x_wrapper.sv:171]
WARNING: [Synth 8-3295] tying undriven pin cv32e40x_core_i:xif_compressed_if\.mem_req[addr][1] to constant 0 [C:/Users/aamalik3/Desktop/ICAP_Readback/Benchmarks/RISC_RTL_Project/RISC_RTL_Project.srcs/sources_1/imports/AES_RISC/top/cv32e40x_wrapper.sv:171]
WARNING: [Synth 8-3295] tying undriven pin cv32e40x_core_i:xif_compressed_if\.mem_req[addr][0] to constant 0 [C:/Users/aamalik3/Desktop/ICAP_Readback/Benchmarks/RISC_RTL_Project/RISC_RTL_Project.srcs/sources_1/imports/AES_RISC/top/cv32e40x_wrapper.sv:171]
WARNING: [Synth 8-3295] tying undriven pin cv32e40x_core_i:xif_compressed_if\.mem_req[mode][1] to constant 0 [C:/Users/aamalik3/Desktop/ICAP_Readback/Benchmarks/RISC_RTL_Project/RISC_RTL_Project.srcs/sources_1/imports/AES_RISC/top/cv32e40x_wrapper.sv:171]
WARNING: [Synth 8-3295] tying undriven pin cv32e40x_core_i:xif_compressed_if\.mem_req[mode][0] to constant 0 [C:/Users/aamalik3/Desktop/ICAP_Readback/Benchmarks/RISC_RTL_Project/RISC_RTL_Project.srcs/sources_1/imports/AES_RISC/top/cv32e40x_wrapper.sv:171]
WARNING: [Synth 8-3295] tying undriven pin cv32e40x_core_i:xif_compressed_if\.mem_req[we] to constant 0 [C:/Users/aamalik3/Desktop/ICAP_Readback/Benchmarks/RISC_RTL_Project/RISC_RTL_Project.srcs/sources_1/imports/AES_RISC/top/cv32e40x_wrapper.sv:171]
WARNING: [Synth 8-3295] tying undriven pin cv32e40x_core_i:xif_compressed_if\.mem_req[size][2] to constant 0 [C:/Users/aamalik3/Desktop/ICAP_Readback/Benchmarks/RISC_RTL_Project/RISC_RTL_Project.srcs/sources_1/imports/AES_RISC/top/cv32e40x_wrapper.sv:171]
WARNING: [Synth 8-3295] tying undriven pin cv32e40x_core_i:xif_compressed_if\.mem_req[size][1] to constant 0 [C:/Users/aamalik3/Desktop/ICAP_Readback/Benchmarks/RISC_RTL_Project/RISC_RTL_Project.srcs/sources_1/imports/AES_RISC/top/cv32e40x_wrapper.sv:171]
WARNING: [Synth 8-3295] tying undriven pin cv32e40x_core_i:xif_compressed_if\.mem_req[size][0] to constant 0 [C:/Users/aamalik3/Desktop/ICAP_Readback/Benchmarks/RISC_RTL_Project/RISC_RTL_Project.srcs/sources_1/imports/AES_RISC/top/cv32e40x_wrapper.sv:171]
WARNING: [Synth 8-3295] tying undriven pin cv32e40x_core_i:xif_compressed_if\.mem_req[be][3] to constant 0 [C:/Users/aamalik3/Desktop/ICAP_Readback/Benchmarks/RISC_RTL_Project/RISC_RTL_Project.srcs/sources_1/imports/AES_RISC/top/cv32e40x_wrapper.sv:171]
WARNING: [Synth 8-3295] tying undriven pin cv32e40x_core_i:xif_compressed_if\.mem_req[be][2] to constant 0 [C:/Users/aamalik3/Desktop/ICAP_Readback/Benchmarks/RISC_RTL_Project/RISC_RTL_Project.srcs/sources_1/imports/AES_RISC/top/cv32e40x_wrapper.sv:171]
WARNING: [Synth 8-3295] tying undriven pin cv32e40x_core_i:xif_compressed_if\.mem_req[be][1] to constant 0 [C:/Users/aamalik3/Desktop/ICAP_Readback/Benchmarks/RISC_RTL_Project/RISC_RTL_Project.srcs/sources_1/imports/AES_RISC/top/cv32e40x_wrapper.sv:171]
WARNING: [Synth 8-3295] tying undriven pin cv32e40x_core_i:xif_compressed_if\.mem_req[be][0] to constant 0 [C:/Users/aamalik3/Desktop/ICAP_Readback/Benchmarks/RISC_RTL_Project/RISC_RTL_Project.srcs/sources_1/imports/AES_RISC/top/cv32e40x_wrapper.sv:171]
WARNING: [Synth 8-3295] tying undriven pin cv32e40x_core_i:xif_compressed_if\.mem_req[attr][1] to constant 0 [C:/Users/aamalik3/Desktop/ICAP_Readback/Benchmarks/RISC_RTL_Project/RISC_RTL_Project.srcs/sources_1/imports/AES_RISC/top/cv32e40x_wrapper.sv:171]
WARNING: [Synth 8-3295] tying undriven pin cv32e40x_core_i:xif_compressed_if\.mem_req[attr][0] to constant 0 [C:/Users/aamalik3/Desktop/ICAP_Readback/Benchmarks/RISC_RTL_Project/RISC_RTL_Project.srcs/sources_1/imports/AES_RISC/top/cv32e40x_wrapper.sv:171]
WARNING: [Synth 8-3295] tying undriven pin cv32e40x_core_i:xif_compressed_if\.mem_req[wdata][31] to constant 0 [C:/Users/aamalik3/Desktop/ICAP_Readback/Benchmarks/RISC_RTL_Project/RISC_RTL_Project.srcs/sources_1/imports/AES_RISC/top/cv32e40x_wrapper.sv:171]
WARNING: [Synth 8-3295] tying undriven pin cv32e40x_core_i:xif_compressed_if\.mem_req[wdata][30] to constant 0 [C:/Users/aamalik3/Desktop/ICAP_Readback/Benchmarks/RISC_RTL_Project/RISC_RTL_Project.srcs/sources_1/imports/AES_RISC/top/cv32e40x_wrapper.sv:171]
WARNING: [Synth 8-3295] tying undriven pin cv32e40x_core_i:xif_compressed_if\.mem_req[wdata][29] to constant 0 [C:/Users/aamalik3/Desktop/ICAP_Readback/Benchmarks/RISC_RTL_Project/RISC_RTL_Project.srcs/sources_1/imports/AES_RISC/top/cv32e40x_wrapper.sv:171]
WARNING: [Synth 8-3295] tying undriven pin cv32e40x_core_i:xif_compressed_if\.mem_req[wdata][28] to constant 0 [C:/Users/aamalik3/Desktop/ICAP_Readback/Benchmarks/RISC_RTL_Project/RISC_RTL_Project.srcs/sources_1/imports/AES_RISC/top/cv32e40x_wrapper.sv:171]
WARNING: [Synth 8-3295] tying undriven pin cv32e40x_core_i:xif_compressed_if\.mem_req[wdata][27] to constant 0 [C:/Users/aamalik3/Desktop/ICAP_Readback/Benchmarks/RISC_RTL_Project/RISC_RTL_Project.srcs/sources_1/imports/AES_RISC/top/cv32e40x_wrapper.sv:171]
WARNING: [Synth 8-3295] tying undriven pin cv32e40x_core_i:xif_compressed_if\.mem_req[wdata][26] to constant 0 [C:/Users/aamalik3/Desktop/ICAP_Readback/Benchmarks/RISC_RTL_Project/RISC_RTL_Project.srcs/sources_1/imports/AES_RISC/top/cv32e40x_wrapper.sv:171]
WARNING: [Synth 8-3295] tying undriven pin cv32e40x_core_i:xif_compressed_if\.mem_req[wdata][25] to constant 0 [C:/Users/aamalik3/Desktop/ICAP_Readback/Benchmarks/RISC_RTL_Project/RISC_RTL_Project.srcs/sources_1/imports/AES_RISC/top/cv32e40x_wrapper.sv:171]
INFO: [Common 17-14] Message 'Synth 8-3295' appears 100 times and further instances of the messages will be disabled. Use the Tcl command set_msg_config to change the current settings.
---------------------------------------------------------------------------------
Start Handling Custom Attributes
---------------------------------------------------------------------------------
---------------------------------------------------------------------------------
Finished Handling Custom Attributes : Time (s): cpu = 00:00:09 ; elapsed = 00:00:11 . Memory (MB): peak = 1546.832 ; gain = 1234.379
---------------------------------------------------------------------------------
---------------------------------------------------------------------------------
Finished RTL Optimization Phase 1 : Time (s): cpu = 00:00:09 ; elapsed = 00:00:11 . Memory (MB): peak = 1546.832 ; gain = 1234.379
---------------------------------------------------------------------------------
INFO: [Device 21-403] Loading part xc7z020clg484-1
INFO: [Project 1-570] Preparing netlist for logic optimization

Processing XDC Constraints
Initializing timing engine
Parsing XDC File [C:/Users/aamalik3/Desktop/ICAP_Readback/Benchmarks/RISC_RTL_Project/RISC_RTL_Project.srcs/constrs_1/new/new_pins.xdc]
WARNING: [Vivado 12-584] No ports matched '[get_ports -of_objects [get_iobanks 33]]'. [C:/Users/aamalik3/Desktop/ICAP_Readback/Benchmarks/RISC_RTL_Project/RISC_RTL_Project.srcs/constrs_1/new/new_pins.xdc:31]
WARNING: [Vivado 12-584] No ports matched '[get_ports -of_objects [get_iobanks 34]]'. [C:/Users/aamalik3/Desktop/ICAP_Readback/Benchmarks/RISC_RTL_Project/RISC_RTL_Project.srcs/constrs_1/new/new_pins.xdc:36]
WARNING: [Vivado 12-584] No ports matched '[get_ports -of_objects [get_iobanks 35]]'. [C:/Users/aamalik3/Desktop/ICAP_Readback/Benchmarks/RISC_RTL_Project/RISC_RTL_Project.srcs/constrs_1/new/new_pins.xdc:41]
WARNING: [Vivado 12-584] No ports matched '[get_ports -of_objects [get_iobanks 13]]'. [C:/Users/aamalik3/Desktop/ICAP_Readback/Benchmarks/RISC_RTL_Project/RISC_RTL_Project.srcs/constrs_1/new/new_pins.xdc:44]
Finished Parsing XDC File [C:/Users/aamalik3/Desktop/ICAP_Readback/Benchmarks/RISC_RTL_Project/RISC_RTL_Project.srcs/constrs_1/new/new_pins.xdc]
INFO: [Project 1-236] Implementation specific constraints were found while reading constraint file [C:/Users/aamalik3/Desktop/ICAP_Readback/Benchmarks/RISC_RTL_Project/RISC_RTL_Project.srcs/constrs_1/new/new_pins.xdc]. These constraints will be ignored for synthesis but will be used in implementation. Impacted constraints are listed in the file [.Xil/RISC_BENCHMARK_IP_propImpl.xdc].
Resolution: To avoid this warning, move constraints listed in [.Xil/RISC_BENCHMARK_IP_propImpl.xdc] to another XDC file and exclude this new file from synthesis with the used_in_synthesis property (File Properties dialog in GUI) and re-run elaboration/synthesis.
Completed Processing XDC Constraints

INFO: [Project 1-111] Unisim Transformation Summary:
No Unisim elements were transformed.

Constraint Validation Runtime : Time (s): cpu = 00:00:00 ; elapsed = 00:00:00.003 . Memory (MB): peak = 1546.832 ; gain = 0.000
---------------------------------------------------------------------------------
Finished Constraint Validation : Time (s): cpu = 00:00:19 ; elapsed = 00:00:24 . Memory (MB): peak = 1546.832 ; gain = 1234.379
---------------------------------------------------------------------------------
---------------------------------------------------------------------------------
Start Loading Part and Timing Information
---------------------------------------------------------------------------------
Loading part: xc7z020clg484-1
---------------------------------------------------------------------------------
Finished Loading Part and Timing Information : Time (s): cpu = 00:00:19 ; elapsed = 00:00:24 . Memory (MB): peak = 1546.832 ; gain = 1234.379
---------------------------------------------------------------------------------
---------------------------------------------------------------------------------
Start Applying 'set_property' XDC Constraints
---------------------------------------------------------------------------------
---------------------------------------------------------------------------------
Finished applying 'set_property' XDC Constraints : Time (s): cpu = 00:00:19 ; elapsed = 00:00:24 . Memory (MB): peak = 1546.832 ; gain = 1234.379
---------------------------------------------------------------------------------
INFO: [Synth 8-5818] HDL ADVISOR - The operator resource <adder> is shared. To prevent sharing consider applying a KEEP on the output of the operator [C:/Users/aamalik3/Desktop/ICAP_Readback/Benchmarks/RISC_RTL_Project/RISC_RTL_Project.srcs/sources_1/imports/AES_RISC/cv32e40x_core/cv32e40x_sequencer.sv:226]
INFO: [Synth 8-802] inferred FSM for state register 'seq_state_q_reg' in module 'cv32e40x_sequencer'
INFO: [Synth 8-5544] ROM "seq_move_s2a" won't be mapped to Block RAM because address size (2) smaller than threshold (5)
INFO: [Synth 8-5544] ROM "get_stack_adj_base" won't be mapped to Block RAM because address size (4) smaller than threshold (5)
INFO: [Synth 8-5544] ROM "seq_first_fsm" won't be mapped to Block RAM because address size (4) smaller than threshold (5)
INFO: [Synth 8-5544] ROM "seq_state_n" won't be mapped to Block RAM because address size (1) smaller than threshold (5)
INFO: [Synth 8-5544] ROM "seq_state_n" won't be mapped to Block RAM because address size (1) smaller than threshold (5)
INFO: [Synth 8-5544] ROM "resp_q_reg[0][bus_resp][rdata]" won't be mapped to Block RAM because address size (2) smaller than threshold (5)
INFO: [Synth 8-5544] ROM "resp_q_reg[0][bus_resp][err]" won't be mapped to Block RAM because address size (2) smaller than threshold (5)
INFO: [Synth 8-5544] ROM "resp_q_reg[1][bus_resp][rdata]" won't be mapped to Block RAM because address size (2) smaller than threshold (5)
INFO: [Synth 8-5544] ROM "resp_q_reg[1][bus_resp][err]" won't be mapped to Block RAM because address size (2) smaller than threshold (5)
INFO: [Synth 8-5544] ROM "resp_q_reg[2][bus_resp][rdata]" won't be mapped to Block RAM because address size (2) smaller than threshold (5)
INFO: [Synth 8-5544] ROM "resp_q_reg[2][bus_resp][err]" won't be mapped to Block RAM because address size (2) smaller than threshold (5)
INFO: [Synth 8-5544] ROM "aligned_n" won't be mapped to Block RAM because address size (2) smaller than threshold (5)
INFO: [Synth 8-5544] ROM "aligned_n" won't be mapped to Block RAM because address size (2) smaller than threshold (5)
INFO: [Synth 8-5544] ROM "n_incoming_ins" won't be mapped to Block RAM because address size (2) smaller than threshold (5)
INFO: [Synth 8-802] inferred FSM for state register 'state_q_reg' in module 'cv32e40x_mpu'
INFO: [Synth 8-5544] ROM "mpu_err_trans_valid" won't be mapped to Block RAM because address size (3) smaller than threshold (5)
INFO: [Synth 8-5544] ROM "mpu_block_core" won't be mapped to Block RAM because address size (3) smaller than threshold (5)
INFO: [Synth 8-5544] ROM "state_n0" won't be mapped to Block RAM because address size (1) smaller than threshold (5)
INFO: [Synth 8-5546] ROM "illegal_instr_o" won't be mapped to RAM because it is too sparse
INFO: [Synth 8-5546] ROM "illegal_instr_o" won't be mapped to RAM because it is too sparse
INFO: [Synth 8-5546] ROM "illegal_instr_o" won't be mapped to RAM because it is too sparse
INFO: [Synth 8-5818] HDL ADVISOR - The operator resource <adder> is shared. To prevent sharing consider applying a KEEP on the output of the operator [C:/Users/aamalik3/Desktop/ICAP_Readback/Benchmarks/RISC_RTL_Project/RISC_RTL_Project.srcs/sources_1/imports/AES_RISC/cv32e40x_core/cv32e40x_pc_target.sv:42]
INFO: [Synth 8-5546] ROM "decoder_ctrl_o" won't be mapped to RAM because it is too sparse
INFO: [Synth 8-5546] ROM "decoder_ctrl_o" won't be mapped to RAM because it is too sparse
INFO: [Synth 8-5546] ROM "decoder_ctrl_o" won't be mapped to RAM because it is too sparse
INFO: [Synth 8-5546] ROM "decoder_ctrl_o" won't be mapped to RAM because it is too sparse
INFO: [Synth 8-5546] ROM "decoder_ctrl_o" won't be mapped to RAM because it is too sparse
INFO: [Synth 8-5546] ROM "decoder_ctrl_o" won't be mapped to RAM because it is too sparse
INFO: [Synth 8-5546] ROM "decoder_ctrl_o" won't be mapped to RAM because it is too sparse
INFO: [Synth 8-5546] ROM "decoder_ctrl_o" won't be mapped to RAM because it is too sparse
INFO: [Synth 8-5546] ROM "decoder_ctrl_o" won't be mapped to RAM because it is too sparse
INFO: [Synth 8-5546] ROM "decoder_ctrl_o" won't be mapped to RAM because it is too sparse
INFO: [Synth 8-5546] ROM "decoder_ctrl_o" won't be mapped to RAM because it is too sparse
INFO: [Synth 8-5546] ROM "decoder_ctrl_o" won't be mapped to RAM because it is too sparse
INFO: [Synth 8-5546] ROM "decoder_ctrl_o" won't be mapped to RAM because it is too sparse
INFO: [Synth 8-5546] ROM "decoder_ctrl_o0" won't be mapped to RAM because it is too sparse
INFO: [Synth 8-5546] ROM "decoder_ctrl_o0" won't be mapped to RAM because it is too sparse
INFO: [Synth 8-5544] ROM "decoder_ctrl_o" won't be mapped to Block RAM because address size (3) smaller than threshold (5)
INFO: [Synth 8-5544] ROM "decoder_ctrl_o" won't be mapped to Block RAM because address size (3) smaller than threshold (5)
INFO: [Synth 8-5546] ROM "decoder_ctrl_o" won't be mapped to RAM because it is too sparse
INFO: [Synth 8-5546] ROM "decoder_ctrl_o" won't be mapped to RAM because it is too sparse
INFO: [Synth 8-5546] ROM "decoder_ctrl_o" won't be mapped to RAM because it is too sparse
INFO: [Synth 8-5544] ROM "decoder_ctrl_o" won't be mapped to Block RAM because address size (3) smaller than threshold (5)
INFO: [Synth 8-5544] ROM "decoder_ctrl_o" won't be mapped to Block RAM because address size (3) smaller than threshold (5)
INFO: [Synth 8-4471] merging register 'id_ex_pipe_o_reg[xif_meta][exception]' into 'id_ex_pipe_o_reg[xif_en]' [C:/Users/aamalik3/Desktop/ICAP_Readback/Benchmarks/RISC_RTL_Project/RISC_RTL_Project.srcs/sources_1/imports/AES_RISC/cv32e40x_core/cv32e40x_id_stage.sv:523]
INFO: [Synth 8-4471] merging register 'id_ex_pipe_o_reg[xif_meta][loadstore]' into 'id_ex_pipe_o_reg[xif_en]' [C:/Users/aamalik3/Desktop/ICAP_Readback/Benchmarks/RISC_RTL_Project/RISC_RTL_Project.srcs/sources_1/imports/AES_RISC/cv32e40x_core/cv32e40x_id_stage.sv:523]
INFO: [Synth 8-4471] merging register 'id_ex_pipe_o_reg[xif_meta][dualwrite]' into 'id_ex_pipe_o_reg[xif_en]' [C:/Users/aamalik3/Desktop/ICAP_Readback/Benchmarks/RISC_RTL_Project/RISC_RTL_Project.srcs/sources_1/imports/AES_RISC/cv32e40x_core/cv32e40x_id_stage.sv:523]
INFO: [Synth 8-4471] merging register 'id_ex_pipe_o_reg[xif_meta][accepted]' into 'id_ex_pipe_o_reg[xif_en]' [C:/Users/aamalik3/Desktop/ICAP_Readback/Benchmarks/RISC_RTL_Project/RISC_RTL_Project.srcs/sources_1/imports/AES_RISC/cv32e40x_core/cv32e40x_id_stage.sv:523]
WARNING: [Synth 8-6014] Unused sequential element id_ex_pipe_o_reg[xif_meta][exception] was removed.  [C:/Users/aamalik3/Desktop/ICAP_Readback/Benchmarks/RISC_RTL_Project/RISC_RTL_Project.srcs/sources_1/imports/AES_RISC/cv32e40x_core/cv32e40x_id_stage.sv:523]
WARNING: [Synth 8-6014] Unused sequential element id_ex_pipe_o_reg[xif_meta][loadstore] was removed.  [C:/Users/aamalik3/Desktop/ICAP_Readback/Benchmarks/RISC_RTL_Project/RISC_RTL_Project.srcs/sources_1/imports/AES_RISC/cv32e40x_core/cv32e40x_id_stage.sv:523]
WARNING: [Synth 8-6014] Unused sequential element id_ex_pipe_o_reg[xif_meta][dualwrite] was removed.  [C:/Users/aamalik3/Desktop/ICAP_Readback/Benchmarks/RISC_RTL_Project/RISC_RTL_Project.srcs/sources_1/imports/AES_RISC/cv32e40x_core/cv32e40x_id_stage.sv:523]
WARNING: [Synth 8-6014] Unused sequential element id_ex_pipe_o_reg[xif_meta][accepted] was removed.  [C:/Users/aamalik3/Desktop/ICAP_Readback/Benchmarks/RISC_RTL_Project/RISC_RTL_Project.srcs/sources_1/imports/AES_RISC/cv32e40x_core/cv32e40x_id_stage.sv:523]
INFO: [Synth 8-5818] HDL ADVISOR - The operator resource <adder> is shared. To prevent sharing consider applying a KEEP on the output of the operator [C:/Users/aamalik3/Desktop/ICAP_Readback/Benchmarks/RISC_RTL_Project/RISC_RTL_Project.srcs/sources_1/imports/AES_RISC/cv32e40x_core/cv32e40x_div.sv:171]
INFO: [Synth 8-802] inferred FSM for state register 'state_reg' in module 'cv32e40x_div'
INFO: [Synth 8-5544] ROM "quotient_en" won't be mapped to Block RAM because address size (2) smaller than threshold (5)
INFO: [Synth 8-5544] ROM "divisor_en" won't be mapped to Block RAM because address size (2) smaller than threshold (5)
INFO: [Synth 8-5544] ROM "init_en" won't be mapped to Block RAM because address size (2) smaller than threshold (5)
INFO: [Synth 8-5544] ROM "valid_o" won't be mapped to Block RAM because address size (2) smaller than threshold (5)
INFO: [Synth 8-5544] ROM "next_state" won't be mapped to Block RAM because address size (1) smaller than threshold (5)
INFO: [Synth 8-802] inferred FSM for state register 'state_q_reg' in module 'cv32e40x_wpt'
INFO: [Synth 8-5544] ROM "wpt_block_core" won't be mapped to Block RAM because address size (2) smaller than threshold (5)
INFO: [Synth 8-5544] ROM "wpt_trans_valid" won't be mapped to Block RAM because address size (2) smaller than threshold (5)
INFO: [Synth 8-5544] ROM "state_n0" won't be mapped to Block RAM because address size (1) smaller than threshold (5)
INFO: [Synth 8-802] inferred FSM for state register 'state_q_reg' in module 'cv32e40x_mpu__parameterized0'
INFO: [Synth 8-5544] ROM "mpu_err_trans_valid" won't be mapped to Block RAM because address size (3) smaller than threshold (5)
INFO: [Synth 8-5544] ROM "mpu_block_core" won't be mapped to Block RAM because address size (3) smaller than threshold (5)
INFO: [Synth 8-5544] ROM "state_n0" won't be mapped to Block RAM because address size (1) smaller than threshold (5)
INFO: [Synth 8-5544] ROM "state_n0" won't be mapped to Block RAM because address size (1) smaller than threshold (5)
INFO: [Synth 8-4471] merging register 'outstanding_q_reg[0][store]' into 'outstanding_q_reg[0][bufferable]' [C:/Users/aamalik3/Desktop/ICAP_Readback/Benchmarks/RISC_RTL_Project/RISC_RTL_Project.srcs/sources_1/imports/AES_RISC/cv32e40x_core/cv32e40x_lsu_response_filter.sv:149]
WARNING: [Synth 8-6014] Unused sequential element outstanding_q_reg[0][store] was removed.  [C:/Users/aamalik3/Desktop/ICAP_Readback/Benchmarks/RISC_RTL_Project/RISC_RTL_Project.srcs/sources_1/imports/AES_RISC/cv32e40x_core/cv32e40x_lsu_response_filter.sv:149]
INFO: [Synth 8-5544] ROM "lsu_split_0_o" won't be mapped to Block RAM because address size (2) smaller than threshold (5)
INFO: [Synth 8-5546] ROM "dcsr_we" won't be mapped to RAM because it is too sparse
INFO: [Synth 8-5546] ROM "dpc_we" won't be mapped to RAM because it is too sparse
INFO: [Synth 8-5546] ROM "jvt_we" won't be mapped to RAM because it is too sparse
INFO: [Synth 8-5546] ROM "mcause_we" won't be mapped to RAM because it is too sparse
INFO: [Synth 8-5546] ROM "mepc_we" won't be mapped to RAM because it is too sparse
INFO: [Synth 8-5546] ROM "mie_we" won't be mapped to RAM because it is too sparse
INFO: [Synth 8-5546] ROM "mstatus_we" won't be mapped to RAM because it is too sparse
INFO: [Synth 8-5546] ROM "csr_counter_read_o" won't be mapped to RAM because it is too sparse
INFO: [Synth 8-5546] ROM "mscratch_we" won't be mapped to RAM because it is too sparse
INFO: [Synth 8-5546] ROM "tselect_we" won't be mapped to RAM because it is too sparse
INFO: [Synth 8-5546] ROM "tinfo_we" won't be mapped to RAM because it is too sparse
INFO: [Synth 8-5546] ROM "tcontrol_we" won't be mapped to RAM because it is too sparse
INFO: [Synth 8-5546] ROM "dscratch0_we" won't be mapped to RAM because it is too sparse
INFO: [Synth 8-5546] ROM "dscratch1_we" won't be mapped to RAM because it is too sparse
INFO: [Synth 8-802] inferred FSM for state register 'ctrl_fsm_cs_reg' in module 'cv32e40x_controller_fsm'
INFO: [Synth 8-802] inferred FSM for state register 'debug_fsm_cs_reg' in module 'cv32e40x_controller_fsm'
INFO: [Synth 8-5544] ROM "ctrl_fsm_o[nmi_mtvec_index]" won't be mapped to Block RAM because address size (2) smaller than threshold (5)
INFO: [Synth 8-5544] ROM "exception_cause_wb4" won't be mapped to Block RAM because address size (2) smaller than threshold (5)
INFO: [Synth 8-5544] ROM "ctrl_fsm_o" won't be mapped to Block RAM because address size (2) smaller than threshold (5)
INFO: [Synth 8-5544] ROM "ctrl_fsm_ns" won't be mapped to Block RAM because address size (1) smaller than threshold (5)
INFO: [Synth 8-5544] ROM "debug_fsm_ns" won't be mapped to Block RAM because address size (1) smaller than threshold (5)
INFO: [Synth 8-5544] ROM "ctrl_fsm_o[nmi_mtvec_index]" won't be mapped to Block RAM because address size (2) smaller than threshold (5)
INFO: [Synth 8-5544] ROM "exception_cause_wb4" won't be mapped to Block RAM because address size (2) smaller than threshold (5)
INFO: [Synth 8-5544] ROM "ctrl_fsm_o" won't be mapped to Block RAM because address size (2) smaller than threshold (5)
INFO: [Synth 8-5544] ROM "ctrl_fsm_ns" won't be mapped to Block RAM because address size (1) smaller than threshold (5)
INFO: [Synth 8-5544] ROM "debug_fsm_ns" won't be mapped to Block RAM because address size (1) smaller than threshold (5)
INFO: [Synth 8-5544] ROM "ctrl_fsm_ns" won't be mapped to Block RAM because address size (1) smaller than threshold (5)
INFO: [Synth 8-5544] ROM "ctrl_fsm_o0" won't be mapped to Block RAM because address size (1) smaller than threshold (5)
INFO: [Synth 8-5544] ROM "ctrl_fsm_o" won't be mapped to Block RAM because address size (1) smaller than threshold (5)
INFO: [Synth 8-5544] ROM "ctrl_fsm_o1" won't be mapped to Block RAM because address size (1) smaller than threshold (5)
INFO: [Synth 8-5544] ROM "ctrl_fsm_o" won't be mapped to Block RAM because address size (1) smaller than threshold (5)
INFO: [Synth 8-5544] ROM "ctrl_fsm_o0" won't be mapped to Block RAM because address size (1) smaller than threshold (5)
INFO: [Synth 8-5544] ROM "debug_cause_n" won't be mapped to Block RAM because address size (1) smaller than threshold (5)
INFO: [Synth 8-5544] ROM "sync_debug_cause1" won't be mapped to Block RAM because address size (1) smaller than threshold (5)
---------------------------------------------------------------------------------------------------
                   State |                     New Encoding |                Previous Encoding 
---------------------------------------------------------------------------------------------------
                  S_IDLE |                              000 |                             0000
                   S_POP |                              001 |                             0010
                  S_PUSH |                              010 |                             0001
                    S_RA |                              011 |                             0100
                    S_SP |                              100 |                             0101
                    S_A0 |                              101 |                             0110
                   S_RET |                              110 |                             0111
                 S_DMOVE |                              111 |                             0011
---------------------------------------------------------------------------------------------------
INFO: [Synth 8-3354] encoded FSM with state register 'seq_state_q_reg' using encoding 'sequential' in module 'cv32e40x_sequencer'
---------------------------------------------------------------------------------------------------
                   State |                     New Encoding |                Previous Encoding 
---------------------------------------------------------------------------------------------------
                  iSTATE |                               00 |                              000
                 iSTATE2 |                               01 |                              010
                 iSTATE3 |                               10 |                              001
                 iSTATE1 |                               11 |                              011
---------------------------------------------------------------------------------------------------
INFO: [Synth 8-3354] encoded FSM with state register 'state_q_reg' using encoding 'sequential' in module 'cv32e40x_mpu'
---------------------------------------------------------------------------------------------------
                   State |                     New Encoding |                Previous Encoding 
---------------------------------------------------------------------------------------------------
                DIV_IDLE |                               00 |                               00
              DIV_DIVIDE |                               01 |                               01
               DIV_DUMMY |                               10 |                               10
              DIV_FINISH |                               11 |                               11
---------------------------------------------------------------------------------------------------
INFO: [Synth 8-3354] encoded FSM with state register 'state_reg' using encoding 'sequential' in module 'cv32e40x_div'
---------------------------------------------------------------------------------------------------
                   State |                     New Encoding |                Previous Encoding 
---------------------------------------------------------------------------------------------------
                WPT_IDLE |                               00 |                               00
          WPT_MATCH_WAIT |                               01 |                               01
          WPT_MATCH_RESP |                               10 |                               10
---------------------------------------------------------------------------------------------------
INFO: [Synth 8-3354] encoded FSM with state register 'state_q_reg' using encoding 'sequential' in module 'cv32e40x_wpt'
---------------------------------------------------------------------------------------------------
                   State |                     New Encoding |                Previous Encoding 
---------------------------------------------------------------------------------------------------
                  iSTATE |                              000 |                              000
                 iSTATE0 |                              001 |                              100
                 iSTATE2 |                              010 |                              010
                 iSTATE3 |                              011 |                              001
                 iSTATE1 |                              100 |                              011
---------------------------------------------------------------------------------------------------
INFO: [Synth 8-3354] encoded FSM with state register 'state_q_reg' using encoding 'sequential' in module 'cv32e40x_mpu__parameterized0'
---------------------------------------------------------------------------------------------------
                   State |                     New Encoding |                Previous Encoding 
---------------------------------------------------------------------------------------------------
                   RESET |                               00 |                               00
              FUNCTIONAL |                               01 |                               01
             DEBUG_TAKEN |                               10 |                               11
                   SLEEP |                               11 |                               10
---------------------------------------------------------------------------------------------------
INFO: [Synth 8-3354] encoded FSM with state register 'ctrl_fsm_cs_reg' using encoding 'sequential' in module 'cv32e40x_controller_fsm'
INFO: [Synth 8-3898] No Re-encoding of one hot register 'debug_fsm_cs_reg' in module 'fsm22033B9AE701'
---------------------------------------------------------------------------------
Finished RTL Optimization Phase 2 : Time (s): cpu = 00:00:25 ; elapsed = 00:00:30 . Memory (MB): peak = 1546.832 ; gain = 1234.379
---------------------------------------------------------------------------------

Report RTL Partitions: 
+-+--------------+------------+----------+
| |RTL Partition |Replication |Instances |
+-+--------------+------------+----------+
+-+--------------+------------+----------+
---------------------------------------------------------------------------------
Start RTL Component Statistics 
---------------------------------------------------------------------------------
Detailed RTL Component Info : 
+---Adders : 
	   2 Input     64 Bit       Adders := 2     
	   2 Input     34 Bit       Adders := 1     
	   2 Input     33 Bit       Adders := 1     
	   2 Input     32 Bit       Adders := 8     
	   2 Input     17 Bit       Adders := 2     
	   3 Input     12 Bit       Adders := 1     
	   2 Input      8 Bit       Adders := 1     
	   2 Input      6 Bit       Adders := 3     
	  32 Input      6 Bit       Adders := 1     
	   3 Input      5 Bit       Adders := 1     
	   2 Input      5 Bit       Adders := 1     
	   2 Input      4 Bit       Adders := 1     
	   3 Input      4 Bit       Adders := 2     
	   4 Input      3 Bit       Adders := 1     
	   2 Input      2 Bit       Adders := 10    
	   3 Input      2 Bit       Adders := 2     
+---XORs : 
	   2 Input     32 Bit         XORs := 3     
	   2 Input      1 Bit         XORs := 2     
+---Registers : 
	               64 Bit    Registers := 2     
	               33 Bit    Registers := 1     
	               32 Bit    Registers := 77    
	               16 Bit    Registers := 1     
	               12 Bit    Registers := 1     
	                8 Bit    Registers := 8     
	                6 Bit    Registers := 4     
	                5 Bit    Registers := 2     
	                4 Bit    Registers := 2     
	                3 Bit    Registers := 5     
	                2 Bit    Registers := 28    
	                1 Bit    Registers := 130   
+---Multipliers : 
	                32x32  Multipliers := 1     
+---RAMs : 
	            1024K Bit         RAMs := 4     
+---Muxes : 
	   2 Input     64 Bit        Muxes := 14    
	   2 Input     33 Bit        Muxes := 2     
	   4 Input     33 Bit        Muxes := 1     
	   2 Input     32 Bit        Muxes := 92    
	   8 Input     32 Bit        Muxes := 1     
	   4 Input     32 Bit        Muxes := 16    
	   3 Input     32 Bit        Muxes := 3     
	   6 Input     32 Bit        Muxes := 1     
	   5 Input     32 Bit        Muxes := 3     
	  20 Input     32 Bit        Muxes := 1     
	  29 Input     32 Bit        Muxes := 1     
	   2 Input     25 Bit        Muxes := 1     
	   4 Input     17 Bit        Muxes := 2     
	   3 Input     16 Bit        Muxes := 1     
	   2 Input     16 Bit        Muxes := 10    
	   2 Input     12 Bit        Muxes := 2     
	   3 Input     12 Bit        Muxes := 2     
	   5 Input     11 Bit        Muxes := 1     
	   2 Input     11 Bit        Muxes := 1     
	   3 Input     11 Bit        Muxes := 1     
	   4 Input     11 Bit        Muxes := 1     
	   2 Input     10 Bit        Muxes := 8     
	   4 Input     10 Bit        Muxes := 2     
	   2 Input      8 Bit        Muxes := 2     
	   3 Input      8 Bit        Muxes := 1     
	   5 Input      8 Bit        Muxes := 1     
	   5 Input      7 Bit        Muxes := 1     
	   5 Input      6 Bit        Muxes := 1     
	   2 Input      6 Bit        Muxes := 8     
	  19 Input      5 Bit        Muxes := 1     
	   2 Input      5 Bit        Muxes := 15    
	   8 Input      5 Bit        Muxes := 2     
	   7 Input      5 Bit        Muxes := 1     
	  10 Input      5 Bit        Muxes := 1     
	  12 Input      5 Bit        Muxes := 1     
	   6 Input      5 Bit        Muxes := 1     
	   9 Input      5 Bit        Muxes := 1     
	  23 Input      5 Bit        Muxes := 1     
	  39 Input      5 Bit        Muxes := 1     
	   2 Input      4 Bit        Muxes := 13    
	   9 Input      4 Bit        Muxes := 1     
	   4 Input      4 Bit        Muxes := 2     
	  10 Input      4 Bit        Muxes := 1     
	   8 Input      4 Bit        Muxes := 1     
	   2 Input      3 Bit        Muxes := 24    
	   4 Input      3 Bit        Muxes := 5     
	   3 Input      3 Bit        Muxes := 4     
	  18 Input      3 Bit        Muxes := 1     
	  12 Input      3 Bit        Muxes := 1     
	   5 Input      3 Bit        Muxes := 4     
	   4 Input      2 Bit        Muxes := 12    
	   2 Input      2 Bit        Muxes := 107   
	   3 Input      2 Bit        Muxes := 6     
	   5 Input      2 Bit        Muxes := 15    
	   8 Input      2 Bit        Muxes := 4     
	   7 Input      2 Bit        Muxes := 6     
	  10 Input      2 Bit        Muxes := 2     
	  12 Input      2 Bit        Muxes := 10    
	  11 Input      2 Bit        Muxes := 1     
	  14 Input      2 Bit        Muxes := 1     
	   2 Input      1 Bit        Muxes := 238   
	   5 Input      1 Bit        Muxes := 44    
	   3 Input      1 Bit        Muxes := 27    
	   8 Input      1 Bit        Muxes := 10    
	  14 Input      1 Bit        Muxes := 1     
	   7 Input      1 Bit        Muxes := 9     
	   4 Input      1 Bit        Muxes := 50    
	   6 Input      1 Bit        Muxes := 2     
	  10 Input      1 Bit        Muxes := 5     
	  11 Input      1 Bit        Muxes := 1     
	  12 Input      1 Bit        Muxes := 21    
	   9 Input      1 Bit        Muxes := 2     
	  39 Input      1 Bit        Muxes := 2     
	  28 Input      1 Bit        Muxes := 17    
---------------------------------------------------------------------------------
Finished RTL Component Statistics 
---------------------------------------------------------------------------------
---------------------------------------------------------------------------------
Start RTL Hierarchical Component Statistics 
---------------------------------------------------------------------------------
Hierarchical RTL Component report 
Module cv32e40x_int_controller 
Detailed RTL Component Info : 
+---Registers : 
	               32 Bit    Registers := 1     
+---Muxes : 
	  19 Input      5 Bit        Muxes := 1     
Module cv32e40x_sleep_unit 
Detailed RTL Component Info : 
+---Registers : 
	                1 Bit    Registers := 2     
Module cv32e40x_sequencer 
Detailed RTL Component Info : 
+---Adders : 
	   2 Input     32 Bit       Adders := 1     
	   3 Input     12 Bit       Adders := 1     
	   2 Input      8 Bit       Adders := 1     
	   3 Input      5 Bit       Adders := 1     
	   2 Input      5 Bit       Adders := 1     
	   2 Input      4 Bit       Adders := 1     
	   3 Input      4 Bit       Adders := 1     
+---Registers : 
	                4 Bit    Registers := 1     
+---Muxes : 
	   2 Input     32 Bit        Muxes := 13    
	   8 Input     32 Bit        Muxes := 1     
	   2 Input     12 Bit        Muxes := 2     
	   3 Input     12 Bit        Muxes := 2     
	   2 Input      8 Bit        Muxes := 1     
	   3 Input      8 Bit        Muxes := 1     
	   5 Input      7 Bit        Muxes := 1     
	   2 Input      5 Bit        Muxes := 6     
	   2 Input      4 Bit        Muxes := 2     
	   2 Input      3 Bit        Muxes := 3     
	   4 Input      3 Bit        Muxes := 1     
	   3 Input      3 Bit        Muxes := 1     
	  18 Input      3 Bit        Muxes := 1     
	   4 Input      2 Bit        Muxes := 1     
	   2 Input      2 Bit        Muxes := 1     
	   2 Input      1 Bit        Muxes := 29    
	   5 Input      1 Bit        Muxes := 6     
	   3 Input      1 Bit        Muxes := 3     
	   8 Input      1 Bit        Muxes := 4     
Module cv32e40x_prefetcher 
Detailed RTL Component Info : 
+---Adders : 
	   2 Input     32 Bit       Adders := 1     
+---Registers : 
	               32 Bit    Registers := 1     
	                2 Bit    Registers := 1     
	                1 Bit    Registers := 2     
+---Muxes : 
	   2 Input     32 Bit        Muxes := 6     
	   2 Input      2 Bit        Muxes := 3     
	   2 Input      1 Bit        Muxes := 4     
Module cv32e40x_alignment_buffer 
Detailed RTL Component Info : 
+---Adders : 
	   2 Input     32 Bit       Adders := 1     
	   3 Input      4 Bit       Adders := 1     
	   4 Input      3 Bit       Adders := 1     
	   2 Input      2 Bit       Adders := 8     
+---Registers : 
	               32 Bit    Registers := 4     
	                3 Bit    Registers := 2     
	                2 Bit    Registers := 7     
	                1 Bit    Registers := 10    
+---Muxes : 
	   2 Input     32 Bit        Muxes := 12    
	   4 Input     32 Bit        Muxes := 1     
	   3 Input     32 Bit        Muxes := 2     
	   3 Input     16 Bit        Muxes := 1     
	   2 Input      3 Bit        Muxes := 8     
	   2 Input      2 Bit        Muxes := 23    
	   4 Input      2 Bit        Muxes := 2     
	   3 Input      2 Bit        Muxes := 3     
	   2 Input      1 Bit        Muxes := 24    
	   3 Input      1 Bit        Muxes := 4     
Module cv32e40x_pma 
Detailed RTL Component Info : 
+---Muxes : 
	   2 Input      1 Bit        Muxes := 1     
Module cv32e40x_mpu 
Detailed RTL Component Info : 
+---Muxes : 
	   4 Input      2 Bit        Muxes := 2     
	   2 Input      2 Bit        Muxes := 1     
	   3 Input      1 Bit        Muxes := 4     
Module cv32e40x_instr_obi_interface 
Detailed RTL Component Info : 
+---Registers : 
	               32 Bit    Registers := 1     
	                3 Bit    Registers := 1     
	                2 Bit    Registers := 1     
	                1 Bit    Registers := 2     
+---Muxes : 
	   2 Input     32 Bit        Muxes := 2     
	   2 Input      3 Bit        Muxes := 2     
	   2 Input      2 Bit        Muxes := 2     
	   2 Input      1 Bit        Muxes := 4     
Module cv32e40x_compressed_decoder 
Detailed RTL Component Info : 
+---Muxes : 
	   2 Input     32 Bit        Muxes := 9     
	   4 Input     32 Bit        Muxes := 4     
	   6 Input     32 Bit        Muxes := 1     
	   3 Input     32 Bit        Muxes := 1     
	   5 Input      2 Bit        Muxes := 2     
	   2 Input      1 Bit        Muxes := 3     
	   5 Input      1 Bit        Muxes := 1     
	  14 Input      1 Bit        Muxes := 1     
	   7 Input      1 Bit        Muxes := 1     
	   4 Input      1 Bit        Muxes := 2     
	   6 Input      1 Bit        Muxes := 1     
Module cv32e40x_if_stage 
Detailed RTL Component Info : 
+---Registers : 
	               32 Bit    Registers := 4     
	               16 Bit    Registers := 1     
	                2 Bit    Registers := 2     
	                1 Bit    Registers := 12    
+---Muxes : 
	   2 Input     32 Bit        Muxes := 1     
	   2 Input      2 Bit        Muxes := 2     
	   2 Input      1 Bit        Muxes := 5     
Module cv32e40x_pc_target 
Detailed RTL Component Info : 
+---Adders : 
	   2 Input     32 Bit       Adders := 1     
+---Muxes : 
	   4 Input     32 Bit        Muxes := 2     
Module cv32e40x_m_decoder 
Detailed RTL Component Info : 
+---Muxes : 
	   2 Input      5 Bit        Muxes := 2     
	   8 Input      5 Bit        Muxes := 1     
	   2 Input      2 Bit        Muxes := 6     
	   8 Input      2 Bit        Muxes := 3     
	   2 Input      1 Bit        Muxes := 9     
	   8 Input      1 Bit        Muxes := 4     
Module cv32e40x_i_decoder 
Detailed RTL Component Info : 
+---Muxes : 
	   7 Input      5 Bit        Muxes := 1     
	  10 Input      5 Bit        Muxes := 1     
	  12 Input      5 Bit        Muxes := 1     
	   6 Input      5 Bit        Muxes := 1     
	  12 Input      3 Bit        Muxes := 1     
	   7 Input      2 Bit        Muxes := 5     
	  10 Input      2 Bit        Muxes := 2     
	  12 Input      2 Bit        Muxes := 10    
	   2 Input      2 Bit        Muxes := 15    
	   4 Input      2 Bit        Muxes := 1     
	   5 Input      2 Bit        Muxes := 2     
	  11 Input      2 Bit        Muxes := 1     
	   3 Input      2 Bit        Muxes := 1     
	   7 Input      1 Bit        Muxes := 8     
	  10 Input      1 Bit        Muxes := 2     
	  11 Input      1 Bit        Muxes := 1     
	  12 Input      1 Bit        Muxes := 21    
	   4 Input      1 Bit        Muxes := 2     
	   2 Input      1 Bit        Muxes := 21    
	   5 Input      1 Bit        Muxes := 1     
	   9 Input      1 Bit        Muxes := 2     
Module cv32e40x_decoder 
Detailed RTL Component Info : 
+---Muxes : 
	   5 Input      6 Bit        Muxes := 1     
	   2 Input      6 Bit        Muxes := 2     
	   5 Input      3 Bit        Muxes := 1     
	   2 Input      3 Bit        Muxes := 2     
	   5 Input      2 Bit        Muxes := 5     
	   2 Input      2 Bit        Muxes := 14    
	   2 Input      1 Bit        Muxes := 4     
	   5 Input      1 Bit        Muxes := 7     
Module cv32e40x_id_stage 
Detailed RTL Component Info : 
+---Registers : 
	               32 Bit    Registers := 8     
	                6 Bit    Registers := 2     
	                5 Bit    Registers := 1     
	                2 Bit    Registers := 6     
	                1 Bit    Registers := 33    
+---Muxes : 
	   4 Input     32 Bit        Muxes := 3     
	   2 Input     32 Bit        Muxes := 6     
	   2 Input      5 Bit        Muxes := 1     
	   2 Input      3 Bit        Muxes := 1     
	   2 Input      2 Bit        Muxes := 1     
	   2 Input      1 Bit        Muxes := 1     
Module cv32e40x_div 
Detailed RTL Component Info : 
+---Adders : 
	   2 Input     32 Bit       Adders := 1     
	   2 Input      6 Bit       Adders := 2     
+---XORs : 
	   2 Input      1 Bit         XORs := 2     
+---Registers : 
	               32 Bit    Registers := 2     
	                6 Bit    Registers := 1     
	                1 Bit    Registers := 3     
+---Muxes : 
	   2 Input     32 Bit        Muxes := 7     
	   2 Input      6 Bit        Muxes := 2     
	   7 Input      2 Bit        Muxes := 1     
	   2 Input      1 Bit        Muxes := 5     
	   4 Input      1 Bit        Muxes := 8     
Module cv32e40x_mult 
Detailed RTL Component Info : 
+---Adders : 
	   2 Input     34 Bit       Adders := 1     
+---Registers : 
	               33 Bit    Registers := 1     
	                2 Bit    Registers := 1     
+---Multipliers : 
	                32x32  Multipliers := 1     
+---Muxes : 
	   2 Input     33 Bit        Muxes := 2     
	   4 Input     33 Bit        Muxes := 1     
	   2 Input     32 Bit        Muxes := 2     
	   4 Input     17 Bit        Muxes := 2     
	   5 Input      2 Bit        Muxes := 1     
	   2 Input      1 Bit        Muxes := 2     
	   4 Input      1 Bit        Muxes := 4     
Module cv32e40x_ff_one 
Detailed RTL Component Info : 
+---Muxes : 
	   8 Input      5 Bit        Muxes := 1     
	   9 Input      5 Bit        Muxes := 1     
	   2 Input      5 Bit        Muxes := 1     
	   9 Input      4 Bit        Muxes := 1     
	   5 Input      3 Bit        Muxes := 1     
	   3 Input      2 Bit        Muxes := 1     
	   2 Input      1 Bit        Muxes := 1     
Module cv32e40x_alu_b_cpop 
Detailed RTL Component Info : 
+---Adders : 
	  32 Input      6 Bit       Adders := 1     
Module cv32e40x_alu 
Detailed RTL Component Info : 
+---Adders : 
	   2 Input     33 Bit       Adders := 1     
	   2 Input     32 Bit       Adders := 1     
	   2 Input      6 Bit       Adders := 1     
+---XORs : 
	   2 Input     32 Bit         XORs := 3     
+---Muxes : 
	   2 Input     64 Bit        Muxes := 5     
	   2 Input     32 Bit        Muxes := 8     
	   4 Input     32 Bit        Muxes := 2     
	   5 Input     32 Bit        Muxes := 1     
	  20 Input     32 Bit        Muxes := 1     
	   2 Input      6 Bit        Muxes := 3     
	  23 Input      5 Bit        Muxes := 1     
	   5 Input      3 Bit        Muxes := 1     
	   2 Input      3 Bit        Muxes := 1     
	   3 Input      3 Bit        Muxes := 1     
	   5 Input      2 Bit        Muxes := 1     
	   4 Input      1 Bit        Muxes := 1     
	   2 Input      1 Bit        Muxes := 1     
Module cv32e40x_ex_stage 
Detailed RTL Component Info : 
+---Registers : 
	               32 Bit    Registers := 5     
	               12 Bit    Registers := 1     
	                5 Bit    Registers := 1     
	                2 Bit    Registers := 3     
	                1 Bit    Registers := 33    
+---Muxes : 
	   2 Input      1 Bit        Muxes := 3     
Module cv32e40x_wpt 
Detailed RTL Component Info : 
+---Muxes : 
	   3 Input      2 Bit        Muxes := 1     
	   2 Input      2 Bit        Muxes := 1     
	   3 Input      1 Bit        Muxes := 5     
Module cv32e40x_mpu__parameterized0 
Detailed RTL Component Info : 
+---Muxes : 
	   4 Input      3 Bit        Muxes := 1     
	   2 Input      3 Bit        Muxes := 3     
	   4 Input      2 Bit        Muxes := 1     
	   3 Input      1 Bit        Muxes := 5     
Module cv32e40x_lsu_response_filter 
Detailed RTL Component Info : 
+---Adders : 
	   3 Input      2 Bit       Adders := 2     
+---Registers : 
	                2 Bit    Registers := 2     
	                1 Bit    Registers := 5     
+---Muxes : 
	   3 Input      1 Bit        Muxes := 3     
	   2 Input      1 Bit        Muxes := 1     
Module cv32e40x_write_buffer 
Detailed RTL Component Info : 
+---Registers : 
	               32 Bit    Registers := 2     
	                6 Bit    Registers := 1     
	                4 Bit    Registers := 1     
	                3 Bit    Registers := 1     
	                2 Bit    Registers := 1     
	                1 Bit    Registers := 3     
+---Muxes : 
	   2 Input     32 Bit        Muxes := 2     
	   2 Input      6 Bit        Muxes := 1     
	   2 Input      4 Bit        Muxes := 1     
	   2 Input      3 Bit        Muxes := 1     
	   2 Input      2 Bit        Muxes := 1     
	   2 Input      1 Bit        Muxes := 6     
Module cv32e40x_load_store_unit 
Detailed RTL Component Info : 
+---Adders : 
	   2 Input     32 Bit       Adders := 2     
	   2 Input      2 Bit       Adders := 2     
+---Registers : 
	               32 Bit    Registers := 1     
	                2 Bit    Registers := 3     
	                1 Bit    Registers := 4     
+---Muxes : 
	   2 Input     64 Bit        Muxes := 1     
	   2 Input     32 Bit        Muxes := 6     
	   4 Input     32 Bit        Muxes := 1     
	   2 Input      4 Bit        Muxes := 1     
	   4 Input      4 Bit        Muxes := 1     
	  10 Input      4 Bit        Muxes := 1     
	   4 Input      3 Bit        Muxes := 1     
	   4 Input      2 Bit        Muxes := 2     
	   2 Input      1 Bit        Muxes := 6     
	   4 Input      1 Bit        Muxes := 1     
	   3 Input      1 Bit        Muxes := 1     
Module cv32e40x_wb_stage 
Detailed RTL Component Info : 
+---Registers : 
	                2 Bit    Registers := 1     
	                1 Bit    Registers := 2     
+---Muxes : 
	   2 Input     32 Bit        Muxes := 3     
	   2 Input      2 Bit        Muxes := 4     
	   2 Input      1 Bit        Muxes := 4     
Module cv32e40x_csr 
Detailed RTL Component Info : 
+---Registers : 
	               32 Bit    Registers := 1     
Module cv32e40x_csr__parameterized0 
Detailed RTL Component Info : 
+---Registers : 
	               32 Bit    Registers := 1     
Module cv32e40x_csr__parameterized1 
Detailed RTL Component Info : 
+---Registers : 
	               32 Bit    Registers := 1     
Module cv32e40x_csr__parameterized2 
Detailed RTL Component Info : 
+---Registers : 
	               32 Bit    Registers := 1     
Module cv32e40x_csr__parameterized3 
Detailed RTL Component Info : 
+---Registers : 
	               32 Bit    Registers := 1     
Module cv32e40x_debug_triggers 
Detailed RTL Component Info : 
+---Muxes : 
	   2 Input     32 Bit        Muxes := 6     
	   4 Input     32 Bit        Muxes := 1     
	   2 Input      2 Bit        Muxes := 5     
	   3 Input      1 Bit        Muxes := 2     
	   2 Input      1 Bit        Muxes := 2     
Module cv32e40x_cs_registers 
Detailed RTL Component Info : 
+---Adders : 
	   2 Input     64 Bit       Adders := 2     
+---Registers : 
	               64 Bit    Registers := 2     
	               32 Bit    Registers := 1     
+---Muxes : 
	   2 Input     64 Bit        Muxes := 8     
	   4 Input     32 Bit        Muxes := 1     
	   2 Input     32 Bit        Muxes := 9     
	  29 Input     32 Bit        Muxes := 1     
	   5 Input     32 Bit        Muxes := 2     
	   2 Input     25 Bit        Muxes := 1     
	   2 Input     16 Bit        Muxes := 10    
	   5 Input     11 Bit        Muxes := 1     
	   2 Input     11 Bit        Muxes := 1     
	   5 Input      8 Bit        Muxes := 1     
	   2 Input      8 Bit        Muxes := 1     
	  39 Input      5 Bit        Muxes := 1     
	   5 Input      3 Bit        Muxes := 1     
	   2 Input      3 Bit        Muxes := 1     
	   2 Input      2 Bit        Muxes := 9     
	   5 Input      2 Bit        Muxes := 4     
	   4 Input      1 Bit        Muxes := 1     
	  39 Input      1 Bit        Muxes := 2     
	  28 Input      1 Bit        Muxes := 17    
	   5 Input      1 Bit        Muxes := 28    
	   2 Input      1 Bit        Muxes := 23    
Module cv32e40x_controller_fsm 
Detailed RTL Component Info : 
+---Registers : 
	                3 Bit    Registers := 1     
	                1 Bit    Registers := 15    
+---Muxes : 
	   4 Input     32 Bit        Muxes := 1     
	   3 Input     11 Bit        Muxes := 1     
	   4 Input     11 Bit        Muxes := 1     
	   2 Input     10 Bit        Muxes := 8     
	   4 Input     10 Bit        Muxes := 2     
	   2 Input      5 Bit        Muxes := 5     
	   2 Input      4 Bit        Muxes := 9     
	   8 Input      4 Bit        Muxes := 1     
	   4 Input      4 Bit        Muxes := 1     
	   3 Input      3 Bit        Muxes := 2     
	   2 Input      3 Bit        Muxes := 2     
	   4 Input      3 Bit        Muxes := 2     
	   2 Input      2 Bit        Muxes := 15    
	   8 Input      2 Bit        Muxes := 1     
	   4 Input      2 Bit        Muxes := 3     
	  14 Input      2 Bit        Muxes := 1     
	   2 Input      1 Bit        Muxes := 44    
	   8 Input      1 Bit        Muxes := 2     
	  10 Input      1 Bit        Muxes := 3     
	   6 Input      1 Bit        Muxes := 1     
	   4 Input      1 Bit        Muxes := 31    
Module cv32e40x_controller_bypass 
Detailed RTL Component Info : 
+---Muxes : 
	   2 Input      2 Bit        Muxes := 4     
Module cv32e40x_register_file 
Detailed RTL Component Info : 
+---Registers : 
	               32 Bit    Registers := 32    
+---Muxes : 
	   2 Input      1 Bit        Muxes := 31    
Module dp_ram_1 
Detailed RTL Component Info : 
+---Registers : 
	                8 Bit    Registers := 2     
+---RAMs : 
	            1024K Bit         RAMs := 1     
Module dp_ram_2 
Detailed RTL Component Info : 
+---Registers : 
	                8 Bit    Registers := 2     
+---RAMs : 
	            1024K Bit         RAMs := 1     
Module dp_ram_3 
Detailed RTL Component Info : 
+---Registers : 
	                8 Bit    Registers := 2     
+---RAMs : 
	            1024K Bit         RAMs := 1     
Module dp_ram_4 
Detailed RTL Component Info : 
+---Registers : 
	                8 Bit    Registers := 2     
+---RAMs : 
	            1024K Bit         RAMs := 1     
Module cv32e40x_wrapper 
Detailed RTL Component Info : 
+---Adders : 
	   2 Input     17 Bit       Adders := 2     
+---Registers : 
	               32 Bit    Registers := 1     
	                1 Bit    Registers := 4     
+---Muxes : 
	   2 Input      1 Bit        Muxes := 3     
	   5 Input      1 Bit        Muxes := 1     
---------------------------------------------------------------------------------
Finished RTL Hierarchical Component Statistics
---------------------------------------------------------------------------------
---------------------------------------------------------------------------------
Start Part Resource Summary
---------------------------------------------------------------------------------
Part Resources:
DSPs: 220 (col length:60)
BRAMs: 280 (col length: RAMB18 60 RAMB36 30)
---------------------------------------------------------------------------------
Finished Part Resource Summary
---------------------------------------------------------------------------------
---------------------------------------------------------------------------------
Start Cross Boundary and Area Optimization
---------------------------------------------------------------------------------
Warning: Parallel synthesis criteria is not met 
INFO: [Synth 8-5546] ROM "decoder_ctrl_o" won't be mapped to RAM because it is too sparse
INFO: [Synth 8-5845] Not enough pipeline registers after wide multiplier. Recommended levels of pipeline registers is 4 [C:/Users/aamalik3/Desktop/ICAP_Readback/Benchmarks/RISC_RTL_Project/RISC_RTL_Project.srcs/sources_1/imports/AES_RISC/cv32e40x_core/cv32e40x_mult.sv:196]
DSP Report: Generating DSP int_result, operation Mode is: A*B.
DSP Report: operator int_result is absorbed into DSP int_result.
DSP Report: operator int_result is absorbed into DSP int_result.
DSP Report: Generating DSP int_result, operation Mode is: (PCIN>>17)+A*B.
DSP Report: operator int_result is absorbed into DSP int_result.
DSP Report: operator int_result is absorbed into DSP int_result.
DSP Report: Generating DSP int_result, operation Mode is: A*B.
DSP Report: operator int_result is absorbed into DSP int_result.
DSP Report: operator int_result is absorbed into DSP int_result.
DSP Report: Generating DSP int_result, operation Mode is: (PCIN>>17)+A*B.
DSP Report: operator int_result is absorbed into DSP int_result.
DSP Report: operator int_result is absorbed into DSP int_result.
INFO: [Synth 8-5546] ROM "csr_counter_read_o" won't be mapped to RAM because it is too sparse
INFO: [Synth 8-5546] ROM "mstatus_we" won't be mapped to RAM because it is too sparse
INFO: [Synth 8-5546] ROM "mie_we" won't be mapped to RAM because it is too sparse
INFO: [Synth 8-5546] ROM "dcsr_we" won't be mapped to RAM because it is too sparse
INFO: [Synth 8-5546] ROM "dpc_we" won't be mapped to RAM because it is too sparse
INFO: [Synth 8-5546] ROM "jvt_we" won't be mapped to RAM because it is too sparse
INFO: [Synth 8-5546] ROM "mcause_we" won't be mapped to RAM because it is too sparse
INFO: [Synth 8-5546] ROM "mepc_we" won't be mapped to RAM because it is too sparse
INFO: [Synth 8-5546] ROM "mscratch_we" won't be mapped to RAM because it is too sparse
INFO: [Synth 8-5546] ROM "tselect_we" won't be mapped to RAM because it is too sparse
INFO: [Synth 8-5546] ROM "tinfo_we" won't be mapped to RAM because it is too sparse
INFO: [Synth 8-5546] ROM "tcontrol_we" won't be mapped to RAM because it is too sparse
INFO: [Synth 8-5546] ROM "dscratch0_we" won't be mapped to RAM because it is too sparse
INFO: [Synth 8-5546] ROM "dscratch1_we" won't be mapped to RAM because it is too sparse
WARNING: [Synth 8-6026] Ignoring keep related attribute (keep/mark_debug/dont_touch) applied on memory
WARNING: [Synth 8-6026] Ignoring keep related attribute (keep/mark_debug/dont_touch) applied on memory
WARNING: [Synth 8-6026] Ignoring keep related attribute (keep/mark_debug/dont_touch) applied on memory [C:/Users/aamalik3/Desktop/ICAP_Readback/Benchmarks/RISC_RTL_Project/RISC_RTL_Project.srcs/sources_1/imports/top/dp_ram_1.sv:24]
WARNING: [Synth 8-6026] Ignoring keep related attribute (keep/mark_debug/dont_touch) applied on memory
WARNING: [Synth 8-6026] Ignoring keep related attribute (keep/mark_debug/dont_touch) applied on memory
WARNING: [Synth 8-6026] Ignoring keep related attribute (keep/mark_debug/dont_touch) applied on memory
WARNING: [Synth 8-6014] Unused sequential element memory_reg was removed. 
INFO: [Synth 8-3333] propagating constant 0 across sequential element (cv32e40x_wrapper_i/cv32e40x_core_i/controller_i/controller_fsm_i/nmi_is_store_q_reg)
INFO: [Synth 8-3333] propagating constant 0 across sequential element (cv32e40x_wrapper_i/cv32e40x_core_i/load_store_unit_i/write_buffer_i/\trans_q_reg[be][3] )
INFO: [Synth 8-3333] propagating constant 0 across sequential element (cv32e40x_wrapper_i/cv32e40x_core_i/load_store_unit_i/write_buffer_i/\trans_q_reg[be][1] )
INFO: [Synth 8-3333] propagating constant 0 across sequential element (cv32e40x_wrapper_i/cv32e40x_core_i/load_store_unit_i/write_buffer_i/\trans_q_reg[be][2] )
INFO: [Synth 8-3333] propagating constant 0 across sequential element (cv32e40x_wrapper_i/cv32e40x_core_i/load_store_unit_i/write_buffer_i/\trans_q_reg[be][0] )
INFO: [Synth 8-3333] propagating constant 0 across sequential element (cv32e40x_wrapper_i/cv32e40x_core_i/if_stage_i/prefetch_unit_i/alignment_buffer_i/\addr_q_reg[0] )
INFO: [Synth 8-3333] propagating constant 0 across sequential element (cv32e40x_wrapper_i/cv32e40x_core_i/load_store_unit_i/write_buffer_i/\trans_q_reg[we] )
INFO: [Synth 8-3333] propagating constant 1 across sequential element (cv32e40x_wrapper_i/cv32e40x_core_i/cs_registers_i/\gen_debug_csr.dcsr_csr_i /\rdata_q_reg[30] )
INFO: [Synth 8-3333] propagating constant 0 across sequential element (cv32e40x_wrapper_i/cv32e40x_core_i/register_file_wrapper_i/register_file_i/\mem_reg[0][30] )
INFO: [Synth 8-3333] propagating constant 0 across sequential element (cv32e40x_wrapper_i/cv32e40x_core_i/cs_registers_i/\gen_debug_csr.dcsr_csr_i /\rdata_q_reg[31] )
INFO: [Synth 8-3333] propagating constant 0 across sequential element (cv32e40x_wrapper_i/cv32e40x_core_i/register_file_wrapper_i/register_file_i/\mem_reg[0][31] )
INFO: [Synth 8-3333] propagating constant 0 across sequential element (cv32e40x_wrapper_i/cv32e40x_core_i/cs_registers_i/\gen_debug_csr.dcsr_csr_i /\rdata_q_reg[29] )
INFO: [Synth 8-3333] propagating constant 0 across sequential element (cv32e40x_wrapper_i/cv32e40x_core_i/register_file_wrapper_i/register_file_i/\mem_reg[0][29] )
INFO: [Synth 8-3333] propagating constant 0 across sequential element (cv32e40x_wrapper_i/cv32e40x_core_i/cs_registers_i/\gen_debug_csr.dcsr_csr_i /\rdata_q_reg[28] )
INFO: [Synth 8-3333] propagating constant 0 across sequential element (cv32e40x_wrapper_i/cv32e40x_core_i/register_file_wrapper_i/register_file_i/\mem_reg[0][28] )
INFO: [Synth 8-3886] merging instance 'cv32e40x_wrapper_i/cv32e40x_core_i/cs_registers_i/gen_debug_csr.dcsr_csr_i/rdata_q_reg[27]' (FDCE) to 'cv32e40x_wrapper_i/cv32e40x_core_i/cs_registers_i/gen_debug_csr.dcsr_csr_i/rdata_q_reg[31]'
INFO: [Synth 8-3333] propagating constant 0 across sequential element (cv32e40x_wrapper_i/cv32e40x_core_i/register_file_wrapper_i/register_file_i/\mem_reg[0][27] )
INFO: [Synth 8-3886] merging instance 'cv32e40x_wrapper_i/cv32e40x_core_i/cs_registers_i/gen_debug_csr.dcsr_csr_i/rdata_q_reg[26]' (FDCE) to 'cv32e40x_wrapper_i/cv32e40x_core_i/cs_registers_i/gen_debug_csr.dcsr_csr_i/rdata_q_reg[31]'
INFO: [Synth 8-3333] propagating constant 0 across sequential element (cv32e40x_wrapper_i/cv32e40x_core_i/register_file_wrapper_i/register_file_i/\mem_reg[0][26] )
INFO: [Synth 8-3886] merging instance 'cv32e40x_wrapper_i/cv32e40x_core_i/cs_registers_i/gen_debug_csr.dcsr_csr_i/rdata_q_reg[25]' (FDCE) to 'cv32e40x_wrapper_i/cv32e40x_core_i/cs_registers_i/gen_debug_csr.dcsr_csr_i/rdata_q_reg[31]'
INFO: [Synth 8-3333] propagating constant 0 across sequential element (cv32e40x_wrapper_i/cv32e40x_core_i/register_file_wrapper_i/register_file_i/\mem_reg[0][25] )
INFO: [Synth 8-3886] merging instance 'cv32e40x_wrapper_i/cv32e40x_core_i/cs_registers_i/gen_debug_csr.dcsr_csr_i/rdata_q_reg[24]' (FDCE) to 'cv32e40x_wrapper_i/cv32e40x_core_i/cs_registers_i/gen_debug_csr.dcsr_csr_i/rdata_q_reg[31]'
INFO: [Synth 8-3333] propagating constant 0 across sequential element (cv32e40x_wrapper_i/cv32e40x_core_i/register_file_wrapper_i/register_file_i/\mem_reg[0][24] )
INFO: [Synth 8-3886] merging instance 'cv32e40x_wrapper_i/cv32e40x_core_i/cs_registers_i/gen_debug_csr.dcsr_csr_i/rdata_q_reg[23]' (FDCE) to 'cv32e40x_wrapper_i/cv32e40x_core_i/cs_registers_i/gen_debug_csr.dcsr_csr_i/rdata_q_reg[31]'
INFO: [Synth 8-3333] propagating constant 0 across sequential element (cv32e40x_wrapper_i/cv32e40x_core_i/register_file_wrapper_i/register_file_i/\mem_reg[0][23] )
INFO: [Synth 8-3886] merging instance 'cv32e40x_wrapper_i/cv32e40x_core_i/cs_registers_i/gen_debug_csr.dcsr_csr_i/rdata_q_reg[22]' (FDCE) to 'cv32e40x_wrapper_i/cv32e40x_core_i/cs_registers_i/gen_debug_csr.dcsr_csr_i/rdata_q_reg[31]'
INFO: [Synth 8-3333] propagating constant 0 across sequential element (cv32e40x_wrapper_i/cv32e40x_core_i/register_file_wrapper_i/register_file_i/\mem_reg[0][22] )
INFO: [Synth 8-3886] merging instance 'cv32e40x_wrapper_i/cv32e40x_core_i/cs_registers_i/gen_debug_csr.dcsr_csr_i/rdata_q_reg[21]' (FDCE) to 'cv32e40x_wrapper_i/cv32e40x_core_i/cs_registers_i/gen_debug_csr.dcsr_csr_i/rdata_q_reg[31]'
INFO: [Synth 8-3333] propagating constant 0 across sequential element (cv32e40x_wrapper_i/cv32e40x_core_i/register_file_wrapper_i/register_file_i/\mem_reg[0][21] )
INFO: [Synth 8-3886] merging instance 'cv32e40x_wrapper_i/cv32e40x_core_i/cs_registers_i/gen_debug_csr.dcsr_csr_i/rdata_q_reg[0]' (FDPE) to 'cv32e40x_wrapper_i/cv32e40x_core_i/cs_registers_i/gen_debug_csr.dcsr_csr_i/rdata_q_reg[30]'
INFO: [Synth 8-3333] propagating constant 0 across sequential element (cv32e40x_wrapper_i/cv32e40x_core_i/register_file_wrapper_i/register_file_i/\mem_reg[0][0] )
INFO: [Synth 8-3886] merging instance 'cv32e40x_wrapper_i/cv32e40x_core_i/cs_registers_i/gen_debug_csr.dcsr_csr_i/rdata_q_reg[1]' (FDPE) to 'cv32e40x_wrapper_i/cv32e40x_core_i/cs_registers_i/gen_debug_csr.dcsr_csr_i/rdata_q_reg[30]'
INFO: [Synth 8-3333] propagating constant 0 across sequential element (cv32e40x_wrapper_i/cv32e40x_core_i/register_file_wrapper_i/register_file_i/\mem_reg[0][1] )
INFO: [Synth 8-3333] propagating constant 0 across sequential element (cv32e40x_wrapper_i/cv32e40x_core_i/cs_registers_i/\basic_mode_csrs.mtvec_csr_i /\rdata_q_reg[2] )
INFO: [Synth 8-3333] propagating constant 0 across sequential element (cv32e40x_wrapper_i/cv32e40x_core_i/register_file_wrapper_i/register_file_i/\mem_reg[0][2] )
INFO: [Synth 8-3333] propagating constant 0 across sequential element (cv32e40x_wrapper_i/cv32e40x_core_i/cs_registers_i/\basic_mode_csrs.mtvec_csr_i /\rdata_q_reg[3] )
INFO: [Synth 8-3333] propagating constant 0 across sequential element (cv32e40x_wrapper_i/cv32e40x_core_i/register_file_wrapper_i/register_file_i/\mem_reg[0][3] )
INFO: [Synth 8-3333] propagating constant 1 across sequential element (cv32e40x_wrapper_i/cv32e40x_core_i/cs_registers_i/\gen_debug_csr.dcsr_csr_i /\rdata_q_reg[4] )
INFO: [Synth 8-3333] propagating constant 0 across sequential element (cv32e40x_wrapper_i/cv32e40x_core_i/cs_registers_i/\basic_mode_csrs.mtvec_csr_i /\rdata_q_reg[4] )
INFO: [Synth 8-3333] propagating constant 0 across sequential element (cv32e40x_wrapper_i/cv32e40x_core_i/register_file_wrapper_i/register_file_i/\mem_reg[0][4] )
INFO: [Synth 8-3886] merging instance 'cv32e40x_wrapper_i/cv32e40x_core_i/cs_registers_i/gen_debug_csr.dcsr_csr_i/rdata_q_reg[5]' (FDCE) to 'cv32e40x_wrapper_i/cv32e40x_core_i/cs_registers_i/gen_debug_csr.dcsr_csr_i/rdata_q_reg[31]'
INFO: [Synth 8-3333] propagating constant 0 across sequential element (cv32e40x_wrapper_i/cv32e40x_core_i/cs_registers_i/\basic_mode_csrs.mtvec_csr_i /\rdata_q_reg[5] )
INFO: [Synth 8-3333] propagating constant 0 across sequential element (cv32e40x_wrapper_i/cv32e40x_core_i/register_file_wrapper_i/register_file_i/\mem_reg[0][5] )
INFO: [Synth 8-3333] propagating constant 0 across sequential element (cv32e40x_wrapper_i/cv32e40x_core_i/cs_registers_i/\basic_mode_csrs.mtvec_csr_i /\rdata_q_reg[6] )
INFO: [Synth 8-3333] propagating constant 0 across sequential element (cv32e40x_wrapper_i/cv32e40x_core_i/register_file_wrapper_i/register_file_i/\mem_reg[0][6] )
INFO: [Synth 8-3333] propagating constant 0 across sequential element (cv32e40x_wrapper_i/cv32e40x_core_i/register_file_wrapper_i/register_file_i/\mem_reg[0][7] )
INFO: [Synth 8-3333] propagating constant 0 across sequential element (cv32e40x_wrapper_i/cv32e40x_core_i/register_file_wrapper_i/register_file_i/\mem_reg[0][8] )
INFO: [Synth 8-3886] merging instance 'cv32e40x_wrapper_i/cv32e40x_core_i/cs_registers_i/gen_debug_csr.dcsr_csr_i/rdata_q_reg[9]' (FDCE) to 'cv32e40x_wrapper_i/cv32e40x_core_i/cs_registers_i/gen_debug_csr.dcsr_csr_i/rdata_q_reg[31]'
INFO: [Synth 8-3333] propagating constant 0 across sequential element (cv32e40x_wrapper_i/cv32e40x_core_i/register_file_wrapper_i/register_file_i/\mem_reg[0][9] )
INFO: [Synth 8-3333] propagating constant 0 across sequential element (cv32e40x_wrapper_i/cv32e40x_core_i/register_file_wrapper_i/register_file_i/\mem_reg[0][10] )
INFO: [Synth 8-3333] propagating constant 0 across sequential element (cv32e40x_wrapper_i/cv32e40x_core_i/register_file_wrapper_i/register_file_i/\mem_reg[0][11] )
INFO: [Synth 8-3333] propagating constant 0 across sequential element (cv32e40x_wrapper_i/cv32e40x_core_i/register_file_wrapper_i/register_file_i/\mem_reg[0][12] )
INFO: [Synth 8-3886] merging instance 'cv32e40x_wrapper_i/cv32e40x_core_i/cs_registers_i/gen_debug_csr.dcsr_csr_i/rdata_q_reg[13]' (FDCE) to 'cv32e40x_wrapper_i/cv32e40x_core_i/cs_registers_i/gen_debug_csr.dcsr_csr_i/rdata_q_reg[31]'
INFO: [Synth 8-3333] propagating constant 0 across sequential element (cv32e40x_wrapper_i/cv32e40x_core_i/register_file_wrapper_i/register_file_i/\mem_reg[0][13] )
INFO: [Synth 8-3886] merging instance 'cv32e40x_wrapper_i/cv32e40x_core_i/cs_registers_i/gen_debug_csr.dcsr_csr_i/rdata_q_reg[14]' (FDCE) to 'cv32e40x_wrapper_i/cv32e40x_core_i/cs_registers_i/gen_debug_csr.dcsr_csr_i/rdata_q_reg[31]'
INFO: [Synth 8-3333] propagating constant 0 across sequential element (cv32e40x_wrapper_i/cv32e40x_core_i/register_file_wrapper_i/register_file_i/\mem_reg[0][14] )
INFO: [Synth 8-3333] propagating constant 0 across sequential element (cv32e40x_wrapper_i/cv32e40x_core_i/register_file_wrapper_i/register_file_i/\mem_reg[0][15] )
INFO: [Synth 8-3886] merging instance 'cv32e40x_wrapper_i/cv32e40x_core_i/cs_registers_i/gen_debug_csr.dcsr_csr_i/rdata_q_reg[16]' (FDCE) to 'cv32e40x_wrapper_i/cv32e40x_core_i/cs_registers_i/gen_debug_csr.dcsr_csr_i/rdata_q_reg[31]'
INFO: [Synth 8-3333] propagating constant 0 across sequential element (cv32e40x_wrapper_i/cv32e40x_core_i/register_file_wrapper_i/register_file_i/\mem_reg[0][16] )
INFO: [Synth 8-3886] merging instance 'cv32e40x_wrapper_i/cv32e40x_core_i/cs_registers_i/gen_debug_csr.dcsr_csr_i/rdata_q_reg[17]' (FDCE) to 'cv32e40x_wrapper_i/cv32e40x_core_i/cs_registers_i/gen_debug_csr.dcsr_csr_i/rdata_q_reg[31]'
INFO: [Synth 8-3333] propagating constant 0 across sequential element (cv32e40x_wrapper_i/cv32e40x_core_i/register_file_wrapper_i/register_file_i/\mem_reg[0][17] )
INFO: [Synth 8-3886] merging instance 'cv32e40x_wrapper_i/cv32e40x_core_i/cs_registers_i/gen_debug_csr.dcsr_csr_i/rdata_q_reg[18]' (FDCE) to 'cv32e40x_wrapper_i/cv32e40x_core_i/cs_registers_i/gen_debug_csr.dcsr_csr_i/rdata_q_reg[31]'
INFO: [Synth 8-3333] propagating constant 0 across sequential element (cv32e40x_wrapper_i/cv32e40x_core_i/register_file_wrapper_i/register_file_i/\mem_reg[0][18] )
INFO: [Synth 8-3886] merging instance 'cv32e40x_wrapper_i/cv32e40x_core_i/cs_registers_i/gen_debug_csr.dcsr_csr_i/rdata_q_reg[19]' (FDCE) to 'cv32e40x_wrapper_i/cv32e40x_core_i/cs_registers_i/gen_debug_csr.dcsr_csr_i/rdata_q_reg[31]'
INFO: [Synth 8-3333] propagating constant 0 across sequential element (cv32e40x_wrapper_i/cv32e40x_core_i/register_file_wrapper_i/register_file_i/\mem_reg[0][19] )
INFO: [Synth 8-3886] merging instance 'cv32e40x_wrapper_i/cv32e40x_core_i/cs_registers_i/gen_debug_csr.dcsr_csr_i/rdata_q_reg[20]' (FDCE) to 'cv32e40x_wrapper_i/cv32e40x_core_i/cs_registers_i/gen_debug_csr.dcsr_csr_i/rdata_q_reg[31]'
INFO: [Synth 8-3333] propagating constant 0 across sequential element (cv32e40x_wrapper_i/cv32e40x_core_i/register_file_wrapper_i/register_file_i/\mem_reg[0][20] )
INFO: [Synth 8-3333] propagating constant 0 across sequential element (cv32e40x_wrapper_i/cv32e40x_core_i/ex_stage_i/\ex_wb_pipe_o_reg[csr_mnxti_access] )
INFO: [Synth 8-3333] propagating constant 0 across sequential element (cv32e40x_wrapper_i/cv32e40x_core_i/controller_i/controller_fsm_i/clic_ptr_in_progress_id_reg)
INFO: [Synth 8-3333] propagating constant 0 across sequential element (cv32e40x_wrapper_i/cv32e40x_core_i/id_stage_i/\id_ex_pipe_o_reg[xif_en] )
INFO: [Synth 8-3333] propagating constant 0 across sequential element (cv32e40x_wrapper_i/cv32e40x_core_i/id_stage_i/\id_ex_pipe_o_reg[alu_operator][5] )
INFO: [Synth 8-3886] merging instance 'cv32e40x_wrapper_i/cv32e40x_core_i/load_store_unit_i/response_filter_i/outstanding_q_reg[1][bufferable]' (FDCE) to 'cv32e40x_wrapper_i/cv32e40x_core_i/load_store_unit_i/response_filter_i/outstanding_q_reg[0][bufferable]'
INFO: [Synth 8-3333] propagating constant 0 across sequential element (cv32e40x_wrapper_i/cv32e40x_core_i/load_store_unit_i/response_filter_i/\outstanding_q_reg[0][bufferable] )
INFO: [Synth 8-3886] merging instance 'cv32e40x_wrapper_i/cv32e40x_core_i/ex_stage_i/ex_wb_pipe_o_reg[xif_meta][accepted]' (FDCE) to 'cv32e40x_wrapper_i/cv32e40x_core_i/ex_stage_i/ex_wb_pipe_o_reg[xif_meta][exception]'
INFO: [Synth 8-3886] merging instance 'cv32e40x_wrapper_i/cv32e40x_core_i/ex_stage_i/ex_wb_pipe_o_reg[xif_meta][exception]' (FDCE) to 'cv32e40x_wrapper_i/cv32e40x_core_i/ex_stage_i/ex_wb_pipe_o_reg[xif_en]'
INFO: [Synth 8-3333] propagating constant 0 across sequential element (cv32e40x_wrapper_i/cv32e40x_core_i/controller_i/controller_fsm_i/nmi_pending_q_reg)
INFO: [Synth 8-3886] merging instance 'cv32e40x_wrapper_i/cv32e40x_core_i/controller_i/controller_fsm_i/woke_to_debug_q_reg' (FDC) to 'cv32e40x_wrapper_i/cv32e40x_core_i/controller_i/controller_fsm_i/woke_to_interrupt_q_reg'
INFO: [Synth 8-3886] merging instance 'cv32e40x_wrapper_i/cv32e40x_core_i/controller_i/controller_fsm_i/woke_to_interrupt_q_reg' (FDC) to 'cv32e40x_wrapper_i/cv32e40x_core_i/controller_i/controller_fsm_i/fencei_req_and_ack_q_reg'
INFO: [Synth 8-3886] merging instance 'cv32e40x_wrapper_i/cv32e40x_core_i/gen_basic_interrupt.int_controller_i/irq_q_reg[0]' (FDC) to 'cv32e40x_wrapper_i/cv32e40x_core_i/gen_basic_interrupt.int_controller_i/irq_q_reg[1]'
INFO: [Synth 8-3886] merging instance 'cv32e40x_wrapper_i/cv32e40x_core_i/gen_basic_interrupt.int_controller_i/irq_q_reg[1]' (FDC) to 'cv32e40x_wrapper_i/cv32e40x_core_i/gen_basic_interrupt.int_controller_i/irq_q_reg[2]'
INFO: [Synth 8-3886] merging instance 'cv32e40x_wrapper_i/cv32e40x_core_i/gen_basic_interrupt.int_controller_i/irq_q_reg[2]' (FDC) to 'cv32e40x_wrapper_i/cv32e40x_core_i/gen_basic_interrupt.int_controller_i/irq_q_reg[3]'
INFO: [Synth 8-3886] merging instance 'cv32e40x_wrapper_i/cv32e40x_core_i/gen_basic_interrupt.int_controller_i/irq_q_reg[3]' (FDC) to 'cv32e40x_wrapper_i/cv32e40x_core_i/gen_basic_interrupt.int_controller_i/irq_q_reg[4]'
INFO: [Synth 8-3886] merging instance 'cv32e40x_wrapper_i/cv32e40x_core_i/gen_basic_interrupt.int_controller_i/irq_q_reg[4]' (FDC) to 'cv32e40x_wrapper_i/cv32e40x_core_i/gen_basic_interrupt.int_controller_i/irq_q_reg[5]'
INFO: [Synth 8-3886] merging instance 'cv32e40x_wrapper_i/cv32e40x_core_i/gen_basic_interrupt.int_controller_i/irq_q_reg[5]' (FDC) to 'cv32e40x_wrapper_i/cv32e40x_core_i/gen_basic_interrupt.int_controller_i/irq_q_reg[6]'
INFO: [Synth 8-3886] merging instance 'cv32e40x_wrapper_i/cv32e40x_core_i/gen_basic_interrupt.int_controller_i/irq_q_reg[6]' (FDC) to 'cv32e40x_wrapper_i/cv32e40x_core_i/gen_basic_interrupt.int_controller_i/irq_q_reg[7]'
INFO: [Synth 8-3886] merging instance 'cv32e40x_wrapper_i/cv32e40x_core_i/gen_basic_interrupt.int_controller_i/irq_q_reg[7]' (FDC) to 'cv32e40x_wrapper_i/cv32e40x_core_i/gen_basic_interrupt.int_controller_i/irq_q_reg[8]'
INFO: [Synth 8-3886] merging instance 'cv32e40x_wrapper_i/cv32e40x_core_i/gen_basic_interrupt.int_controller_i/irq_q_reg[8]' (FDC) to 'cv32e40x_wrapper_i/cv32e40x_core_i/gen_basic_interrupt.int_controller_i/irq_q_reg[9]'
INFO: [Synth 8-3886] merging instance 'cv32e40x_wrapper_i/cv32e40x_core_i/gen_basic_interrupt.int_controller_i/irq_q_reg[9]' (FDC) to 'cv32e40x_wrapper_i/cv32e40x_core_i/gen_basic_interrupt.int_controller_i/irq_q_reg[10]'
INFO: [Synth 8-3886] merging instance 'cv32e40x_wrapper_i/cv32e40x_core_i/gen_basic_interrupt.int_controller_i/irq_q_reg[10]' (FDC) to 'cv32e40x_wrapper_i/cv32e40x_core_i/gen_basic_interrupt.int_controller_i/irq_q_reg[11]'
INFO: [Synth 8-3886] merging instance 'cv32e40x_wrapper_i/cv32e40x_core_i/gen_basic_interrupt.int_controller_i/irq_q_reg[11]' (FDC) to 'cv32e40x_wrapper_i/cv32e40x_core_i/gen_basic_interrupt.int_controller_i/irq_q_reg[12]'
INFO: [Synth 8-3886] merging instance 'cv32e40x_wrapper_i/cv32e40x_core_i/gen_basic_interrupt.int_controller_i/irq_q_reg[12]' (FDC) to 'cv32e40x_wrapper_i/cv32e40x_core_i/gen_basic_interrupt.int_controller_i/irq_q_reg[13]'
INFO: [Synth 8-3886] merging instance 'cv32e40x_wrapper_i/cv32e40x_core_i/gen_basic_interrupt.int_controller_i/irq_q_reg[13]' (FDC) to 'cv32e40x_wrapper_i/cv32e40x_core_i/gen_basic_interrupt.int_controller_i/irq_q_reg[14]'
INFO: [Synth 8-3886] merging instance 'cv32e40x_wrapper_i/cv32e40x_core_i/gen_basic_interrupt.int_controller_i/irq_q_reg[14]' (FDC) to 'cv32e40x_wrapper_i/cv32e40x_core_i/gen_basic_interrupt.int_controller_i/irq_q_reg[15]'
INFO: [Synth 8-3886] merging instance 'cv32e40x_wrapper_i/cv32e40x_core_i/gen_basic_interrupt.int_controller_i/irq_q_reg[15]' (FDC) to 'cv32e40x_wrapper_i/cv32e40x_core_i/gen_basic_interrupt.int_controller_i/irq_q_reg[16]'
INFO: [Synth 8-3886] merging instance 'cv32e40x_wrapper_i/cv32e40x_core_i/gen_basic_interrupt.int_controller_i/irq_q_reg[16]' (FDC) to 'cv32e40x_wrapper_i/cv32e40x_core_i/gen_basic_interrupt.int_controller_i/irq_q_reg[17]'
INFO: [Synth 8-3886] merging instance 'cv32e40x_wrapper_i/cv32e40x_core_i/gen_basic_interrupt.int_controller_i/irq_q_reg[17]' (FDC) to 'cv32e40x_wrapper_i/cv32e40x_core_i/gen_basic_interrupt.int_controller_i/irq_q_reg[18]'
INFO: [Synth 8-3886] merging instance 'cv32e40x_wrapper_i/cv32e40x_core_i/gen_basic_interrupt.int_controller_i/irq_q_reg[18]' (FDC) to 'cv32e40x_wrapper_i/cv32e40x_core_i/gen_basic_interrupt.int_controller_i/irq_q_reg[19]'
INFO: [Synth 8-3886] merging instance 'cv32e40x_wrapper_i/cv32e40x_core_i/gen_basic_interrupt.int_controller_i/irq_q_reg[19]' (FDC) to 'cv32e40x_wrapper_i/cv32e40x_core_i/gen_basic_interrupt.int_controller_i/irq_q_reg[20]'
INFO: [Synth 8-3886] merging instance 'cv32e40x_wrapper_i/cv32e40x_core_i/gen_basic_interrupt.int_controller_i/irq_q_reg[20]' (FDC) to 'cv32e40x_wrapper_i/cv32e40x_core_i/gen_basic_interrupt.int_controller_i/irq_q_reg[21]'
INFO: [Synth 8-3886] merging instance 'cv32e40x_wrapper_i/cv32e40x_core_i/gen_basic_interrupt.int_controller_i/irq_q_reg[21]' (FDC) to 'cv32e40x_wrapper_i/cv32e40x_core_i/gen_basic_interrupt.int_controller_i/irq_q_reg[22]'
INFO: [Synth 8-3886] merging instance 'cv32e40x_wrapper_i/cv32e40x_core_i/gen_basic_interrupt.int_controller_i/irq_q_reg[22]' (FDC) to 'cv32e40x_wrapper_i/cv32e40x_core_i/gen_basic_interrupt.int_controller_i/irq_q_reg[23]'
INFO: [Synth 8-3886] merging instance 'cv32e40x_wrapper_i/cv32e40x_core_i/gen_basic_interrupt.int_controller_i/irq_q_reg[23]' (FDC) to 'cv32e40x_wrapper_i/cv32e40x_core_i/gen_basic_interrupt.int_controller_i/irq_q_reg[24]'
INFO: [Synth 8-3886] merging instance 'cv32e40x_wrapper_i/cv32e40x_core_i/gen_basic_interrupt.int_controller_i/irq_q_reg[24]' (FDC) to 'cv32e40x_wrapper_i/cv32e40x_core_i/gen_basic_interrupt.int_controller_i/irq_q_reg[25]'
INFO: [Synth 8-3886] merging instance 'cv32e40x_wrapper_i/cv32e40x_core_i/gen_basic_interrupt.int_controller_i/irq_q_reg[25]' (FDC) to 'cv32e40x_wrapper_i/cv32e40x_core_i/gen_basic_interrupt.int_controller_i/irq_q_reg[26]'
INFO: [Synth 8-3886] merging instance 'cv32e40x_wrapper_i/cv32e40x_core_i/gen_basic_interrupt.int_controller_i/irq_q_reg[26]' (FDC) to 'cv32e40x_wrapper_i/cv32e40x_core_i/gen_basic_interrupt.int_controller_i/irq_q_reg[27]'
INFO: [Synth 8-3886] merging instance 'cv32e40x_wrapper_i/cv32e40x_core_i/gen_basic_interrupt.int_controller_i/irq_q_reg[27]' (FDC) to 'cv32e40x_wrapper_i/cv32e40x_core_i/gen_basic_interrupt.int_controller_i/irq_q_reg[28]'
INFO: [Synth 8-3886] merging instance 'cv32e40x_wrapper_i/cv32e40x_core_i/gen_basic_interrupt.int_controller_i/irq_q_reg[28]' (FDC) to 'cv32e40x_wrapper_i/cv32e40x_core_i/gen_basic_interrupt.int_controller_i/irq_q_reg[29]'
INFO: [Synth 8-3886] merging instance 'cv32e40x_wrapper_i/cv32e40x_core_i/gen_basic_interrupt.int_controller_i/irq_q_reg[29]' (FDC) to 'cv32e40x_wrapper_i/cv32e40x_core_i/gen_basic_interrupt.int_controller_i/irq_q_reg[30]'
INFO: [Synth 8-3886] merging instance 'cv32e40x_wrapper_i/cv32e40x_core_i/gen_basic_interrupt.int_controller_i/irq_q_reg[30]' (FDC) to 'cv32e40x_wrapper_i/cv32e40x_core_i/gen_basic_interrupt.int_controller_i/irq_q_reg[31]'
INFO: [Synth 8-3333] propagating constant 0 across sequential element (cv32e40x_wrapper_i/cv32e40x_core_i/\gen_basic_interrupt.int_controller_i /\irq_q_reg[31] )
INFO: [Synth 8-3333] propagating constant 0 across sequential element (cv32e40x_wrapper_i/cv32e40x_core_i/controller_i/controller_fsm_i/fencei_req_and_ack_q_reg)
INFO: [Synth 8-3333] propagating constant 0 across sequential element (cv32e40x_wrapper_i/cv32e40x_core_i/load_store_unit_i/write_buffer_i/\trans_q_reg[wdata][0] )
INFO: [Synth 8-3333] propagating constant 0 across sequential element (cv32e40x_wrapper_i/cv32e40x_core_i/load_store_unit_i/write_buffer_i/\trans_q_reg[wdata][1] )
INFO: [Synth 8-3333] propagating constant 0 across sequential element (cv32e40x_wrapper_i/cv32e40x_core_i/load_store_unit_i/write_buffer_i/\trans_q_reg[wdata][2] )
INFO: [Synth 8-3333] propagating constant 0 across sequential element (cv32e40x_wrapper_i/cv32e40x_core_i/load_store_unit_i/write_buffer_i/\trans_q_reg[wdata][3] )
INFO: [Synth 8-3333] propagating constant 0 across sequential element (cv32e40x_wrapper_i/cv32e40x_core_i/load_store_unit_i/write_buffer_i/\trans_q_reg[wdata][4] )
INFO: [Synth 8-3333] propagating constant 0 across sequential element (cv32e40x_wrapper_i/cv32e40x_core_i/load_store_unit_i/write_buffer_i/\trans_q_reg[wdata][5] )
INFO: [Synth 8-3333] propagating constant 0 across sequential element (cv32e40x_wrapper_i/cv32e40x_core_i/load_store_unit_i/write_buffer_i/\trans_q_reg[wdata][6] )
INFO: [Synth 8-3333] propagating constant 0 across sequential element (cv32e40x_wrapper_i/cv32e40x_core_i/load_store_unit_i/write_buffer_i/\trans_q_reg[wdata][7] )
INFO: [Synth 8-3333] propagating constant 0 across sequential element (cv32e40x_wrapper_i/cv32e40x_core_i/load_store_unit_i/write_buffer_i/\trans_q_reg[wdata][8] )
INFO: [Synth 8-3333] propagating constant 0 across sequential element (cv32e40x_wrapper_i/cv32e40x_core_i/load_store_unit_i/write_buffer_i/\trans_q_reg[wdata][9] )
INFO: [Synth 8-3333] propagating constant 0 across sequential element (cv32e40x_wrapper_i/cv32e40x_core_i/load_store_unit_i/write_buffer_i/\trans_q_reg[wdata][10] )
INFO: [Synth 8-3333] propagating constant 0 across sequential element (cv32e40x_wrapper_i/cv32e40x_core_i/load_store_unit_i/write_buffer_i/\trans_q_reg[wdata][11] )
INFO: [Synth 8-3333] propagating constant 0 across sequential element (cv32e40x_wrapper_i/cv32e40x_core_i/load_store_unit_i/write_buffer_i/\trans_q_reg[wdata][12] )
INFO: [Synth 8-3333] propagating constant 0 across sequential element (cv32e40x_wrapper_i/cv32e40x_core_i/load_store_unit_i/write_buffer_i/\trans_q_reg[wdata][13] )
INFO: [Synth 8-3333] propagating constant 0 across sequential element (cv32e40x_wrapper_i/cv32e40x_core_i/load_store_unit_i/write_buffer_i/\trans_q_reg[wdata][14] )
INFO: [Synth 8-3333] propagating constant 0 across sequential element (cv32e40x_wrapper_i/cv32e40x_core_i/load_store_unit_i/write_buffer_i/\trans_q_reg[wdata][15] )
INFO: [Synth 8-3333] propagating constant 0 across sequential element (cv32e40x_wrapper_i/cv32e40x_core_i/load_store_unit_i/write_buffer_i/\trans_q_reg[wdata][16] )
INFO: [Synth 8-3333] propagating constant 0 across sequential element (cv32e40x_wrapper_i/cv32e40x_core_i/load_store_unit_i/write_buffer_i/\trans_q_reg[wdata][17] )
INFO: [Synth 8-3333] propagating constant 0 across sequential element (cv32e40x_wrapper_i/cv32e40x_core_i/load_store_unit_i/write_buffer_i/\trans_q_reg[wdata][18] )
INFO: [Synth 8-3333] propagating constant 0 across sequential element (cv32e40x_wrapper_i/cv32e40x_core_i/load_store_unit_i/write_buffer_i/\trans_q_reg[wdata][19] )
INFO: [Synth 8-3333] propagating constant 0 across sequential element (cv32e40x_wrapper_i/cv32e40x_core_i/load_store_unit_i/write_buffer_i/\trans_q_reg[wdata][20] )
INFO: [Synth 8-3333] propagating constant 0 across sequential element (cv32e40x_wrapper_i/cv32e40x_core_i/load_store_unit_i/write_buffer_i/\trans_q_reg[wdata][21] )
INFO: [Synth 8-3333] propagating constant 0 across sequential element (cv32e40x_wrapper_i/cv32e40x_core_i/load_store_unit_i/write_buffer_i/\trans_q_reg[wdata][22] )
INFO: [Synth 8-3333] propagating constant 0 across sequential element (cv32e40x_wrapper_i/cv32e40x_core_i/load_store_unit_i/write_buffer_i/\trans_q_reg[wdata][23] )
INFO: [Synth 8-3333] propagating constant 0 across sequential element (cv32e40x_wrapper_i/cv32e40x_core_i/load_store_unit_i/write_buffer_i/\trans_q_reg[wdata][24] )
INFO: [Synth 8-3333] propagating constant 0 across sequential element (cv32e40x_wrapper_i/cv32e40x_core_i/load_store_unit_i/write_buffer_i/\trans_q_reg[wdata][25] )
INFO: [Synth 8-3333] propagating constant 0 across sequential element (cv32e40x_wrapper_i/cv32e40x_core_i/load_store_unit_i/write_buffer_i/\trans_q_reg[wdata][26] )
INFO: [Synth 8-3333] propagating constant 0 across sequential element (cv32e40x_wrapper_i/cv32e40x_core_i/load_store_unit_i/write_buffer_i/\trans_q_reg[wdata][27] )
INFO: [Synth 8-3333] propagating constant 0 across sequential element (cv32e40x_wrapper_i/cv32e40x_core_i/load_store_unit_i/write_buffer_i/\trans_q_reg[wdata][28] )
INFO: [Synth 8-3333] propagating constant 0 across sequential element (cv32e40x_wrapper_i/cv32e40x_core_i/load_store_unit_i/write_buffer_i/\trans_q_reg[wdata][29] )
INFO: [Synth 8-3333] propagating constant 0 across sequential element (cv32e40x_wrapper_i/cv32e40x_core_i/load_store_unit_i/write_buffer_i/\trans_q_reg[wdata][30] )
INFO: [Synth 8-3333] propagating constant 0 across sequential element (cv32e40x_wrapper_i/cv32e40x_core_i/load_store_unit_i/write_buffer_i/\trans_q_reg[wdata][31] )
INFO: [Synth 8-3333] propagating constant 0 across sequential element (cv32e40x_wrapper_i/cv32e40x_core_i/load_store_unit_i/write_buffer_i/\trans_q_reg[addr][30] )
INFO: [Synth 8-3333] propagating constant 0 across sequential element (cv32e40x_wrapper_i/cv32e40x_core_i/load_store_unit_i/write_buffer_i/\trans_q_reg[addr][31] )
INFO: [Synth 8-3333] propagating constant 0 across sequential element (cv32e40x_wrapper_i/cv32e40x_core_i/load_store_unit_i/write_buffer_i/\trans_q_reg[addr][29] )
INFO: [Synth 8-3333] propagating constant 0 across sequential element (cv32e40x_wrapper_i/cv32e40x_core_i/load_store_unit_i/write_buffer_i/\trans_q_reg[addr][28] )
INFO: [Synth 8-3333] propagating constant 0 across sequential element (cv32e40x_wrapper_i/cv32e40x_core_i/load_store_unit_i/write_buffer_i/\trans_q_reg[addr][27] )
INFO: [Synth 8-3333] propagating constant 0 across sequential element (cv32e40x_wrapper_i/cv32e40x_core_i/load_store_unit_i/write_buffer_i/\trans_q_reg[addr][26] )
INFO: [Synth 8-3333] propagating constant 0 across sequential element (cv32e40x_wrapper_i/cv32e40x_core_i/load_store_unit_i/write_buffer_i/\trans_q_reg[addr][25] )
INFO: [Synth 8-3333] propagating constant 0 across sequential element (cv32e40x_wrapper_i/cv32e40x_core_i/load_store_unit_i/write_buffer_i/\trans_q_reg[addr][24] )
INFO: [Synth 8-3333] propagating constant 0 across sequential element (cv32e40x_wrapper_i/cv32e40x_core_i/load_store_unit_i/write_buffer_i/\trans_q_reg[addr][23] )
INFO: [Synth 8-3333] propagating constant 0 across sequential element (cv32e40x_wrapper_i/cv32e40x_core_i/load_store_unit_i/write_buffer_i/\trans_q_reg[addr][22] )
INFO: [Synth 8-3333] propagating constant 0 across sequential element (cv32e40x_wrapper_i/cv32e40x_core_i/load_store_unit_i/write_buffer_i/\trans_q_reg[addr][6] )
INFO: [Common 17-14] Message 'Synth 8-3333' appears 100 times and further instances of the messages will be disabled. Use the Tcl command set_msg_config to change the current settings.
INFO: [Synth 8-3886] merging instance 'cv32e40x_wrapper_i/cv32e40x_core_i/id_stage_i/id_ex_pipe_o_reg[xif_en]' (FDCE) to 'cv32e40x_wrapper_i/cv32e40x_core_i/id_stage_i/id_ex_pipe_o_reg[pc][0]'
INFO: [Synth 8-3886] merging instance 'cv32e40x_wrapper_i/cv32e40x_core_i/cs_registers_i/gen_debug_csr.dcsr_csr_i/rdata_q_reg[4]' (FDPE) to 'cv32e40x_wrapper_i/cv32e40x_core_i/cs_registers_i/gen_debug_csr.dcsr_csr_i/rdata_q_reg[30]'
INFO: [Synth 8-3886] merging instance 'cv32e40x_wrapper_i/cv32e40x_core_i/cs_registers_i/gen_debug_csr.dcsr_csr_i/rdata_q_reg[29]' (FDCE) to 'cv32e40x_wrapper_i/cv32e40x_core_i/cs_registers_i/gen_debug_csr.dcsr_csr_i/rdata_q_reg[31]'
INFO: [Synth 8-3886] merging instance 'cv32e40x_wrapper_i/cv32e40x_core_i/cs_registers_i/gen_debug_csr.dcsr_csr_i/rdata_q_reg[28]' (FDCE) to 'cv32e40x_wrapper_i/cv32e40x_core_i/cs_registers_i/gen_debug_csr.dcsr_csr_i/rdata_q_reg[31]'
INFO: [Synth 8-3886] merging instance 'cv32e40x_wrapper_i/cv32e40x_core_i/cs_registers_i/gen_debug_csr.dcsr_csr_i/rdata_q_reg[12]' (FDCE) to 'cv32e40x_wrapper_i/cv32e40x_core_i/cs_registers_i/gen_debug_csr.dcsr_csr_i/rdata_q_reg[31]'
WARNING: [Synth 8-3332] Sequential element (irq_q_reg[31]) is unused and will be removed from module cv32e40x_int_controller.
WARNING: [Synth 8-3332] Sequential element (core_busy_q_reg) is unused and will be removed from module cv32e40x_sleep_unit.
WARNING: [Synth 8-3332] Sequential element (trans_addr_q_reg[31]) is unused and will be removed from module cv32e40x_prefetcher.
WARNING: [Synth 8-3332] Sequential element (trans_addr_q_reg[30]) is unused and will be removed from module cv32e40x_prefetcher.
WARNING: [Synth 8-3332] Sequential element (trans_addr_q_reg[29]) is unused and will be removed from module cv32e40x_prefetcher.
WARNING: [Synth 8-3332] Sequential element (trans_addr_q_reg[28]) is unused and will be removed from module cv32e40x_prefetcher.
WARNING: [Synth 8-3332] Sequential element (trans_addr_q_reg[27]) is unused and will be removed from module cv32e40x_prefetcher.
WARNING: [Synth 8-3332] Sequential element (trans_addr_q_reg[26]) is unused and will be removed from module cv32e40x_prefetcher.
WARNING: [Synth 8-3332] Sequential element (trans_addr_q_reg[25]) is unused and will be removed from module cv32e40x_prefetcher.
WARNING: [Synth 8-3332] Sequential element (trans_addr_q_reg[24]) is unused and will be removed from module cv32e40x_prefetcher.
WARNING: [Synth 8-3332] Sequential element (trans_addr_q_reg[23]) is unused and will be removed from module cv32e40x_prefetcher.
WARNING: [Synth 8-3332] Sequential element (trans_addr_q_reg[22]) is unused and will be removed from module cv32e40x_prefetcher.
WARNING: [Synth 8-3332] Sequential element (trans_addr_q_reg[21]) is unused and will be removed from module cv32e40x_prefetcher.
WARNING: [Synth 8-3332] Sequential element (trans_addr_q_reg[20]) is unused and will be removed from module cv32e40x_prefetcher.
WARNING: [Synth 8-3332] Sequential element (trans_addr_q_reg[19]) is unused and will be removed from module cv32e40x_prefetcher.
WARNING: [Synth 8-3332] Sequential element (trans_addr_q_reg[18]) is unused and will be removed from module cv32e40x_prefetcher.
WARNING: [Synth 8-3332] Sequential element (trans_addr_q_reg[17]) is unused and will be removed from module cv32e40x_prefetcher.
WARNING: [Synth 8-3332] Sequential element (trans_addr_q_reg[0]) is unused and will be removed from module cv32e40x_prefetcher.
WARNING: [Synth 8-3332] Sequential element (addr_q_reg[0]) is unused and will be removed from module cv32e40x_alignment_buffer.
WARNING: [Synth 8-3332] Sequential element (state_q_reg) is unused and will be removed from module cv32e40x_instr_obi_interface.
WARNING: [Synth 8-3332] Sequential element (obi_a_req_q_reg[addr][31]) is unused and will be removed from module cv32e40x_instr_obi_interface.
WARNING: [Synth 8-3332] Sequential element (obi_a_req_q_reg[addr][30]) is unused and will be removed from module cv32e40x_instr_obi_interface.
WARNING: [Synth 8-3332] Sequential element (obi_a_req_q_reg[addr][29]) is unused and will be removed from module cv32e40x_instr_obi_interface.
WARNING: [Synth 8-3332] Sequential element (obi_a_req_q_reg[addr][28]) is unused and will be removed from module cv32e40x_instr_obi_interface.
WARNING: [Synth 8-3332] Sequential element (obi_a_req_q_reg[addr][27]) is unused and will be removed from module cv32e40x_instr_obi_interface.
WARNING: [Synth 8-3332] Sequential element (obi_a_req_q_reg[addr][26]) is unused and will be removed from module cv32e40x_instr_obi_interface.
WARNING: [Synth 8-3332] Sequential element (obi_a_req_q_reg[addr][25]) is unused and will be removed from module cv32e40x_instr_obi_interface.
WARNING: [Synth 8-3332] Sequential element (obi_a_req_q_reg[addr][24]) is unused and will be removed from module cv32e40x_instr_obi_interface.
WARNING: [Synth 8-3332] Sequential element (obi_a_req_q_reg[addr][23]) is unused and will be removed from module cv32e40x_instr_obi_interface.
WARNING: [Synth 8-3332] Sequential element (obi_a_req_q_reg[addr][22]) is unused and will be removed from module cv32e40x_instr_obi_interface.
WARNING: [Synth 8-3332] Sequential element (obi_a_req_q_reg[addr][21]) is unused and will be removed from module cv32e40x_instr_obi_interface.
WARNING: [Synth 8-3332] Sequential element (obi_a_req_q_reg[addr][20]) is unused and will be removed from module cv32e40x_instr_obi_interface.
WARNING: [Synth 8-3332] Sequential element (obi_a_req_q_reg[addr][19]) is unused and will be removed from module cv32e40x_instr_obi_interface.
WARNING: [Synth 8-3332] Sequential element (obi_a_req_q_reg[addr][18]) is unused and will be removed from module cv32e40x_instr_obi_interface.
WARNING: [Synth 8-3332] Sequential element (obi_a_req_q_reg[addr][17]) is unused and will be removed from module cv32e40x_instr_obi_interface.
WARNING: [Synth 8-3332] Sequential element (obi_a_req_q_reg[addr][16]) is unused and will be removed from module cv32e40x_instr_obi_interface.
WARNING: [Synth 8-3332] Sequential element (obi_a_req_q_reg[addr][15]) is unused and will be removed from module cv32e40x_instr_obi_interface.
WARNING: [Synth 8-3332] Sequential element (obi_a_req_q_reg[addr][14]) is unused and will be removed from module cv32e40x_instr_obi_interface.
WARNING: [Synth 8-3332] Sequential element (obi_a_req_q_reg[addr][13]) is unused and will be removed from module cv32e40x_instr_obi_interface.
WARNING: [Synth 8-3332] Sequential element (obi_a_req_q_reg[addr][12]) is unused and will be removed from module cv32e40x_instr_obi_interface.
WARNING: [Synth 8-3332] Sequential element (obi_a_req_q_reg[addr][11]) is unused and will be removed from module cv32e40x_instr_obi_interface.
WARNING: [Synth 8-3332] Sequential element (obi_a_req_q_reg[addr][10]) is unused and will be removed from module cv32e40x_instr_obi_interface.
WARNING: [Synth 8-3332] Sequential element (obi_a_req_q_reg[addr][9]) is unused and will be removed from module cv32e40x_instr_obi_interface.
WARNING: [Synth 8-3332] Sequential element (obi_a_req_q_reg[addr][8]) is unused and will be removed from module cv32e40x_instr_obi_interface.
WARNING: [Synth 8-3332] Sequential element (obi_a_req_q_reg[addr][7]) is unused and will be removed from module cv32e40x_instr_obi_interface.
WARNING: [Synth 8-3332] Sequential element (obi_a_req_q_reg[addr][6]) is unused and will be removed from module cv32e40x_instr_obi_interface.
WARNING: [Synth 8-3332] Sequential element (obi_a_req_q_reg[addr][5]) is unused and will be removed from module cv32e40x_instr_obi_interface.
WARNING: [Synth 8-3332] Sequential element (obi_a_req_q_reg[addr][4]) is unused and will be removed from module cv32e40x_instr_obi_interface.
WARNING: [Synth 8-3332] Sequential element (obi_a_req_q_reg[addr][3]) is unused and will be removed from module cv32e40x_instr_obi_interface.
WARNING: [Synth 8-3332] Sequential element (obi_a_req_q_reg[addr][2]) is unused and will be removed from module cv32e40x_instr_obi_interface.
WARNING: [Synth 8-3332] Sequential element (obi_a_req_q_reg[addr][1]) is unused and will be removed from module cv32e40x_instr_obi_interface.
WARNING: [Synth 8-3332] Sequential element (obi_a_req_q_reg[addr][0]) is unused and will be removed from module cv32e40x_instr_obi_interface.
WARNING: [Synth 8-3332] Sequential element (obi_a_req_q_reg[memtype][1]) is unused and will be removed from module cv32e40x_instr_obi_interface.
WARNING: [Synth 8-3332] Sequential element (obi_a_req_q_reg[memtype][0]) is unused and will be removed from module cv32e40x_instr_obi_interface.
WARNING: [Synth 8-3332] Sequential element (obi_a_req_q_reg[prot][2]) is unused and will be removed from module cv32e40x_instr_obi_interface.
WARNING: [Synth 8-3332] Sequential element (obi_a_req_q_reg[prot][1]) is unused and will be removed from module cv32e40x_instr_obi_interface.
WARNING: [Synth 8-3332] Sequential element (obi_a_req_q_reg[prot][0]) is unused and will be removed from module cv32e40x_instr_obi_interface.
WARNING: [Synth 8-3332] Sequential element (obi_a_req_q_reg[dbg]) is unused and will be removed from module cv32e40x_instr_obi_interface.
WARNING: [Synth 8-3332] Sequential element (if_id_pipe_o_reg[instr_meta][pushpop]) is unused and will be removed from module cv32e40x_if_stage.
WARNING: [Synth 8-3332] Sequential element (if_id_pipe_o_reg[pc][0]) is unused and will be removed from module cv32e40x_if_stage.
WARNING: [Synth 8-3332] Sequential element (if_id_pipe_o_reg[compressed_instr][15]) is unused and will be removed from module cv32e40x_if_stage.
WARNING: [Synth 8-3332] Sequential element (if_id_pipe_o_reg[compressed_instr][14]) is unused and will be removed from module cv32e40x_if_stage.
WARNING: [Synth 8-3332] Sequential element (if_id_pipe_o_reg[compressed_instr][13]) is unused and will be removed from module cv32e40x_if_stage.
WARNING: [Synth 8-3332] Sequential element (if_id_pipe_o_reg[compressed_instr][12]) is unused and will be removed from module cv32e40x_if_stage.
WARNING: [Synth 8-3332] Sequential element (if_id_pipe_o_reg[compressed_instr][11]) is unused and will be removed from module cv32e40x_if_stage.
WARNING: [Synth 8-3332] Sequential element (if_id_pipe_o_reg[compressed_instr][10]) is unused and will be removed from module cv32e40x_if_stage.
WARNING: [Synth 8-3332] Sequential element (if_id_pipe_o_reg[compressed_instr][9]) is unused and will be removed from module cv32e40x_if_stage.
WARNING: [Synth 8-3332] Sequential element (if_id_pipe_o_reg[compressed_instr][8]) is unused and will be removed from module cv32e40x_if_stage.
WARNING: [Synth 8-3332] Sequential element (if_id_pipe_o_reg[compressed_instr][7]) is unused and will be removed from module cv32e40x_if_stage.
WARNING: [Synth 8-3332] Sequential element (if_id_pipe_o_reg[compressed_instr][6]) is unused and will be removed from module cv32e40x_if_stage.
WARNING: [Synth 8-3332] Sequential element (if_id_pipe_o_reg[compressed_instr][5]) is unused and will be removed from module cv32e40x_if_stage.
WARNING: [Synth 8-3332] Sequential element (if_id_pipe_o_reg[compressed_instr][4]) is unused and will be removed from module cv32e40x_if_stage.
WARNING: [Synth 8-3332] Sequential element (if_id_pipe_o_reg[compressed_instr][3]) is unused and will be removed from module cv32e40x_if_stage.
WARNING: [Synth 8-3332] Sequential element (if_id_pipe_o_reg[compressed_instr][2]) is unused and will be removed from module cv32e40x_if_stage.
WARNING: [Synth 8-3332] Sequential element (if_id_pipe_o_reg[compressed_instr][1]) is unused and will be removed from module cv32e40x_if_stage.
WARNING: [Synth 8-3332] Sequential element (if_id_pipe_o_reg[compressed_instr][0]) is unused and will be removed from module cv32e40x_if_stage.
WARNING: [Synth 8-3332] Sequential element (if_id_pipe_o_reg[xif_id][31]) is unused and will be removed from module cv32e40x_if_stage.
WARNING: [Synth 8-3332] Sequential element (if_id_pipe_o_reg[xif_id][30]) is unused and will be removed from module cv32e40x_if_stage.
WARNING: [Synth 8-3332] Sequential element (if_id_pipe_o_reg[xif_id][29]) is unused and will be removed from module cv32e40x_if_stage.
WARNING: [Synth 8-3332] Sequential element (if_id_pipe_o_reg[xif_id][28]) is unused and will be removed from module cv32e40x_if_stage.
WARNING: [Synth 8-3332] Sequential element (if_id_pipe_o_reg[xif_id][27]) is unused and will be removed from module cv32e40x_if_stage.
WARNING: [Synth 8-3332] Sequential element (if_id_pipe_o_reg[xif_id][26]) is unused and will be removed from module cv32e40x_if_stage.
WARNING: [Synth 8-3332] Sequential element (if_id_pipe_o_reg[xif_id][25]) is unused and will be removed from module cv32e40x_if_stage.
WARNING: [Synth 8-3332] Sequential element (if_id_pipe_o_reg[xif_id][24]) is unused and will be removed from module cv32e40x_if_stage.
WARNING: [Synth 8-3332] Sequential element (if_id_pipe_o_reg[xif_id][23]) is unused and will be removed from module cv32e40x_if_stage.
WARNING: [Synth 8-3332] Sequential element (if_id_pipe_o_reg[xif_id][22]) is unused and will be removed from module cv32e40x_if_stage.
WARNING: [Synth 8-3332] Sequential element (if_id_pipe_o_reg[xif_id][21]) is unused and will be removed from module cv32e40x_if_stage.
WARNING: [Synth 8-3332] Sequential element (if_id_pipe_o_reg[xif_id][20]) is unused and will be removed from module cv32e40x_if_stage.
WARNING: [Synth 8-3332] Sequential element (if_id_pipe_o_reg[xif_id][19]) is unused and will be removed from module cv32e40x_if_stage.
WARNING: [Synth 8-3332] Sequential element (if_id_pipe_o_reg[xif_id][18]) is unused and will be removed from module cv32e40x_if_stage.
WARNING: [Synth 8-3332] Sequential element (if_id_pipe_o_reg[xif_id][17]) is unused and will be removed from module cv32e40x_if_stage.
WARNING: [Synth 8-3332] Sequential element (if_id_pipe_o_reg[xif_id][16]) is unused and will be removed from module cv32e40x_if_stage.
WARNING: [Synth 8-3332] Sequential element (if_id_pipe_o_reg[xif_id][15]) is unused and will be removed from module cv32e40x_if_stage.
WARNING: [Synth 8-3332] Sequential element (if_id_pipe_o_reg[xif_id][14]) is unused and will be removed from module cv32e40x_if_stage.
WARNING: [Synth 8-3332] Sequential element (if_id_pipe_o_reg[xif_id][13]) is unused and will be removed from module cv32e40x_if_stage.
WARNING: [Synth 8-3332] Sequential element (if_id_pipe_o_reg[xif_id][12]) is unused and will be removed from module cv32e40x_if_stage.
WARNING: [Synth 8-3332] Sequential element (if_id_pipe_o_reg[xif_id][11]) is unused and will be removed from module cv32e40x_if_stage.
WARNING: [Synth 8-3332] Sequential element (if_id_pipe_o_reg[xif_id][10]) is unused and will be removed from module cv32e40x_if_stage.
WARNING: [Synth 8-3332] Sequential element (if_id_pipe_o_reg[xif_id][9]) is unused and will be removed from module cv32e40x_if_stage.
WARNING: [Synth 8-3332] Sequential element (if_id_pipe_o_reg[xif_id][8]) is unused and will be removed from module cv32e40x_if_stage.
INFO: [Common 17-14] Message 'Synth 8-3332' appears 100 times and further instances of the messages will be disabled. Use the Tcl command set_msg_config to change the current settings.
INFO: [Synth 8-3886] merging instance 'cv32e40x_wrapper_i/cv32e40x_core_i/cs_registers_i/basic_mode_csrs.mcause_csr_i/rdata_q_reg[30]' (FDCE) to 'cv32e40x_wrapper_i/cv32e40x_core_i/cs_registers_i/basic_mode_csrs.mcause_csr_i/rdata_q_reg[29]'
INFO: [Synth 8-3886] merging instance 'cv32e40x_wrapper_i/cv32e40x_core_i/cs_registers_i/basic_mode_csrs.mcause_csr_i/rdata_q_reg[29]' (FDCE) to 'cv32e40x_wrapper_i/cv32e40x_core_i/cs_registers_i/basic_mode_csrs.mcause_csr_i/rdata_q_reg[28]'
INFO: [Synth 8-3886] merging instance 'cv32e40x_wrapper_i/cv32e40x_core_i/cs_registers_i/basic_mode_csrs.mcause_csr_i/rdata_q_reg[28]' (FDCE) to 'cv32e40x_wrapper_i/cv32e40x_core_i/cs_registers_i/basic_mode_csrs.mcause_csr_i/rdata_q_reg[27]'
INFO: [Synth 8-3886] merging instance 'cv32e40x_wrapper_i/cv32e40x_core_i/cs_registers_i/basic_mode_csrs.mcause_csr_i/rdata_q_reg[27]' (FDCE) to 'cv32e40x_wrapper_i/cv32e40x_core_i/cs_registers_i/basic_mode_csrs.mcause_csr_i/rdata_q_reg[26]'
INFO: [Synth 8-3886] merging instance 'cv32e40x_wrapper_i/cv32e40x_core_i/cs_registers_i/basic_mode_csrs.mcause_csr_i/rdata_q_reg[26]' (FDCE) to 'cv32e40x_wrapper_i/cv32e40x_core_i/cs_registers_i/basic_mode_csrs.mcause_csr_i/rdata_q_reg[25]'
INFO: [Synth 8-3886] merging instance 'cv32e40x_wrapper_i/cv32e40x_core_i/cs_registers_i/basic_mode_csrs.mcause_csr_i/rdata_q_reg[25]' (FDCE) to 'cv32e40x_wrapper_i/cv32e40x_core_i/cs_registers_i/basic_mode_csrs.mcause_csr_i/rdata_q_reg[24]'
INFO: [Synth 8-3886] merging instance 'cv32e40x_wrapper_i/cv32e40x_core_i/cs_registers_i/basic_mode_csrs.mcause_csr_i/rdata_q_reg[24]' (FDCE) to 'cv32e40x_wrapper_i/cv32e40x_core_i/cs_registers_i/basic_mode_csrs.mcause_csr_i/rdata_q_reg[23]'
INFO: [Synth 8-3886] merging instance 'cv32e40x_wrapper_i/cv32e40x_core_i/cs_registers_i/basic_mode_csrs.mcause_csr_i/rdata_q_reg[23]' (FDCE) to 'cv32e40x_wrapper_i/cv32e40x_core_i/cs_registers_i/basic_mode_csrs.mcause_csr_i/rdata_q_reg[22]'
INFO: [Synth 8-3886] merging instance 'cv32e40x_wrapper_i/cv32e40x_core_i/cs_registers_i/basic_mode_csrs.mcause_csr_i/rdata_q_reg[22]' (FDCE) to 'cv32e40x_wrapper_i/cv32e40x_core_i/cs_registers_i/basic_mode_csrs.mcause_csr_i/rdata_q_reg[21]'
INFO: [Synth 8-3886] merging instance 'cv32e40x_wrapper_i/cv32e40x_core_i/cs_registers_i/basic_mode_csrs.mcause_csr_i/rdata_q_reg[21]' (FDCE) to 'cv32e40x_wrapper_i/cv32e40x_core_i/cs_registers_i/basic_mode_csrs.mcause_csr_i/rdata_q_reg[20]'
INFO: [Synth 8-3886] merging instance 'cv32e40x_wrapper_i/cv32e40x_core_i/cs_registers_i/basic_mode_csrs.mie_csr_i/rdata_q_reg[0]' (FDCE) to 'cv32e40x_wrapper_i/cv32e40x_core_i/cs_registers_i/basic_mode_csrs.mie_csr_i/rdata_q_reg[15]'
INFO: [Synth 8-3886] merging instance 'cv32e40x_wrapper_i/cv32e40x_core_i/cs_registers_i/jvt_csr_i/rdata_q_reg[0]' (FDCE) to 'cv32e40x_wrapper_i/cv32e40x_core_i/cs_registers_i/jvt_csr_i/rdata_q_reg[5]'
INFO: [Synth 8-3886] merging instance 'cv32e40x_wrapper_i/cv32e40x_core_i/cs_registers_i/basic_mode_csrs.mie_csr_i/rdata_q_reg[1]' (FDCE) to 'cv32e40x_wrapper_i/cv32e40x_core_i/cs_registers_i/basic_mode_csrs.mie_csr_i/rdata_q_reg[15]'
INFO: [Synth 8-3886] merging instance 'cv32e40x_wrapper_i/cv32e40x_core_i/cs_registers_i/jvt_csr_i/rdata_q_reg[1]' (FDCE) to 'cv32e40x_wrapper_i/cv32e40x_core_i/cs_registers_i/jvt_csr_i/rdata_q_reg[5]'
INFO: [Synth 8-3886] merging instance 'cv32e40x_wrapper_i/cv32e40x_core_i/cs_registers_i/basic_mode_csrs.mie_csr_i/rdata_q_reg[2]' (FDCE) to 'cv32e40x_wrapper_i/cv32e40x_core_i/cs_registers_i/basic_mode_csrs.mie_csr_i/rdata_q_reg[15]'
INFO: [Synth 8-3886] merging instance 'cv32e40x_wrapper_i/cv32e40x_core_i/cs_registers_i/jvt_csr_i/rdata_q_reg[2]' (FDCE) to 'cv32e40x_wrapper_i/cv32e40x_core_i/cs_registers_i/jvt_csr_i/rdata_q_reg[5]'
INFO: [Synth 8-3886] merging instance 'cv32e40x_wrapper_i/cv32e40x_core_i/cs_registers_i/jvt_csr_i/rdata_q_reg[3]' (FDCE) to 'cv32e40x_wrapper_i/cv32e40x_core_i/cs_registers_i/jvt_csr_i/rdata_q_reg[5]'
INFO: [Synth 8-3886] merging instance 'cv32e40x_wrapper_i/cv32e40x_core_i/cs_registers_i/basic_mode_csrs.mie_csr_i/rdata_q_reg[4]' (FDCE) to 'cv32e40x_wrapper_i/cv32e40x_core_i/cs_registers_i/basic_mode_csrs.mie_csr_i/rdata_q_reg[15]'
INFO: [Synth 8-3886] merging instance 'cv32e40x_wrapper_i/cv32e40x_core_i/cs_registers_i/jvt_csr_i/rdata_q_reg[4]' (FDCE) to 'cv32e40x_wrapper_i/cv32e40x_core_i/cs_registers_i/jvt_csr_i/rdata_q_reg[5]'
INFO: [Synth 8-3886] merging instance 'cv32e40x_wrapper_i/cv32e40x_core_i/cs_registers_i/basic_mode_csrs.mie_csr_i/rdata_q_reg[5]' (FDCE) to 'cv32e40x_wrapper_i/cv32e40x_core_i/cs_registers_i/basic_mode_csrs.mie_csr_i/rdata_q_reg[15]'
INFO: [Synth 8-3886] merging instance 'cv32e40x_wrapper_i/cv32e40x_core_i/cs_registers_i/basic_mode_csrs.mie_csr_i/rdata_q_reg[6]' (FDCE) to 'cv32e40x_wrapper_i/cv32e40x_core_i/cs_registers_i/basic_mode_csrs.mie_csr_i/rdata_q_reg[15]'
INFO: [Synth 8-3886] merging instance 'cv32e40x_wrapper_i/cv32e40x_core_i/cs_registers_i/basic_mode_csrs.mie_csr_i/rdata_q_reg[8]' (FDCE) to 'cv32e40x_wrapper_i/cv32e40x_core_i/cs_registers_i/basic_mode_csrs.mie_csr_i/rdata_q_reg[15]'
INFO: [Synth 8-3886] merging instance 'cv32e40x_wrapper_i/cv32e40x_core_i/cs_registers_i/basic_mode_csrs.mie_csr_i/rdata_q_reg[9]' (FDCE) to 'cv32e40x_wrapper_i/cv32e40x_core_i/cs_registers_i/basic_mode_csrs.mie_csr_i/rdata_q_reg[15]'
INFO: [Synth 8-3886] merging instance 'cv32e40x_wrapper_i/cv32e40x_core_i/cs_registers_i/basic_mode_csrs.mie_csr_i/rdata_q_reg[10]' (FDCE) to 'cv32e40x_wrapper_i/cv32e40x_core_i/cs_registers_i/basic_mode_csrs.mie_csr_i/rdata_q_reg[15]'
INFO: [Synth 8-3886] merging instance 'cv32e40x_wrapper_i/cv32e40x_core_i/cs_registers_i/basic_mode_csrs.mcause_csr_i/rdata_q_reg[11]' (FDCE) to 'cv32e40x_wrapper_i/cv32e40x_core_i/cs_registers_i/basic_mode_csrs.mcause_csr_i/rdata_q_reg[20]'
INFO: [Synth 8-3886] merging instance 'cv32e40x_wrapper_i/cv32e40x_core_i/cs_registers_i/basic_mode_csrs.mie_csr_i/rdata_q_reg[12]' (FDCE) to 'cv32e40x_wrapper_i/cv32e40x_core_i/cs_registers_i/basic_mode_csrs.mie_csr_i/rdata_q_reg[15]'
INFO: [Synth 8-3886] merging instance 'cv32e40x_wrapper_i/cv32e40x_core_i/cs_registers_i/basic_mode_csrs.mcause_csr_i/rdata_q_reg[12]' (FDCE) to 'cv32e40x_wrapper_i/cv32e40x_core_i/cs_registers_i/basic_mode_csrs.mcause_csr_i/rdata_q_reg[20]'
INFO: [Synth 8-3886] merging instance 'cv32e40x_wrapper_i/cv32e40x_core_i/cs_registers_i/basic_mode_csrs.mie_csr_i/rdata_q_reg[13]' (FDCE) to 'cv32e40x_wrapper_i/cv32e40x_core_i/cs_registers_i/basic_mode_csrs.mie_csr_i/rdata_q_reg[15]'
INFO: [Synth 8-3886] merging instance 'cv32e40x_wrapper_i/cv32e40x_core_i/cs_registers_i/basic_mode_csrs.mcause_csr_i/rdata_q_reg[13]' (FDCE) to 'cv32e40x_wrapper_i/cv32e40x_core_i/cs_registers_i/basic_mode_csrs.mcause_csr_i/rdata_q_reg[20]'
INFO: [Synth 8-3886] merging instance 'cv32e40x_wrapper_i/cv32e40x_core_i/cs_registers_i/basic_mode_csrs.mie_csr_i/rdata_q_reg[14]' (FDCE) to 'cv32e40x_wrapper_i/cv32e40x_core_i/cs_registers_i/basic_mode_csrs.mie_csr_i/rdata_q_reg[15]'
INFO: [Synth 8-3886] merging instance 'cv32e40x_wrapper_i/cv32e40x_core_i/cs_registers_i/basic_mode_csrs.mcause_csr_i/rdata_q_reg[14]' (FDCE) to 'cv32e40x_wrapper_i/cv32e40x_core_i/cs_registers_i/basic_mode_csrs.mcause_csr_i/rdata_q_reg[20]'
INFO: [Synth 8-3886] merging instance 'cv32e40x_wrapper_i/cv32e40x_core_i/cs_registers_i/basic_mode_csrs.mcause_csr_i/rdata_q_reg[15]' (FDCE) to 'cv32e40x_wrapper_i/cv32e40x_core_i/cs_registers_i/basic_mode_csrs.mcause_csr_i/rdata_q_reg[20]'
INFO: [Synth 8-3886] merging instance 'cv32e40x_wrapper_i/cv32e40x_core_i/cs_registers_i/basic_mode_csrs.mcause_csr_i/rdata_q_reg[16]' (FDCE) to 'cv32e40x_wrapper_i/cv32e40x_core_i/cs_registers_i/basic_mode_csrs.mcause_csr_i/rdata_q_reg[20]'
INFO: [Synth 8-3886] merging instance 'cv32e40x_wrapper_i/cv32e40x_core_i/cs_registers_i/basic_mode_csrs.mcause_csr_i/rdata_q_reg[17]' (FDCE) to 'cv32e40x_wrapper_i/cv32e40x_core_i/cs_registers_i/basic_mode_csrs.mcause_csr_i/rdata_q_reg[20]'
INFO: [Synth 8-3886] merging instance 'cv32e40x_wrapper_i/cv32e40x_core_i/cs_registers_i/basic_mode_csrs.mcause_csr_i/rdata_q_reg[18]' (FDCE) to 'cv32e40x_wrapper_i/cv32e40x_core_i/cs_registers_i/basic_mode_csrs.mcause_csr_i/rdata_q_reg[20]'
INFO: [Synth 8-3886] merging instance 'cv32e40x_wrapper_i/cv32e40x_core_i/cs_registers_i/basic_mode_csrs.mcause_csr_i/rdata_q_reg[19]' (FDCE) to 'cv32e40x_wrapper_i/cv32e40x_core_i/cs_registers_i/basic_mode_csrs.mcause_csr_i/rdata_q_reg[20]'
INFO: [Synth 8-3886] merging instance 'cv32e40x_wrapper_i/cv32e40x_core_i/id_stage_i/id_ex_pipe_o_reg[instr_meta][mret_ptr]' (FDCE) to 'cv32e40x_wrapper_i/cv32e40x_core_i/id_stage_i/id_ex_pipe_o_reg[instr_meta][clic_ptr]'
---------------------------------------------------------------------------------
Finished Cross Boundary and Area Optimization : Time (s): cpu = 00:01:18 ; elapsed = 00:01:24 . Memory (MB): peak = 1546.832 ; gain = 1234.379
---------------------------------------------------------------------------------
---------------------------------------------------------------------------------
Start ROM, RAM, DSP and Shift Register Reporting
---------------------------------------------------------------------------------

Block RAM: Preliminary Mapping  Report (see note below)
+----------------------------+------------+------------------------+---+---+------------------------+---+---+------------------+--------+--------+
|Module Name                 | RTL Object | PORT A (Depth x Width) | W | R | PORT B (Depth x Width) | W | R | Ports driving FF | RAMB18 | RAMB36 | 
+----------------------------+------------+------------------------+---+---+------------------------+---+---+------------------+--------+--------+
|cv32e40x_wrapper_i/dp_ram_1 | memory_reg | 32 K x 8(READ_FIRST)   | W | R | 32 K x 8(WRITE_FIRST)  |   | R | Port A and B     | 0      | 8      | 
|cv32e40x_wrapper_i/dp_ram_2 | memory_reg | 32 K x 8(READ_FIRST)   | W | R | 32 K x 8(WRITE_FIRST)  |   | R | Port A and B     | 0      | 8      | 
|cv32e40x_wrapper_i/dp_ram_3 | memory_reg | 32 K x 8(READ_FIRST)   | W | R | 32 K x 8(WRITE_FIRST)  |   | R | Port A and B     | 0      | 8      | 
|cv32e40x_wrapper_i/dp_ram_4 | memory_reg | 32 K x 8(READ_FIRST)   | W | R | 32 K x 8(WRITE_FIRST)  |   | R | Port A and B     | 0      | 8      | 
+----------------------------+------------+------------------------+---+---+------------------------+---+---+------------------+--------+--------+

Note: The tale above is a preliminary report that shows the Block RAMs at the current stage of the synthesis flow. Some Block RAMs may be reimplemented as non Block RAM primitives later in the synthesis flow. Multiple instantiated Block RAMs are reported only once. 

DSP: Preliminary Mapping  Report (see note below)
+--------------+----------------+--------+--------+--------+--------+--------+------+------+------+------+-------+------+------+
|Module Name   | DSP Mapping    | A Size | B Size | C Size | D Size | P Size | AREG | BREG | CREG | DREG | ADREG | MREG | PREG | 
+--------------+----------------+--------+--------+--------+--------+--------+------+------+------+------+-------+------+------+
|cv32e40x_mult | A*B            | 18     | 15     | -      | -      | 48     | 0    | 0    | -    | -    | -     | 0    | 0    | 
|cv32e40x_mult | (PCIN>>17)+A*B | 15     | 15     | -      | -      | 48     | 0    | 0    | -    | -    | -     | 0    | 0    | 
|cv32e40x_mult | A*B            | 18     | 18     | -      | -      | 48     | 0    | 0    | -    | -    | -     | 0    | 0    | 
|cv32e40x_mult | (PCIN>>17)+A*B | 18     | 15     | -      | -      | 48     | 0    | 0    | -    | -    | -     | 0    | 0    | 
+--------------+----------------+--------+--------+--------+--------+--------+------+------+------+------+-------+------+------+

Note: The table above is a preliminary report that shows the DSPs inferred at the current stage of the synthesis flow. Some DSP may be reimplemented as non DSP primitives later in the synthesis flow. Multiple instantiated DSPs are reported only once.
---------------------------------------------------------------------------------
Finished ROM, RAM, DSP and Shift Register Reporting
---------------------------------------------------------------------------------
INFO: [Synth 8-4480] The timing for the instance cv32e40x_wrapper_i/dp_ram_1/i_0/memory_reg_0_0 (implemented as a block RAM) might be sub-optimal as no optional output register could be merged into the block ram. Providing additional output register may help in improving timing.
INFO: [Synth 8-4480] The timing for the instance cv32e40x_wrapper_i/dp_ram_1/i_0/memory_reg_0_0 (implemented as a block RAM) might be sub-optimal as no optional output register could be merged into the block ram. Providing additional output register may help in improving timing.
INFO: [Synth 8-4480] The timing for the instance cv32e40x_wrapper_i/dp_ram_1/i_0/memory_reg_0_1 (implemented as a block RAM) might be sub-optimal as no optional output register could be merged into the block ram. Providing additional output register may help in improving timing.
INFO: [Synth 8-4480] The timing for the instance cv32e40x_wrapper_i/dp_ram_1/i_0/memory_reg_0_1 (implemented as a block RAM) might be sub-optimal as no optional output register could be merged into the block ram. Providing additional output register may help in improving timing.
INFO: [Synth 8-4480] The timing for the instance cv32e40x_wrapper_i/dp_ram_1/i_0/memory_reg_0_2 (implemented as a block RAM) might be sub-optimal as no optional output register could be merged into the block ram. Providing additional output register may help in improving timing.
INFO: [Synth 8-4480] The timing for the instance cv32e40x_wrapper_i/dp_ram_1/i_0/memory_reg_0_2 (implemented as a block RAM) might be sub-optimal as no optional output register could be merged into the block ram. Providing additional output register may help in improving timing.
INFO: [Synth 8-4480] The timing for the instance cv32e40x_wrapper_i/dp_ram_1/i_0/memory_reg_0_3 (implemented as a block RAM) might be sub-optimal as no optional output register could be merged into the block ram. Providing additional output register may help in improving timing.
INFO: [Synth 8-4480] The timing for the instance cv32e40x_wrapper_i/dp_ram_1/i_0/memory_reg_0_3 (implemented as a block RAM) might be sub-optimal as no optional output register could be merged into the block ram. Providing additional output register may help in improving timing.
INFO: [Synth 8-4480] The timing for the instance cv32e40x_wrapper_i/dp_ram_1/i_0/memory_reg_0_4 (implemented as a block RAM) might be sub-optimal as no optional output register could be merged into the block ram. Providing additional output register may help in improving timing.
INFO: [Synth 8-4480] The timing for the instance cv32e40x_wrapper_i/dp_ram_1/i_0/memory_reg_0_4 (implemented as a block RAM) might be sub-optimal as no optional output register could be merged into the block ram. Providing additional output register may help in improving timing.
INFO: [Synth 8-4480] The timing for the instance cv32e40x_wrapper_i/dp_ram_1/i_0/memory_reg_0_5 (implemented as a block RAM) might be sub-optimal as no optional output register could be merged into the block ram. Providing additional output register may help in improving timing.
INFO: [Synth 8-4480] The timing for the instance cv32e40x_wrapper_i/dp_ram_1/i_0/memory_reg_0_5 (implemented as a block RAM) might be sub-optimal as no optional output register could be merged into the block ram. Providing additional output register may help in improving timing.
INFO: [Synth 8-4480] The timing for the instance cv32e40x_wrapper_i/dp_ram_1/i_0/memory_reg_0_6 (implemented as a block RAM) might be sub-optimal as no optional output register could be merged into the block ram. Providing additional output register may help in improving timing.
INFO: [Synth 8-4480] The timing for the instance cv32e40x_wrapper_i/dp_ram_1/i_0/memory_reg_0_6 (implemented as a block RAM) might be sub-optimal as no optional output register could be merged into the block ram. Providing additional output register may help in improving timing.
INFO: [Synth 8-4480] The timing for the instance cv32e40x_wrapper_i/dp_ram_1/i_0/memory_reg_0_7 (implemented as a block RAM) might be sub-optimal as no optional output register could be merged into the block ram. Providing additional output register may help in improving timing.
INFO: [Synth 8-4480] The timing for the instance cv32e40x_wrapper_i/dp_ram_1/i_0/memory_reg_0_7 (implemented as a block RAM) might be sub-optimal as no optional output register could be merged into the block ram. Providing additional output register may help in improving timing.
INFO: [Synth 8-4480] The timing for the instance cv32e40x_wrapper_i/dp_ram_2/i_1/memory_reg_0_0 (implemented as a block RAM) might be sub-optimal as no optional output register could be merged into the block ram. Providing additional output register may help in improving timing.
INFO: [Synth 8-4480] The timing for the instance cv32e40x_wrapper_i/dp_ram_2/i_1/memory_reg_0_0 (implemented as a block RAM) might be sub-optimal as no optional output register could be merged into the block ram. Providing additional output register may help in improving timing.
INFO: [Synth 8-4480] The timing for the instance cv32e40x_wrapper_i/dp_ram_2/i_1/memory_reg_0_1 (implemented as a block RAM) might be sub-optimal as no optional output register could be merged into the block ram. Providing additional output register may help in improving timing.
INFO: [Synth 8-4480] The timing for the instance cv32e40x_wrapper_i/dp_ram_2/i_1/memory_reg_0_1 (implemented as a block RAM) might be sub-optimal as no optional output register could be merged into the block ram. Providing additional output register may help in improving timing.
INFO: [Synth 8-4480] The timing for the instance cv32e40x_wrapper_i/dp_ram_2/i_1/memory_reg_0_2 (implemented as a block RAM) might be sub-optimal as no optional output register could be merged into the block ram. Providing additional output register may help in improving timing.
INFO: [Synth 8-4480] The timing for the instance cv32e40x_wrapper_i/dp_ram_2/i_1/memory_reg_0_2 (implemented as a block RAM) might be sub-optimal as no optional output register could be merged into the block ram. Providing additional output register may help in improving timing.
INFO: [Synth 8-4480] The timing for the instance cv32e40x_wrapper_i/dp_ram_2/i_1/memory_reg_0_3 (implemented as a block RAM) might be sub-optimal as no optional output register could be merged into the block ram. Providing additional output register may help in improving timing.
INFO: [Synth 8-4480] The timing for the instance cv32e40x_wrapper_i/dp_ram_2/i_1/memory_reg_0_3 (implemented as a block RAM) might be sub-optimal as no optional output register could be merged into the block ram. Providing additional output register may help in improving timing.
INFO: [Synth 8-4480] The timing for the instance cv32e40x_wrapper_i/dp_ram_2/i_1/memory_reg_0_4 (implemented as a block RAM) might be sub-optimal as no optional output register could be merged into the block ram. Providing additional output register may help in improving timing.
INFO: [Synth 8-4480] The timing for the instance cv32e40x_wrapper_i/dp_ram_2/i_1/memory_reg_0_4 (implemented as a block RAM) might be sub-optimal as no optional output register could be merged into the block ram. Providing additional output register may help in improving timing.
INFO: [Synth 8-4480] The timing for the instance cv32e40x_wrapper_i/dp_ram_2/i_1/memory_reg_0_5 (implemented as a block RAM) might be sub-optimal as no optional output register could be merged into the block ram. Providing additional output register may help in improving timing.
INFO: [Synth 8-4480] The timing for the instance cv32e40x_wrapper_i/dp_ram_2/i_1/memory_reg_0_5 (implemented as a block RAM) might be sub-optimal as no optional output register could be merged into the block ram. Providing additional output register may help in improving timing.
INFO: [Synth 8-4480] The timing for the instance cv32e40x_wrapper_i/dp_ram_2/i_1/memory_reg_0_6 (implemented as a block RAM) might be sub-optimal as no optional output register could be merged into the block ram. Providing additional output register may help in improving timing.
INFO: [Synth 8-4480] The timing for the instance cv32e40x_wrapper_i/dp_ram_2/i_1/memory_reg_0_6 (implemented as a block RAM) might be sub-optimal as no optional output register could be merged into the block ram. Providing additional output register may help in improving timing.
INFO: [Synth 8-4480] The timing for the instance cv32e40x_wrapper_i/dp_ram_2/i_1/memory_reg_0_7 (implemented as a block RAM) might be sub-optimal as no optional output register could be merged into the block ram. Providing additional output register may help in improving timing.
INFO: [Synth 8-4480] The timing for the instance cv32e40x_wrapper_i/dp_ram_2/i_1/memory_reg_0_7 (implemented as a block RAM) might be sub-optimal as no optional output register could be merged into the block ram. Providing additional output register may help in improving timing.
INFO: [Synth 8-4480] The timing for the instance cv32e40x_wrapper_i/dp_ram_3/i_1/memory_reg_0_0 (implemented as a block RAM) might be sub-optimal as no optional output register could be merged into the block ram. Providing additional output register may help in improving timing.
INFO: [Synth 8-4480] The timing for the instance cv32e40x_wrapper_i/dp_ram_3/i_1/memory_reg_0_0 (implemented as a block RAM) might be sub-optimal as no optional output register could be merged into the block ram. Providing additional output register may help in improving timing.
INFO: [Synth 8-4480] The timing for the instance cv32e40x_wrapper_i/dp_ram_3/i_1/memory_reg_0_1 (implemented as a block RAM) might be sub-optimal as no optional output register could be merged into the block ram. Providing additional output register may help in improving timing.
INFO: [Synth 8-4480] The timing for the instance cv32e40x_wrapper_i/dp_ram_3/i_1/memory_reg_0_1 (implemented as a block RAM) might be sub-optimal as no optional output register could be merged into the block ram. Providing additional output register may help in improving timing.
INFO: [Synth 8-4480] The timing for the instance cv32e40x_wrapper_i/dp_ram_3/i_1/memory_reg_0_2 (implemented as a block RAM) might be sub-optimal as no optional output register could be merged into the block ram. Providing additional output register may help in improving timing.
INFO: [Synth 8-4480] The timing for the instance cv32e40x_wrapper_i/dp_ram_3/i_1/memory_reg_0_2 (implemented as a block RAM) might be sub-optimal as no optional output register could be merged into the block ram. Providing additional output register may help in improving timing.
INFO: [Synth 8-4480] The timing for the instance cv32e40x_wrapper_i/dp_ram_3/i_1/memory_reg_0_3 (implemented as a block RAM) might be sub-optimal as no optional output register could be merged into the block ram. Providing additional output register may help in improving timing.
INFO: [Synth 8-4480] The timing for the instance cv32e40x_wrapper_i/dp_ram_3/i_1/memory_reg_0_3 (implemented as a block RAM) might be sub-optimal as no optional output register could be merged into the block ram. Providing additional output register may help in improving timing.
INFO: [Synth 8-4480] The timing for the instance cv32e40x_wrapper_i/dp_ram_3/i_1/memory_reg_0_4 (implemented as a block RAM) might be sub-optimal as no optional output register could be merged into the block ram. Providing additional output register may help in improving timing.
INFO: [Synth 8-4480] The timing for the instance cv32e40x_wrapper_i/dp_ram_3/i_1/memory_reg_0_4 (implemented as a block RAM) might be sub-optimal as no optional output register could be merged into the block ram. Providing additional output register may help in improving timing.
INFO: [Synth 8-4480] The timing for the instance cv32e40x_wrapper_i/dp_ram_3/i_1/memory_reg_0_5 (implemented as a block RAM) might be sub-optimal as no optional output register could be merged into the block ram. Providing additional output register may help in improving timing.
INFO: [Synth 8-4480] The timing for the instance cv32e40x_wrapper_i/dp_ram_3/i_1/memory_reg_0_5 (implemented as a block RAM) might be sub-optimal as no optional output register could be merged into the block ram. Providing additional output register may help in improving timing.
INFO: [Synth 8-4480] The timing for the instance cv32e40x_wrapper_i/dp_ram_3/i_1/memory_reg_0_6 (implemented as a block RAM) might be sub-optimal as no optional output register could be merged into the block ram. Providing additional output register may help in improving timing.
INFO: [Synth 8-4480] The timing for the instance cv32e40x_wrapper_i/dp_ram_3/i_1/memory_reg_0_6 (implemented as a block RAM) might be sub-optimal as no optional output register could be merged into the block ram. Providing additional output register may help in improving timing.
INFO: [Synth 8-4480] The timing for the instance cv32e40x_wrapper_i/dp_ram_3/i_1/memory_reg_0_7 (implemented as a block RAM) might be sub-optimal as no optional output register could be merged into the block ram. Providing additional output register may help in improving timing.
INFO: [Synth 8-4480] The timing for the instance cv32e40x_wrapper_i/dp_ram_3/i_1/memory_reg_0_7 (implemented as a block RAM) might be sub-optimal as no optional output register could be merged into the block ram. Providing additional output register may help in improving timing.
INFO: [Synth 8-4480] The timing for the instance cv32e40x_wrapper_i/dp_ram_4/i_1/memory_reg_0_0 (implemented as a block RAM) might be sub-optimal as no optional output register could be merged into the block ram. Providing additional output register may help in improving timing.
INFO: [Synth 8-4480] The timing for the instance cv32e40x_wrapper_i/dp_ram_4/i_1/memory_reg_0_0 (implemented as a block RAM) might be sub-optimal as no optional output register could be merged into the block ram. Providing additional output register may help in improving timing.
INFO: [Synth 8-4480] The timing for the instance cv32e40x_wrapper_i/dp_ram_4/i_1/memory_reg_0_1 (implemented as a block RAM) might be sub-optimal as no optional output register could be merged into the block ram. Providing additional output register may help in improving timing.
INFO: [Synth 8-4480] The timing for the instance cv32e40x_wrapper_i/dp_ram_4/i_1/memory_reg_0_1 (implemented as a block RAM) might be sub-optimal as no optional output register could be merged into the block ram. Providing additional output register may help in improving timing.
INFO: [Synth 8-4480] The timing for the instance cv32e40x_wrapper_i/dp_ram_4/i_1/memory_reg_0_2 (implemented as a block RAM) might be sub-optimal as no optional output register could be merged into the block ram. Providing additional output register may help in improving timing.
INFO: [Synth 8-4480] The timing for the instance cv32e40x_wrapper_i/dp_ram_4/i_1/memory_reg_0_2 (implemented as a block RAM) might be sub-optimal as no optional output register could be merged into the block ram. Providing additional output register may help in improving timing.
INFO: [Synth 8-4480] The timing for the instance cv32e40x_wrapper_i/dp_ram_4/i_1/memory_reg_0_3 (implemented as a block RAM) might be sub-optimal as no optional output register could be merged into the block ram. Providing additional output register may help in improving timing.
INFO: [Synth 8-4480] The timing for the instance cv32e40x_wrapper_i/dp_ram_4/i_1/memory_reg_0_3 (implemented as a block RAM) might be sub-optimal as no optional output register could be merged into the block ram. Providing additional output register may help in improving timing.
INFO: [Synth 8-4480] The timing for the instance cv32e40x_wrapper_i/dp_ram_4/i_1/memory_reg_0_4 (implemented as a block RAM) might be sub-optimal as no optional output register could be merged into the block ram. Providing additional output register may help in improving timing.
INFO: [Synth 8-4480] The timing for the instance cv32e40x_wrapper_i/dp_ram_4/i_1/memory_reg_0_4 (implemented as a block RAM) might be sub-optimal as no optional output register could be merged into the block ram. Providing additional output register may help in improving timing.
INFO: [Synth 8-4480] The timing for the instance cv32e40x_wrapper_i/dp_ram_4/i_1/memory_reg_0_5 (implemented as a block RAM) might be sub-optimal as no optional output register could be merged into the block ram. Providing additional output register may help in improving timing.
INFO: [Synth 8-4480] The timing for the instance cv32e40x_wrapper_i/dp_ram_4/i_1/memory_reg_0_5 (implemented as a block RAM) might be sub-optimal as no optional output register could be merged into the block ram. Providing additional output register may help in improving timing.
INFO: [Synth 8-4480] The timing for the instance cv32e40x_wrapper_i/dp_ram_4/i_1/memory_reg_0_6 (implemented as a block RAM) might be sub-optimal as no optional output register could be merged into the block ram. Providing additional output register may help in improving timing.
INFO: [Synth 8-4480] The timing for the instance cv32e40x_wrapper_i/dp_ram_4/i_1/memory_reg_0_6 (implemented as a block RAM) might be sub-optimal as no optional output register could be merged into the block ram. Providing additional output register may help in improving timing.
INFO: [Synth 8-4480] The timing for the instance cv32e40x_wrapper_i/dp_ram_4/i_1/memory_reg_0_7 (implemented as a block RAM) might be sub-optimal as no optional output register could be merged into the block ram. Providing additional output register may help in improving timing.
INFO: [Synth 8-4480] The timing for the instance cv32e40x_wrapper_i/dp_ram_4/i_1/memory_reg_0_7 (implemented as a block RAM) might be sub-optimal as no optional output register could be merged into the block ram. Providing additional output register may help in improving timing.

Report RTL Partitions: 
+-+--------------+------------+----------+
| |RTL Partition |Replication |Instances |
+-+--------------+------------+----------+
+-+--------------+------------+----------+
---------------------------------------------------------------------------------
Start Applying XDC Timing Constraints
---------------------------------------------------------------------------------
---------------------------------------------------------------------------------
Finished Applying XDC Timing Constraints : Time (s): cpu = 00:01:26 ; elapsed = 00:01:33 . Memory (MB): peak = 1546.832 ; gain = 1234.379
---------------------------------------------------------------------------------
---------------------------------------------------------------------------------
Start Timing Optimization
---------------------------------------------------------------------------------
---------------------------------------------------------------------------------
Finished Timing Optimization : Time (s): cpu = 00:01:30 ; elapsed = 00:01:37 . Memory (MB): peak = 1546.832 ; gain = 1234.379
---------------------------------------------------------------------------------
---------------------------------------------------------------------------------
Start ROM, RAM, DSP and Shift Register Reporting
---------------------------------------------------------------------------------

Block RAM: Final Mapping  Report
+----------------------------+------------+------------------------+---+---+------------------------+---+---+------------------+--------+--------+
|Module Name                 | RTL Object | PORT A (Depth x Width) | W | R | PORT B (Depth x Width) | W | R | Ports driving FF | RAMB18 | RAMB36 | 
+----------------------------+------------+------------------------+---+---+------------------------+---+---+------------------+--------+--------+
|cv32e40x_wrapper_i/dp_ram_1 | memory_reg | 32 K x 8(READ_FIRST)   | W | R | 32 K x 8(WRITE_FIRST)  |   | R | Port A and B     | 0      | 8      | 
|cv32e40x_wrapper_i/dp_ram_2 | memory_reg | 32 K x 8(READ_FIRST)   | W | R | 32 K x 8(WRITE_FIRST)  |   | R | Port A and B     | 0      | 8      | 
|cv32e40x_wrapper_i/dp_ram_3 | memory_reg | 32 K x 8(READ_FIRST)   | W | R | 32 K x 8(WRITE_FIRST)  |   | R | Port A and B     | 0      | 8      | 
|cv32e40x_wrapper_i/dp_ram_4 | memory_reg | 32 K x 8(READ_FIRST)   | W | R | 32 K x 8(WRITE_FIRST)  |   | R | Port A and B     | 0      | 8      | 
+----------------------------+------------+------------------------+---+---+------------------------+---+---+------------------+--------+--------+

---------------------------------------------------------------------------------
Finished ROM, RAM, DSP and Shift Register Reporting
---------------------------------------------------------------------------------

Report RTL Partitions: 
+-+--------------+------------+----------+
| |RTL Partition |Replication |Instances |
+-+--------------+------------+----------+
+-+--------------+------------+----------+
---------------------------------------------------------------------------------
Start Technology Mapping
---------------------------------------------------------------------------------
INFO: [Synth 8-4480] The timing for the instance cv32e40x_wrapper_i/dp_ram_1/memory_reg_0_0 (implemented as a block RAM) might be sub-optimal as no optional output register could be merged into the block ram. Providing additional output register may help in improving timing.
INFO: [Synth 8-4480] The timing for the instance cv32e40x_wrapper_i/dp_ram_1/memory_reg_0_0 (implemented as a block RAM) might be sub-optimal as no optional output register could be merged into the block ram. Providing additional output register may help in improving timing.
INFO: [Synth 8-4480] The timing for the instance cv32e40x_wrapper_i/dp_ram_1/memory_reg_0_1 (implemented as a block RAM) might be sub-optimal as no optional output register could be merged into the block ram. Providing additional output register may help in improving timing.
INFO: [Synth 8-4480] The timing for the instance cv32e40x_wrapper_i/dp_ram_1/memory_reg_0_1 (implemented as a block RAM) might be sub-optimal as no optional output register could be merged into the block ram. Providing additional output register may help in improving timing.
INFO: [Synth 8-4480] The timing for the instance cv32e40x_wrapper_i/dp_ram_1/memory_reg_0_2 (implemented as a block RAM) might be sub-optimal as no optional output register could be merged into the block ram. Providing additional output register may help in improving timing.
INFO: [Synth 8-4480] The timing for the instance cv32e40x_wrapper_i/dp_ram_1/memory_reg_0_2 (implemented as a block RAM) might be sub-optimal as no optional output register could be merged into the block ram. Providing additional output register may help in improving timing.
INFO: [Synth 8-4480] The timing for the instance cv32e40x_wrapper_i/dp_ram_1/memory_reg_0_3 (implemented as a block RAM) might be sub-optimal as no optional output register could be merged into the block ram. Providing additional output register may help in improving timing.
INFO: [Synth 8-4480] The timing for the instance cv32e40x_wrapper_i/dp_ram_1/memory_reg_0_3 (implemented as a block RAM) might be sub-optimal as no optional output register could be merged into the block ram. Providing additional output register may help in improving timing.
INFO: [Synth 8-4480] The timing for the instance cv32e40x_wrapper_i/dp_ram_1/memory_reg_0_4 (implemented as a block RAM) might be sub-optimal as no optional output register could be merged into the block ram. Providing additional output register may help in improving timing.
INFO: [Synth 8-4480] The timing for the instance cv32e40x_wrapper_i/dp_ram_1/memory_reg_0_4 (implemented as a block RAM) might be sub-optimal as no optional output register could be merged into the block ram. Providing additional output register may help in improving timing.
INFO: [Synth 8-4480] The timing for the instance cv32e40x_wrapper_i/dp_ram_1/memory_reg_0_5 (implemented as a block RAM) might be sub-optimal as no optional output register could be merged into the block ram. Providing additional output register may help in improving timing.
INFO: [Synth 8-4480] The timing for the instance cv32e40x_wrapper_i/dp_ram_1/memory_reg_0_5 (implemented as a block RAM) might be sub-optimal as no optional output register could be merged into the block ram. Providing additional output register may help in improving timing.
INFO: [Synth 8-4480] The timing for the instance cv32e40x_wrapper_i/dp_ram_1/memory_reg_0_6 (implemented as a block RAM) might be sub-optimal as no optional output register could be merged into the block ram. Providing additional output register may help in improving timing.
INFO: [Synth 8-4480] The timing for the instance cv32e40x_wrapper_i/dp_ram_1/memory_reg_0_6 (implemented as a block RAM) might be sub-optimal as no optional output register could be merged into the block ram. Providing additional output register may help in improving timing.
INFO: [Synth 8-4480] The timing for the instance cv32e40x_wrapper_i/dp_ram_1/memory_reg_0_7 (implemented as a block RAM) might be sub-optimal as no optional output register could be merged into the block ram. Providing additional output register may help in improving timing.
INFO: [Synth 8-4480] The timing for the instance cv32e40x_wrapper_i/dp_ram_1/memory_reg_0_7 (implemented as a block RAM) might be sub-optimal as no optional output register could be merged into the block ram. Providing additional output register may help in improving timing.
INFO: [Synth 8-4480] The timing for the instance cv32e40x_wrapper_i/dp_ram_2/memory_reg_0_0 (implemented as a block RAM) might be sub-optimal as no optional output register could be merged into the block ram. Providing additional output register may help in improving timing.
INFO: [Synth 8-4480] The timing for the instance cv32e40x_wrapper_i/dp_ram_2/memory_reg_0_0 (implemented as a block RAM) might be sub-optimal as no optional output register could be merged into the block ram. Providing additional output register may help in improving timing.
INFO: [Synth 8-4480] The timing for the instance cv32e40x_wrapper_i/dp_ram_2/memory_reg_0_1 (implemented as a block RAM) might be sub-optimal as no optional output register could be merged into the block ram. Providing additional output register may help in improving timing.
INFO: [Synth 8-4480] The timing for the instance cv32e40x_wrapper_i/dp_ram_2/memory_reg_0_1 (implemented as a block RAM) might be sub-optimal as no optional output register could be merged into the block ram. Providing additional output register may help in improving timing.
INFO: [Synth 8-4480] The timing for the instance cv32e40x_wrapper_i/dp_ram_2/memory_reg_0_2 (implemented as a block RAM) might be sub-optimal as no optional output register could be merged into the block ram. Providing additional output register may help in improving timing.
INFO: [Synth 8-4480] The timing for the instance cv32e40x_wrapper_i/dp_ram_2/memory_reg_0_2 (implemented as a block RAM) might be sub-optimal as no optional output register could be merged into the block ram. Providing additional output register may help in improving timing.
INFO: [Synth 8-4480] The timing for the instance cv32e40x_wrapper_i/dp_ram_2/memory_reg_0_3 (implemented as a block RAM) might be sub-optimal as no optional output register could be merged into the block ram. Providing additional output register may help in improving timing.
INFO: [Synth 8-4480] The timing for the instance cv32e40x_wrapper_i/dp_ram_2/memory_reg_0_3 (implemented as a block RAM) might be sub-optimal as no optional output register could be merged into the block ram. Providing additional output register may help in improving timing.
INFO: [Synth 8-4480] The timing for the instance cv32e40x_wrapper_i/dp_ram_2/memory_reg_0_4 (implemented as a block RAM) might be sub-optimal as no optional output register could be merged into the block ram. Providing additional output register may help in improving timing.
INFO: [Synth 8-4480] The timing for the instance cv32e40x_wrapper_i/dp_ram_2/memory_reg_0_4 (implemented as a block RAM) might be sub-optimal as no optional output register could be merged into the block ram. Providing additional output register may help in improving timing.
INFO: [Synth 8-4480] The timing for the instance cv32e40x_wrapper_i/dp_ram_2/memory_reg_0_5 (implemented as a block RAM) might be sub-optimal as no optional output register could be merged into the block ram. Providing additional output register may help in improving timing.
INFO: [Synth 8-4480] The timing for the instance cv32e40x_wrapper_i/dp_ram_2/memory_reg_0_5 (implemented as a block RAM) might be sub-optimal as no optional output register could be merged into the block ram. Providing additional output register may help in improving timing.
INFO: [Synth 8-4480] The timing for the instance cv32e40x_wrapper_i/dp_ram_2/memory_reg_0_6 (implemented as a block RAM) might be sub-optimal as no optional output register could be merged into the block ram. Providing additional output register may help in improving timing.
INFO: [Synth 8-4480] The timing for the instance cv32e40x_wrapper_i/dp_ram_2/memory_reg_0_6 (implemented as a block RAM) might be sub-optimal as no optional output register could be merged into the block ram. Providing additional output register may help in improving timing.
INFO: [Synth 8-4480] The timing for the instance cv32e40x_wrapper_i/dp_ram_2/memory_reg_0_7 (implemented as a block RAM) might be sub-optimal as no optional output register could be merged into the block ram. Providing additional output register may help in improving timing.
INFO: [Synth 8-4480] The timing for the instance cv32e40x_wrapper_i/dp_ram_2/memory_reg_0_7 (implemented as a block RAM) might be sub-optimal as no optional output register could be merged into the block ram. Providing additional output register may help in improving timing.
INFO: [Synth 8-4480] The timing for the instance cv32e40x_wrapper_i/dp_ram_3/memory_reg_0_0 (implemented as a block RAM) might be sub-optimal as no optional output register could be merged into the block ram. Providing additional output register may help in improving timing.
INFO: [Synth 8-4480] The timing for the instance cv32e40x_wrapper_i/dp_ram_3/memory_reg_0_0 (implemented as a block RAM) might be sub-optimal as no optional output register could be merged into the block ram. Providing additional output register may help in improving timing.
INFO: [Synth 8-4480] The timing for the instance cv32e40x_wrapper_i/dp_ram_3/memory_reg_0_1 (implemented as a block RAM) might be sub-optimal as no optional output register could be merged into the block ram. Providing additional output register may help in improving timing.
INFO: [Synth 8-4480] The timing for the instance cv32e40x_wrapper_i/dp_ram_3/memory_reg_0_1 (implemented as a block RAM) might be sub-optimal as no optional output register could be merged into the block ram. Providing additional output register may help in improving timing.
INFO: [Common 17-14] Message 'Synth 8-4480' appears 100 times and further instances of the messages will be disabled. Use the Tcl command set_msg_config to change the current settings.
---------------------------------------------------------------------------------
Finished Technology Mapping : Time (s): cpu = 00:01:34 ; elapsed = 00:01:41 . Memory (MB): peak = 1546.832 ; gain = 1234.379
---------------------------------------------------------------------------------

Report RTL Partitions: 
+-+--------------+------------+----------+
| |RTL Partition |Replication |Instances |
+-+--------------+------------+----------+
+-+--------------+------------+----------+
---------------------------------------------------------------------------------
Start IO Insertion
---------------------------------------------------------------------------------
---------------------------------------------------------------------------------
Start Final Netlist Cleanup
---------------------------------------------------------------------------------
INFO: [Synth 8-6064] Net p_4_in is driving 32 big block pins (URAM, BRAM and DSP loads). Created 4 replicas of its driver. 
INFO: [Synth 8-6064] Net p_0_in__0 is driving 32 big block pins (URAM, BRAM and DSP loads). Created 4 replicas of its driver. 
INFO: [Synth 8-6064] Net p_0_in__0 is driving 32 big block pins (URAM, BRAM and DSP loads). Created 4 replicas of its driver. 
INFO: [Synth 8-6064] Net p_0_in__0 is driving 32 big block pins (URAM, BRAM and DSP loads). Created 4 replicas of its driver. 
---------------------------------------------------------------------------------
Finished Final Netlist Cleanup
---------------------------------------------------------------------------------
---------------------------------------------------------------------------------
Finished IO Insertion : Time (s): cpu = 00:01:35 ; elapsed = 00:01:41 . Memory (MB): peak = 1546.832 ; gain = 1234.379
---------------------------------------------------------------------------------

Report Check Netlist: 
+------+------------------+-------+---------+-------+------------------+
|      |Item              |Errors |Warnings |Status |Description       |
+------+------------------+-------+---------+-------+------------------+
|1     |multi_driven_nets |      0|        0|Passed |Multi driven nets |
+------+------------------+-------+---------+-------+------------------+
---------------------------------------------------------------------------------
Start Renaming Generated Instances
---------------------------------------------------------------------------------
---------------------------------------------------------------------------------
Finished Renaming Generated Instances : Time (s): cpu = 00:01:35 ; elapsed = 00:01:41 . Memory (MB): peak = 1546.832 ; gain = 1234.379
---------------------------------------------------------------------------------

Report RTL Partitions: 
+-+--------------+------------+----------+
| |RTL Partition |Replication |Instances |
+-+--------------+------------+----------+
+-+--------------+------------+----------+
---------------------------------------------------------------------------------
Start Handling Custom Attributes
---------------------------------------------------------------------------------
---------------------------------------------------------------------------------
Finished Handling Custom Attributes : Time (s): cpu = 00:01:35 ; elapsed = 00:01:42 . Memory (MB): peak = 1546.832 ; gain = 1234.379
---------------------------------------------------------------------------------
---------------------------------------------------------------------------------
Start Writing Synthesis Report
---------------------------------------------------------------------------------

Report BlackBoxes: 
+-+--------------+----------+
| |BlackBox name |Instances |
+-+--------------+----------+
+-+--------------+----------+

Report Cell Usage: 
+------+------------+------+
|      |Cell        |Count |
+------+------------+------+
|1     |BUFG        |     1|
|2     |CARRY4      |   188|
|3     |DSP48E1     |     3|
|4     |LUT1        |    68|
|5     |LUT2        |   310|
|6     |LUT3        |   633|
|7     |LUT4        |   624|
|8     |LUT5        |   880|
|9     |LUT6        |  2121|
|10    |MUXF7       |   260|
|11    |RAMB36E1    |     1|
|12    |RAMB36E1_1  |     1|
|13    |RAMB36E1_10 |     1|
|14    |RAMB36E1_11 |     1|
|15    |RAMB36E1_12 |     1|
|16    |RAMB36E1_13 |     1|
|17    |RAMB36E1_14 |     1|
|18    |RAMB36E1_15 |     1|
|19    |RAMB36E1_16 |     1|
|20    |RAMB36E1_17 |     1|
|21    |RAMB36E1_18 |     1|
|22    |RAMB36E1_19 |     1|
|23    |RAMB36E1_2  |     1|
|24    |RAMB36E1_20 |     1|
|25    |RAMB36E1_21 |     1|
|26    |RAMB36E1_22 |     1|
|27    |RAMB36E1_23 |     1|
|28    |RAMB36E1_24 |     1|
|29    |RAMB36E1_25 |     1|
|30    |RAMB36E1_26 |     1|
|31    |RAMB36E1_27 |     1|
|32    |RAMB36E1_28 |     1|
|33    |RAMB36E1_29 |     1|
|34    |RAMB36E1_3  |     1|
|35    |RAMB36E1_30 |     1|
|36    |RAMB36E1_31 |     1|
|37    |RAMB36E1_4  |     1|
|38    |RAMB36E1_5  |     1|
|39    |RAMB36E1_6  |     1|
|40    |RAMB36E1_7  |     1|
|41    |RAMB36E1_8  |     1|
|42    |RAMB36E1_9  |     1|
|43    |FDCE        |  2270|
|44    |FDPE        |    43|
|45    |FDRE        |    38|
|46    |IBUF        |     3|
|47    |OBUF        |    33|
+------+------------+------+

Report Instance Areas: 
+------+----------------------------------------------------+-------------------------------+------+
|      |Instance                                            |Module                         |Cells |
+------+----------------------------------------------------+-------------------------------+------+
|1     |top                                                 |                               |  7507|
|2     |  cv32e40x_wrapper_i                                |cv32e40x_wrapper               |  7470|
|3     |    cv32e40x_core_i                                 |cv32e40x_core                  |  7253|
|4     |      sleep_unit_i                                  |cv32e40x_sleep_unit            |     2|
|5     |      if_stage_i                                    |cv32e40x_if_stage              |  1138|
|6     |        \gen_seq.sequencer_i                        |cv32e40x_sequencer             |   201|
|7     |        prefetch_unit_i                             |cv32e40x_prefetch_unit         |   468|
|8     |          prefetcher_i                              |cv32e40x_prefetcher            |    50|
|9     |          alignment_buffer_i                        |cv32e40x_alignment_buffer      |   418|
|10    |        mpu_i                                       |cv32e40x_mpu                   |    11|
|11    |        compressed_decoder_i                        |cv32e40x_compressed_decoder    |   204|
|12    |      id_stage_i                                    |cv32e40x_id_stage              |   719|
|13    |        cv32e40x_pc_target_i                        |cv32e40x_pc_target             |    61|
|14    |        decoder_i                                   |cv32e40x_decoder               |   206|
|15    |          \m_decoder.m_decoder_i                    |cv32e40x_m_decoder             |    13|
|16    |          i_decoder_i                               |cv32e40x_i_decoder             |   143|
|17    |      ex_stage_i                                    |cv32e40x_ex_stage              |  1471|
|18    |        \div.div_i                                  |cv32e40x_div                   |   438|
|19    |        \mul.mult_i                                 |cv32e40x_mult                  |   206|
|20    |        alu_i                                       |cv32e40x_alu                   |   606|
|21    |          ff_one_i                                  |cv32e40x_ff_one                |    29|
|22    |          alu_b_cpop_i                              |cv32e40x_alu_b_cpop            |    50|
|23    |      load_store_unit_i                             |cv32e40x_load_store_unit       |   327|
|24    |        \gen_wpt.wpt_i                              |cv32e40x_wpt                   |    10|
|25    |        mpu_i                                       |cv32e40x_mpu__parameterized0   |    13|
|26    |        response_filter_i                           |cv32e40x_lsu_response_filter   |     7|
|27    |      wb_stage_i                                    |cv32e40x_wb_stage              |    54|
|28    |      cs_registers_i                                |cv32e40x_cs_registers          |  1510|
|29    |        \gen_debug_csr.dscratch0_csr_i              |cv32e40x_csr__1                |    33|
|30    |        \gen_debug_csr.dscratch1_csr_i              |cv32e40x_csr__2                |    33|
|31    |        \gen_debug_csr.dcsr_csr_i                   |cv32e40x_csr__parameterized0   |     8|
|32    |        \gen_debug_csr.dpc_csr_i                    |cv32e40x_csr__3                |    32|
|33    |        \basic_mode_csrs.mcause_csr_i               |cv32e40x_csr__4                |    13|
|34    |        \basic_mode_csrs.mtvec_csr_i                |cv32e40x_csr__parameterized1   |    27|
|35    |        \basic_mode_csrs.mie_csr_i                  |cv32e40x_csr__5                |    20|
|36    |        jvt_csr_i                                   |cv32e40x_csr__6                |    27|
|37    |        mepc_csr_i                                  |cv32e40x_csr__7                |    32|
|38    |        mscratch_csr_i                              |cv32e40x_csr__8                |    33|
|39    |        mstatus_csr_i                               |cv32e40x_csr__parameterized2   |     3|
|40    |        debug_triggers_i                            |cv32e40x_debug_triggers        |   375|
|41    |          \gen_triggers.tmatch_csr[0].tdata1_csr_i  |cv32e40x_csr__parameterized3   |    13|
|42    |          \gen_triggers.tmatch_csr[0].tdata2_csr_i  |cv32e40x_csr                   |    33|
|43    |      controller_i                                  |cv32e40x_controller            |   170|
|44    |        controller_fsm_i                            |cv32e40x_controller_fsm        |   140|
|45    |        bypass_i                                    |cv32e40x_controller_bypass     |    30|
|46    |      register_file_wrapper_i                       |cv32e40x_register_file_wrapper |  1862|
|47    |        register_file_i                             |cv32e40x_register_file         |  1862|
|48    |    dp_ram_1                                        |dp_ram_1                       |    34|
|49    |    dp_ram_2                                        |dp_ram_2                       |    34|
|50    |    dp_ram_3                                        |dp_ram_3                       |    34|
|51    |    dp_ram_4                                        |dp_ram_4                       |    34|
+------+----------------------------------------------------+-------------------------------+------+
---------------------------------------------------------------------------------
Finished Writing Synthesis Report : Time (s): cpu = 00:01:35 ; elapsed = 00:01:42 . Memory (MB): peak = 1546.832 ; gain = 1234.379
---------------------------------------------------------------------------------
Synthesis finished with 0 errors, 0 critical warnings and 6577 warnings.
Synthesis Optimization Runtime : Time (s): cpu = 00:01:19 ; elapsed = 00:01:33 . Memory (MB): peak = 1546.832 ; gain = 1234.379
Synthesis Optimization Complete : Time (s): cpu = 00:01:36 ; elapsed = 00:01:42 . Memory (MB): peak = 1546.832 ; gain = 1234.379
INFO: [Project 1-571] Translating synthesized netlist
INFO: [Netlist 29-17] Analyzing 486 Unisim elements for replacement
INFO: [Netlist 29-28] Unisim Transformation completed in 0 CPU seconds
INFO: [Project 1-570] Preparing netlist for logic optimization
INFO: [Opt 31-138] Pushed 0 inverter(s) to 0 load pin(s).
INFO: [Project 1-111] Unisim Transformation Summary:
No Unisim elements were transformed.

INFO: [Common 17-83] Releasing license: Synthesis
626 Infos, 359 Warnings, 0 Critical Warnings and 0 Errors encountered.
synth_design completed successfully
synth_design: Time (s): cpu = 00:01:39 ; elapsed = 00:01:45 . Memory (MB): peak = 1546.832 ; gain = 1247.207
WARNING: [Constraints 18-5210] No constraint will be written out.
INFO: [Common 17-1381] The checkpoint 'C:/Users/aamalik3/Desktop/ICAP_Readback/Benchmarks/RISC_RTL_Project/RISC_RTL_Project.runs/synth_1/RISC_BENCHMARK_IP.dcp' has been generated.
INFO: [runtcl-4] Executing : report_utilization -file RISC_BENCHMARK_IP_utilization_synth.rpt -pb RISC_BENCHMARK_IP_utilization_synth.pb
report_utilization: Time (s): cpu = 00:00:00 ; elapsed = 00:00:00.051 . Memory (MB): peak = 1546.832 ; gain = 0.000
INFO: [Common 17-206] Exiting Vivado at Tue Feb 27 13:29:20 2024...
