12:25:14 **** Build of project Benchmarking_bsp ****
make -k all 
"Running Make include in ps7_cortexa9_0/libsrc/coresightps_dcc_v1_4/src"
make -C ps7_cortexa9_0/libsrc/coresightps_dcc_v1_4/src -s include  "SHELL=CMD" "COMPILER=arm-none-eabi-gcc" "ARCHIVER=arm-none-eabi-ar" "COMPILER_FLAGS=  -O2 -c" "EXTRA_COMPILER_FLAGS=-mcpu=cortex-a9 -mfpu=vfpv3 -mfloat-abi=hard -nostartfiles -g -Wall -Wextra"
"Running Make include in ps7_cortexa9_0/libsrc/cpu_cortexa9_v2_6/src"
make -C ps7_cortexa9_0/libsrc/cpu_cortexa9_v2_6/src -s include  "SHELL=CMD" "COMPILER=arm-none-eabi-gcc" "ARCHIVER=arm-none-eabi-ar" "COMPILER_FLAGS=  -O2 -c" "EXTRA_COMPILER_FLAGS=-mcpu=cortex-a9 -mfpu=vfpv3 -mfloat-abi=hard -nostartfiles -g -Wall -Wextra"
"Running Make include in ps7_cortexa9_0/libsrc/ddrps_v1_0/src"
make -C ps7_cortexa9_0/libsrc/ddrps_v1_0/src -s include  "SHELL=CMD" "COMPILER=arm-none-eabi-gcc" "ARCHIVER=arm-none-eabi-ar" "COMPILER_FLAGS=  -O2 -c" "EXTRA_COMPILER_FLAGS=-mcpu=cortex-a9 -mfpu=vfpv3 -mfloat-abi=hard -nostartfiles -g -Wall -Wextra"
"Running Make include in ps7_cortexa9_0/libsrc/devcfg_v3_5/src"
make -C ps7_cortexa9_0/libsrc/devcfg_v3_5/src -s include  "SHELL=CMD" "COMPILER=arm-none-eabi-gcc" "ARCHIVER=arm-none-eabi-ar" "COMPILER_FLAGS=  -O2 -c" "EXTRA_COMPILER_FLAGS=-mcpu=cortex-a9 -mfpu=vfpv3 -mfloat-abi=hard -nostartfiles -g -Wall -Wextra"
"Running Make include in ps7_cortexa9_0/libsrc/dmaps_v2_3/src"
make -C ps7_cortexa9_0/libsrc/dmaps_v2_3/src -s include  "SHELL=CMD" "COMPILER=arm-none-eabi-gcc" "ARCHIVER=arm-none-eabi-ar" "COMPILER_FLAGS=  -O2 -c" "EXTRA_COMPILER_FLAGS=-mcpu=cortex-a9 -mfpu=vfpv3 -mfloat-abi=hard -nostartfiles -g -Wall -Wextra"
"Running Make include in ps7_cortexa9_0/libsrc/gpio_v4_3/src"
make -C ps7_cortexa9_0/libsrc/gpio_v4_3/src -s include  "SHELL=CMD" "COMPILER=arm-none-eabi-gcc" "ARCHIVER=arm-none-eabi-ar" "COMPILER_FLAGS=  -O2 -c" "EXTRA_COMPILER_FLAGS=-mcpu=cortex-a9 -mfpu=vfpv3 -mfloat-abi=hard -nostartfiles -g -Wall -Wextra"
"Running Make include in ps7_cortexa9_0/libsrc/scugic_v3_9/src"
make -C ps7_cortexa9_0/libsrc/scugic_v3_9/src -s include  "SHELL=CMD" "COMPILER=arm-none-eabi-gcc" "ARCHIVER=arm-none-eabi-ar" "COMPILER_FLAGS=  -O2 -c" "EXTRA_COMPILER_FLAGS=-mcpu=cortex-a9 -mfpu=vfpv3 -mfloat-abi=hard -nostartfiles -g -Wall -Wextra"
"Running Make include in ps7_cortexa9_0/libsrc/scutimer_v2_1/src"
make -C ps7_cortexa9_0/libsrc/scutimer_v2_1/src -s include  "SHELL=CMD" "COMPILER=arm-none-eabi-gcc" "ARCHIVER=arm-none-eabi-ar" "COMPILER_FLAGS=  -O2 -c" "EXTRA_COMPILER_FLAGS=-mcpu=cortex-a9 -mfpu=vfpv3 -mfloat-abi=hard -nostartfiles -g -Wall -Wextra"
"Running Make include in ps7_cortexa9_0/libsrc/scuwdt_v2_1/src"
make -C ps7_cortexa9_0/libsrc/scuwdt_v2_1/src -s include  "SHELL=CMD" "COMPILER=arm-none-eabi-gcc" "ARCHIVER=arm-none-eabi-ar" "COMPILER_FLAGS=  -O2 -c" "EXTRA_COMPILER_FLAGS=-mcpu=cortex-a9 -mfpu=vfpv3 -mfloat-abi=hard -nostartfiles -g -Wall -Wextra"
"Running Make include in ps7_cortexa9_0/libsrc/sdps_v3_5/src"
make -C ps7_cortexa9_0/libsrc/sdps_v3_5/src -s include  "SHELL=CMD" "COMPILER=arm-none-eabi-gcc" "ARCHIVER=arm-none-eabi-ar" "COMPILER_FLAGS=  -O2 -c" "EXTRA_COMPILER_FLAGS=-mcpu=cortex-a9 -mfpu=vfpv3 -mfloat-abi=hard -nostartfiles -g -Wall -Wextra"
"Running Make include in ps7_cortexa9_0/libsrc/standalone_v6_7/src"
make -C ps7_cortexa9_0/libsrc/standalone_v6_7/src -s include  "SHELL=CMD" "COMPILER=arm-none-eabi-gcc" "ARCHIVER=arm-none-eabi-ar" "COMPILER_FLAGS=  -O2 -c" "EXTRA_COMPILER_FLAGS=-mcpu=cortex-a9 -mfpu=vfpv3 -mfloat-abi=hard -nostartfiles -g -Wall -Wextra"
"Running Make include in ps7_cortexa9_0/libsrc/uartps_v3_6/src"
make -C ps7_cortexa9_0/libsrc/uartps_v3_6/src -s include  "SHELL=CMD" "COMPILER=arm-none-eabi-gcc" "ARCHIVER=arm-none-eabi-ar" "COMPILER_FLAGS=  -O2 -c" "EXTRA_COMPILER_FLAGS=-mcpu=cortex-a9 -mfpu=vfpv3 -mfloat-abi=hard -nostartfiles -g -Wall -Wextra"
"Running Make include in ps7_cortexa9_0/libsrc/xadcps_v2_2/src"
make -C ps7_cortexa9_0/libsrc/xadcps_v2_2/src -s include  "SHELL=CMD" "COMPILER=arm-none-eabi-gcc" "ARCHIVER=arm-none-eabi-ar" "COMPILER_FLAGS=  -O2 -c" "EXTRA_COMPILER_FLAGS=-mcpu=cortex-a9 -mfpu=vfpv3 -mfloat-abi=hard -nostartfiles -g -Wall -Wextra"
"Running Make libs in ps7_cortexa9_0/libsrc/coresightps_dcc_v1_4/src"
make -C ps7_cortexa9_0/libsrc/coresightps_dcc_v1_4/src -s libs  "SHELL=CMD" "COMPILER=arm-none-eabi-gcc" "ARCHIVER=arm-none-eabi-ar" "COMPILER_FLAGS=  -O2 -c" "EXTRA_COMPILER_FLAGS=-mcpu=cortex-a9 -mfpu=vfpv3 -mfloat-abi=hard -nostartfiles -g -Wall -Wextra"
"Compiling coresightps_dcc"
arm-none-eabi-ar: creating ../../../lib/libxil.a
"Running Make libs in ps7_cortexa9_0/libsrc/cpu_cortexa9_v2_6/src"
make -C ps7_cortexa9_0/libsrc/cpu_cortexa9_v2_6/src -s libs  "SHELL=CMD" "COMPILER=arm-none-eabi-gcc" "ARCHIVER=arm-none-eabi-ar" "COMPILER_FLAGS=  -O2 -c" "EXTRA_COMPILER_FLAGS=-mcpu=cortex-a9 -mfpu=vfpv3 -mfloat-abi=hard -nostartfiles -g -Wall -Wextra"
"Compiling cpu_cortexa9"
"Running Make libs in ps7_cortexa9_0/libsrc/ddrps_v1_0/src"
make -C ps7_cortexa9_0/libsrc/ddrps_v1_0/src -s libs  "SHELL=CMD" "COMPILER=arm-none-eabi-gcc" "ARCHIVER=arm-none-eabi-ar" "COMPILER_FLAGS=  -O2 -c" "EXTRA_COMPILER_FLAGS=-mcpu=cortex-a9 -mfpu=vfpv3 -mfloat-abi=hard -nostartfiles -g -Wall -Wextra"
"Compiling ddrps"
"Running Make libs in ps7_cortexa9_0/libsrc/devcfg_v3_5/src"
make -C ps7_cortexa9_0/libsrc/devcfg_v3_5/src -s libs  "SHELL=CMD" "COMPILER=arm-none-eabi-gcc" "ARCHIVER=arm-none-eabi-ar" "COMPILER_FLAGS=  -O2 -c" "EXTRA_COMPILER_FLAGS=-mcpu=cortex-a9 -mfpu=vfpv3 -mfloat-abi=hard -nostartfiles -g -Wall -Wextra"
"Compiling devcfg"
"Running Make libs in ps7_cortexa9_0/libsrc/dmaps_v2_3/src"
make -C ps7_cortexa9_0/libsrc/dmaps_v2_3/src -s libs  "SHELL=CMD" "COMPILER=arm-none-eabi-gcc" "ARCHIVER=arm-none-eabi-ar" "COMPILER_FLAGS=  -O2 -c" "EXTRA_COMPILER_FLAGS=-mcpu=cortex-a9 -mfpu=vfpv3 -mfloat-abi=hard -nostartfiles -g -Wall -Wextra"
"Compiling dmaps"
"Running Make libs in ps7_cortexa9_0/libsrc/gpio_v4_3/src"
make -C ps7_cortexa9_0/libsrc/gpio_v4_3/src -s libs  "SHELL=CMD" "COMPILER=arm-none-eabi-gcc" "ARCHIVER=arm-none-eabi-ar" "COMPILER_FLAGS=  -O2 -c" "EXTRA_COMPILER_FLAGS=-mcpu=cortex-a9 -mfpu=vfpv3 -mfloat-abi=hard -nostartfiles -g -Wall -Wextra"
"Compiling gpio"
"Running Make libs in ps7_cortexa9_0/libsrc/scugic_v3_9/src"
make -C ps7_cortexa9_0/libsrc/scugic_v3_9/src -s libs  "SHELL=CMD" "COMPILER=arm-none-eabi-gcc" "ARCHIVER=arm-none-eabi-ar" "COMPILER_FLAGS=  -O2 -c" "EXTRA_COMPILER_FLAGS=-mcpu=cortex-a9 -mfpu=vfpv3 -mfloat-abi=hard -nostartfiles -g -Wall -Wextra"
"Compiling scugic"
"Running Make libs in ps7_cortexa9_0/libsrc/scutimer_v2_1/src"
make -C ps7_cortexa9_0/libsrc/scutimer_v2_1/src -s libs  "SHELL=CMD" "COMPILER=arm-none-eabi-gcc" "ARCHIVER=arm-none-eabi-ar" "COMPILER_FLAGS=  -O2 -c" "EXTRA_COMPILER_FLAGS=-mcpu=cortex-a9 -mfpu=vfpv3 -mfloat-abi=hard -nostartfiles -g -Wall -Wextra"
"Compiling scutimer"
"Running Make libs in ps7_cortexa9_0/libsrc/scuwdt_v2_1/src"
make -C ps7_cortexa9_0/libsrc/scuwdt_v2_1/src -s libs  "SHELL=CMD" "COMPILER=arm-none-eabi-gcc" "ARCHIVER=arm-none-eabi-ar" "COMPILER_FLAGS=  -O2 -c" "EXTRA_COMPILER_FLAGS=-mcpu=cortex-a9 -mfpu=vfpv3 -mfloat-abi=hard -nostartfiles -g -Wall -Wextra"
"Compiling scuwdt"
"Running Make libs in ps7_cortexa9_0/libsrc/sdps_v3_5/src"
make -C ps7_cortexa9_0/libsrc/sdps_v3_5/src -s libs  "SHELL=CMD" "COMPILER=arm-none-eabi-gcc" "ARCHIVER=arm-none-eabi-ar" "COMPILER_FLAGS=  -O2 -c" "EXTRA_COMPILER_FLAGS=-mcpu=cortex-a9 -mfpu=vfpv3 -mfloat-abi=hard -nostartfiles -g -Wall -Wextra"
"Compiling sdps"
"Running Make libs in ps7_cortexa9_0/libsrc/standalone_v6_7/src"
make -C ps7_cortexa9_0/libsrc/standalone_v6_7/src -s libs  "SHELL=CMD" "COMPILER=arm-none-eabi-gcc" "ARCHIVER=arm-none-eabi-ar" "COMPILER_FLAGS=  -O2 -c" "EXTRA_COMPILER_FLAGS=-mcpu=cortex-a9 -mfpu=vfpv3 -mfloat-abi=hard -nostartfiles -g -Wall -Wextra"
"Compiling standalone"
In file included from sleep.c:57:0:
xtime_l.h:89:9: note: #pragma message: For the sleep routines, Global timer is being used
 #pragma message ("For the sleep routines, Global timer is being used")
         ^~~~~~~
In file included from usleep.c:60:0:
xtime_l.h:89:9: note: #pragma message: For the sleep routines, Global timer is being used
 #pragma message ("For the sleep routines, Global timer is being used")
         ^~~~~~~
In file included from xil_sleeptimer.c:55:0:
xtime_l.h:89:9: note: #pragma message: For the sleep routines, Global timer is being used
 #pragma message ("For the sleep routines, Global timer is being used")
         ^~~~~~~
In file included from xtime_l.c:53:0:
xtime_l.h:89:9: note: #pragma message: For the sleep routines, Global timer is being used
 #pragma message ("For the sleep routines, Global timer is being used")
         ^~~~~~~
"Running Make libs in ps7_cortexa9_0/libsrc/uartps_v3_6/src"
make -C ps7_cortexa9_0/libsrc/uartps_v3_6/src -s libs  "SHELL=CMD" "COMPILER=arm-none-eabi-gcc" "ARCHIVER=arm-none-eabi-ar" "COMPILER_FLAGS=  -O2 -c" "EXTRA_COMPILER_FLAGS=-mcpu=cortex-a9 -mfpu=vfpv3 -mfloat-abi=hard -nostartfiles -g -Wall -Wextra"
"Compiling uartps"
"Running Make libs in ps7_cortexa9_0/libsrc/xadcps_v2_2/src"
make -C ps7_cortexa9_0/libsrc/xadcps_v2_2/src -s libs  "SHELL=CMD" "COMPILER=arm-none-eabi-gcc" "ARCHIVER=arm-none-eabi-ar" "COMPILER_FLAGS=  -O2 -c" "EXTRA_COMPILER_FLAGS=-mcpu=cortex-a9 -mfpu=vfpv3 -mfloat-abi=hard -nostartfiles -g -Wall -Wextra"
"Compiling xadcps"
'Finished building libraries'

**** Build of configuration Debug for project Benchmarking ****

Nothing to build for project Benchmarking
12:25:39 **** Auto Build of project Benchmarking_bsp ****
make -k all 
"Running Make include in ps7_cortexa9_0/libsrc/coresightps_dcc_v1_4/src"
make -C ps7_cortexa9_0/libsrc/coresightps_dcc_v1_4/src -s include  "SHELL=CMD" "COMPILER=arm-none-eabi-gcc" "ARCHIVER=arm-none-eabi-ar" "COMPILER_FLAGS=  -O2 -c" "EXTRA_COMPILER_FLAGS=-mcpu=cortex-a9 -mfpu=vfpv3 -mfloat-abi=hard -nostartfiles -g -Wall -Wextra"
"Running Make include in ps7_cortexa9_0/libsrc/cpu_cortexa9_v2_6/src"
make -C ps7_cortexa9_0/libsrc/cpu_cortexa9_v2_6/src -s include  "SHELL=CMD" "COMPILER=arm-none-eabi-gcc" "ARCHIVER=arm-none-eabi-ar" "COMPILER_FLAGS=  -O2 -c" "EXTRA_COMPILER_FLAGS=-mcpu=cortex-a9 -mfpu=vfpv3 -mfloat-abi=hard -nostartfiles -g -Wall -Wextra"
"Running Make include in ps7_cortexa9_0/libsrc/ddrps_v1_0/src"
make -C ps7_cortexa9_0/libsrc/ddrps_v1_0/src -s include  "SHELL=CMD" "COMPILER=arm-none-eabi-gcc" "ARCHIVER=arm-none-eabi-ar" "COMPILER_FLAGS=  -O2 -c" "EXTRA_COMPILER_FLAGS=-mcpu=cortex-a9 -mfpu=vfpv3 -mfloat-abi=hard -nostartfiles -g -Wall -Wextra"
"Running Make include in ps7_cortexa9_0/libsrc/devcfg_v3_5/src"
make -C ps7_cortexa9_0/libsrc/devcfg_v3_5/src -s include  "SHELL=CMD" "COMPILER=arm-none-eabi-gcc" "ARCHIVER=arm-none-eabi-ar" "COMPILER_FLAGS=  -O2 -c" "EXTRA_COMPILER_FLAGS=-mcpu=cortex-a9 -mfpu=vfpv3 -mfloat-abi=hard -nostartfiles -g -Wall -Wextra"
"Running Make include in ps7_cortexa9_0/libsrc/dmaps_v2_3/src"
make -C ps7_cortexa9_0/libsrc/dmaps_v2_3/src -s include  "SHELL=CMD" "COMPILER=arm-none-eabi-gcc" "ARCHIVER=arm-none-eabi-ar" "COMPILER_FLAGS=  -O2 -c" "EXTRA_COMPILER_FLAGS=-mcpu=cortex-a9 -mfpu=vfpv3 -mfloat-abi=hard -nostartfiles -g -Wall -Wextra"
"Running Make include in ps7_cortexa9_0/libsrc/gpio_v4_3/src"
make -C ps7_cortexa9_0/libsrc/gpio_v4_3/src -s include  "SHELL=CMD" "COMPILER=arm-none-eabi-gcc" "ARCHIVER=arm-none-eabi-ar" "COMPILER_FLAGS=  -O2 -c" "EXTRA_COMPILER_FLAGS=-mcpu=cortex-a9 -mfpu=vfpv3 -mfloat-abi=hard -nostartfiles -g -Wall -Wextra"
"Running Make include in ps7_cortexa9_0/libsrc/scugic_v3_9/src"
make -C ps7_cortexa9_0/libsrc/scugic_v3_9/src -s include  "SHELL=CMD" "COMPILER=arm-none-eabi-gcc" "ARCHIVER=arm-none-eabi-ar" "COMPILER_FLAGS=  -O2 -c" "EXTRA_COMPILER_FLAGS=-mcpu=cortex-a9 -mfpu=vfpv3 -mfloat-abi=hard -nostartfiles -g -Wall -Wextra"
"Running Make include in ps7_cortexa9_0/libsrc/scutimer_v2_1/src"
make -C ps7_cortexa9_0/libsrc/scutimer_v2_1/src -s include  "SHELL=CMD" "COMPILER=arm-none-eabi-gcc" "ARCHIVER=arm-none-eabi-ar" "COMPILER_FLAGS=  -O2 -c" "EXTRA_COMPILER_FLAGS=-mcpu=cortex-a9 -mfpu=vfpv3 -mfloat-abi=hard -nostartfiles -g -Wall -Wextra"
"Running Make include in ps7_cortexa9_0/libsrc/scuwdt_v2_1/src"
make -C ps7_cortexa9_0/libsrc/scuwdt_v2_1/src -s include  "SHELL=CMD" "COMPILER=arm-none-eabi-gcc" "ARCHIVER=arm-none-eabi-ar" "COMPILER_FLAGS=  -O2 -c" "EXTRA_COMPILER_FLAGS=-mcpu=cortex-a9 -mfpu=vfpv3 -mfloat-abi=hard -nostartfiles -g -Wall -Wextra"
"Running Make include in ps7_cortexa9_0/libsrc/sdps_v3_5/src"
make -C ps7_cortexa9_0/libsrc/sdps_v3_5/src -s include  "SHELL=CMD" "COMPILER=arm-none-eabi-gcc" "ARCHIVER=arm-none-eabi-ar" "COMPILER_FLAGS=  -O2 -c" "EXTRA_COMPILER_FLAGS=-mcpu=cortex-a9 -mfpu=vfpv3 -mfloat-abi=hard -nostartfiles -g -Wall -Wextra"
"Running Make include in ps7_cortexa9_0/libsrc/standalone_v6_7/src"
make -C ps7_cortexa9_0/libsrc/standalone_v6_7/src -s include  "SHELL=CMD" "COMPILER=arm-none-eabi-gcc" "ARCHIVER=arm-none-eabi-ar" "COMPILER_FLAGS=  -O2 -c" "EXTRA_COMPILER_FLAGS=-mcpu=cortex-a9 -mfpu=vfpv3 -mfloat-abi=hard -nostartfiles -g -Wall -Wextra"
"Running Make include in ps7_cortexa9_0/libsrc/uartps_v3_6/src"
make -C ps7_cortexa9_0/libsrc/uartps_v3_6/src -s include  "SHELL=CMD" "COMPILER=arm-none-eabi-gcc" "ARCHIVER=arm-none-eabi-ar" "COMPILER_FLAGS=  -O2 -c" "EXTRA_COMPILER_FLAGS=-mcpu=cortex-a9 -mfpu=vfpv3 -mfloat-abi=hard -nostartfiles -g -Wall -Wextra"
"Running Make include in ps7_cortexa9_0/libsrc/xadcps_v2_2/src"
make -C ps7_cortexa9_0/libsrc/xadcps_v2_2/src -s include  "SHELL=CMD" "COMPILER=arm-none-eabi-gcc" "ARCHIVER=arm-none-eabi-ar" "COMPILER_FLAGS=  -O2 -c" "EXTRA_COMPILER_FLAGS=-mcpu=cortex-a9 -mfpu=vfpv3 -mfloat-abi=hard -nostartfiles -g -Wall -Wextra"
"Running Make include in ps7_cortexa9_0/libsrc/xilffs_v3_9/src"
make -C ps7_cortexa9_0/libsrc/xilffs_v3_9/src -s include  "SHELL=CMD" "COMPILER=arm-none-eabi-gcc" "ARCHIVER=arm-none-eabi-ar" "COMPILER_FLAGS=  -O2 -c" "EXTRA_COMPILER_FLAGS=-mcpu=cortex-a9 -mfpu=vfpv3 -mfloat-abi=hard -nostartfiles -g -Wall -Wextra"
"Running Make include in ps7_cortexa9_0/libsrc/xilmfs_v2_3/src"
make -C ps7_cortexa9_0/libsrc/xilmfs_v2_3/src -s include  "SHELL=CMD" "COMPILER=arm-none-eabi-gcc" "ARCHIVER=arm-none-eabi-ar" "COMPILER_FLAGS=  -O2 -c" "EXTRA_COMPILER_FLAGS=-mcpu=cortex-a9 -mfpu=vfpv3 -mfloat-abi=hard -nostartfiles -g -Wall -Wextra"
"Running Make libs in ps7_cortexa9_0/libsrc/coresightps_dcc_v1_4/src"
make -C ps7_cortexa9_0/libsrc/coresightps_dcc_v1_4/src -s libs  "SHELL=CMD" "COMPILER=arm-none-eabi-gcc" "ARCHIVER=arm-none-eabi-ar" "COMPILER_FLAGS=  -O2 -c" "EXTRA_COMPILER_FLAGS=-mcpu=cortex-a9 -mfpu=vfpv3 -mfloat-abi=hard -nostartfiles -g -Wall -Wextra"
"Compiling coresightps_dcc"
arm-none-eabi-ar: creating ../../../lib/libxil.a
"Running Make libs in ps7_cortexa9_0/libsrc/cpu_cortexa9_v2_6/src"
make -C ps7_cortexa9_0/libsrc/cpu_cortexa9_v2_6/src -s libs  "SHELL=CMD" "COMPILER=arm-none-eabi-gcc" "ARCHIVER=arm-none-eabi-ar" "COMPILER_FLAGS=  -O2 -c" "EXTRA_COMPILER_FLAGS=-mcpu=cortex-a9 -mfpu=vfpv3 -mfloat-abi=hard -nostartfiles -g -Wall -Wextra"
"Compiling cpu_cortexa9"
"Running Make libs in ps7_cortexa9_0/libsrc/ddrps_v1_0/src"
make -C ps7_cortexa9_0/libsrc/ddrps_v1_0/src -s libs  "SHELL=CMD" "COMPILER=arm-none-eabi-gcc" "ARCHIVER=arm-none-eabi-ar" "COMPILER_FLAGS=  -O2 -c" "EXTRA_COMPILER_FLAGS=-mcpu=cortex-a9 -mfpu=vfpv3 -mfloat-abi=hard -nostartfiles -g -Wall -Wextra"
"Compiling ddrps"
"Running Make libs in ps7_cortexa9_0/libsrc/devcfg_v3_5/src"
make -C ps7_cortexa9_0/libsrc/devcfg_v3_5/src -s libs  "SHELL=CMD" "COMPILER=arm-none-eabi-gcc" "ARCHIVER=arm-none-eabi-ar" "COMPILER_FLAGS=  -O2 -c" "EXTRA_COMPILER_FLAGS=-mcpu=cortex-a9 -mfpu=vfpv3 -mfloat-abi=hard -nostartfiles -g -Wall -Wextra"
"Compiling devcfg"
"Running Make libs in ps7_cortexa9_0/libsrc/dmaps_v2_3/src"
make -C ps7_cortexa9_0/libsrc/dmaps_v2_3/src -s libs  "SHELL=CMD" "COMPILER=arm-none-eabi-gcc" "ARCHIVER=arm-none-eabi-ar" "COMPILER_FLAGS=  -O2 -c" "EXTRA_COMPILER_FLAGS=-mcpu=cortex-a9 -mfpu=vfpv3 -mfloat-abi=hard -nostartfiles -g -Wall -Wextra"
"Compiling dmaps"
"Running Make libs in ps7_cortexa9_0/libsrc/gpio_v4_3/src"
make -C ps7_cortexa9_0/libsrc/gpio_v4_3/src -s libs  "SHELL=CMD" "COMPILER=arm-none-eabi-gcc" "ARCHIVER=arm-none-eabi-ar" "COMPILER_FLAGS=  -O2 -c" "EXTRA_COMPILER_FLAGS=-mcpu=cortex-a9 -mfpu=vfpv3 -mfloat-abi=hard -nostartfiles -g -Wall -Wextra"
"Compiling gpio"
"Running Make libs in ps7_cortexa9_0/libsrc/scugic_v3_9/src"
make -C ps7_cortexa9_0/libsrc/scugic_v3_9/src -s libs  "SHELL=CMD" "COMPILER=arm-none-eabi-gcc" "ARCHIVER=arm-none-eabi-ar" "COMPILER_FLAGS=  -O2 -c" "EXTRA_COMPILER_FLAGS=-mcpu=cortex-a9 -mfpu=vfpv3 -mfloat-abi=hard -nostartfiles -g -Wall -Wextra"
"Compiling scugic"
"Running Make libs in ps7_cortexa9_0/libsrc/scutimer_v2_1/src"
make -C ps7_cortexa9_0/libsrc/scutimer_v2_1/src -s libs  "SHELL=CMD" "COMPILER=arm-none-eabi-gcc" "ARCHIVER=arm-none-eabi-ar" "COMPILER_FLAGS=  -O2 -c" "EXTRA_COMPILER_FLAGS=-mcpu=cortex-a9 -mfpu=vfpv3 -mfloat-abi=hard -nostartfiles -g -Wall -Wextra"
"Compiling scutimer"
"Running Make libs in ps7_cortexa9_0/libsrc/scuwdt_v2_1/src"
make -C ps7_cortexa9_0/libsrc/scuwdt_v2_1/src -s libs  "SHELL=CMD" "COMPILER=arm-none-eabi-gcc" "ARCHIVER=arm-none-eabi-ar" "COMPILER_FLAGS=  -O2 -c" "EXTRA_COMPILER_FLAGS=-mcpu=cortex-a9 -mfpu=vfpv3 -mfloat-abi=hard -nostartfiles -g -Wall -Wextra"
"Compiling scuwdt"
"Running Make libs in ps7_cortexa9_0/libsrc/sdps_v3_5/src"
make -C ps7_cortexa9_0/libsrc/sdps_v3_5/src -s libs  "SHELL=CMD" "COMPILER=arm-none-eabi-gcc" "ARCHIVER=arm-none-eabi-ar" "COMPILER_FLAGS=  -O2 -c" "EXTRA_COMPILER_FLAGS=-mcpu=cortex-a9 -mfpu=vfpv3 -mfloat-abi=hard -nostartfiles -g -Wall -Wextra"
"Compiling sdps"
"Running Make libs in ps7_cortexa9_0/libsrc/standalone_v6_7/src"
make -C ps7_cortexa9_0/libsrc/standalone_v6_7/src -s libs  "SHELL=CMD" "COMPILER=arm-none-eabi-gcc" "ARCHIVER=arm-none-eabi-ar" "COMPILER_FLAGS=  -O2 -c" "EXTRA_COMPILER_FLAGS=-mcpu=cortex-a9 -mfpu=vfpv3 -mfloat-abi=hard -nostartfiles -g -Wall -Wextra"
"Compiling standalone"
In file included from sleep.c:57:0:
xtime_l.h:89:9: note: #pragma message: For the sleep routines, Global timer is being used
 #pragma message ("For the sleep routines, Global timer is being used")
         ^~~~~~~
In file included from usleep.c:60:0:
xtime_l.h:89:9: note: #pragma message: For the sleep routines, Global timer is being used
 #pragma message ("For the sleep routines, Global timer is being used")
         ^~~~~~~
In file included from xil_sleeptimer.c:55:0:
xtime_l.h:89:9: note: #pragma message: For the sleep routines, Global timer is being used
 #pragma message ("For the sleep routines, Global timer is being used")
         ^~~~~~~
In file included from xtime_l.c:53:0:
xtime_l.h:89:9: note: #pragma message: For the sleep routines, Global timer is being used
 #pragma message ("For the sleep routines, Global timer is being used")
         ^~~~~~~
"Running Make libs in ps7_cortexa9_0/libsrc/uartps_v3_6/src"
make -C ps7_cortexa9_0/libsrc/uartps_v3_6/src -s libs  "SHELL=CMD" "COMPILER=arm-none-eabi-gcc" "ARCHIVER=arm-none-eabi-ar" "COMPILER_FLAGS=  -O2 -c" "EXTRA_COMPILER_FLAGS=-mcpu=cortex-a9 -mfpu=vfpv3 -mfloat-abi=hard -nostartfiles -g -Wall -Wextra"
"Compiling uartps"
"Running Make libs in ps7_cortexa9_0/libsrc/xadcps_v2_2/src"
make -C ps7_cortexa9_0/libsrc/xadcps_v2_2/src -s libs  "SHELL=CMD" "COMPILER=arm-none-eabi-gcc" "ARCHIVER=arm-none-eabi-ar" "COMPILER_FLAGS=  -O2 -c" "EXTRA_COMPILER_FLAGS=-mcpu=cortex-a9 -mfpu=vfpv3 -mfloat-abi=hard -nostartfiles -g -Wall -Wextra"
"Compiling xadcps"
"Running Make libs in ps7_cortexa9_0/libsrc/xilffs_v3_9/src"
make -C ps7_cortexa9_0/libsrc/xilffs_v3_9/src -s libs  "SHELL=CMD" "COMPILER=arm-none-eabi-gcc" "ARCHIVER=arm-none-eabi-ar" "COMPILER_FLAGS=  -O2 -c" "EXTRA_COMPILER_FLAGS=-mcpu=cortex-a9 -mfpu=vfpv3 -mfloat-abi=hard -nostartfiles -g -Wall -Wextra"
"Compiling XilFFs Library"
"Running Make libs in ps7_cortexa9_0/libsrc/xilmfs_v2_3/src"
make -C ps7_cortexa9_0/libsrc/xilmfs_v2_3/src -s libs  "SHELL=CMD" "COMPILER=arm-none-eabi-gcc" "ARCHIVER=arm-none-eabi-ar" "COMPILER_FLAGS=  -O2 -c" "EXTRA_COMPILER_FLAGS=-mcpu=cortex-a9 -mfpu=vfpv3 -mfloat-abi=hard -nostartfiles -g -Wall -Wextra"
"Compiling XilMFS Library"
mfs_filesys.c: In function 'mfs_file_lseek':
mfs_filesys.c:1010:16: warning: comparison between signed and unsigned integer expressions [-Wsign-compare]
     if (offset >= mfs_file_system[mfs_open_files[fd].first_block].block_size) { /* attempting to seek beyond end of file */
                ^~
'Finished building libraries'

****  of configuration Debug for project Benchmarking ****

Nothing to build for project Benchmarking
12:26:28 **** Auto Build of configuration Debug for project Benchmarking ****
make pre-build main-build 
a9-linaro-pre-build-step
' '
'Building file: ../src/main.c'
'Invoking: ARM v7 gcc compiler'
arm-none-eabi-gcc -Wall -O0 -g3 -c -fmessage-length=0 -MT"src/main.o" -mcpu=cortex-a9 -mfpu=vfpv3 -mfloat-abi=hard -I../../Benchmarking_bsp/ps7_cortexa9_0/include -MMD -MP -MF"src/main.d" -MT"src/main.o" -o "src/main.o" "../src/main.c"
../src/main.c:51:10: fatal error: platform.h: No such file or directory
 #include "platform.h"
          ^~~~~~~~~~~~
compilation terminated.
make: *** [src/main.o] Error 1
12:27:00 **** Build of project Benchmark_bsp ****
make -k all 
"Running Make include in ps7_cortexa9_0/libsrc/coresightps_dcc_v1_4/src"
make -C ps7_cortexa9_0/libsrc/coresightps_dcc_v1_4/src -s include  "SHELL=CMD" "COMPILER=arm-none-eabi-gcc" "ARCHIVER=arm-none-eabi-ar" "COMPILER_FLAGS=  -O2 -c" "EXTRA_COMPILER_FLAGS=-mcpu=cortex-a9 -mfpu=vfpv3 -mfloat-abi=hard -nostartfiles -g -Wall -Wextra"
"Running Make include in ps7_cortexa9_0/libsrc/cpu_cortexa9_v2_6/src"
make -C ps7_cortexa9_0/libsrc/cpu_cortexa9_v2_6/src -s include  "SHELL=CMD" "COMPILER=arm-none-eabi-gcc" "ARCHIVER=arm-none-eabi-ar" "COMPILER_FLAGS=  -O2 -c" "EXTRA_COMPILER_FLAGS=-mcpu=cortex-a9 -mfpu=vfpv3 -mfloat-abi=hard -nostartfiles -g -Wall -Wextra"
"Running Make include in ps7_cortexa9_0/libsrc/ddrps_v1_0/src"
make -C ps7_cortexa9_0/libsrc/ddrps_v1_0/src -s include  "SHELL=CMD" "COMPILER=arm-none-eabi-gcc" "ARCHIVER=arm-none-eabi-ar" "COMPILER_FLAGS=  -O2 -c" "EXTRA_COMPILER_FLAGS=-mcpu=cortex-a9 -mfpu=vfpv3 -mfloat-abi=hard -nostartfiles -g -Wall -Wextra"
"Running Make include in ps7_cortexa9_0/libsrc/devcfg_v3_5/src"
make -C ps7_cortexa9_0/libsrc/devcfg_v3_5/src -s include  "SHELL=CMD" "COMPILER=arm-none-eabi-gcc" "ARCHIVER=arm-none-eabi-ar" "COMPILER_FLAGS=  -O2 -c" "EXTRA_COMPILER_FLAGS=-mcpu=cortex-a9 -mfpu=vfpv3 -mfloat-abi=hard -nostartfiles -g -Wall -Wextra"
"Running Make include in ps7_cortexa9_0/libsrc/dmaps_v2_3/src"
make -C ps7_cortexa9_0/libsrc/dmaps_v2_3/src -s include  "SHELL=CMD" "COMPILER=arm-none-eabi-gcc" "ARCHIVER=arm-none-eabi-ar" "COMPILER_FLAGS=  -O2 -c" "EXTRA_COMPILER_FLAGS=-mcpu=cortex-a9 -mfpu=vfpv3 -mfloat-abi=hard -nostartfiles -g -Wall -Wextra"
"Running Make include in ps7_cortexa9_0/libsrc/gpio_v4_3/src"
make -C ps7_cortexa9_0/libsrc/gpio_v4_3/src -s include  "SHELL=CMD" "COMPILER=arm-none-eabi-gcc" "ARCHIVER=arm-none-eabi-ar" "COMPILER_FLAGS=  -O2 -c" "EXTRA_COMPILER_FLAGS=-mcpu=cortex-a9 -mfpu=vfpv3 -mfloat-abi=hard -nostartfiles -g -Wall -Wextra"
"Running Make include in ps7_cortexa9_0/libsrc/scugic_v3_9/src"
make -C ps7_cortexa9_0/libsrc/scugic_v3_9/src -s include  "SHELL=CMD" "COMPILER=arm-none-eabi-gcc" "ARCHIVER=arm-none-eabi-ar" "COMPILER_FLAGS=  -O2 -c" "EXTRA_COMPILER_FLAGS=-mcpu=cortex-a9 -mfpu=vfpv3 -mfloat-abi=hard -nostartfiles -g -Wall -Wextra"
"Running Make include in ps7_cortexa9_0/libsrc/scutimer_v2_1/src"
make -C ps7_cortexa9_0/libsrc/scutimer_v2_1/src -s include  "SHELL=CMD" "COMPILER=arm-none-eabi-gcc" "ARCHIVER=arm-none-eabi-ar" "COMPILER_FLAGS=  -O2 -c" "EXTRA_COMPILER_FLAGS=-mcpu=cortex-a9 -mfpu=vfpv3 -mfloat-abi=hard -nostartfiles -g -Wall -Wextra"
"Running Make include in ps7_cortexa9_0/libsrc/scuwdt_v2_1/src"
make -C ps7_cortexa9_0/libsrc/scuwdt_v2_1/src -s include  "SHELL=CMD" "COMPILER=arm-none-eabi-gcc" "ARCHIVER=arm-none-eabi-ar" "COMPILER_FLAGS=  -O2 -c" "EXTRA_COMPILER_FLAGS=-mcpu=cortex-a9 -mfpu=vfpv3 -mfloat-abi=hard -nostartfiles -g -Wall -Wextra"
"Running Make include in ps7_cortexa9_0/libsrc/sdps_v3_5/src"
make -C ps7_cortexa9_0/libsrc/sdps_v3_5/src -s include  "SHELL=CMD" "COMPILER=arm-none-eabi-gcc" "ARCHIVER=arm-none-eabi-ar" "COMPILER_FLAGS=  -O2 -c" "EXTRA_COMPILER_FLAGS=-mcpu=cortex-a9 -mfpu=vfpv3 -mfloat-abi=hard -nostartfiles -g -Wall -Wextra"
"Running Make include in ps7_cortexa9_0/libsrc/standalone_v6_7/src"
make -C ps7_cortexa9_0/libsrc/standalone_v6_7/src -s include  "SHELL=CMD" "COMPILER=arm-none-eabi-gcc" "ARCHIVER=arm-none-eabi-ar" "COMPILER_FLAGS=  -O2 -c" "EXTRA_COMPILER_FLAGS=-mcpu=cortex-a9 -mfpu=vfpv3 -mfloat-abi=hard -nostartfiles -g -Wall -Wextra"
"Running Make include in ps7_cortexa9_0/libsrc/uartps_v3_6/src"
make -C ps7_cortexa9_0/libsrc/uartps_v3_6/src -s include  "SHELL=CMD" "COMPILER=arm-none-eabi-gcc" "ARCHIVER=arm-none-eabi-ar" "COMPILER_FLAGS=  -O2 -c" "EXTRA_COMPILER_FLAGS=-mcpu=cortex-a9 -mfpu=vfpv3 -mfloat-abi=hard -nostartfiles -g -Wall -Wextra"
"Running Make include in ps7_cortexa9_0/libsrc/xadcps_v2_2/src"
make -C ps7_cortexa9_0/libsrc/xadcps_v2_2/src -s include  "SHELL=CMD" "COMPILER=arm-none-eabi-gcc" "ARCHIVER=arm-none-eabi-ar" "COMPILER_FLAGS=  -O2 -c" "EXTRA_COMPILER_FLAGS=-mcpu=cortex-a9 -mfpu=vfpv3 -mfloat-abi=hard -nostartfiles -g -Wall -Wextra"
"Running Make libs in ps7_cortexa9_0/libsrc/coresightps_dcc_v1_4/src"
make -C ps7_cortexa9_0/libsrc/coresightps_dcc_v1_4/src -s libs  "SHELL=CMD" "COMPILER=arm-none-eabi-gcc" "ARCHIVER=arm-none-eabi-ar" "COMPILER_FLAGS=  -O2 -c" "EXTRA_COMPILER_FLAGS=-mcpu=cortex-a9 -mfpu=vfpv3 -mfloat-abi=hard -nostartfiles -g -Wall -Wextra"
"Compiling coresightps_dcc"
arm-none-eabi-ar: creating ../../../lib/libxil.a
"Running Make libs in ps7_cortexa9_0/libsrc/cpu_cortexa9_v2_6/src"
make -C ps7_cortexa9_0/libsrc/cpu_cortexa9_v2_6/src -s libs  "SHELL=CMD" "COMPILER=arm-none-eabi-gcc" "ARCHIVER=arm-none-eabi-ar" "COMPILER_FLAGS=  -O2 -c" "EXTRA_COMPILER_FLAGS=-mcpu=cortex-a9 -mfpu=vfpv3 -mfloat-abi=hard -nostartfiles -g -Wall -Wextra"
"Compiling cpu_cortexa9"
"Running Make libs in ps7_cortexa9_0/libsrc/ddrps_v1_0/src"
make -C ps7_cortexa9_0/libsrc/ddrps_v1_0/src -s libs  "SHELL=CMD" "COMPILER=arm-none-eabi-gcc" "ARCHIVER=arm-none-eabi-ar" "COMPILER_FLAGS=  -O2 -c" "EXTRA_COMPILER_FLAGS=-mcpu=cortex-a9 -mfpu=vfpv3 -mfloat-abi=hard -nostartfiles -g -Wall -Wextra"
"Compiling ddrps"
"Running Make libs in ps7_cortexa9_0/libsrc/devcfg_v3_5/src"
make -C ps7_cortexa9_0/libsrc/devcfg_v3_5/src -s libs  "SHELL=CMD" "COMPILER=arm-none-eabi-gcc" "ARCHIVER=arm-none-eabi-ar" "COMPILER_FLAGS=  -O2 -c" "EXTRA_COMPILER_FLAGS=-mcpu=cortex-a9 -mfpu=vfpv3 -mfloat-abi=hard -nostartfiles -g -Wall -Wextra"
"Compiling devcfg"
"Running Make libs in ps7_cortexa9_0/libsrc/dmaps_v2_3/src"
make -C ps7_cortexa9_0/libsrc/dmaps_v2_3/src -s libs  "SHELL=CMD" "COMPILER=arm-none-eabi-gcc" "ARCHIVER=arm-none-eabi-ar" "COMPILER_FLAGS=  -O2 -c" "EXTRA_COMPILER_FLAGS=-mcpu=cortex-a9 -mfpu=vfpv3 -mfloat-abi=hard -nostartfiles -g -Wall -Wextra"
"Compiling dmaps"
"Running Make libs in ps7_cortexa9_0/libsrc/gpio_v4_3/src"
make -C ps7_cortexa9_0/libsrc/gpio_v4_3/src -s libs  "SHELL=CMD" "COMPILER=arm-none-eabi-gcc" "ARCHIVER=arm-none-eabi-ar" "COMPILER_FLAGS=  -O2 -c" "EXTRA_COMPILER_FLAGS=-mcpu=cortex-a9 -mfpu=vfpv3 -mfloat-abi=hard -nostartfiles -g -Wall -Wextra"
"Compiling gpio"
"Running Make libs in ps7_cortexa9_0/libsrc/scugic_v3_9/src"
make -C ps7_cortexa9_0/libsrc/scugic_v3_9/src -s libs  "SHELL=CMD" "COMPILER=arm-none-eabi-gcc" "ARCHIVER=arm-none-eabi-ar" "COMPILER_FLAGS=  -O2 -c" "EXTRA_COMPILER_FLAGS=-mcpu=cortex-a9 -mfpu=vfpv3 -mfloat-abi=hard -nostartfiles -g -Wall -Wextra"
"Compiling scugic"
"Running Make libs in ps7_cortexa9_0/libsrc/scutimer_v2_1/src"
make -C ps7_cortexa9_0/libsrc/scutimer_v2_1/src -s libs  "SHELL=CMD" "COMPILER=arm-none-eabi-gcc" "ARCHIVER=arm-none-eabi-ar" "COMPILER_FLAGS=  -O2 -c" "EXTRA_COMPILER_FLAGS=-mcpu=cortex-a9 -mfpu=vfpv3 -mfloat-abi=hard -nostartfiles -g -Wall -Wextra"
"Compiling scutimer"
"Running Make libs in ps7_cortexa9_0/libsrc/scuwdt_v2_1/src"
make -C ps7_cortexa9_0/libsrc/scuwdt_v2_1/src -s libs  "SHELL=CMD" "COMPILER=arm-none-eabi-gcc" "ARCHIVER=arm-none-eabi-ar" "COMPILER_FLAGS=  -O2 -c" "EXTRA_COMPILER_FLAGS=-mcpu=cortex-a9 -mfpu=vfpv3 -mfloat-abi=hard -nostartfiles -g -Wall -Wextra"
"Compiling scuwdt"
"Running Make libs in ps7_cortexa9_0/libsrc/sdps_v3_5/src"
make -C ps7_cortexa9_0/libsrc/sdps_v3_5/src -s libs  "SHELL=CMD" "COMPILER=arm-none-eabi-gcc" "ARCHIVER=arm-none-eabi-ar" "COMPILER_FLAGS=  -O2 -c" "EXTRA_COMPILER_FLAGS=-mcpu=cortex-a9 -mfpu=vfpv3 -mfloat-abi=hard -nostartfiles -g -Wall -Wextra"
"Compiling sdps"
"Running Make libs in ps7_cortexa9_0/libsrc/standalone_v6_7/src"
make -C ps7_cortexa9_0/libsrc/standalone_v6_7/src -s libs  "SHELL=CMD" "COMPILER=arm-none-eabi-gcc" "ARCHIVER=arm-none-eabi-ar" "COMPILER_FLAGS=  -O2 -c" "EXTRA_COMPILER_FLAGS=-mcpu=cortex-a9 -mfpu=vfpv3 -mfloat-abi=hard -nostartfiles -g -Wall -Wextra"
"Compiling standalone"
In file included from sleep.c:57:0:
xtime_l.h:89:9: note: #pragma message: For the sleep routines, Global timer is being used
 #pragma message ("For the sleep routines, Global timer is being used")
         ^~~~~~~
In file included from usleep.c:60:0:
xtime_l.h:89:9: note: #pragma message: For the sleep routines, Global timer is being used
 #pragma message ("For the sleep routines, Global timer is being used")
         ^~~~~~~
In file included from xil_sleeptimer.c:55:0:
xtime_l.h:89:9: note: #pragma message: For the sleep routines, Global timer is being used
 #pragma message ("For the sleep routines, Global timer is being used")
         ^~~~~~~
In file included from xtime_l.c:53:0:
xtime_l.h:89:9: note: #pragma message: For the sleep routines, Global timer is being used
 #pragma message ("For the sleep routines, Global timer is being used")
         ^~~~~~~
"Running Make libs in ps7_cortexa9_0/libsrc/uartps_v3_6/src"
make -C ps7_cortexa9_0/libsrc/uartps_v3_6/src -s libs  "SHELL=CMD" "COMPILER=arm-none-eabi-gcc" "ARCHIVER=arm-none-eabi-ar" "COMPILER_FLAGS=  -O2 -c" "EXTRA_COMPILER_FLAGS=-mcpu=cortex-a9 -mfpu=vfpv3 -mfloat-abi=hard -nostartfiles -g -Wall -Wextra"
"Compiling uartps"
"Running Make libs in ps7_cortexa9_0/libsrc/xadcps_v2_2/src"
make -C ps7_cortexa9_0/libsrc/xadcps_v2_2/src -s libs  "SHELL=CMD" "COMPILER=arm-none-eabi-gcc" "ARCHIVER=arm-none-eabi-ar" "COMPILER_FLAGS=  -O2 -c" "EXTRA_COMPILER_FLAGS=-mcpu=cortex-a9 -mfpu=vfpv3 -mfloat-abi=hard -nostartfiles -g -Wall -Wextra"
"Compiling xadcps"
'Finished building libraries'
12:27:12 **** Build of configuration Debug for project Benchmark ****
make pre-build main-build 
a9-linaro-pre-build-step
' '
'Building file: ../src/helloworld.c'
'Invoking: ARM v7 gcc compiler'
arm-none-eabi-gcc -Wall -O0 -g3 -c -fmessage-length=0 -MT"src/helloworld.o" -mcpu=cortex-a9 -mfpu=vfpv3 -mfloat-abi=hard -I../../Benchmark_bsp/ps7_cortexa9_0/include -MMD -MP -MF"src/helloworld.d" -MT"src/helloworld.o" -o "src/helloworld.o" "../src/helloworld.c"
'Finished building: ../src/helloworld.c'
' '
'Building file: ../src/platform.c'
'Invoking: ARM v7 gcc compiler'
arm-none-eabi-gcc -Wall -O0 -g3 -c -fmessage-length=0 -MT"src/platform.o" -mcpu=cortex-a9 -mfpu=vfpv3 -mfloat-abi=hard -I../../Benchmark_bsp/ps7_cortexa9_0/include -MMD -MP -MF"src/platform.d" -MT"src/platform.o" -o "src/platform.o" "../src/platform.c"
'Finished building: ../src/platform.c'
' '
'Building target: Benchmark.elf'
'Invoking: ARM v7 gcc linker'
arm-none-eabi-gcc -mcpu=cortex-a9 -mfpu=vfpv3 -mfloat-abi=hard -Wl,-build-id=none -specs=Xilinx.spec -Wl,-T -Wl,../src/lscript.ld -L../../Benchmark_bsp/ps7_cortexa9_0/lib -o "Benchmark.elf"  ./src/helloworld.o ./src/platform.o   -Wl,--start-group,-lxil,-lgcc,-lc,--end-group
'Finished building target: Benchmark.elf'
' '
'Invoking: ARM v7 Print Size'
arm-none-eabi-size Benchmark.elf  |tee "Benchmark.elf.size"
   text	   data	    bss	    dec	    hex	filename
  19352	   1144	  22568	  43064	   a838	Benchmark.elf
'Finished building: Benchmark.elf.size'
' '
12:27:21 **** Clean-only build of configuration Debug for project Benchmark ****
make clean 
rm -rf  ./src/helloworld.o ./src/platform.o  ./src/helloworld.d ./src/platform.d  Benchmark.elf.size  Benchmark.elf
' '
12:27:21 **** Auto Build of configuration Debug for project Benchmark ****
make pre-build main-build 
a9-linaro-pre-build-step
' '
'Building file: ../src/main.c'
'Invoking: ARM v7 gcc compiler'
arm-none-eabi-gcc -Wall -O0 -g3 -c -fmessage-length=0 -MT"src/main.o" -mcpu=cortex-a9 -mfpu=vfpv3 -mfloat-abi=hard -I../../Benchmark_bsp/ps7_cortexa9_0/include -MMD -MP -MF"src/main.d" -MT"src/main.o" -o "src/main.o" "../src/main.c"
../src/main.c:64:10: fatal error: ff.h: No such file or directory
 #include "ff.h"
          ^~~~~~
compilation terminated.
make: *** [src/main.o] Error 1
12:27:38 **** Auto Build of project Benchmark_bsp ****
make -k all 
"Running Make include in ps7_cortexa9_0/libsrc/coresightps_dcc_v1_4/src"
make -C ps7_cortexa9_0/libsrc/coresightps_dcc_v1_4/src -s include  "SHELL=CMD" "COMPILER=arm-none-eabi-gcc" "ARCHIVER=arm-none-eabi-ar" "COMPILER_FLAGS=  -O2 -c" "EXTRA_COMPILER_FLAGS=-mcpu=cortex-a9 -mfpu=vfpv3 -mfloat-abi=hard -nostartfiles -g -Wall -Wextra"
"Running Make include in ps7_cortexa9_0/libsrc/cpu_cortexa9_v2_6/src"
make -C ps7_cortexa9_0/libsrc/cpu_cortexa9_v2_6/src -s include  "SHELL=CMD" "COMPILER=arm-none-eabi-gcc" "ARCHIVER=arm-none-eabi-ar" "COMPILER_FLAGS=  -O2 -c" "EXTRA_COMPILER_FLAGS=-mcpu=cortex-a9 -mfpu=vfpv3 -mfloat-abi=hard -nostartfiles -g -Wall -Wextra"
"Running Make include in ps7_cortexa9_0/libsrc/ddrps_v1_0/src"
make -C ps7_cortexa9_0/libsrc/ddrps_v1_0/src -s include  "SHELL=CMD" "COMPILER=arm-none-eabi-gcc" "ARCHIVER=arm-none-eabi-ar" "COMPILER_FLAGS=  -O2 -c" "EXTRA_COMPILER_FLAGS=-mcpu=cortex-a9 -mfpu=vfpv3 -mfloat-abi=hard -nostartfiles -g -Wall -Wextra"
"Running Make include in ps7_cortexa9_0/libsrc/devcfg_v3_5/src"
make -C ps7_cortexa9_0/libsrc/devcfg_v3_5/src -s include  "SHELL=CMD" "COMPILER=arm-none-eabi-gcc" "ARCHIVER=arm-none-eabi-ar" "COMPILER_FLAGS=  -O2 -c" "EXTRA_COMPILER_FLAGS=-mcpu=cortex-a9 -mfpu=vfpv3 -mfloat-abi=hard -nostartfiles -g -Wall -Wextra"
"Running Make include in ps7_cortexa9_0/libsrc/dmaps_v2_3/src"
make -C ps7_cortexa9_0/libsrc/dmaps_v2_3/src -s include  "SHELL=CMD" "COMPILER=arm-none-eabi-gcc" "ARCHIVER=arm-none-eabi-ar" "COMPILER_FLAGS=  -O2 -c" "EXTRA_COMPILER_FLAGS=-mcpu=cortex-a9 -mfpu=vfpv3 -mfloat-abi=hard -nostartfiles -g -Wall -Wextra"
"Running Make include in ps7_cortexa9_0/libsrc/gpio_v4_3/src"
make -C ps7_cortexa9_0/libsrc/gpio_v4_3/src -s include  "SHELL=CMD" "COMPILER=arm-none-eabi-gcc" "ARCHIVER=arm-none-eabi-ar" "COMPILER_FLAGS=  -O2 -c" "EXTRA_COMPILER_FLAGS=-mcpu=cortex-a9 -mfpu=vfpv3 -mfloat-abi=hard -nostartfiles -g -Wall -Wextra"
"Running Make include in ps7_cortexa9_0/libsrc/scugic_v3_9/src"
make -C ps7_cortexa9_0/libsrc/scugic_v3_9/src -s include  "SHELL=CMD" "COMPILER=arm-none-eabi-gcc" "ARCHIVER=arm-none-eabi-ar" "COMPILER_FLAGS=  -O2 -c" "EXTRA_COMPILER_FLAGS=-mcpu=cortex-a9 -mfpu=vfpv3 -mfloat-abi=hard -nostartfiles -g -Wall -Wextra"
"Running Make include in ps7_cortexa9_0/libsrc/scutimer_v2_1/src"
make -C ps7_cortexa9_0/libsrc/scutimer_v2_1/src -s include  "SHELL=CMD" "COMPILER=arm-none-eabi-gcc" "ARCHIVER=arm-none-eabi-ar" "COMPILER_FLAGS=  -O2 -c" "EXTRA_COMPILER_FLAGS=-mcpu=cortex-a9 -mfpu=vfpv3 -mfloat-abi=hard -nostartfiles -g -Wall -Wextra"
"Running Make include in ps7_cortexa9_0/libsrc/scuwdt_v2_1/src"
make -C ps7_cortexa9_0/libsrc/scuwdt_v2_1/src -s include  "SHELL=CMD" "COMPILER=arm-none-eabi-gcc" "ARCHIVER=arm-none-eabi-ar" "COMPILER_FLAGS=  -O2 -c" "EXTRA_COMPILER_FLAGS=-mcpu=cortex-a9 -mfpu=vfpv3 -mfloat-abi=hard -nostartfiles -g -Wall -Wextra"
"Running Make include in ps7_cortexa9_0/libsrc/sdps_v3_5/src"
make -C ps7_cortexa9_0/libsrc/sdps_v3_5/src -s include  "SHELL=CMD" "COMPILER=arm-none-eabi-gcc" "ARCHIVER=arm-none-eabi-ar" "COMPILER_FLAGS=  -O2 -c" "EXTRA_COMPILER_FLAGS=-mcpu=cortex-a9 -mfpu=vfpv3 -mfloat-abi=hard -nostartfiles -g -Wall -Wextra"
"Running Make include in ps7_cortexa9_0/libsrc/standalone_v6_7/src"
make -C ps7_cortexa9_0/libsrc/standalone_v6_7/src -s include  "SHELL=CMD" "COMPILER=arm-none-eabi-gcc" "ARCHIVER=arm-none-eabi-ar" "COMPILER_FLAGS=  -O2 -c" "EXTRA_COMPILER_FLAGS=-mcpu=cortex-a9 -mfpu=vfpv3 -mfloat-abi=hard -nostartfiles -g -Wall -Wextra"
"Running Make include in ps7_cortexa9_0/libsrc/uartps_v3_6/src"
make -C ps7_cortexa9_0/libsrc/uartps_v3_6/src -s include  "SHELL=CMD" "COMPILER=arm-none-eabi-gcc" "ARCHIVER=arm-none-eabi-ar" "COMPILER_FLAGS=  -O2 -c" "EXTRA_COMPILER_FLAGS=-mcpu=cortex-a9 -mfpu=vfpv3 -mfloat-abi=hard -nostartfiles -g -Wall -Wextra"
"Running Make include in ps7_cortexa9_0/libsrc/xadcps_v2_2/src"
make -C ps7_cortexa9_0/libsrc/xadcps_v2_2/src -s include  "SHELL=CMD" "COMPILER=arm-none-eabi-gcc" "ARCHIVER=arm-none-eabi-ar" "COMPILER_FLAGS=  -O2 -c" "EXTRA_COMPILER_FLAGS=-mcpu=cortex-a9 -mfpu=vfpv3 -mfloat-abi=hard -nostartfiles -g -Wall -Wextra"
"Running Make include in ps7_cortexa9_0/libsrc/xilffs_v3_9/src"
make -C ps7_cortexa9_0/libsrc/xilffs_v3_9/src -s include  "SHELL=CMD" "COMPILER=arm-none-eabi-gcc" "ARCHIVER=arm-none-eabi-ar" "COMPILER_FLAGS=  -O2 -c" "EXTRA_COMPILER_FLAGS=-mcpu=cortex-a9 -mfpu=vfpv3 -mfloat-abi=hard -nostartfiles -g -Wall -Wextra"
"Running Make include in ps7_cortexa9_0/libsrc/xilmfs_v2_3/src"
make -C ps7_cortexa9_0/libsrc/xilmfs_v2_3/src -s include  "SHELL=CMD" "COMPILER=arm-none-eabi-gcc" "ARCHIVER=arm-none-eabi-ar" "COMPILER_FLAGS=  -O2 -c" "EXTRA_COMPILER_FLAGS=-mcpu=cortex-a9 -mfpu=vfpv3 -mfloat-abi=hard -nostartfiles -g -Wall -Wextra"
"Running Make libs in ps7_cortexa9_0/libsrc/coresightps_dcc_v1_4/src"
make -C ps7_cortexa9_0/libsrc/coresightps_dcc_v1_4/src -s libs  "SHELL=CMD" "COMPILER=arm-none-eabi-gcc" "ARCHIVER=arm-none-eabi-ar" "COMPILER_FLAGS=  -O2 -c" "EXTRA_COMPILER_FLAGS=-mcpu=cortex-a9 -mfpu=vfpv3 -mfloat-abi=hard -nostartfiles -g -Wall -Wextra"
"Compiling coresightps_dcc"
arm-none-eabi-ar: creating ../../../lib/libxil.a
"Running Make libs in ps7_cortexa9_0/libsrc/cpu_cortexa9_v2_6/src"
make -C ps7_cortexa9_0/libsrc/cpu_cortexa9_v2_6/src -s libs  "SHELL=CMD" "COMPILER=arm-none-eabi-gcc" "ARCHIVER=arm-none-eabi-ar" "COMPILER_FLAGS=  -O2 -c" "EXTRA_COMPILER_FLAGS=-mcpu=cortex-a9 -mfpu=vfpv3 -mfloat-abi=hard -nostartfiles -g -Wall -Wextra"
"Compiling cpu_cortexa9"
"Running Make libs in ps7_cortexa9_0/libsrc/ddrps_v1_0/src"
make -C ps7_cortexa9_0/libsrc/ddrps_v1_0/src -s libs  "SHELL=CMD" "COMPILER=arm-none-eabi-gcc" "ARCHIVER=arm-none-eabi-ar" "COMPILER_FLAGS=  -O2 -c" "EXTRA_COMPILER_FLAGS=-mcpu=cortex-a9 -mfpu=vfpv3 -mfloat-abi=hard -nostartfiles -g -Wall -Wextra"
"Compiling ddrps"
"Running Make libs in ps7_cortexa9_0/libsrc/devcfg_v3_5/src"
make -C ps7_cortexa9_0/libsrc/devcfg_v3_5/src -s libs  "SHELL=CMD" "COMPILER=arm-none-eabi-gcc" "ARCHIVER=arm-none-eabi-ar" "COMPILER_FLAGS=  -O2 -c" "EXTRA_COMPILER_FLAGS=-mcpu=cortex-a9 -mfpu=vfpv3 -mfloat-abi=hard -nostartfiles -g -Wall -Wextra"
"Compiling devcfg"
"Running Make libs in ps7_cortexa9_0/libsrc/dmaps_v2_3/src"
make -C ps7_cortexa9_0/libsrc/dmaps_v2_3/src -s libs  "SHELL=CMD" "COMPILER=arm-none-eabi-gcc" "ARCHIVER=arm-none-eabi-ar" "COMPILER_FLAGS=  -O2 -c" "EXTRA_COMPILER_FLAGS=-mcpu=cortex-a9 -mfpu=vfpv3 -mfloat-abi=hard -nostartfiles -g -Wall -Wextra"
"Compiling dmaps"
"Running Make libs in ps7_cortexa9_0/libsrc/gpio_v4_3/src"
make -C ps7_cortexa9_0/libsrc/gpio_v4_3/src -s libs  "SHELL=CMD" "COMPILER=arm-none-eabi-gcc" "ARCHIVER=arm-none-eabi-ar" "COMPILER_FLAGS=  -O2 -c" "EXTRA_COMPILER_FLAGS=-mcpu=cortex-a9 -mfpu=vfpv3 -mfloat-abi=hard -nostartfiles -g -Wall -Wextra"
"Compiling gpio"
"Running Make libs in ps7_cortexa9_0/libsrc/scugic_v3_9/src"
make -C ps7_cortexa9_0/libsrc/scugic_v3_9/src -s libs  "SHELL=CMD" "COMPILER=arm-none-eabi-gcc" "ARCHIVER=arm-none-eabi-ar" "COMPILER_FLAGS=  -O2 -c" "EXTRA_COMPILER_FLAGS=-mcpu=cortex-a9 -mfpu=vfpv3 -mfloat-abi=hard -nostartfiles -g -Wall -Wextra"
"Compiling scugic"
"Running Make libs in ps7_cortexa9_0/libsrc/scutimer_v2_1/src"
make -C ps7_cortexa9_0/libsrc/scutimer_v2_1/src -s libs  "SHELL=CMD" "COMPILER=arm-none-eabi-gcc" "ARCHIVER=arm-none-eabi-ar" "COMPILER_FLAGS=  -O2 -c" "EXTRA_COMPILER_FLAGS=-mcpu=cortex-a9 -mfpu=vfpv3 -mfloat-abi=hard -nostartfiles -g -Wall -Wextra"
"Compiling scutimer"
"Running Make libs in ps7_cortexa9_0/libsrc/scuwdt_v2_1/src"
make -C ps7_cortexa9_0/libsrc/scuwdt_v2_1/src -s libs  "SHELL=CMD" "COMPILER=arm-none-eabi-gcc" "ARCHIVER=arm-none-eabi-ar" "COMPILER_FLAGS=  -O2 -c" "EXTRA_COMPILER_FLAGS=-mcpu=cortex-a9 -mfpu=vfpv3 -mfloat-abi=hard -nostartfiles -g -Wall -Wextra"
"Compiling scuwdt"
"Running Make libs in ps7_cortexa9_0/libsrc/sdps_v3_5/src"
make -C ps7_cortexa9_0/libsrc/sdps_v3_5/src -s libs  "SHELL=CMD" "COMPILER=arm-none-eabi-gcc" "ARCHIVER=arm-none-eabi-ar" "COMPILER_FLAGS=  -O2 -c" "EXTRA_COMPILER_FLAGS=-mcpu=cortex-a9 -mfpu=vfpv3 -mfloat-abi=hard -nostartfiles -g -Wall -Wextra"
"Compiling sdps"
"Running Make libs in ps7_cortexa9_0/libsrc/standalone_v6_7/src"
make -C ps7_cortexa9_0/libsrc/standalone_v6_7/src -s libs  "SHELL=CMD" "COMPILER=arm-none-eabi-gcc" "ARCHIVER=arm-none-eabi-ar" "COMPILER_FLAGS=  -O2 -c" "EXTRA_COMPILER_FLAGS=-mcpu=cortex-a9 -mfpu=vfpv3 -mfloat-abi=hard -nostartfiles -g -Wall -Wextra"
"Compiling standalone"
In file included from sleep.c:57:0:
xtime_l.h:89:9: note: #pragma message: For the sleep routines, Global timer is being used
 #pragma message ("For the sleep routines, Global timer is being used")
         ^~~~~~~
In file included from usleep.c:60:0:
xtime_l.h:89:9: note: #pragma message: For the sleep routines, Global timer is being used
 #pragma message ("For the sleep routines, Global timer is being used")
         ^~~~~~~
In file included from xil_sleeptimer.c:55:0:
xtime_l.h:89:9: note: #pragma message: For the sleep routines, Global timer is being used
 #pragma message ("For the sleep routines, Global timer is being used")
         ^~~~~~~
In file included from xtime_l.c:53:0:
xtime_l.h:89:9: note: #pragma message: For the sleep routines, Global timer is being used
 #pragma message ("For the sleep routines, Global timer is being used")
         ^~~~~~~
"Running Make libs in ps7_cortexa9_0/libsrc/uartps_v3_6/src"
make -C ps7_cortexa9_0/libsrc/uartps_v3_6/src -s libs  "SHELL=CMD" "COMPILER=arm-none-eabi-gcc" "ARCHIVER=arm-none-eabi-ar" "COMPILER_FLAGS=  -O2 -c" "EXTRA_COMPILER_FLAGS=-mcpu=cortex-a9 -mfpu=vfpv3 -mfloat-abi=hard -nostartfiles -g -Wall -Wextra"
"Compiling uartps"
"Running Make libs in ps7_cortexa9_0/libsrc/xadcps_v2_2/src"
make -C ps7_cortexa9_0/libsrc/xadcps_v2_2/src -s libs  "SHELL=CMD" "COMPILER=arm-none-eabi-gcc" "ARCHIVER=arm-none-eabi-ar" "COMPILER_FLAGS=  -O2 -c" "EXTRA_COMPILER_FLAGS=-mcpu=cortex-a9 -mfpu=vfpv3 -mfloat-abi=hard -nostartfiles -g -Wall -Wextra"
"Compiling xadcps"
"Running Make libs in ps7_cortexa9_0/libsrc/xilffs_v3_9/src"
make -C ps7_cortexa9_0/libsrc/xilffs_v3_9/src -s libs  "SHELL=CMD" "COMPILER=arm-none-eabi-gcc" "ARCHIVER=arm-none-eabi-ar" "COMPILER_FLAGS=  -O2 -c" "EXTRA_COMPILER_FLAGS=-mcpu=cortex-a9 -mfpu=vfpv3 -mfloat-abi=hard -nostartfiles -g -Wall -Wextra"
"Compiling XilFFs Library"
"Running Make libs in ps7_cortexa9_0/libsrc/xilmfs_v2_3/src"
make -C ps7_cortexa9_0/libsrc/xilmfs_v2_3/src -s libs  "SHELL=CMD" "COMPILER=arm-none-eabi-gcc" "ARCHIVER=arm-none-eabi-ar" "COMPILER_FLAGS=  -O2 -c" "EXTRA_COMPILER_FLAGS=-mcpu=cortex-a9 -mfpu=vfpv3 -mfloat-abi=hard -nostartfiles -g -Wall -Wextra"
"Compiling XilMFS Library"
mfs_filesys.c: In function 'mfs_file_lseek':
mfs_filesys.c:1010:16: warning: comparison between signed and unsigned integer expressions [-Wsign-compare]
     if (offset >= mfs_file_system[mfs_open_files[fd].first_block].block_size) { /* attempting to seek beyond end of file */
                ^~
'Finished building libraries'
12:27:51 **** Clean-only build of configuration Debug for project Benchmark ****
make clean 
rm -rf  ./src/main.o ./src/pl.o ./src/platform.o ./src/sd.o  ./src/main.d ./src/pl.d ./src/platform.d ./src/sd.d  Benchmark.elf.size  Benchmark.elf
' '
12:27:52 **** Auto Build of configuration Debug for project Benchmark ****
make pre-build main-build 
a9-linaro-pre-build-step
' '
'Building file: ../src/main.c'
'Invoking: ARM v7 gcc compiler'
arm-none-eabi-gcc -Wall -O0 -g3 -c -fmessage-length=0 -MT"src/main.o" -mcpu=cortex-a9 -mfpu=vfpv3 -mfloat-abi=hard -I../../Benchmark_bsp/ps7_cortexa9_0/include -MMD -MP -MF"src/main.d" -MT"src/main.o" -o "src/main.o" "../src/main.c"
In file included from ../src/main.c:69:0:
../../Benchmark_bsp/ps7_cortexa9_0/include/xtime_l.h:89:9: note: #pragma message: For the sleep routines, Global timer is being used
 #pragma message ("For the sleep routines, Global timer is being used")
         ^~~~~~~
../src/main.c: In function 'main':
../src/main.c:221:40: error: 'XPAR_RISC_AES_PASS_DEVICE_ID' undeclared (first use in this function); did you mean 'XPAR_RISC_IP_CHECK_DEVICE_ID'?
  Status = XGpio_Initialize(&RISC_gpio, XPAR_RISC_AES_PASS_DEVICE_ID);
                                        ^~~~~~~~~~~~~~~~~~~~~~~~~~~~
                                        XPAR_RISC_IP_CHECK_DEVICE_ID
../src/main.c:221:40: note: each undeclared identifier is reported only once for each function it appears in
make: *** [src/main.o] Error 1
12:27:55 **** Auto Build of project Benchmark_bsp ****
make -k all 
"Running Make include in ps7_cortexa9_0/libsrc/coresightps_dcc_v1_4/src"
make -C ps7_cortexa9_0/libsrc/coresightps_dcc_v1_4/src -s include  "SHELL=CMD" "COMPILER=arm-none-eabi-gcc" "ARCHIVER=arm-none-eabi-ar" "COMPILER_FLAGS=  -O2 -c" "EXTRA_COMPILER_FLAGS=-mcpu=cortex-a9 -mfpu=vfpv3 -mfloat-abi=hard -nostartfiles -g -Wall -Wextra"
"Running Make include in ps7_cortexa9_0/libsrc/cpu_cortexa9_v2_6/src"
make -C ps7_cortexa9_0/libsrc/cpu_cortexa9_v2_6/src -s include  "SHELL=CMD" "COMPILER=arm-none-eabi-gcc" "ARCHIVER=arm-none-eabi-ar" "COMPILER_FLAGS=  -O2 -c" "EXTRA_COMPILER_FLAGS=-mcpu=cortex-a9 -mfpu=vfpv3 -mfloat-abi=hard -nostartfiles -g -Wall -Wextra"
"Running Make include in ps7_cortexa9_0/libsrc/ddrps_v1_0/src"
make -C ps7_cortexa9_0/libsrc/ddrps_v1_0/src -s include  "SHELL=CMD" "COMPILER=arm-none-eabi-gcc" "ARCHIVER=arm-none-eabi-ar" "COMPILER_FLAGS=  -O2 -c" "EXTRA_COMPILER_FLAGS=-mcpu=cortex-a9 -mfpu=vfpv3 -mfloat-abi=hard -nostartfiles -g -Wall -Wextra"
"Running Make include in ps7_cortexa9_0/libsrc/devcfg_v3_5/src"
make -C ps7_cortexa9_0/libsrc/devcfg_v3_5/src -s include  "SHELL=CMD" "COMPILER=arm-none-eabi-gcc" "ARCHIVER=arm-none-eabi-ar" "COMPILER_FLAGS=  -O2 -c" "EXTRA_COMPILER_FLAGS=-mcpu=cortex-a9 -mfpu=vfpv3 -mfloat-abi=hard -nostartfiles -g -Wall -Wextra"
"Running Make include in ps7_cortexa9_0/libsrc/dmaps_v2_3/src"
make -C ps7_cortexa9_0/libsrc/dmaps_v2_3/src -s include  "SHELL=CMD" "COMPILER=arm-none-eabi-gcc" "ARCHIVER=arm-none-eabi-ar" "COMPILER_FLAGS=  -O2 -c" "EXTRA_COMPILER_FLAGS=-mcpu=cortex-a9 -mfpu=vfpv3 -mfloat-abi=hard -nostartfiles -g -Wall -Wextra"
"Running Make include in ps7_cortexa9_0/libsrc/gpio_v4_3/src"
make -C ps7_cortexa9_0/libsrc/gpio_v4_3/src -s include  "SHELL=CMD" "COMPILER=arm-none-eabi-gcc" "ARCHIVER=arm-none-eabi-ar" "COMPILER_FLAGS=  -O2 -c" "EXTRA_COMPILER_FLAGS=-mcpu=cortex-a9 -mfpu=vfpv3 -mfloat-abi=hard -nostartfiles -g -Wall -Wextra"
"Running Make include in ps7_cortexa9_0/libsrc/scugic_v3_9/src"
make -C ps7_cortexa9_0/libsrc/scugic_v3_9/src -s include  "SHELL=CMD" "COMPILER=arm-none-eabi-gcc" "ARCHIVER=arm-none-eabi-ar" "COMPILER_FLAGS=  -O2 -c" "EXTRA_COMPILER_FLAGS=-mcpu=cortex-a9 -mfpu=vfpv3 -mfloat-abi=hard -nostartfiles -g -Wall -Wextra"
"Running Make include in ps7_cortexa9_0/libsrc/scutimer_v2_1/src"
make -C ps7_cortexa9_0/libsrc/scutimer_v2_1/src -s include  "SHELL=CMD" "COMPILER=arm-none-eabi-gcc" "ARCHIVER=arm-none-eabi-ar" "COMPILER_FLAGS=  -O2 -c" "EXTRA_COMPILER_FLAGS=-mcpu=cortex-a9 -mfpu=vfpv3 -mfloat-abi=hard -nostartfiles -g -Wall -Wextra"
"Running Make include in ps7_cortexa9_0/libsrc/scuwdt_v2_1/src"
make -C ps7_cortexa9_0/libsrc/scuwdt_v2_1/src -s include  "SHELL=CMD" "COMPILER=arm-none-eabi-gcc" "ARCHIVER=arm-none-eabi-ar" "COMPILER_FLAGS=  -O2 -c" "EXTRA_COMPILER_FLAGS=-mcpu=cortex-a9 -mfpu=vfpv3 -mfloat-abi=hard -nostartfiles -g -Wall -Wextra"
"Running Make include in ps7_cortexa9_0/libsrc/sdps_v3_5/src"
make -C ps7_cortexa9_0/libsrc/sdps_v3_5/src -s include  "SHELL=CMD" "COMPILER=arm-none-eabi-gcc" "ARCHIVER=arm-none-eabi-ar" "COMPILER_FLAGS=  -O2 -c" "EXTRA_COMPILER_FLAGS=-mcpu=cortex-a9 -mfpu=vfpv3 -mfloat-abi=hard -nostartfiles -g -Wall -Wextra"
"Running Make include in ps7_cortexa9_0/libsrc/standalone_v6_7/src"
make -C ps7_cortexa9_0/libsrc/standalone_v6_7/src -s include  "SHELL=CMD" "COMPILER=arm-none-eabi-gcc" "ARCHIVER=arm-none-eabi-ar" "COMPILER_FLAGS=  -O2 -c" "EXTRA_COMPILER_FLAGS=-mcpu=cortex-a9 -mfpu=vfpv3 -mfloat-abi=hard -nostartfiles -g -Wall -Wextra"
"Running Make include in ps7_cortexa9_0/libsrc/uartps_v3_6/src"
make -C ps7_cortexa9_0/libsrc/uartps_v3_6/src -s include  "SHELL=CMD" "COMPILER=arm-none-eabi-gcc" "ARCHIVER=arm-none-eabi-ar" "COMPILER_FLAGS=  -O2 -c" "EXTRA_COMPILER_FLAGS=-mcpu=cortex-a9 -mfpu=vfpv3 -mfloat-abi=hard -nostartfiles -g -Wall -Wextra"
"Running Make include in ps7_cortexa9_0/libsrc/xadcps_v2_2/src"
make -C ps7_cortexa9_0/libsrc/xadcps_v2_2/src -s include  "SHELL=CMD" "COMPILER=arm-none-eabi-gcc" "ARCHIVER=arm-none-eabi-ar" "COMPILER_FLAGS=  -O2 -c" "EXTRA_COMPILER_FLAGS=-mcpu=cortex-a9 -mfpu=vfpv3 -mfloat-abi=hard -nostartfiles -g -Wall -Wextra"
"Running Make include in ps7_cortexa9_0/libsrc/xilffs_v3_9/src"
make -C ps7_cortexa9_0/libsrc/xilffs_v3_9/src -s include  "SHELL=CMD" "COMPILER=arm-none-eabi-gcc" "ARCHIVER=arm-none-eabi-ar" "COMPILER_FLAGS=  -O2 -c" "EXTRA_COMPILER_FLAGS=-mcpu=cortex-a9 -mfpu=vfpv3 -mfloat-abi=hard -nostartfiles -g -Wall -Wextra"
"Running Make include in ps7_cortexa9_0/libsrc/xilmfs_v2_3/src"
make -C ps7_cortexa9_0/libsrc/xilmfs_v2_3/src -s include  "SHELL=CMD" "COMPILER=arm-none-eabi-gcc" "ARCHIVER=arm-none-eabi-ar" "COMPILER_FLAGS=  -O2 -c" "EXTRA_COMPILER_FLAGS=-mcpu=cortex-a9 -mfpu=vfpv3 -mfloat-abi=hard -nostartfiles -g -Wall -Wextra"
"Running Make libs in ps7_cortexa9_0/libsrc/coresightps_dcc_v1_4/src"
make -C ps7_cortexa9_0/libsrc/coresightps_dcc_v1_4/src -s libs  "SHELL=CMD" "COMPILER=arm-none-eabi-gcc" "ARCHIVER=arm-none-eabi-ar" "COMPILER_FLAGS=  -O2 -c" "EXTRA_COMPILER_FLAGS=-mcpu=cortex-a9 -mfpu=vfpv3 -mfloat-abi=hard -nostartfiles -g -Wall -Wextra"
"Compiling coresightps_dcc"
arm-none-eabi-ar: creating ../../../lib/libxil.a
"Running Make libs in ps7_cortexa9_0/libsrc/cpu_cortexa9_v2_6/src"
make -C ps7_cortexa9_0/libsrc/cpu_cortexa9_v2_6/src -s libs  "SHELL=CMD" "COMPILER=arm-none-eabi-gcc" "ARCHIVER=arm-none-eabi-ar" "COMPILER_FLAGS=  -O2 -c" "EXTRA_COMPILER_FLAGS=-mcpu=cortex-a9 -mfpu=vfpv3 -mfloat-abi=hard -nostartfiles -g -Wall -Wextra"
"Compiling cpu_cortexa9"
"Running Make libs in ps7_cortexa9_0/libsrc/ddrps_v1_0/src"
make -C ps7_cortexa9_0/libsrc/ddrps_v1_0/src -s libs  "SHELL=CMD" "COMPILER=arm-none-eabi-gcc" "ARCHIVER=arm-none-eabi-ar" "COMPILER_FLAGS=  -O2 -c" "EXTRA_COMPILER_FLAGS=-mcpu=cortex-a9 -mfpu=vfpv3 -mfloat-abi=hard -nostartfiles -g -Wall -Wextra"
"Compiling ddrps"
"Running Make libs in ps7_cortexa9_0/libsrc/devcfg_v3_5/src"
make -C ps7_cortexa9_0/libsrc/devcfg_v3_5/src -s libs  "SHELL=CMD" "COMPILER=arm-none-eabi-gcc" "ARCHIVER=arm-none-eabi-ar" "COMPILER_FLAGS=  -O2 -c" "EXTRA_COMPILER_FLAGS=-mcpu=cortex-a9 -mfpu=vfpv3 -mfloat-abi=hard -nostartfiles -g -Wall -Wextra"
"Compiling devcfg"
"Running Make libs in ps7_cortexa9_0/libsrc/dmaps_v2_3/src"
make -C ps7_cortexa9_0/libsrc/dmaps_v2_3/src -s libs  "SHELL=CMD" "COMPILER=arm-none-eabi-gcc" "ARCHIVER=arm-none-eabi-ar" "COMPILER_FLAGS=  -O2 -c" "EXTRA_COMPILER_FLAGS=-mcpu=cortex-a9 -mfpu=vfpv3 -mfloat-abi=hard -nostartfiles -g -Wall -Wextra"
"Compiling dmaps"
"Running Make libs in ps7_cortexa9_0/libsrc/gpio_v4_3/src"
make -C ps7_cortexa9_0/libsrc/gpio_v4_3/src -s libs  "SHELL=CMD" "COMPILER=arm-none-eabi-gcc" "ARCHIVER=arm-none-eabi-ar" "COMPILER_FLAGS=  -O2 -c" "EXTRA_COMPILER_FLAGS=-mcpu=cortex-a9 -mfpu=vfpv3 -mfloat-abi=hard -nostartfiles -g -Wall -Wextra"
"Compiling gpio"
"Running Make libs in ps7_cortexa9_0/libsrc/scugic_v3_9/src"
make -C ps7_cortexa9_0/libsrc/scugic_v3_9/src -s libs  "SHELL=CMD" "COMPILER=arm-none-eabi-gcc" "ARCHIVER=arm-none-eabi-ar" "COMPILER_FLAGS=  -O2 -c" "EXTRA_COMPILER_FLAGS=-mcpu=cortex-a9 -mfpu=vfpv3 -mfloat-abi=hard -nostartfiles -g -Wall -Wextra"
"Compiling scugic"
"Running Make libs in ps7_cortexa9_0/libsrc/scutimer_v2_1/src"
make -C ps7_cortexa9_0/libsrc/scutimer_v2_1/src -s libs  "SHELL=CMD" "COMPILER=arm-none-eabi-gcc" "ARCHIVER=arm-none-eabi-ar" "COMPILER_FLAGS=  -O2 -c" "EXTRA_COMPILER_FLAGS=-mcpu=cortex-a9 -mfpu=vfpv3 -mfloat-abi=hard -nostartfiles -g -Wall -Wextra"
"Compiling scutimer"
"Running Make libs in ps7_cortexa9_0/libsrc/scuwdt_v2_1/src"
make -C ps7_cortexa9_0/libsrc/scuwdt_v2_1/src -s libs  "SHELL=CMD" "COMPILER=arm-none-eabi-gcc" "ARCHIVER=arm-none-eabi-ar" "COMPILER_FLAGS=  -O2 -c" "EXTRA_COMPILER_FLAGS=-mcpu=cortex-a9 -mfpu=vfpv3 -mfloat-abi=hard -nostartfiles -g -Wall -Wextra"
"Compiling scuwdt"
"Running Make libs in ps7_cortexa9_0/libsrc/sdps_v3_5/src"
make -C ps7_cortexa9_0/libsrc/sdps_v3_5/src -s libs  "SHELL=CMD" "COMPILER=arm-none-eabi-gcc" "ARCHIVER=arm-none-eabi-ar" "COMPILER_FLAGS=  -O2 -c" "EXTRA_COMPILER_FLAGS=-mcpu=cortex-a9 -mfpu=vfpv3 -mfloat-abi=hard -nostartfiles -g -Wall -Wextra"
"Compiling sdps"
"Running Make libs in ps7_cortexa9_0/libsrc/standalone_v6_7/src"
make -C ps7_cortexa9_0/libsrc/standalone_v6_7/src -s libs  "SHELL=CMD" "COMPILER=arm-none-eabi-gcc" "ARCHIVER=arm-none-eabi-ar" "COMPILER_FLAGS=  -O2 -c" "EXTRA_COMPILER_FLAGS=-mcpu=cortex-a9 -mfpu=vfpv3 -mfloat-abi=hard -nostartfiles -g -Wall -Wextra"
"Compiling standalone"
In file included from sleep.c:57:0:
xtime_l.h:89:9: note: #pragma message: For the sleep routines, Global timer is being used
 #pragma message ("For the sleep routines, Global timer is being used")
         ^~~~~~~
In file included from usleep.c:60:0:
xtime_l.h:89:9: note: #pragma message: For the sleep routines, Global timer is being used
 #pragma message ("For the sleep routines, Global timer is being used")
         ^~~~~~~
In file included from xil_sleeptimer.c:55:0:
xtime_l.h:89:9: note: #pragma message: For the sleep routines, Global timer is being used
 #pragma message ("For the sleep routines, Global timer is being used")
         ^~~~~~~
In file included from xtime_l.c:53:0:
xtime_l.h:89:9: note: #pragma message: For the sleep routines, Global timer is being used
 #pragma message ("For the sleep routines, Global timer is being used")
         ^~~~~~~
"Running Make libs in ps7_cortexa9_0/libsrc/uartps_v3_6/src"
make -C ps7_cortexa9_0/libsrc/uartps_v3_6/src -s libs  "SHELL=CMD" "COMPILER=arm-none-eabi-gcc" "ARCHIVER=arm-none-eabi-ar" "COMPILER_FLAGS=  -O2 -c" "EXTRA_COMPILER_FLAGS=-mcpu=cortex-a9 -mfpu=vfpv3 -mfloat-abi=hard -nostartfiles -g -Wall -Wextra"
"Compiling uartps"
"Running Make libs in ps7_cortexa9_0/libsrc/xadcps_v2_2/src"
make -C ps7_cortexa9_0/libsrc/xadcps_v2_2/src -s libs  "SHELL=CMD" "COMPILER=arm-none-eabi-gcc" "ARCHIVER=arm-none-eabi-ar" "COMPILER_FLAGS=  -O2 -c" "EXTRA_COMPILER_FLAGS=-mcpu=cortex-a9 -mfpu=vfpv3 -mfloat-abi=hard -nostartfiles -g -Wall -Wextra"
"Compiling xadcps"
"Running Make libs in ps7_cortexa9_0/libsrc/xilffs_v3_9/src"
make -C ps7_cortexa9_0/libsrc/xilffs_v3_9/src -s libs  "SHELL=CMD" "COMPILER=arm-none-eabi-gcc" "ARCHIVER=arm-none-eabi-ar" "COMPILER_FLAGS=  -O2 -c" "EXTRA_COMPILER_FLAGS=-mcpu=cortex-a9 -mfpu=vfpv3 -mfloat-abi=hard -nostartfiles -g -Wall -Wextra"
"Compiling XilFFs Library"
"Running Make libs in ps7_cortexa9_0/libsrc/xilmfs_v2_3/src"
make -C ps7_cortexa9_0/libsrc/xilmfs_v2_3/src -s libs  "SHELL=CMD" "COMPILER=arm-none-eabi-gcc" "ARCHIVER=arm-none-eabi-ar" "COMPILER_FLAGS=  -O2 -c" "EXTRA_COMPILER_FLAGS=-mcpu=cortex-a9 -mfpu=vfpv3 -mfloat-abi=hard -nostartfiles -g -Wall -Wextra"
"Compiling XilMFS Library"
mfs_filesys.c: In function 'mfs_file_lseek':
mfs_filesys.c:1010:16: warning: comparison between signed and unsigned integer expressions [-Wsign-compare]
     if (offset >= mfs_file_system[mfs_open_files[fd].first_block].block_size) { /* attempting to seek beyond end of file */
                ^~
'Finished building libraries'
12:28:08 **** Auto Build of configuration Debug for project Benchmark ****
make pre-build main-build 
a9-linaro-pre-build-step
' '
'Building file: ../src/main.c'
'Invoking: ARM v7 gcc compiler'
arm-none-eabi-gcc -Wall -O0 -g3 -c -fmessage-length=0 -MT"src/main.o" -mcpu=cortex-a9 -mfpu=vfpv3 -mfloat-abi=hard -I../../Benchmark_bsp/ps7_cortexa9_0/include -MMD -MP -MF"src/main.d" -MT"src/main.o" -o "src/main.o" "../src/main.c"
In file included from ../src/main.c:69:0:
../../Benchmark_bsp/ps7_cortexa9_0/include/xtime_l.h:89:9: note: #pragma message: For the sleep routines, Global timer is being used
 #pragma message ("For the sleep routines, Global timer is being used")
         ^~~~~~~
../src/main.c: In function 'main':
../src/main.c:221:40: error: 'XPAR_RISC_AES_PASS_DEVICE_ID' undeclared (first use in this function); did you mean 'XPAR_RISC_IP_CHECK_DEVICE_ID'?
  Status = XGpio_Initialize(&RISC_gpio, XPAR_RISC_AES_PASS_DEVICE_ID);
                                        ^~~~~~~~~~~~~~~~~~~~~~~~~~~~
                                        XPAR_RISC_IP_CHECK_DEVICE_ID
../src/main.c:221:40: note: each undeclared identifier is reported only once for each function it appears in
make: *** [src/main.o] Error 1
12:28:20 **** Clean-only build of configuration Debug for project Benchmark ****
make clean 
rm -rf  ./src/main.o ./src/pl.o ./src/platform.o ./src/sd.o  ./src/main.d ./src/pl.d ./src/platform.d ./src/sd.d  Benchmark.elf.size  Benchmark.elf
' '
12:28:20 **** Clean-only build of project Benchmark_bsp ****
make -k clean 
make -C ps7_cortexa9_0/libsrc/coresightps_dcc_v1_4/src -s clean 
make -C ps7_cortexa9_0/libsrc/cpu_cortexa9_v2_6/src -s clean 
make -C ps7_cortexa9_0/libsrc/ddrps_v1_0/src -s clean 
make -C ps7_cortexa9_0/libsrc/devcfg_v3_5/src -s clean 
make -C ps7_cortexa9_0/libsrc/dmaps_v2_3/src -s clean 
make -C ps7_cortexa9_0/libsrc/gpio_v4_3/src -s clean 
make -C ps7_cortexa9_0/libsrc/scugic_v3_9/src -s clean 
make -C ps7_cortexa9_0/libsrc/scutimer_v2_1/src -s clean 
make -C ps7_cortexa9_0/libsrc/scuwdt_v2_1/src -s clean 
make -C ps7_cortexa9_0/libsrc/sdps_v3_5/src -s clean 
make -C ps7_cortexa9_0/libsrc/standalone_v6_7/src -s clean 
make -C ps7_cortexa9_0/libsrc/uartps_v3_6/src -s clean 
make -C ps7_cortexa9_0/libsrc/xadcps_v2_2/src -s clean 
make -C ps7_cortexa9_0/libsrc/xilffs_v3_9/src -s clean 
make -C ps7_cortexa9_0/libsrc/xilmfs_v2_3/src -s clean 
rm -f ps7_cortexa9_0/lib/libxil.a
12:28:21 **** Build of project Benchmark_bsp ****
make -k all 
"Running Make include in ps7_cortexa9_0/libsrc/coresightps_dcc_v1_4/src"
make -C ps7_cortexa9_0/libsrc/coresightps_dcc_v1_4/src -s include  "SHELL=CMD" "COMPILER=arm-none-eabi-gcc" "ARCHIVER=arm-none-eabi-ar" "COMPILER_FLAGS=  -O2 -c" "EXTRA_COMPILER_FLAGS=-mcpu=cortex-a9 -mfpu=vfpv3 -mfloat-abi=hard -nostartfiles -g -Wall -Wextra"
"Running Make include in ps7_cortexa9_0/libsrc/cpu_cortexa9_v2_6/src"
make -C ps7_cortexa9_0/libsrc/cpu_cortexa9_v2_6/src -s include  "SHELL=CMD" "COMPILER=arm-none-eabi-gcc" "ARCHIVER=arm-none-eabi-ar" "COMPILER_FLAGS=  -O2 -c" "EXTRA_COMPILER_FLAGS=-mcpu=cortex-a9 -mfpu=vfpv3 -mfloat-abi=hard -nostartfiles -g -Wall -Wextra"
"Running Make include in ps7_cortexa9_0/libsrc/ddrps_v1_0/src"
make -C ps7_cortexa9_0/libsrc/ddrps_v1_0/src -s include  "SHELL=CMD" "COMPILER=arm-none-eabi-gcc" "ARCHIVER=arm-none-eabi-ar" "COMPILER_FLAGS=  -O2 -c" "EXTRA_COMPILER_FLAGS=-mcpu=cortex-a9 -mfpu=vfpv3 -mfloat-abi=hard -nostartfiles -g -Wall -Wextra"
"Running Make include in ps7_cortexa9_0/libsrc/devcfg_v3_5/src"
make -C ps7_cortexa9_0/libsrc/devcfg_v3_5/src -s include  "SHELL=CMD" "COMPILER=arm-none-eabi-gcc" "ARCHIVER=arm-none-eabi-ar" "COMPILER_FLAGS=  -O2 -c" "EXTRA_COMPILER_FLAGS=-mcpu=cortex-a9 -mfpu=vfpv3 -mfloat-abi=hard -nostartfiles -g -Wall -Wextra"
"Running Make include in ps7_cortexa9_0/libsrc/dmaps_v2_3/src"
make -C ps7_cortexa9_0/libsrc/dmaps_v2_3/src -s include  "SHELL=CMD" "COMPILER=arm-none-eabi-gcc" "ARCHIVER=arm-none-eabi-ar" "COMPILER_FLAGS=  -O2 -c" "EXTRA_COMPILER_FLAGS=-mcpu=cortex-a9 -mfpu=vfpv3 -mfloat-abi=hard -nostartfiles -g -Wall -Wextra"
"Running Make include in ps7_cortexa9_0/libsrc/gpio_v4_3/src"
make -C ps7_cortexa9_0/libsrc/gpio_v4_3/src -s include  "SHELL=CMD" "COMPILER=arm-none-eabi-gcc" "ARCHIVER=arm-none-eabi-ar" "COMPILER_FLAGS=  -O2 -c" "EXTRA_COMPILER_FLAGS=-mcpu=cortex-a9 -mfpu=vfpv3 -mfloat-abi=hard -nostartfiles -g -Wall -Wextra"
"Running Make include in ps7_cortexa9_0/libsrc/scugic_v3_9/src"
make -C ps7_cortexa9_0/libsrc/scugic_v3_9/src -s include  "SHELL=CMD" "COMPILER=arm-none-eabi-gcc" "ARCHIVER=arm-none-eabi-ar" "COMPILER_FLAGS=  -O2 -c" "EXTRA_COMPILER_FLAGS=-mcpu=cortex-a9 -mfpu=vfpv3 -mfloat-abi=hard -nostartfiles -g -Wall -Wextra"
"Running Make include in ps7_cortexa9_0/libsrc/scutimer_v2_1/src"
make -C ps7_cortexa9_0/libsrc/scutimer_v2_1/src -s include  "SHELL=CMD" "COMPILER=arm-none-eabi-gcc" "ARCHIVER=arm-none-eabi-ar" "COMPILER_FLAGS=  -O2 -c" "EXTRA_COMPILER_FLAGS=-mcpu=cortex-a9 -mfpu=vfpv3 -mfloat-abi=hard -nostartfiles -g -Wall -Wextra"
"Running Make include in ps7_cortexa9_0/libsrc/scuwdt_v2_1/src"
make -C ps7_cortexa9_0/libsrc/scuwdt_v2_1/src -s include  "SHELL=CMD" "COMPILER=arm-none-eabi-gcc" "ARCHIVER=arm-none-eabi-ar" "COMPILER_FLAGS=  -O2 -c" "EXTRA_COMPILER_FLAGS=-mcpu=cortex-a9 -mfpu=vfpv3 -mfloat-abi=hard -nostartfiles -g -Wall -Wextra"
"Running Make include in ps7_cortexa9_0/libsrc/sdps_v3_5/src"
make -C ps7_cortexa9_0/libsrc/sdps_v3_5/src -s include  "SHELL=CMD" "COMPILER=arm-none-eabi-gcc" "ARCHIVER=arm-none-eabi-ar" "COMPILER_FLAGS=  -O2 -c" "EXTRA_COMPILER_FLAGS=-mcpu=cortex-a9 -mfpu=vfpv3 -mfloat-abi=hard -nostartfiles -g -Wall -Wextra"
"Running Make include in ps7_cortexa9_0/libsrc/standalone_v6_7/src"
make -C ps7_cortexa9_0/libsrc/standalone_v6_7/src -s include  "SHELL=CMD" "COMPILER=arm-none-eabi-gcc" "ARCHIVER=arm-none-eabi-ar" "COMPILER_FLAGS=  -O2 -c" "EXTRA_COMPILER_FLAGS=-mcpu=cortex-a9 -mfpu=vfpv3 -mfloat-abi=hard -nostartfiles -g -Wall -Wextra"
"Running Make include in ps7_cortexa9_0/libsrc/uartps_v3_6/src"
make -C ps7_cortexa9_0/libsrc/uartps_v3_6/src -s include  "SHELL=CMD" "COMPILER=arm-none-eabi-gcc" "ARCHIVER=arm-none-eabi-ar" "COMPILER_FLAGS=  -O2 -c" "EXTRA_COMPILER_FLAGS=-mcpu=cortex-a9 -mfpu=vfpv3 -mfloat-abi=hard -nostartfiles -g -Wall -Wextra"
"Running Make include in ps7_cortexa9_0/libsrc/xadcps_v2_2/src"
make -C ps7_cortexa9_0/libsrc/xadcps_v2_2/src -s include  "SHELL=CMD" "COMPILER=arm-none-eabi-gcc" "ARCHIVER=arm-none-eabi-ar" "COMPILER_FLAGS=  -O2 -c" "EXTRA_COMPILER_FLAGS=-mcpu=cortex-a9 -mfpu=vfpv3 -mfloat-abi=hard -nostartfiles -g -Wall -Wextra"
"Running Make include in ps7_cortexa9_0/libsrc/xilffs_v3_9/src"
make -C ps7_cortexa9_0/libsrc/xilffs_v3_9/src -s include  "SHELL=CMD" "COMPILER=arm-none-eabi-gcc" "ARCHIVER=arm-none-eabi-ar" "COMPILER_FLAGS=  -O2 -c" "EXTRA_COMPILER_FLAGS=-mcpu=cortex-a9 -mfpu=vfpv3 -mfloat-abi=hard -nostartfiles -g -Wall -Wextra"
"Running Make include in ps7_cortexa9_0/libsrc/xilmfs_v2_3/src"
make -C ps7_cortexa9_0/libsrc/xilmfs_v2_3/src -s include  "SHELL=CMD" "COMPILER=arm-none-eabi-gcc" "ARCHIVER=arm-none-eabi-ar" "COMPILER_FLAGS=  -O2 -c" "EXTRA_COMPILER_FLAGS=-mcpu=cortex-a9 -mfpu=vfpv3 -mfloat-abi=hard -nostartfiles -g -Wall -Wextra"
"Running Make libs in ps7_cortexa9_0/libsrc/coresightps_dcc_v1_4/src"
make -C ps7_cortexa9_0/libsrc/coresightps_dcc_v1_4/src -s libs  "SHELL=CMD" "COMPILER=arm-none-eabi-gcc" "ARCHIVER=arm-none-eabi-ar" "COMPILER_FLAGS=  -O2 -c" "EXTRA_COMPILER_FLAGS=-mcpu=cortex-a9 -mfpu=vfpv3 -mfloat-abi=hard -nostartfiles -g -Wall -Wextra"
"Compiling coresightps_dcc"
arm-none-eabi-ar: creating ../../../lib/libxil.a
"Running Make libs in ps7_cortexa9_0/libsrc/cpu_cortexa9_v2_6/src"
make -C ps7_cortexa9_0/libsrc/cpu_cortexa9_v2_6/src -s libs  "SHELL=CMD" "COMPILER=arm-none-eabi-gcc" "ARCHIVER=arm-none-eabi-ar" "COMPILER_FLAGS=  -O2 -c" "EXTRA_COMPILER_FLAGS=-mcpu=cortex-a9 -mfpu=vfpv3 -mfloat-abi=hard -nostartfiles -g -Wall -Wextra"
"Compiling cpu_cortexa9"
"Running Make libs in ps7_cortexa9_0/libsrc/ddrps_v1_0/src"
make -C ps7_cortexa9_0/libsrc/ddrps_v1_0/src -s libs  "SHELL=CMD" "COMPILER=arm-none-eabi-gcc" "ARCHIVER=arm-none-eabi-ar" "COMPILER_FLAGS=  -O2 -c" "EXTRA_COMPILER_FLAGS=-mcpu=cortex-a9 -mfpu=vfpv3 -mfloat-abi=hard -nostartfiles -g -Wall -Wextra"
"Compiling ddrps"
"Running Make libs in ps7_cortexa9_0/libsrc/devcfg_v3_5/src"
make -C ps7_cortexa9_0/libsrc/devcfg_v3_5/src -s libs  "SHELL=CMD" "COMPILER=arm-none-eabi-gcc" "ARCHIVER=arm-none-eabi-ar" "COMPILER_FLAGS=  -O2 -c" "EXTRA_COMPILER_FLAGS=-mcpu=cortex-a9 -mfpu=vfpv3 -mfloat-abi=hard -nostartfiles -g -Wall -Wextra"
"Compiling devcfg"
"Running Make libs in ps7_cortexa9_0/libsrc/dmaps_v2_3/src"
make -C ps7_cortexa9_0/libsrc/dmaps_v2_3/src -s libs  "SHELL=CMD" "COMPILER=arm-none-eabi-gcc" "ARCHIVER=arm-none-eabi-ar" "COMPILER_FLAGS=  -O2 -c" "EXTRA_COMPILER_FLAGS=-mcpu=cortex-a9 -mfpu=vfpv3 -mfloat-abi=hard -nostartfiles -g -Wall -Wextra"
"Compiling dmaps"
"Running Make libs in ps7_cortexa9_0/libsrc/gpio_v4_3/src"
make -C ps7_cortexa9_0/libsrc/gpio_v4_3/src -s libs  "SHELL=CMD" "COMPILER=arm-none-eabi-gcc" "ARCHIVER=arm-none-eabi-ar" "COMPILER_FLAGS=  -O2 -c" "EXTRA_COMPILER_FLAGS=-mcpu=cortex-a9 -mfpu=vfpv3 -mfloat-abi=hard -nostartfiles -g -Wall -Wextra"
"Compiling gpio"
"Running Make libs in ps7_cortexa9_0/libsrc/scugic_v3_9/src"
make -C ps7_cortexa9_0/libsrc/scugic_v3_9/src -s libs  "SHELL=CMD" "COMPILER=arm-none-eabi-gcc" "ARCHIVER=arm-none-eabi-ar" "COMPILER_FLAGS=  -O2 -c" "EXTRA_COMPILER_FLAGS=-mcpu=cortex-a9 -mfpu=vfpv3 -mfloat-abi=hard -nostartfiles -g -Wall -Wextra"
"Compiling scugic"
"Running Make libs in ps7_cortexa9_0/libsrc/scutimer_v2_1/src"
make -C ps7_cortexa9_0/libsrc/scutimer_v2_1/src -s libs  "SHELL=CMD" "COMPILER=arm-none-eabi-gcc" "ARCHIVER=arm-none-eabi-ar" "COMPILER_FLAGS=  -O2 -c" "EXTRA_COMPILER_FLAGS=-mcpu=cortex-a9 -mfpu=vfpv3 -mfloat-abi=hard -nostartfiles -g -Wall -Wextra"
"Compiling scutimer"
"Running Make libs in ps7_cortexa9_0/libsrc/scuwdt_v2_1/src"
make -C ps7_cortexa9_0/libsrc/scuwdt_v2_1/src -s libs  "SHELL=CMD" "COMPILER=arm-none-eabi-gcc" "ARCHIVER=arm-none-eabi-ar" "COMPILER_FLAGS=  -O2 -c" "EXTRA_COMPILER_FLAGS=-mcpu=cortex-a9 -mfpu=vfpv3 -mfloat-abi=hard -nostartfiles -g -Wall -Wextra"
"Compiling scuwdt"
"Running Make libs in ps7_cortexa9_0/libsrc/sdps_v3_5/src"
make -C ps7_cortexa9_0/libsrc/sdps_v3_5/src -s libs  "SHELL=CMD" "COMPILER=arm-none-eabi-gcc" "ARCHIVER=arm-none-eabi-ar" "COMPILER_FLAGS=  -O2 -c" "EXTRA_COMPILER_FLAGS=-mcpu=cortex-a9 -mfpu=vfpv3 -mfloat-abi=hard -nostartfiles -g -Wall -Wextra"
"Compiling sdps"
"Running Make libs in ps7_cortexa9_0/libsrc/standalone_v6_7/src"
make -C ps7_cortexa9_0/libsrc/standalone_v6_7/src -s libs  "SHELL=CMD" "COMPILER=arm-none-eabi-gcc" "ARCHIVER=arm-none-eabi-ar" "COMPILER_FLAGS=  -O2 -c" "EXTRA_COMPILER_FLAGS=-mcpu=cortex-a9 -mfpu=vfpv3 -mfloat-abi=hard -nostartfiles -g -Wall -Wextra"
"Compiling standalone"
In file included from sleep.c:57:0:
xtime_l.h:89:9: note: #pragma message: For the sleep routines, Global timer is being used
 #pragma message ("For the sleep routines, Global timer is being used")
         ^~~~~~~
In file included from usleep.c:60:0:
xtime_l.h:89:9: note: #pragma message: For the sleep routines, Global timer is being used
 #pragma message ("For the sleep routines, Global timer is being used")
         ^~~~~~~
In file included from xil_sleeptimer.c:55:0:
xtime_l.h:89:9: note: #pragma message: For the sleep routines, Global timer is being used
 #pragma message ("For the sleep routines, Global timer is being used")
         ^~~~~~~
In file included from xtime_l.c:53:0:
xtime_l.h:89:9: note: #pragma message: For the sleep routines, Global timer is being used
 #pragma message ("For the sleep routines, Global timer is being used")
         ^~~~~~~
"Running Make libs in ps7_cortexa9_0/libsrc/uartps_v3_6/src"
make -C ps7_cortexa9_0/libsrc/uartps_v3_6/src -s libs  "SHELL=CMD" "COMPILER=arm-none-eabi-gcc" "ARCHIVER=arm-none-eabi-ar" "COMPILER_FLAGS=  -O2 -c" "EXTRA_COMPILER_FLAGS=-mcpu=cortex-a9 -mfpu=vfpv3 -mfloat-abi=hard -nostartfiles -g -Wall -Wextra"
"Compiling uartps"
"Running Make libs in ps7_cortexa9_0/libsrc/xadcps_v2_2/src"
make -C ps7_cortexa9_0/libsrc/xadcps_v2_2/src -s libs  "SHELL=CMD" "COMPILER=arm-none-eabi-gcc" "ARCHIVER=arm-none-eabi-ar" "COMPILER_FLAGS=  -O2 -c" "EXTRA_COMPILER_FLAGS=-mcpu=cortex-a9 -mfpu=vfpv3 -mfloat-abi=hard -nostartfiles -g -Wall -Wextra"
"Compiling xadcps"
"Running Make libs in ps7_cortexa9_0/libsrc/xilffs_v3_9/src"
make -C ps7_cortexa9_0/libsrc/xilffs_v3_9/src -s libs  "SHELL=CMD" "COMPILER=arm-none-eabi-gcc" "ARCHIVER=arm-none-eabi-ar" "COMPILER_FLAGS=  -O2 -c" "EXTRA_COMPILER_FLAGS=-mcpu=cortex-a9 -mfpu=vfpv3 -mfloat-abi=hard -nostartfiles -g -Wall -Wextra"
"Compiling XilFFs Library"
"Running Make libs in ps7_cortexa9_0/libsrc/xilmfs_v2_3/src"
make -C ps7_cortexa9_0/libsrc/xilmfs_v2_3/src -s libs  "SHELL=CMD" "COMPILER=arm-none-eabi-gcc" "ARCHIVER=arm-none-eabi-ar" "COMPILER_FLAGS=  -O2 -c" "EXTRA_COMPILER_FLAGS=-mcpu=cortex-a9 -mfpu=vfpv3 -mfloat-abi=hard -nostartfiles -g -Wall -Wextra"
"Compiling XilMFS Library"
mfs_filesys.c: In function 'mfs_file_lseek':
mfs_filesys.c:1010:16: warning: comparison between signed and unsigned integer expressions [-Wsign-compare]
     if (offset >= mfs_file_system[mfs_open_files[fd].first_block].block_size) { /* attempting to seek beyond end of file */
                ^~
'Finished building libraries'
12:28:34 **** Build of configuration Debug for project Benchmark ****
make pre-build main-build 
a9-linaro-pre-build-step
' '
'Building file: ../src/main.c'
'Invoking: ARM v7 gcc compiler'
arm-none-eabi-gcc -Wall -O0 -g3 -c -fmessage-length=0 -MT"src/main.o" -mcpu=cortex-a9 -mfpu=vfpv3 -mfloat-abi=hard -I../../Benchmark_bsp/ps7_cortexa9_0/include -MMD -MP -MF"src/main.d" -MT"src/main.o" -o "src/main.o" "../src/main.c"
In file included from ../src/main.c:69:0:
../../Benchmark_bsp/ps7_cortexa9_0/include/xtime_l.h:89:9: note: #pragma message: For the sleep routines, Global timer is being used
 #pragma message ("For the sleep routines, Global timer is being used")
         ^~~~~~~
../src/main.c: In function 'main':
../src/main.c:221:40: error: 'XPAR_RISC_AES_PASS_DEVICE_ID' undeclared (first use in this function); did you mean 'XPAR_RISC_IP_CHECK_DEVICE_ID'?
  Status = XGpio_Initialize(&RISC_gpio, XPAR_RISC_AES_PASS_DEVICE_ID);
                                        ^~~~~~~~~~~~~~~~~~~~~~~~~~~~
                                        XPAR_RISC_IP_CHECK_DEVICE_ID
../src/main.c:221:40: note: each undeclared identifier is reported only once for each function it appears in
make: *** [src/main.o] Error 1
12:30:29 **** Auto Build of configuration Debug for project Benchmark ****
make pre-build main-build 
a9-linaro-pre-build-step
' '
'Building file: ../src/main.c'
'Invoking: ARM v7 gcc compiler'
arm-none-eabi-gcc -Wall -O0 -g3 -c -fmessage-length=0 -MT"src/main.o" -mcpu=cortex-a9 -mfpu=vfpv3 -mfloat-abi=hard -I../../Benchmark_bsp/ps7_cortexa9_0/include -MMD -MP -MF"src/main.d" -MT"src/main.o" -o "src/main.o" "../src/main.c"
In file included from ../src/main.c:69:0:
../../Benchmark_bsp/ps7_cortexa9_0/include/xtime_l.h:89:9: note: #pragma message: For the sleep routines, Global timer is being used
 #pragma message ("For the sleep routines, Global timer is being used")
         ^~~~~~~
'Finished building: ../src/main.c'
' '
'Building file: ../src/pl.c'
'Invoking: ARM v7 gcc compiler'
arm-none-eabi-gcc -Wall -O0 -g3 -c -fmessage-length=0 -MT"src/pl.o" -mcpu=cortex-a9 -mfpu=vfpv3 -mfloat-abi=hard -I../../Benchmark_bsp/ps7_cortexa9_0/include -MMD -MP -MF"src/pl.d" -MT"src/pl.o" -o "src/pl.o" "../src/pl.c"
In file included from ../src/pl.c:268:0:
../../Benchmark_bsp/ps7_cortexa9_0/include/xtime_l.h:89:9: note: #pragma message: For the sleep routines, Global timer is being used
 #pragma message ("For the sleep routines, Global timer is being used")
         ^~~~~~~
'Finished building: ../src/pl.c'
' '
'Building file: ../src/platform.c'
'Invoking: ARM v7 gcc compiler'
arm-none-eabi-gcc -Wall -O0 -g3 -c -fmessage-length=0 -MT"src/platform.o" -mcpu=cortex-a9 -mfpu=vfpv3 -mfloat-abi=hard -I../../Benchmark_bsp/ps7_cortexa9_0/include -MMD -MP -MF"src/platform.d" -MT"src/platform.o" -o "src/platform.o" "../src/platform.c"
'Finished building: ../src/platform.c'
' '
'Building file: ../src/sd.c'
'Invoking: ARM v7 gcc compiler'
arm-none-eabi-gcc -Wall -O0 -g3 -c -fmessage-length=0 -MT"src/sd.o" -mcpu=cortex-a9 -mfpu=vfpv3 -mfloat-abi=hard -I../../Benchmark_bsp/ps7_cortexa9_0/include -MMD -MP -MF"src/sd.d" -MT"src/sd.o" -o "src/sd.o" "../src/sd.c"
'Finished building: ../src/sd.c'
' '
'Building target: Benchmark.elf'
'Invoking: ARM v7 gcc linker'
arm-none-eabi-gcc -mcpu=cortex-a9 -mfpu=vfpv3 -mfloat-abi=hard -Wl,-build-id=none -specs=Xilinx.spec -Wl,-T -Wl,../src/lscript.ld -L../../Benchmark_bsp/ps7_cortexa9_0/lib -o "Benchmark.elf"  ./src/main.o ./src/pl.o ./src/platform.o ./src/sd.o   -Wl,--start-group,-lxil,-lgcc,-lc,--end-group -Wl,--start-group,-lxilffs,-lxil,-lgcc,-lc,--end-group
'Finished building target: Benchmark.elf'
' '
'Invoking: ARM v7 Print Size'
arm-none-eabi-size Benchmark.elf  |tee "Benchmark.elf.size"
   text	   data	    bss	    dec	    hex	filename
 114340	  10512	  28176	 153028	  255c4	Benchmark.elf
'Finished building: Benchmark.elf.size'
' '
12:41:13 **** Auto Build of configuration Debug for project Benchmark ****
make pre-build main-build 
a9-linaro-pre-build-step
' '
'Building file: ../src/main.c'
'Invoking: ARM v7 gcc compiler'
arm-none-eabi-gcc -Wall -O0 -g3 -c -fmessage-length=0 -MT"src/main.o" -mcpu=cortex-a9 -mfpu=vfpv3 -mfloat-abi=hard -I../../Benchmark_bsp/ps7_cortexa9_0/include -MMD -MP -MF"src/main.d" -MT"src/main.o" -o "src/main.o" "../src/main.c"
In file included from ../src/main.c:69:0:
../../Benchmark_bsp/ps7_cortexa9_0/include/xtime_l.h:89:9: note: #pragma message: For the sleep routines, Global timer is being used
 #pragma message ("For the sleep routines, Global timer is being used")
         ^~~~~~~
../src/main.c: In function 'SD_to_DDR':
../src/main.c:177:29: error: 'FILE_M' undeclared (first use in this function); did you mean 'FILE'?
  Status = name ? sdOpenFile(FILE_M) : sdOpenFile(FILE_L); //6916 Size
                             ^~~~~~
                             FILE
../src/main.c:177:29: note: each undeclared identifier is reported only once for each function it appears in
../src/main.c:177:50: error: 'FILE_L' undeclared (first use in this function); did you mean 'FILE_M'?
  Status = name ? sdOpenFile(FILE_M) : sdOpenFile(FILE_L); //6916 Size
                                                  ^~~~~~
                                                  FILE_M
make: *** [src/main.o] Error 1
12:42:38 **** Auto Build of configuration Debug for project Benchmark ****
make pre-build main-build 
a9-linaro-pre-build-step
' '
'Building file: ../src/main.c'
'Invoking: ARM v7 gcc compiler'
arm-none-eabi-gcc -Wall -O0 -g3 -c -fmessage-length=0 -MT"src/main.o" -mcpu=cortex-a9 -mfpu=vfpv3 -mfloat-abi=hard -I../../Benchmark_bsp/ps7_cortexa9_0/include -MMD -MP -MF"src/main.d" -MT"src/main.o" -o "src/main.o" "../src/main.c"
In file included from ../src/main.c:69:0:
../../Benchmark_bsp/ps7_cortexa9_0/include/xtime_l.h:89:9: note: #pragma message: For the sleep routines, Global timer is being used
 #pragma message ("For the sleep routines, Global timer is being used")
         ^~~~~~~
../src/main.c: In function 'SD_to_DDR':
../src/main.c:177:29: error: 'FILE_M' undeclared (first use in this function); did you mean 'FILE'?
  Status = name ? sdOpenFile(FILE_M) : sdOpenFile(FILE_L); //6916 Size
                             ^~~~~~
                             FILE
../src/main.c:177:29: note: each undeclared identifier is reported only once for each function it appears in
../src/main.c:177:50: error: 'FILE_L' undeclared (first use in this function); did you mean 'FILE_M'?
  Status = name ? sdOpenFile(FILE_M) : sdOpenFile(FILE_L); //6916 Size
                                                  ^~~~~~
                                                  FILE_M
make: *** [src/main.o] Error 1
12:43:00 **** Auto Build of configuration Debug for project Benchmark ****
make pre-build main-build 
a9-linaro-pre-build-step
' '
'Building file: ../src/main.c'
'Invoking: ARM v7 gcc compiler'
arm-none-eabi-gcc -Wall -O0 -g3 -c -fmessage-length=0 -MT"src/main.o" -mcpu=cortex-a9 -mfpu=vfpv3 -mfloat-abi=hard -I../../Benchmark_bsp/ps7_cortexa9_0/include -MMD -MP -MF"src/main.d" -MT"src/main.o" -o "src/main.o" "../src/main.c"
In file included from ../src/main.c:69:0:
../../Benchmark_bsp/ps7_cortexa9_0/include/xtime_l.h:89:9: note: #pragma message: For the sleep routines, Global timer is being used
 #pragma message ("For the sleep routines, Global timer is being used")
         ^~~~~~~
../src/main.c: In function 'SD_to_DDR':
../src/main.c:177:29: error: 'FILE_M' undeclared (first use in this function); did you mean 'FILE'?
  Status = name ? sdOpenFile(FILE_M) : sdOpenFile(FILE_L); //6916 Size
                             ^~~~~~
                             FILE
../src/main.c:177:29: note: each undeclared identifier is reported only once for each function it appears in
../src/main.c:177:50: error: 'FILE_L' undeclared (first use in this function); did you mean 'FILE_M'?
  Status = name ? sdOpenFile(FILE_M) : sdOpenFile(FILE_L); //6916 Size
                                                  ^~~~~~
                                                  FILE_M
make: *** [src/main.o] Error 1
12:44:26 **** Auto Build of configuration Debug for project Benchmark ****
make pre-build main-build 
a9-linaro-pre-build-step
' '
'Building file: ../src/main.c'
'Invoking: ARM v7 gcc compiler'
arm-none-eabi-gcc -Wall -O0 -g3 -c -fmessage-length=0 -MT"src/main.o" -mcpu=cortex-a9 -mfpu=vfpv3 -mfloat-abi=hard -I../../Benchmark_bsp/ps7_cortexa9_0/include -MMD -MP -MF"src/main.d" -MT"src/main.o" -o "src/main.o" "../src/main.c"
In file included from ../src/main.c:69:0:
../../Benchmark_bsp/ps7_cortexa9_0/include/xtime_l.h:89:9: note: #pragma message: For the sleep routines, Global timer is being used
 #pragma message ("For the sleep routines, Global timer is being used")
         ^~~~~~~
'Finished building: ../src/main.c'
' '
'Building target: Benchmark.elf'
'Invoking: ARM v7 gcc linker'
arm-none-eabi-gcc -mcpu=cortex-a9 -mfpu=vfpv3 -mfloat-abi=hard -Wl,-build-id=none -specs=Xilinx.spec -Wl,-T -Wl,../src/lscript.ld -L../../Benchmark_bsp/ps7_cortexa9_0/lib -o "Benchmark.elf"  ./src/main.o ./src/pl.o ./src/platform.o ./src/sd.o   -Wl,--start-group,-lxil,-lgcc,-lc,--end-group -Wl,--start-group,-lxilffs,-lxil,-lgcc,-lc,--end-group
'Finished building target: Benchmark.elf'
' '
'Invoking: ARM v7 Print Size'
arm-none-eabi-size Benchmark.elf  |tee "Benchmark.elf.size"
   text	   data	    bss	    dec	    hex	filename
 114356	  10512	  28176	 153044	  255d4	Benchmark.elf
'Finished building: Benchmark.elf.size'
' '
12:45:06 **** Incremental Build of configuration Debug for project Benchmark ****
make pre-build main-build 
a9-linaro-pre-build-step
' '
make: Nothing to be done for `main-build'.
12:46:17 **** Incremental Build of configuration Debug for project Benchmark ****
make pre-build main-build 
a9-linaro-pre-build-step
' '
'Building file: ../src/main.c'
'Invoking: ARM v7 gcc compiler'
arm-none-eabi-gcc -Wall -O0 -g3 -c -fmessage-length=0 -MT"src/main.o" -mcpu=cortex-a9 -mfpu=vfpv3 -mfloat-abi=hard -I../../Benchmark_bsp/ps7_cortexa9_0/include -MMD -MP -MF"src/main.d" -MT"src/main.o" -o "src/main.o" "../src/main.c"
In file included from ../src/main.c:69:0:
../../Benchmark_bsp/ps7_cortexa9_0/include/xtime_l.h:89:9: note: #pragma message: For the sleep routines, Global timer is being used
 #pragma message ("For the sleep routines, Global timer is being used")
         ^~~~~~~
'Finished building: ../src/main.c'
' '
'Building target: Benchmark.elf'
'Invoking: ARM v7 gcc linker'
arm-none-eabi-gcc -mcpu=cortex-a9 -mfpu=vfpv3 -mfloat-abi=hard -Wl,-build-id=none -specs=Xilinx.spec -Wl,-T -Wl,../src/lscript.ld -L../../Benchmark_bsp/ps7_cortexa9_0/lib -o "Benchmark.elf"  ./src/main.o ./src/pl.o ./src/platform.o ./src/sd.o   -Wl,--start-group,-lxil,-lgcc,-lc,--end-group -Wl,--start-group,-lxilffs,-lxil,-lgcc,-lc,--end-group
'Finished building target: Benchmark.elf'
' '
'Invoking: ARM v7 Print Size'
arm-none-eabi-size Benchmark.elf  |tee "Benchmark.elf.size"
   text	   data	    bss	    dec	    hex	filename
 114348	  10512	  28176	 153036	  255cc	Benchmark.elf
'Finished building: Benchmark.elf.size'
' '
12:46:58 **** Auto Build of configuration Debug for project Benchmark ****
make pre-build main-build 
a9-linaro-pre-build-step
' '
'Building target: Benchmark.elf'
'Invoking: ARM v7 gcc linker'
arm-none-eabi-gcc -mcpu=cortex-a9 -mfpu=vfpv3 -mfloat-abi=hard -Wl,-build-id=none -specs=Xilinx.spec -Wl,-T -Wl,../src/lscript.ld -L../../Benchmark_bsp/ps7_cortexa9_0/lib -o "Benchmark.elf"  ./src/main.o ./src/pl.o ./src/platform.o ./src/sd.o   -Wl,--start-group,-lxil,-lgcc,-lc,--end-group -Wl,--start-group,-lxilffs,-lxil,-lgcc,-lc,--end-group
'Finished building target: Benchmark.elf'
' '
'Invoking: ARM v7 Print Size'
arm-none-eabi-size Benchmark.elf  |tee "Benchmark.elf.size"
   text	   data	    bss	    dec	    hex	filename
 114348	  10512	67120656	67245516	40215cc	Benchmark.elf
'Finished building: Benchmark.elf.size'
' '
12:47:02 **** Incremental Build of configuration Debug for project Benchmark ****
make pre-build main-build 
a9-linaro-pre-build-step
' '
make: Nothing to be done for `main-build'.
12:47:05 **** Incremental Build of configuration Debug for project Benchmark ****
make pre-build main-build 
a9-linaro-pre-build-step
' '
make: Nothing to be done for `main-build'.
12:48:30 **** Auto Build of configuration Debug for project Benchmark ****
make pre-build main-build 
a9-linaro-pre-build-step
' '
'Building file: ../src/main.c'
'Invoking: ARM v7 gcc compiler'
arm-none-eabi-gcc -Wall -O0 -g3 -c -fmessage-length=0 -MT"src/main.o" -mcpu=cortex-a9 -mfpu=vfpv3 -mfloat-abi=hard -I../../Benchmark_bsp/ps7_cortexa9_0/include -MMD -MP -MF"src/main.d" -MT"src/main.o" -o "src/main.o" "../src/main.c"
In file included from ../src/main.c:69:0:
../../Benchmark_bsp/ps7_cortexa9_0/include/xtime_l.h:89:9: note: #pragma message: For the sleep routines, Global timer is being used
 #pragma message ("For the sleep routines, Global timer is being used")
         ^~~~~~~
'Finished building: ../src/main.c'
' '
'Building target: Benchmark.elf'
'Invoking: ARM v7 gcc linker'
arm-none-eabi-gcc -mcpu=cortex-a9 -mfpu=vfpv3 -mfloat-abi=hard -Wl,-build-id=none -specs=Xilinx.spec -Wl,-T -Wl,../src/lscript.ld -L../../Benchmark_bsp/ps7_cortexa9_0/lib -o "Benchmark.elf"  ./src/main.o ./src/pl.o ./src/platform.o ./src/sd.o   -Wl,--start-group,-lxil,-lgcc,-lc,--end-group -Wl,--start-group,-lxilffs,-lxil,-lgcc,-lc,--end-group
'Finished building target: Benchmark.elf'
' '
'Invoking: ARM v7 Print Size'
arm-none-eabi-size Benchmark.elf  |tee "Benchmark.elf.size"
   text	   data	    bss	    dec	    hex	filename
 114340	  10512	67120656	67245508	40215c4	Benchmark.elf
'Finished building: Benchmark.elf.size'
' '
12:48:37 **** Incremental Build of configuration Debug for project Benchmark ****
make pre-build main-build 
a9-linaro-pre-build-step
' '
make: Nothing to be done for `main-build'.
12:48:49 **** Incremental Build of configuration Debug for project Benchmark ****
make pre-build main-build 
a9-linaro-pre-build-step
' '
'Building file: ../src/main.c'
'Invoking: ARM v7 gcc compiler'
arm-none-eabi-gcc -Wall -O0 -g3 -c -fmessage-length=0 -MT"src/main.o" -mcpu=cortex-a9 -mfpu=vfpv3 -mfloat-abi=hard -I../../Benchmark_bsp/ps7_cortexa9_0/include -MMD -MP -MF"src/main.d" -MT"src/main.o" -o "src/main.o" "../src/main.c"
In file included from ../src/main.c:69:0:
../../Benchmark_bsp/ps7_cortexa9_0/include/xtime_l.h:89:9: note: #pragma message: For the sleep routines, Global timer is being used
 #pragma message ("For the sleep routines, Global timer is being used")
         ^~~~~~~
'Finished building: ../src/main.c'
' '
'Building target: Benchmark.elf'
'Invoking: ARM v7 gcc linker'
arm-none-eabi-gcc -mcpu=cortex-a9 -mfpu=vfpv3 -mfloat-abi=hard -Wl,-build-id=none -specs=Xilinx.spec -Wl,-T -Wl,../src/lscript.ld -L../../Benchmark_bsp/ps7_cortexa9_0/lib -o "Benchmark.elf"  ./src/main.o ./src/pl.o ./src/platform.o ./src/sd.o   -Wl,--start-group,-lxil,-lgcc,-lc,--end-group -Wl,--start-group,-lxilffs,-lxil,-lgcc,-lc,--end-group
'Finished building target: Benchmark.elf'
' '
'Invoking: ARM v7 Print Size'
arm-none-eabi-size Benchmark.elf  |tee "Benchmark.elf.size"
   text	   data	    bss	    dec	    hex	filename
 114356	  10512	67120656	67245524	40215d4	Benchmark.elf
'Finished building: Benchmark.elf.size'
' '
12:50:12 **** Incremental Build of configuration Debug for project Benchmark ****
make pre-build main-build 
a9-linaro-pre-build-step
' '
'Building file: ../src/main.c'
'Invoking: ARM v7 gcc compiler'
arm-none-eabi-gcc -Wall -O0 -g3 -c -fmessage-length=0 -MT"src/main.o" -mcpu=cortex-a9 -mfpu=vfpv3 -mfloat-abi=hard -I../../Benchmark_bsp/ps7_cortexa9_0/include -MMD -MP -MF"src/main.d" -MT"src/main.o" -o "src/main.o" "../src/main.c"
In file included from ../src/main.c:69:0:
../../Benchmark_bsp/ps7_cortexa9_0/include/xtime_l.h:89:9: note: #pragma message: For the sleep routines, Global timer is being used
 #pragma message ("For the sleep routines, Global timer is being used")
         ^~~~~~~
'Finished building: ../src/main.c'
' '
'Building target: Benchmark.elf'
'Invoking: ARM v7 gcc linker'
arm-none-eabi-gcc -mcpu=cortex-a9 -mfpu=vfpv3 -mfloat-abi=hard -Wl,-build-id=none -specs=Xilinx.spec -Wl,-T -Wl,../src/lscript.ld -L../../Benchmark_bsp/ps7_cortexa9_0/lib -o "Benchmark.elf"  ./src/main.o ./src/pl.o ./src/platform.o ./src/sd.o   -Wl,--start-group,-lxil,-lgcc,-lc,--end-group -Wl,--start-group,-lxilffs,-lxil,-lgcc,-lc,--end-group
'Finished building target: Benchmark.elf'
' '
'Invoking: ARM v7 Print Size'
arm-none-eabi-size Benchmark.elf  |tee "Benchmark.elf.size"
   text	   data	    bss	    dec	    hex	filename
 114348	  10512	67120656	67245516	40215cc	Benchmark.elf
'Finished building: Benchmark.elf.size'
' '
12:52:53 **** Auto Build of configuration Debug for project Benchmark ****
make pre-build main-build 
a9-linaro-pre-build-step
' '
'Building file: ../src/main.c'
'Invoking: ARM v7 gcc compiler'
arm-none-eabi-gcc -Wall -O0 -g3 -c -fmessage-length=0 -MT"src/main.o" -mcpu=cortex-a9 -mfpu=vfpv3 -mfloat-abi=hard -I../../Benchmark_bsp/ps7_cortexa9_0/include -MMD -MP -MF"src/main.d" -MT"src/main.o" -o "src/main.o" "../src/main.c"
In file included from ../src/main.c:69:0:
../../Benchmark_bsp/ps7_cortexa9_0/include/xtime_l.h:89:9: note: #pragma message: For the sleep routines, Global timer is being used
 #pragma message ("For the sleep routines, Global timer is being used")
         ^~~~~~~
'Finished building: ../src/main.c'
' '
'Building target: Benchmark.elf'
'Invoking: ARM v7 gcc linker'
arm-none-eabi-gcc -mcpu=cortex-a9 -mfpu=vfpv3 -mfloat-abi=hard -Wl,-build-id=none -specs=Xilinx.spec -Wl,-T -Wl,../src/lscript.ld -L../../Benchmark_bsp/ps7_cortexa9_0/lib -o "Benchmark.elf"  ./src/main.o ./src/pl.o ./src/platform.o ./src/sd.o   -Wl,--start-group,-lxil,-lgcc,-lc,--end-group -Wl,--start-group,-lxilffs,-lxil,-lgcc,-lc,--end-group
'Finished building target: Benchmark.elf'
' '
'Invoking: ARM v7 Print Size'
arm-none-eabi-size Benchmark.elf  |tee "Benchmark.elf.size"
   text	   data	    bss	    dec	    hex	filename
 114348	  10512	67120656	67245516	40215cc	Benchmark.elf
'Finished building: Benchmark.elf.size'
' '
12:54:11 **** Auto Build of configuration Debug for project Benchmark ****
make pre-build main-build 
a9-linaro-pre-build-step
' '
'Building file: ../src/main.c'
'Invoking: ARM v7 gcc compiler'
arm-none-eabi-gcc -Wall -O0 -g3 -c -fmessage-length=0 -MT"src/main.o" -mcpu=cortex-a9 -mfpu=vfpv3 -mfloat-abi=hard -I../../Benchmark_bsp/ps7_cortexa9_0/include -MMD -MP -MF"src/main.d" -MT"src/main.o" -o "src/main.o" "../src/main.c"
In file included from ../src/main.c:69:0:
../../Benchmark_bsp/ps7_cortexa9_0/include/xtime_l.h:89:9: note: #pragma message: For the sleep routines, Global timer is being used
 #pragma message ("For the sleep routines, Global timer is being used")
         ^~~~~~~
'Finished building: ../src/main.c'
' '
'Building target: Benchmark.elf'
'Invoking: ARM v7 gcc linker'
arm-none-eabi-gcc -mcpu=cortex-a9 -mfpu=vfpv3 -mfloat-abi=hard -Wl,-build-id=none -specs=Xilinx.spec -Wl,-T -Wl,../src/lscript.ld -L../../Benchmark_bsp/ps7_cortexa9_0/lib -o "Benchmark.elf"  ./src/main.o ./src/pl.o ./src/platform.o ./src/sd.o   -Wl,--start-group,-lxil,-lgcc,-lc,--end-group -Wl,--start-group,-lxilffs,-lxil,-lgcc,-lc,--end-group
'Finished building target: Benchmark.elf'
' '
'Invoking: ARM v7 Print Size'
arm-none-eabi-size Benchmark.elf  |tee "Benchmark.elf.size"
   text	   data	    bss	    dec	    hex	filename
 114356	  10512	67120656	67245524	40215d4	Benchmark.elf
'Finished building: Benchmark.elf.size'
' '
12:54:12 **** Incremental Build of configuration Debug for project Benchmark ****
make pre-build main-build 
a9-linaro-pre-build-step
' '
make: Nothing to be done for `main-build'.
12:54:29 **** Auto Build of configuration Debug for project Benchmark ****
make pre-build main-build 
a9-linaro-pre-build-step
' '
'Building file: ../src/main.c'
'Invoking: ARM v7 gcc compiler'
arm-none-eabi-gcc -Wall -O0 -g3 -c -fmessage-length=0 -MT"src/main.o" -mcpu=cortex-a9 -mfpu=vfpv3 -mfloat-abi=hard -I../../Benchmark_bsp/ps7_cortexa9_0/include -MMD -MP -MF"src/main.d" -MT"src/main.o" -o "src/main.o" "../src/main.c"
In file included from ../src/main.c:69:0:
../../Benchmark_bsp/ps7_cortexa9_0/include/xtime_l.h:89:9: note: #pragma message: For the sleep routines, Global timer is being used
 #pragma message ("For the sleep routines, Global timer is being used")
         ^~~~~~~
'Finished building: ../src/main.c'
' '
'Building target: Benchmark.elf'
'Invoking: ARM v7 gcc linker'
arm-none-eabi-gcc -mcpu=cortex-a9 -mfpu=vfpv3 -mfloat-abi=hard -Wl,-build-id=none -specs=Xilinx.spec -Wl,-T -Wl,../src/lscript.ld -L../../Benchmark_bsp/ps7_cortexa9_0/lib -o "Benchmark.elf"  ./src/main.o ./src/pl.o ./src/platform.o ./src/sd.o   -Wl,--start-group,-lxil,-lgcc,-lc,--end-group -Wl,--start-group,-lxilffs,-lxil,-lgcc,-lc,--end-group
'Finished building target: Benchmark.elf'
' '
'Invoking: ARM v7 Print Size'
arm-none-eabi-size Benchmark.elf  |tee "Benchmark.elf.size"
   text	   data	    bss	    dec	    hex	filename
 114348	  10512	67120656	67245516	40215cc	Benchmark.elf
'Finished building: Benchmark.elf.size'
' '
12:54:31 **** Incremental Build of configuration Debug for project Benchmark ****
make pre-build main-build 
a9-linaro-pre-build-step
' '
make: Nothing to be done for `main-build'.
12:56:42 **** Auto Build of configuration Debug for project Benchmark ****
make pre-build main-build 
a9-linaro-pre-build-step
' '
'Building file: ../src/main.c'
'Invoking: ARM v7 gcc compiler'
arm-none-eabi-gcc -Wall -O0 -g3 -c -fmessage-length=0 -MT"src/main.o" -mcpu=cortex-a9 -mfpu=vfpv3 -mfloat-abi=hard -I../../Benchmark_bsp/ps7_cortexa9_0/include -MMD -MP -MF"src/main.d" -MT"src/main.o" -o "src/main.o" "../src/main.c"
In file included from ../src/main.c:69:0:
../../Benchmark_bsp/ps7_cortexa9_0/include/xtime_l.h:89:9: note: #pragma message: For the sleep routines, Global timer is being used
 #pragma message ("For the sleep routines, Global timer is being used")
         ^~~~~~~
'Finished building: ../src/main.c'
' '
'Building target: Benchmark.elf'
'Invoking: ARM v7 gcc linker'
arm-none-eabi-gcc -mcpu=cortex-a9 -mfpu=vfpv3 -mfloat-abi=hard -Wl,-build-id=none -specs=Xilinx.spec -Wl,-T -Wl,../src/lscript.ld -L../../Benchmark_bsp/ps7_cortexa9_0/lib -o "Benchmark.elf"  ./src/main.o ./src/pl.o ./src/platform.o ./src/sd.o   -Wl,--start-group,-lxil,-lgcc,-lc,--end-group -Wl,--start-group,-lxilffs,-lxil,-lgcc,-lc,--end-group
'Finished building target: Benchmark.elf'
' '
'Invoking: ARM v7 Print Size'
arm-none-eabi-size Benchmark.elf  |tee "Benchmark.elf.size"
   text	   data	    bss	    dec	    hex	filename
 114340	  10512	67120656	67245508	40215c4	Benchmark.elf
'Finished building: Benchmark.elf.size'
' '
12:56:46 **** Auto Build of configuration Debug for project Benchmark ****
make pre-build main-build 
a9-linaro-pre-build-step
' '
'Building file: ../src/main.c'
'Invoking: ARM v7 gcc compiler'
arm-none-eabi-gcc -Wall -O0 -g3 -c -fmessage-length=0 -MT"src/main.o" -mcpu=cortex-a9 -mfpu=vfpv3 -mfloat-abi=hard -I../../Benchmark_bsp/ps7_cortexa9_0/include -MMD -MP -MF"src/main.d" -MT"src/main.o" -o "src/main.o" "../src/main.c"
In file included from ../src/main.c:69:0:
../../Benchmark_bsp/ps7_cortexa9_0/include/xtime_l.h:89:9: note: #pragma message: For the sleep routines, Global timer is being used
 #pragma message ("For the sleep routines, Global timer is being used")
         ^~~~~~~
'Finished building: ../src/main.c'
' '
'Building target: Benchmark.elf'
'Invoking: ARM v7 gcc linker'
arm-none-eabi-gcc -mcpu=cortex-a9 -mfpu=vfpv3 -mfloat-abi=hard -Wl,-build-id=none -specs=Xilinx.spec -Wl,-T -Wl,../src/lscript.ld -L../../Benchmark_bsp/ps7_cortexa9_0/lib -o "Benchmark.elf"  ./src/main.o ./src/pl.o ./src/platform.o ./src/sd.o   -Wl,--start-group,-lxil,-lgcc,-lc,--end-group -Wl,--start-group,-lxilffs,-lxil,-lgcc,-lc,--end-group
'Finished building target: Benchmark.elf'
' '
'Invoking: ARM v7 Print Size'
arm-none-eabi-size Benchmark.elf  |tee "Benchmark.elf.size"
   text	   data	    bss	    dec	    hex	filename
 114340	  10512	67120656	67245508	40215c4	Benchmark.elf
'Finished building: Benchmark.elf.size'
' '
12:56:48 **** Incremental Build of configuration Debug for project Benchmark ****
make pre-build main-build 
a9-linaro-pre-build-step
' '
make: Nothing to be done for `main-build'.
12:58:42 **** Auto Build of configuration Debug for project Benchmark ****
make pre-build main-build 
a9-linaro-pre-build-step
' '
'Building file: ../src/sd.c'
'Invoking: ARM v7 gcc compiler'
arm-none-eabi-gcc -Wall -O0 -g3 -c -fmessage-length=0 -MT"src/sd.o" -mcpu=cortex-a9 -mfpu=vfpv3 -mfloat-abi=hard -I../../Benchmark_bsp/ps7_cortexa9_0/include -MMD -MP -MF"src/sd.d" -MT"src/sd.o" -o "src/sd.o" "../src/sd.c"
'Finished building: ../src/sd.c'
' '
'Building target: Benchmark.elf'
'Invoking: ARM v7 gcc linker'
arm-none-eabi-gcc -mcpu=cortex-a9 -mfpu=vfpv3 -mfloat-abi=hard -Wl,-build-id=none -specs=Xilinx.spec -Wl,-T -Wl,../src/lscript.ld -L../../Benchmark_bsp/ps7_cortexa9_0/lib -o "Benchmark.elf"  ./src/main.o ./src/pl.o ./src/platform.o ./src/sd.o   -Wl,--start-group,-lxil,-lgcc,-lc,--end-group -Wl,--start-group,-lxilffs,-lxil,-lgcc,-lc,--end-group
'Finished building target: Benchmark.elf'
' '
'Invoking: ARM v7 Print Size'
arm-none-eabi-size Benchmark.elf  |tee "Benchmark.elf.size"
   text	   data	    bss	    dec	    hex	filename
 114364	  10512	67120656	67245532	40215dc	Benchmark.elf
'Finished building: Benchmark.elf.size'
' '
12:58:44 **** Incremental Build of configuration Debug for project Benchmark ****
make pre-build main-build 
a9-linaro-pre-build-step
' '
make: Nothing to be done for `main-build'.
12:59:16 **** Incremental Build of configuration Debug for project Benchmark ****
make pre-build main-build 
a9-linaro-pre-build-step
' '
'Building file: ../src/sd.c'
'Invoking: ARM v7 gcc compiler'
arm-none-eabi-gcc -Wall -O0 -g3 -c -fmessage-length=0 -MT"src/sd.o" -mcpu=cortex-a9 -mfpu=vfpv3 -mfloat-abi=hard -I../../Benchmark_bsp/ps7_cortexa9_0/include -MMD -MP -MF"src/sd.d" -MT"src/sd.o" -o "src/sd.o" "../src/sd.c"
'Finished building: ../src/sd.c'
' '
'Building target: Benchmark.elf'
'Invoking: ARM v7 gcc linker'
arm-none-eabi-gcc -mcpu=cortex-a9 -mfpu=vfpv3 -mfloat-abi=hard -Wl,-build-id=none -specs=Xilinx.spec -Wl,-T -Wl,../src/lscript.ld -L../../Benchmark_bsp/ps7_cortexa9_0/lib -o "Benchmark.elf"  ./src/main.o ./src/pl.o ./src/platform.o ./src/sd.o   -Wl,--start-group,-lxil,-lgcc,-lc,--end-group -Wl,--start-group,-lxilffs,-lxil,-lgcc,-lc,--end-group
'Finished building target: Benchmark.elf'
' '
'Invoking: ARM v7 Print Size'
arm-none-eabi-size Benchmark.elf  |tee "Benchmark.elf.size"
   text	   data	    bss	    dec	    hex	filename
 114364	  10512	67120656	67245532	40215dc	Benchmark.elf
'Finished building: Benchmark.elf.size'
' '
12:59:29 **** Auto Build of configuration Debug for project Benchmark ****
make pre-build main-build 
a9-linaro-pre-build-step
' '
'Building file: ../src/sd.c'
'Invoking: ARM v7 gcc compiler'
arm-none-eabi-gcc -Wall -O0 -g3 -c -fmessage-length=0 -MT"src/sd.o" -mcpu=cortex-a9 -mfpu=vfpv3 -mfloat-abi=hard -I../../Benchmark_bsp/ps7_cortexa9_0/include -MMD -MP -MF"src/sd.d" -MT"src/sd.o" -o "src/sd.o" "../src/sd.c"
'Finished building: ../src/sd.c'
' '
'Building target: Benchmark.elf'
'Invoking: ARM v7 gcc linker'
arm-none-eabi-gcc -mcpu=cortex-a9 -mfpu=vfpv3 -mfloat-abi=hard -Wl,-build-id=none -specs=Xilinx.spec -Wl,-T -Wl,../src/lscript.ld -L../../Benchmark_bsp/ps7_cortexa9_0/lib -o "Benchmark.elf"  ./src/main.o ./src/pl.o ./src/platform.o ./src/sd.o   -Wl,--start-group,-lxil,-lgcc,-lc,--end-group -Wl,--start-group,-lxilffs,-lxil,-lgcc,-lc,--end-group
'Finished building target: Benchmark.elf'
' '
'Invoking: ARM v7 Print Size'
arm-none-eabi-size Benchmark.elf  |tee "Benchmark.elf.size"
   text	   data	    bss	    dec	    hex	filename
 114364	  10512	67120656	67245532	40215dc	Benchmark.elf
'Finished building: Benchmark.elf.size'
' '
12:59:30 **** Incremental Build of configuration Debug for project Benchmark ****
make pre-build main-build 
a9-linaro-pre-build-step
' '
make: Nothing to be done for `main-build'.
12:59:43 **** Auto Build of configuration Debug for project Benchmark ****
make pre-build main-build 
a9-linaro-pre-build-step
' '
'Building file: ../src/sd.c'
'Invoking: ARM v7 gcc compiler'
arm-none-eabi-gcc -Wall -O0 -g3 -c -fmessage-length=0 -MT"src/sd.o" -mcpu=cortex-a9 -mfpu=vfpv3 -mfloat-abi=hard -I../../Benchmark_bsp/ps7_cortexa9_0/include -MMD -MP -MF"src/sd.d" -MT"src/sd.o" -o "src/sd.o" "../src/sd.c"
'Finished building: ../src/sd.c'
' '
'Building target: Benchmark.elf'
'Invoking: ARM v7 gcc linker'
arm-none-eabi-gcc -mcpu=cortex-a9 -mfpu=vfpv3 -mfloat-abi=hard -Wl,-build-id=none -specs=Xilinx.spec -Wl,-T -Wl,../src/lscript.ld -L../../Benchmark_bsp/ps7_cortexa9_0/lib -o "Benchmark.elf"  ./src/main.o ./src/pl.o ./src/platform.o ./src/sd.o   -Wl,--start-group,-lxil,-lgcc,-lc,--end-group -Wl,--start-group,-lxilffs,-lxil,-lgcc,-lc,--end-group
'Finished building target: Benchmark.elf'
' '
'Invoking: ARM v7 Print Size'
arm-none-eabi-size Benchmark.elf  |tee "Benchmark.elf.size"
   text	   data	    bss	    dec	    hex	filename
 114364	  10512	67120656	67245532	40215dc	Benchmark.elf
'Finished building: Benchmark.elf.size'
' '
12:59:45 **** Incremental Build of configuration Debug for project Benchmark ****
make pre-build main-build 
a9-linaro-pre-build-step
' '
make: Nothing to be done for `main-build'.
12:59:55 **** Incremental Build of configuration Debug for project Benchmark ****
make pre-build main-build 
a9-linaro-pre-build-step
' '
'Building file: ../src/sd.c'
'Invoking: ARM v7 gcc compiler'
arm-none-eabi-gcc -Wall -O0 -g3 -c -fmessage-length=0 -MT"src/sd.o" -mcpu=cortex-a9 -mfpu=vfpv3 -mfloat-abi=hard -I../../Benchmark_bsp/ps7_cortexa9_0/include -MMD -MP -MF"src/sd.d" -MT"src/sd.o" -o "src/sd.o" "../src/sd.c"
'Finished building: ../src/sd.c'
' '
'Building target: Benchmark.elf'
'Invoking: ARM v7 gcc linker'
arm-none-eabi-gcc -mcpu=cortex-a9 -mfpu=vfpv3 -mfloat-abi=hard -Wl,-build-id=none -specs=Xilinx.spec -Wl,-T -Wl,../src/lscript.ld -L../../Benchmark_bsp/ps7_cortexa9_0/lib -o "Benchmark.elf"  ./src/main.o ./src/pl.o ./src/platform.o ./src/sd.o   -Wl,--start-group,-lxil,-lgcc,-lc,--end-group -Wl,--start-group,-lxilffs,-lxil,-lgcc,-lc,--end-group
'Finished building target: Benchmark.elf'
' '
'Invoking: ARM v7 Print Size'
arm-none-eabi-size Benchmark.elf  |tee "Benchmark.elf.size"
   text	   data	    bss	    dec	    hex	filename
 114364	  10512	67120656	67245532	40215dc	Benchmark.elf
'Finished building: Benchmark.elf.size'
' '
13:00:33 **** Auto Build of configuration Debug for project Benchmark ****
make pre-build main-build 
a9-linaro-pre-build-step
' '
'Building file: ../src/sd.c'
'Invoking: ARM v7 gcc compiler'
arm-none-eabi-gcc -Wall -O0 -g3 -c -fmessage-length=0 -MT"src/sd.o" -mcpu=cortex-a9 -mfpu=vfpv3 -mfloat-abi=hard -I../../Benchmark_bsp/ps7_cortexa9_0/include -MMD -MP -MF"src/sd.d" -MT"src/sd.o" -o "src/sd.o" "../src/sd.c"
'Finished building: ../src/sd.c'
' '
'Building target: Benchmark.elf'
'Invoking: ARM v7 gcc linker'
arm-none-eabi-gcc -mcpu=cortex-a9 -mfpu=vfpv3 -mfloat-abi=hard -Wl,-build-id=none -specs=Xilinx.spec -Wl,-T -Wl,../src/lscript.ld -L../../Benchmark_bsp/ps7_cortexa9_0/lib -o "Benchmark.elf"  ./src/main.o ./src/pl.o ./src/platform.o ./src/sd.o   -Wl,--start-group,-lxil,-lgcc,-lc,--end-group -Wl,--start-group,-lxilffs,-lxil,-lgcc,-lc,--end-group
'Finished building target: Benchmark.elf'
' '
'Invoking: ARM v7 Print Size'
arm-none-eabi-size Benchmark.elf  |tee "Benchmark.elf.size"
   text	   data	    bss	    dec	    hex	filename
 114364	  10512	67120688	67245564	40215fc	Benchmark.elf
'Finished building: Benchmark.elf.size'
' '
13:00:35 **** Incremental Build of configuration Debug for project Benchmark ****
make pre-build main-build 
a9-linaro-pre-build-step
' '
make: Nothing to be done for `main-build'.
20:29:15 **** Auto Build of configuration Debug for project Benchmark ****
make pre-build main-build 
a9-linaro-pre-build-step
' '
'Building file: ../src/main.c'
'Invoking: ARM v7 gcc compiler'
arm-none-eabi-gcc -Wall -O0 -g3 -c -fmessage-length=0 -MT"src/main.o" -mcpu=cortex-a9 -mfpu=vfpv3 -mfloat-abi=hard -I../../Benchmark_bsp/ps7_cortexa9_0/include -MMD -MP -MF"src/main.d" -MT"src/main.o" -o "src/main.o" "../src/main.c"
In file included from ../src/main.c:69:0:
../../Benchmark_bsp/ps7_cortexa9_0/include/xtime_l.h:89:9: note: #pragma message: For the sleep routines, Global timer is being used
 #pragma message ("For the sleep routines, Global timer is being used")
         ^~~~~~~
'Finished building: ../src/main.c'
' '
'Building target: Benchmark.elf'
'Invoking: ARM v7 gcc linker'
arm-none-eabi-gcc -mcpu=cortex-a9 -mfpu=vfpv3 -mfloat-abi=hard -Wl,-build-id=none -specs=Xilinx.spec -Wl,-T -Wl,../src/lscript.ld -L../../Benchmark_bsp/ps7_cortexa9_0/lib -o "Benchmark.elf"  ./src/main.o ./src/pl.o ./src/platform.o ./src/sd.o   -Wl,--start-group,-lxil,-lgcc,-lc,--end-group -Wl,--start-group,-lxilffs,-lxil,-lgcc,-lc,--end-group
'Finished building target: Benchmark.elf'
' '
'Invoking: ARM v7 Print Size'
arm-none-eabi-size Benchmark.elf  |tee "Benchmark.elf.size"
   text	   data	    bss	    dec	    hex	filename
 114364	  10512	67120688	67245564	40215fc	Benchmark.elf
'Finished building: Benchmark.elf.size'
' '
20:29:33 **** Incremental Build of configuration Debug for project Benchmark ****
make pre-build main-build 
a9-linaro-pre-build-step
' '
make: Nothing to be done for `main-build'.
20:34:46 **** Auto Build of configuration Debug for project Benchmark ****
make pre-build main-build 
a9-linaro-pre-build-step
' '
'Building file: ../src/main.c'
'Invoking: ARM v7 gcc compiler'
arm-none-eabi-gcc -Wall -O0 -g3 -c -fmessage-length=0 -MT"src/main.o" -mcpu=cortex-a9 -mfpu=vfpv3 -mfloat-abi=hard -I../../Benchmark_bsp/ps7_cortexa9_0/include -MMD -MP -MF"src/main.d" -MT"src/main.o" -o "src/main.o" "../src/main.c"
In file included from ../src/main.c:69:0:
../../Benchmark_bsp/ps7_cortexa9_0/include/xtime_l.h:89:9: note: #pragma message: For the sleep routines, Global timer is being used
 #pragma message ("For the sleep routines, Global timer is being used")
         ^~~~~~~
'Finished building: ../src/main.c'
' '
'Building target: Benchmark.elf'
'Invoking: ARM v7 gcc linker'
arm-none-eabi-gcc -mcpu=cortex-a9 -mfpu=vfpv3 -mfloat-abi=hard -Wl,-build-id=none -specs=Xilinx.spec -Wl,-T -Wl,../src/lscript.ld -L../../Benchmark_bsp/ps7_cortexa9_0/lib -o "Benchmark.elf"  ./src/main.o ./src/pl.o ./src/platform.o ./src/sd.o   -Wl,--start-group,-lxil,-lgcc,-lc,--end-group -Wl,--start-group,-lxilffs,-lxil,-lgcc,-lc,--end-group
'Finished building target: Benchmark.elf'
' '
'Invoking: ARM v7 Print Size'
arm-none-eabi-size Benchmark.elf  |tee "Benchmark.elf.size"
   text	   data	    bss	    dec	    hex	filename
 114372	  10512	67120688	67245572	4021604	Benchmark.elf
'Finished building: Benchmark.elf.size'
' '
20:41:06 **** Auto Build of configuration Debug for project Benchmark ****
make pre-build main-build 
a9-linaro-pre-build-step
' '
'Building file: ../src/main.c'
'Invoking: ARM v7 gcc compiler'
arm-none-eabi-gcc -Wall -O0 -g3 -c -fmessage-length=0 -MT"src/main.o" -mcpu=cortex-a9 -mfpu=vfpv3 -mfloat-abi=hard -I../../Benchmark_bsp/ps7_cortexa9_0/include -MMD -MP -MF"src/main.d" -MT"src/main.o" -o "src/main.o" "../src/main.c"
In file included from ../src/main.c:69:0:
../../Benchmark_bsp/ps7_cortexa9_0/include/xtime_l.h:89:9: note: #pragma message: For the sleep routines, Global timer is being used
 #pragma message ("For the sleep routines, Global timer is being used")
         ^~~~~~~
'Finished building: ../src/main.c'
' '
'Building target: Benchmark.elf'
'Invoking: ARM v7 gcc linker'
arm-none-eabi-gcc -mcpu=cortex-a9 -mfpu=vfpv3 -mfloat-abi=hard -Wl,-build-id=none -specs=Xilinx.spec -Wl,-T -Wl,../src/lscript.ld -L../../Benchmark_bsp/ps7_cortexa9_0/lib -o "Benchmark.elf"  ./src/main.o ./src/pl.o ./src/platform.o ./src/sd.o   -Wl,--start-group,-lxil,-lgcc,-lc,--end-group -Wl,--start-group,-lxilffs,-lxil,-lgcc,-lc,--end-group
'Finished building target: Benchmark.elf'
' '
'Invoking: ARM v7 Print Size'
arm-none-eabi-size Benchmark.elf  |tee "Benchmark.elf.size"
   text	   data	    bss	    dec	    hex	filename
 114380	  10512	67120688	67245580	402160c	Benchmark.elf
'Finished building: Benchmark.elf.size'
' '
20:41:49 **** Auto Build of configuration Debug for project Benchmark ****
make pre-build main-build 
a9-linaro-pre-build-step
' '
'Building file: ../src/main.c'
'Invoking: ARM v7 gcc compiler'
arm-none-eabi-gcc -Wall -O0 -g3 -c -fmessage-length=0 -MT"src/main.o" -mcpu=cortex-a9 -mfpu=vfpv3 -mfloat-abi=hard -I../../Benchmark_bsp/ps7_cortexa9_0/include -MMD -MP -MF"src/main.d" -MT"src/main.o" -o "src/main.o" "../src/main.c"
In file included from ../src/main.c:69:0:
../../Benchmark_bsp/ps7_cortexa9_0/include/xtime_l.h:89:9: note: #pragma message: For the sleep routines, Global timer is being used
 #pragma message ("For the sleep routines, Global timer is being used")
         ^~~~~~~
'Finished building: ../src/main.c'
' '
'Building target: Benchmark.elf'
'Invoking: ARM v7 gcc linker'
arm-none-eabi-gcc -mcpu=cortex-a9 -mfpu=vfpv3 -mfloat-abi=hard -Wl,-build-id=none -specs=Xilinx.spec -Wl,-T -Wl,../src/lscript.ld -L../../Benchmark_bsp/ps7_cortexa9_0/lib -o "Benchmark.elf"  ./src/main.o ./src/pl.o ./src/platform.o ./src/sd.o   -Wl,--start-group,-lxil,-lgcc,-lc,--end-group -Wl,--start-group,-lxilffs,-lxil,-lgcc,-lc,--end-group
'Finished building target: Benchmark.elf'
' '
'Invoking: ARM v7 Print Size'
arm-none-eabi-size Benchmark.elf  |tee "Benchmark.elf.size"
   text	   data	    bss	    dec	    hex	filename
 114380	  10512	67120688	67245580	402160c	Benchmark.elf
'Finished building: Benchmark.elf.size'
' '
20:41:50 **** Incremental Build of configuration Debug for project Benchmark ****
make pre-build main-build 
a9-linaro-pre-build-step
' '
make: Nothing to be done for `main-build'.
20:42:11 **** Auto Build of configuration Debug for project Benchmark ****
make pre-build main-build 
a9-linaro-pre-build-step
' '
'Building file: ../src/main.c'
'Invoking: ARM v7 gcc compiler'
arm-none-eabi-gcc -Wall -O0 -g3 -c -fmessage-length=0 -MT"src/main.o" -mcpu=cortex-a9 -mfpu=vfpv3 -mfloat-abi=hard -I../../Benchmark_bsp/ps7_cortexa9_0/include -MMD -MP -MF"src/main.d" -MT"src/main.o" -o "src/main.o" "../src/main.c"
In file included from ../src/main.c:69:0:
../../Benchmark_bsp/ps7_cortexa9_0/include/xtime_l.h:89:9: note: #pragma message: For the sleep routines, Global timer is being used
 #pragma message ("For the sleep routines, Global timer is being used")
         ^~~~~~~
'Finished building: ../src/main.c'
' '
'Building target: Benchmark.elf'
'Invoking: ARM v7 gcc linker'
arm-none-eabi-gcc -mcpu=cortex-a9 -mfpu=vfpv3 -mfloat-abi=hard -Wl,-build-id=none -specs=Xilinx.spec -Wl,-T -Wl,../src/lscript.ld -L../../Benchmark_bsp/ps7_cortexa9_0/lib -o "Benchmark.elf"  ./src/main.o ./src/pl.o ./src/platform.o ./src/sd.o   -Wl,--start-group,-lxil,-lgcc,-lc,--end-group -Wl,--start-group,-lxilffs,-lxil,-lgcc,-lc,--end-group
'Finished building target: Benchmark.elf'
' '
'Invoking: ARM v7 Print Size'
arm-none-eabi-size Benchmark.elf  |tee "Benchmark.elf.size"
   text	   data	    bss	    dec	    hex	filename
 114380	  10512	67120688	67245580	402160c	Benchmark.elf
'Finished building: Benchmark.elf.size'
' '
20:42:12 **** Incremental Build of configuration Debug for project Benchmark ****
make pre-build main-build 
a9-linaro-pre-build-step
' '
make: Nothing to be done for `main-build'.
20:47:18 **** Auto Build of configuration Debug for project Benchmark ****
make pre-build main-build 
a9-linaro-pre-build-step
' '
'Building file: ../src/main.c'
'Invoking: ARM v7 gcc compiler'
arm-none-eabi-gcc -Wall -O0 -g3 -c -fmessage-length=0 -MT"src/main.o" -mcpu=cortex-a9 -mfpu=vfpv3 -mfloat-abi=hard -I../../Benchmark_bsp/ps7_cortexa9_0/include -MMD -MP -MF"src/main.d" -MT"src/main.o" -o "src/main.o" "../src/main.c"
In file included from ../src/main.c:48:0:
../src/main.h:67:10: error: #elif with no expression
 #elif AES
          ^
In file included from ../src/pcap_frameread.h:7:0,
                 from ../src/main.c:68:
../src/main.h:67:10: error: #elif with no expression
 #elif AES
          ^
In file included from ../src/main.c:69:0:
../../Benchmark_bsp/ps7_cortexa9_0/include/xtime_l.h:89:9: note: #pragma message: For the sleep routines, Global timer is being used
 #pragma message ("For the sleep routines, Global timer is being used")
         ^~~~~~~
../src/main.c: In function 'SD_to_DDR':
../src/main.c:176:29: error: 'FILE_M' undeclared (first use in this function); did you mean 'FILE'?
  Status = name ? sdOpenFile(FILE_M) : sdOpenFile(FILE_L); //6916 Size
                             ^~~~~~
                             FILE
../src/main.c:176:29: note: each undeclared identifier is reported only once for each function it appears in
../src/main.c:176:50: error: 'FILE_L' undeclared (first use in this function); did you mean 'FILE_M'?
  Status = name ? sdOpenFile(FILE_M) : sdOpenFile(FILE_L); //6916 Size
                                                  ^~~~~~
                                                  FILE_M
make: *** [src/main.o] Error 1
20:47:23 **** Auto Build of configuration Debug for project Benchmark ****
make pre-build main-build 
a9-linaro-pre-build-step
' '
'Building file: ../src/main.c'
'Invoking: ARM v7 gcc compiler'
arm-none-eabi-gcc -Wall -O0 -g3 -c -fmessage-length=0 -MT"src/main.o" -mcpu=cortex-a9 -mfpu=vfpv3 -mfloat-abi=hard -I../../Benchmark_bsp/ps7_cortexa9_0/include -MMD -MP -MF"src/main.d" -MT"src/main.o" -o "src/main.o" "../src/main.c"
In file included from ../src/main.c:69:0:
../../Benchmark_bsp/ps7_cortexa9_0/include/xtime_l.h:89:9: note: #pragma message: For the sleep routines, Global timer is being used
 #pragma message ("For the sleep routines, Global timer is being used")
         ^~~~~~~
'Finished building: ../src/main.c'
' '
'Building target: Benchmark.elf'
'Invoking: ARM v7 gcc linker'
arm-none-eabi-gcc -mcpu=cortex-a9 -mfpu=vfpv3 -mfloat-abi=hard -Wl,-build-id=none -specs=Xilinx.spec -Wl,-T -Wl,../src/lscript.ld -L../../Benchmark_bsp/ps7_cortexa9_0/lib -o "Benchmark.elf"  ./src/main.o ./src/pl.o ./src/platform.o ./src/sd.o   -Wl,--start-group,-lxil,-lgcc,-lc,--end-group -Wl,--start-group,-lxilffs,-lxil,-lgcc,-lc,--end-group
'Finished building target: Benchmark.elf'
' '
'Invoking: ARM v7 Print Size'
arm-none-eabi-size Benchmark.elf  |tee "Benchmark.elf.size"
   text	   data	    bss	    dec	    hex	filename
 114372	  10512	67120688	67245572	4021604	Benchmark.elf
'Finished building: Benchmark.elf.size'
' '
20:47:29 **** Incremental Build of configuration Debug for project Benchmark ****
make pre-build main-build 
a9-linaro-pre-build-step
' '
make: Nothing to be done for `main-build'.
20:48:20 **** Incremental Build of configuration Debug for project Benchmark ****
make pre-build main-build 
a9-linaro-pre-build-step
' '
'Building file: ../src/main.c'
'Invoking: ARM v7 gcc compiler'
arm-none-eabi-gcc -Wall -O0 -g3 -c -fmessage-length=0 -MT"src/main.o" -mcpu=cortex-a9 -mfpu=vfpv3 -mfloat-abi=hard -I../../Benchmark_bsp/ps7_cortexa9_0/include -MMD -MP -MF"src/main.d" -MT"src/main.o" -o "src/main.o" "../src/main.c"
In file included from ../src/main.c:69:0:
../../Benchmark_bsp/ps7_cortexa9_0/include/xtime_l.h:89:9: note: #pragma message: For the sleep routines, Global timer is being used
 #pragma message ("For the sleep routines, Global timer is being used")
         ^~~~~~~
'Finished building: ../src/main.c'
' '
'Building target: Benchmark.elf'
'Invoking: ARM v7 gcc linker'
arm-none-eabi-gcc -mcpu=cortex-a9 -mfpu=vfpv3 -mfloat-abi=hard -Wl,-build-id=none -specs=Xilinx.spec -Wl,-T -Wl,../src/lscript.ld -L../../Benchmark_bsp/ps7_cortexa9_0/lib -o "Benchmark.elf"  ./src/main.o ./src/pl.o ./src/platform.o ./src/sd.o   -Wl,--start-group,-lxil,-lgcc,-lc,--end-group -Wl,--start-group,-lxilffs,-lxil,-lgcc,-lc,--end-group
'Finished building target: Benchmark.elf'
' '
'Invoking: ARM v7 Print Size'
arm-none-eabi-size Benchmark.elf  |tee "Benchmark.elf.size"
   text	   data	    bss	    dec	    hex	filename
 114380	  10512	67120688	67245580	402160c	Benchmark.elf
'Finished building: Benchmark.elf.size'
' '
20:48:50 **** Auto Build of configuration Debug for project Benchmark ****
make pre-build main-build 
a9-linaro-pre-build-step
' '
'Building file: ../src/main.c'
'Invoking: ARM v7 gcc compiler'
arm-none-eabi-gcc -Wall -O0 -g3 -c -fmessage-length=0 -MT"src/main.o" -mcpu=cortex-a9 -mfpu=vfpv3 -mfloat-abi=hard -I../../Benchmark_bsp/ps7_cortexa9_0/include -MMD -MP -MF"src/main.d" -MT"src/main.o" -o "src/main.o" "../src/main.c"
In file included from ../src/main.c:69:0:
../../Benchmark_bsp/ps7_cortexa9_0/include/xtime_l.h:89:9: note: #pragma message: For the sleep routines, Global timer is being used
 #pragma message ("For the sleep routines, Global timer is being used")
         ^~~~~~~
'Finished building: ../src/main.c'
' '
'Building target: Benchmark.elf'
'Invoking: ARM v7 gcc linker'
arm-none-eabi-gcc -mcpu=cortex-a9 -mfpu=vfpv3 -mfloat-abi=hard -Wl,-build-id=none -specs=Xilinx.spec -Wl,-T -Wl,../src/lscript.ld -L../../Benchmark_bsp/ps7_cortexa9_0/lib -o "Benchmark.elf"  ./src/main.o ./src/pl.o ./src/platform.o ./src/sd.o   -Wl,--start-group,-lxil,-lgcc,-lc,--end-group -Wl,--start-group,-lxilffs,-lxil,-lgcc,-lc,--end-group
'Finished building target: Benchmark.elf'
' '
'Invoking: ARM v7 Print Size'
arm-none-eabi-size Benchmark.elf  |tee "Benchmark.elf.size"
   text	   data	    bss	    dec	    hex	filename
 114380	  10512	67120688	67245580	402160c	Benchmark.elf
'Finished building: Benchmark.elf.size'
' '
20:49:20 **** Auto Build of configuration Debug for project Benchmark ****
make pre-build main-build 
a9-linaro-pre-build-step
' '
'Building file: ../src/main.c'
'Invoking: ARM v7 gcc compiler'
arm-none-eabi-gcc -Wall -O0 -g3 -c -fmessage-length=0 -MT"src/main.o" -mcpu=cortex-a9 -mfpu=vfpv3 -mfloat-abi=hard -I../../Benchmark_bsp/ps7_cortexa9_0/include -MMD -MP -MF"src/main.d" -MT"src/main.o" -o "src/main.o" "../src/main.c"
In file included from ../src/main.c:69:0:
../../Benchmark_bsp/ps7_cortexa9_0/include/xtime_l.h:89:9: note: #pragma message: For the sleep routines, Global timer is being used
 #pragma message ("For the sleep routines, Global timer is being used")
         ^~~~~~~
'Finished building: ../src/main.c'
' '
'Building target: Benchmark.elf'
'Invoking: ARM v7 gcc linker'
arm-none-eabi-gcc -mcpu=cortex-a9 -mfpu=vfpv3 -mfloat-abi=hard -Wl,-build-id=none -specs=Xilinx.spec -Wl,-T -Wl,../src/lscript.ld -L../../Benchmark_bsp/ps7_cortexa9_0/lib -o "Benchmark.elf"  ./src/main.o ./src/pl.o ./src/platform.o ./src/sd.o   -Wl,--start-group,-lxil,-lgcc,-lc,--end-group -Wl,--start-group,-lxilffs,-lxil,-lgcc,-lc,--end-group
'Finished building target: Benchmark.elf'
' '
'Invoking: ARM v7 Print Size'
arm-none-eabi-size Benchmark.elf  |tee "Benchmark.elf.size"
   text	   data	    bss	    dec	    hex	filename
 114380	  10512	67120688	67245580	402160c	Benchmark.elf
'Finished building: Benchmark.elf.size'
' '
20:49:53 **** Incremental Build of configuration Debug for project Benchmark ****
make pre-build main-build 
a9-linaro-pre-build-step
' '
make: Nothing to be done for `main-build'.
21:55:37 **** Incremental Build of configuration Debug for project Benchmark ****
make pre-build main-build 
a9-linaro-pre-build-step
' '
make: Nothing to be done for `main-build'.
22:01:24 **** Auto Build of configuration Debug for project Benchmark ****
make pre-build main-build 
a9-linaro-pre-build-step
' '
'Building file: ../src/main.c'
'Invoking: ARM v7 gcc compiler'
arm-none-eabi-gcc -Wall -O0 -g3 -c -fmessage-length=0 -MT"src/main.o" -mcpu=cortex-a9 -mfpu=vfpv3 -mfloat-abi=hard -I../../Benchmark_bsp/ps7_cortexa9_0/include -MMD -MP -MF"src/main.d" -MT"src/main.o" -o "src/main.o" "../src/main.c"
In file included from ../src/main.c:69:0:
../../Benchmark_bsp/ps7_cortexa9_0/include/xtime_l.h:89:9: note: #pragma message: For the sleep routines, Global timer is being used
 #pragma message ("For the sleep routines, Global timer is being used")
         ^~~~~~~
'Finished building: ../src/main.c'
' '
'Building target: Benchmark.elf'
'Invoking: ARM v7 gcc linker'
arm-none-eabi-gcc -mcpu=cortex-a9 -mfpu=vfpv3 -mfloat-abi=hard -Wl,-build-id=none -specs=Xilinx.spec -Wl,-T -Wl,../src/lscript.ld -L../../Benchmark_bsp/ps7_cortexa9_0/lib -o "Benchmark.elf"  ./src/main.o ./src/pl.o ./src/platform.o ./src/sd.o   -Wl,--start-group,-lxil,-lgcc,-lc,--end-group -Wl,--start-group,-lxilffs,-lxil,-lgcc,-lc,--end-group
'Finished building target: Benchmark.elf'
' '
'Invoking: ARM v7 Print Size'
arm-none-eabi-size Benchmark.elf  |tee "Benchmark.elf.size"
   text	   data	    bss	    dec	    hex	filename
 114380	  10512	67120688	67245580	402160c	Benchmark.elf
'Finished building: Benchmark.elf.size'
' '
22:16:05 **** Incremental Build of configuration Debug for project Benchmark ****
make pre-build main-build 
a9-linaro-pre-build-step
' '
make: Nothing to be done for `main-build'.
12:55:59 **** Auto Build of configuration Debug for project Benchmark ****
make pre-build main-build 
a9-linaro-pre-build-step
' '
'Building file: ../src/main.c'
'Invoking: ARM v7 gcc compiler'
arm-none-eabi-gcc -Wall -O0 -g3 -c -fmessage-length=0 -MT"src/main.o" -mcpu=cortex-a9 -mfpu=vfpv3 -mfloat-abi=hard -I../../Benchmark_bsp/ps7_cortexa9_0/include -MMD -MP -MF"src/main.d" -MT"src/main.o" -o "src/main.o" "../src/main.c"
In file included from ../src/main.c:69:0:
../../Benchmark_bsp/ps7_cortexa9_0/include/xtime_l.h:89:9: note: #pragma message: For the sleep routines, Global timer is being used
 #pragma message ("For the sleep routines, Global timer is being used")
         ^~~~~~~
'Finished building: ../src/main.c'
' '
'Building target: Benchmark.elf'
'Invoking: ARM v7 gcc linker'
arm-none-eabi-gcc -mcpu=cortex-a9 -mfpu=vfpv3 -mfloat-abi=hard -Wl,-build-id=none -specs=Xilinx.spec -Wl,-T -Wl,../src/lscript.ld -L../../Benchmark_bsp/ps7_cortexa9_0/lib -o "Benchmark.elf"  ./src/main.o ./src/pl.o ./src/platform.o ./src/sd.o   -Wl,--start-group,-lxil,-lgcc,-lc,--end-group -Wl,--start-group,-lxilffs,-lxil,-lgcc,-lc,--end-group
'Finished building target: Benchmark.elf'
' '
'Invoking: ARM v7 Print Size'
arm-none-eabi-size Benchmark.elf  |tee "Benchmark.elf.size"
   text	   data	    bss	    dec	    hex	filename
 114380	  10512	67120688	67245580	402160c	Benchmark.elf
'Finished building: Benchmark.elf.size'
' '
12:56:02 **** Incremental Build of configuration Debug for project Benchmark ****
make pre-build main-build 
a9-linaro-pre-build-step
' '
make: Nothing to be done for `main-build'.
12:56:34 **** Auto Build of configuration Debug for project Benchmark ****
make pre-build main-build 
a9-linaro-pre-build-step
' '
'Building file: ../src/main.c'
'Invoking: ARM v7 gcc compiler'
arm-none-eabi-gcc -Wall -O0 -g3 -c -fmessage-length=0 -MT"src/main.o" -mcpu=cortex-a9 -mfpu=vfpv3 -mfloat-abi=hard -I../../Benchmark_bsp/ps7_cortexa9_0/include -MMD -MP -MF"src/main.d" -MT"src/main.o" -o "src/main.o" "../src/main.c"
In file included from ../src/main.c:69:0:
../../Benchmark_bsp/ps7_cortexa9_0/include/xtime_l.h:89:9: note: #pragma message: For the sleep routines, Global timer is being used
 #pragma message ("For the sleep routines, Global timer is being used")
         ^~~~~~~
'Finished building: ../src/main.c'
' '
'Building target: Benchmark.elf'
'Invoking: ARM v7 gcc linker'
arm-none-eabi-gcc -mcpu=cortex-a9 -mfpu=vfpv3 -mfloat-abi=hard -Wl,-build-id=none -specs=Xilinx.spec -Wl,-T -Wl,../src/lscript.ld -L../../Benchmark_bsp/ps7_cortexa9_0/lib -o "Benchmark.elf"  ./src/main.o ./src/pl.o ./src/platform.o ./src/sd.o   -Wl,--start-group,-lxil,-lgcc,-lc,--end-group -Wl,--start-group,-lxilffs,-lxil,-lgcc,-lc,--end-group
'Finished building target: Benchmark.elf'
' '
'Invoking: ARM v7 Print Size'
arm-none-eabi-size Benchmark.elf  |tee "Benchmark.elf.size"
   text	   data	    bss	    dec	    hex	filename
 114380	  10512	67120688	67245580	402160c	Benchmark.elf
'Finished building: Benchmark.elf.size'
' '
12:56:38 **** Incremental Build of configuration Debug for project Benchmark ****
make pre-build main-build 
a9-linaro-pre-build-step
' '
make: Nothing to be done for `main-build'.
12:57:05 **** Incremental Build of configuration Debug for project Benchmark ****
make pre-build main-build 
a9-linaro-pre-build-step
' '
'Building file: ../src/main.c'
'Invoking: ARM v7 gcc compiler'
arm-none-eabi-gcc -Wall -O0 -g3 -c -fmessage-length=0 -MT"src/main.o" -mcpu=cortex-a9 -mfpu=vfpv3 -mfloat-abi=hard -I../../Benchmark_bsp/ps7_cortexa9_0/include -MMD -MP -MF"src/main.d" -MT"src/main.o" -o "src/main.o" "../src/main.c"
In file included from ../src/main.c:69:0:
../../Benchmark_bsp/ps7_cortexa9_0/include/xtime_l.h:89:9: note: #pragma message: For the sleep routines, Global timer is being used
 #pragma message ("For the sleep routines, Global timer is being used")
         ^~~~~~~
'Finished building: ../src/main.c'
' '
'Building target: Benchmark.elf'
'Invoking: ARM v7 gcc linker'
arm-none-eabi-gcc -mcpu=cortex-a9 -mfpu=vfpv3 -mfloat-abi=hard -Wl,-build-id=none -specs=Xilinx.spec -Wl,-T -Wl,../src/lscript.ld -L../../Benchmark_bsp/ps7_cortexa9_0/lib -o "Benchmark.elf"  ./src/main.o ./src/pl.o ./src/platform.o ./src/sd.o   -Wl,--start-group,-lxil,-lgcc,-lc,--end-group -Wl,--start-group,-lxilffs,-lxil,-lgcc,-lc,--end-group
'Finished building target: Benchmark.elf'
' '
'Invoking: ARM v7 Print Size'
arm-none-eabi-size Benchmark.elf  |tee "Benchmark.elf.size"
   text	   data	    bss	    dec	    hex	filename
 114380	  10512	67120688	67245580	402160c	Benchmark.elf
'Finished building: Benchmark.elf.size'
' '
13:00:50 **** Auto Build of configuration Debug for project Benchmark ****
make pre-build main-build 
a9-linaro-pre-build-step
' '
'Building file: ../src/main.c'
'Invoking: ARM v7 gcc compiler'
arm-none-eabi-gcc -Wall -O0 -g3 -c -fmessage-length=0 -MT"src/main.o" -mcpu=cortex-a9 -mfpu=vfpv3 -mfloat-abi=hard -I../../Benchmark_bsp/ps7_cortexa9_0/include -MMD -MP -MF"src/main.d" -MT"src/main.o" -o "src/main.o" "../src/main.c"
In file included from ../src/main.c:69:0:
../../Benchmark_bsp/ps7_cortexa9_0/include/xtime_l.h:89:9: note: #pragma message: For the sleep routines, Global timer is being used
 #pragma message ("For the sleep routines, Global timer is being used")
         ^~~~~~~
'Finished building: ../src/main.c'
' '
'Building target: Benchmark.elf'
'Invoking: ARM v7 gcc linker'
arm-none-eabi-gcc -mcpu=cortex-a9 -mfpu=vfpv3 -mfloat-abi=hard -Wl,-build-id=none -specs=Xilinx.spec -Wl,-T -Wl,../src/lscript.ld -L../../Benchmark_bsp/ps7_cortexa9_0/lib -o "Benchmark.elf"  ./src/main.o ./src/pl.o ./src/platform.o ./src/sd.o   -Wl,--start-group,-lxil,-lgcc,-lc,--end-group -Wl,--start-group,-lxilffs,-lxil,-lgcc,-lc,--end-group
'Finished building target: Benchmark.elf'
' '
'Invoking: ARM v7 Print Size'
arm-none-eabi-size Benchmark.elf  |tee "Benchmark.elf.size"
   text	   data	    bss	    dec	    hex	filename
 114380	  10512	67120688	67245580	402160c	Benchmark.elf
'Finished building: Benchmark.elf.size'
' '
13:01:03 **** Auto Build of configuration Debug for project Benchmark ****
make pre-build main-build 
a9-linaro-pre-build-step
' '
'Building file: ../src/main.c'
'Invoking: ARM v7 gcc compiler'
arm-none-eabi-gcc -Wall -O0 -g3 -c -fmessage-length=0 -MT"src/main.o" -mcpu=cortex-a9 -mfpu=vfpv3 -mfloat-abi=hard -I../../Benchmark_bsp/ps7_cortexa9_0/include -MMD -MP -MF"src/main.d" -MT"src/main.o" -o "src/main.o" "../src/main.c"
In file included from ../src/main.c:69:0:
../../Benchmark_bsp/ps7_cortexa9_0/include/xtime_l.h:89:9: note: #pragma message: For the sleep routines, Global timer is being used
 #pragma message ("For the sleep routines, Global timer is being used")
         ^~~~~~~
'Finished building: ../src/main.c'
' '
'Building target: Benchmark.elf'
'Invoking: ARM v7 gcc linker'
arm-none-eabi-gcc -mcpu=cortex-a9 -mfpu=vfpv3 -mfloat-abi=hard -Wl,-build-id=none -specs=Xilinx.spec -Wl,-T -Wl,../src/lscript.ld -L../../Benchmark_bsp/ps7_cortexa9_0/lib -o "Benchmark.elf"  ./src/main.o ./src/pl.o ./src/platform.o ./src/sd.o   -Wl,--start-group,-lxil,-lgcc,-lc,--end-group -Wl,--start-group,-lxilffs,-lxil,-lgcc,-lc,--end-group
'Finished building target: Benchmark.elf'
' '
'Invoking: ARM v7 Print Size'
arm-none-eabi-size Benchmark.elf  |tee "Benchmark.elf.size"
   text	   data	    bss	    dec	    hex	filename
 114380	  10512	67120688	67245580	402160c	Benchmark.elf
'Finished building: Benchmark.elf.size'
' '
13:01:04 **** Incremental Build of configuration Debug for project Benchmark ****
make pre-build main-build 
a9-linaro-pre-build-step
' '
make: Nothing to be done for `main-build'.
13:01:45 **** Incremental Build of configuration Debug for project Benchmark ****
make pre-build main-build 
a9-linaro-pre-build-step
' '
'Building file: ../src/main.c'
'Invoking: ARM v7 gcc compiler'
arm-none-eabi-gcc -Wall -O0 -g3 -c -fmessage-length=0 -MT"src/main.o" -mcpu=cortex-a9 -mfpu=vfpv3 -mfloat-abi=hard -I../../Benchmark_bsp/ps7_cortexa9_0/include -MMD -MP -MF"src/main.d" -MT"src/main.o" -o "src/main.o" "../src/main.c"
In file included from ../src/main.c:69:0:
../../Benchmark_bsp/ps7_cortexa9_0/include/xtime_l.h:89:9: note: #pragma message: For the sleep routines, Global timer is being used
 #pragma message ("For the sleep routines, Global timer is being used")
         ^~~~~~~
'Finished building: ../src/main.c'
' '
'Building target: Benchmark.elf'
'Invoking: ARM v7 gcc linker'
arm-none-eabi-gcc -mcpu=cortex-a9 -mfpu=vfpv3 -mfloat-abi=hard -Wl,-build-id=none -specs=Xilinx.spec -Wl,-T -Wl,../src/lscript.ld -L../../Benchmark_bsp/ps7_cortexa9_0/lib -o "Benchmark.elf"  ./src/main.o ./src/pl.o ./src/platform.o ./src/sd.o   -Wl,--start-group,-lxil,-lgcc,-lc,--end-group -Wl,--start-group,-lxilffs,-lxil,-lgcc,-lc,--end-group
'Finished building target: Benchmark.elf'
' '
'Invoking: ARM v7 Print Size'
arm-none-eabi-size Benchmark.elf  |tee "Benchmark.elf.size"
   text	   data	    bss	    dec	    hex	filename
 114380	  10512	67120688	67245580	402160c	Benchmark.elf
'Finished building: Benchmark.elf.size'
' '
13:02:11 **** Incremental Build of configuration Debug for project Benchmark ****
make pre-build main-build 
a9-linaro-pre-build-step
' '
make: Nothing to be done for `main-build'.
13:02:53 **** Incremental Build of configuration Debug for project Benchmark ****
make pre-build main-build 
a9-linaro-pre-build-step
' '
make: Nothing to be done for `main-build'.
13:05:12 **** Auto Build of configuration Debug for project Benchmark ****
make pre-build main-build 
a9-linaro-pre-build-step
' '
'Building file: ../src/main.c'
'Invoking: ARM v7 gcc compiler'
arm-none-eabi-gcc -Wall -O0 -g3 -c -fmessage-length=0 -MT"src/main.o" -mcpu=cortex-a9 -mfpu=vfpv3 -mfloat-abi=hard -I../../Benchmark_bsp/ps7_cortexa9_0/include -MMD -MP -MF"src/main.d" -MT"src/main.o" -o "src/main.o" "../src/main.c"
In file included from ../src/main.c:69:0:
../../Benchmark_bsp/ps7_cortexa9_0/include/xtime_l.h:89:9: note: #pragma message: For the sleep routines, Global timer is being used
 #pragma message ("For the sleep routines, Global timer is being used")
         ^~~~~~~
'Finished building: ../src/main.c'
' '
'Building target: Benchmark.elf'
'Invoking: ARM v7 gcc linker'
arm-none-eabi-gcc -mcpu=cortex-a9 -mfpu=vfpv3 -mfloat-abi=hard -Wl,-build-id=none -specs=Xilinx.spec -Wl,-T -Wl,../src/lscript.ld -L../../Benchmark_bsp/ps7_cortexa9_0/lib -o "Benchmark.elf"  ./src/main.o ./src/pl.o ./src/platform.o ./src/sd.o   -Wl,--start-group,-lxil,-lgcc,-lc,--end-group -Wl,--start-group,-lxilffs,-lxil,-lgcc,-lc,--end-group
'Finished building target: Benchmark.elf'
' '
'Invoking: ARM v7 Print Size'
arm-none-eabi-size Benchmark.elf  |tee "Benchmark.elf.size"
   text	   data	    bss	    dec	    hex	filename
 114380	  10512	67120688	67245580	402160c	Benchmark.elf
'Finished building: Benchmark.elf.size'
' '
13:05:41 **** Incremental Build of configuration Debug for project Benchmark ****
make pre-build main-build 
a9-linaro-pre-build-step
' '
make: Nothing to be done for `main-build'.
13:10:40 **** Auto Build of configuration Debug for project Benchmark ****
make pre-build main-build 
a9-linaro-pre-build-step
' '
'Building file: ../src/main.c'
'Invoking: ARM v7 gcc compiler'
arm-none-eabi-gcc -Wall -O0 -g3 -c -fmessage-length=0 -MT"src/main.o" -mcpu=cortex-a9 -mfpu=vfpv3 -mfloat-abi=hard -I../../Benchmark_bsp/ps7_cortexa9_0/include -MMD -MP -MF"src/main.d" -MT"src/main.o" -o "src/main.o" "../src/main.c"
In file included from ../src/main.c:69:0:
../../Benchmark_bsp/ps7_cortexa9_0/include/xtime_l.h:89:9: note: #pragma message: For the sleep routines, Global timer is being used
 #pragma message ("For the sleep routines, Global timer is being used")
         ^~~~~~~
'Finished building: ../src/main.c'
' '
'Building target: Benchmark.elf'
'Invoking: ARM v7 gcc linker'
arm-none-eabi-gcc -mcpu=cortex-a9 -mfpu=vfpv3 -mfloat-abi=hard -Wl,-build-id=none -specs=Xilinx.spec -Wl,-T -Wl,../src/lscript.ld -L../../Benchmark_bsp/ps7_cortexa9_0/lib -o "Benchmark.elf"  ./src/main.o ./src/pl.o ./src/platform.o ./src/sd.o   -Wl,--start-group,-lxil,-lgcc,-lc,--end-group -Wl,--start-group,-lxilffs,-lxil,-lgcc,-lc,--end-group
'Finished building target: Benchmark.elf'
' '
'Invoking: ARM v7 Print Size'
arm-none-eabi-size Benchmark.elf  |tee "Benchmark.elf.size"
   text	   data	    bss	    dec	    hex	filename
 114380	  10512	67120688	67245580	402160c	Benchmark.elf
'Finished building: Benchmark.elf.size'
' '
13:11:32 **** Incremental Build of configuration Debug for project Benchmark ****
make pre-build main-build 
a9-linaro-pre-build-step
' '
make: Nothing to be done for `main-build'.
13:12:11 **** Auto Build of configuration Debug for project Benchmark ****
make pre-build main-build 
a9-linaro-pre-build-step
' '
'Building file: ../src/main.c'
'Invoking: ARM v7 gcc compiler'
arm-none-eabi-gcc -Wall -O0 -g3 -c -fmessage-length=0 -MT"src/main.o" -mcpu=cortex-a9 -mfpu=vfpv3 -mfloat-abi=hard -I../../Benchmark_bsp/ps7_cortexa9_0/include -MMD -MP -MF"src/main.d" -MT"src/main.o" -o "src/main.o" "../src/main.c"
In file included from ../src/main.c:69:0:
../../Benchmark_bsp/ps7_cortexa9_0/include/xtime_l.h:89:9: note: #pragma message: For the sleep routines, Global timer is being used
 #pragma message ("For the sleep routines, Global timer is being used")
         ^~~~~~~
'Finished building: ../src/main.c'
' '
'Building target: Benchmark.elf'
'Invoking: ARM v7 gcc linker'
arm-none-eabi-gcc -mcpu=cortex-a9 -mfpu=vfpv3 -mfloat-abi=hard -Wl,-build-id=none -specs=Xilinx.spec -Wl,-T -Wl,../src/lscript.ld -L../../Benchmark_bsp/ps7_cortexa9_0/lib -o "Benchmark.elf"  ./src/main.o ./src/pl.o ./src/platform.o ./src/sd.o   -Wl,--start-group,-lxil,-lgcc,-lc,--end-group -Wl,--start-group,-lxilffs,-lxil,-lgcc,-lc,--end-group
'Finished building target: Benchmark.elf'
' '
'Invoking: ARM v7 Print Size'
arm-none-eabi-size Benchmark.elf  |tee "Benchmark.elf.size"
   text	   data	    bss	    dec	    hex	filename
 114380	  10512	67120688	67245580	402160c	Benchmark.elf
'Finished building: Benchmark.elf.size'
' '
13:12:40 **** Auto Build of configuration Debug for project Benchmark ****
make pre-build main-build 
a9-linaro-pre-build-step
' '
'Building file: ../src/main.c'
'Invoking: ARM v7 gcc compiler'
arm-none-eabi-gcc -Wall -O0 -g3 -c -fmessage-length=0 -MT"src/main.o" -mcpu=cortex-a9 -mfpu=vfpv3 -mfloat-abi=hard -I../../Benchmark_bsp/ps7_cortexa9_0/include -MMD -MP -MF"src/main.d" -MT"src/main.o" -o "src/main.o" "../src/main.c"
In file included from ../src/main.c:69:0:
../../Benchmark_bsp/ps7_cortexa9_0/include/xtime_l.h:89:9: note: #pragma message: For the sleep routines, Global timer is being used
 #pragma message ("For the sleep routines, Global timer is being used")
         ^~~~~~~
'Finished building: ../src/main.c'
' '
'Building target: Benchmark.elf'
'Invoking: ARM v7 gcc linker'
arm-none-eabi-gcc -mcpu=cortex-a9 -mfpu=vfpv3 -mfloat-abi=hard -Wl,-build-id=none -specs=Xilinx.spec -Wl,-T -Wl,../src/lscript.ld -L../../Benchmark_bsp/ps7_cortexa9_0/lib -o "Benchmark.elf"  ./src/main.o ./src/pl.o ./src/platform.o ./src/sd.o   -Wl,--start-group,-lxil,-lgcc,-lc,--end-group -Wl,--start-group,-lxilffs,-lxil,-lgcc,-lc,--end-group
'Finished building target: Benchmark.elf'
' '
'Invoking: ARM v7 Print Size'
arm-none-eabi-size Benchmark.elf  |tee "Benchmark.elf.size"
   text	   data	    bss	    dec	    hex	filename
 114380	  10512	67120688	67245580	402160c	Benchmark.elf
'Finished building: Benchmark.elf.size'
' '
13:12:52 **** Incremental Build of configuration Debug for project Benchmark ****
make pre-build main-build 
a9-linaro-pre-build-step
' '
make: Nothing to be done for `main-build'.
13:13:28 **** Auto Build of configuration Debug for project Benchmark ****
make pre-build main-build 
a9-linaro-pre-build-step
' '
'Building file: ../src/main.c'
'Invoking: ARM v7 gcc compiler'
arm-none-eabi-gcc -Wall -O0 -g3 -c -fmessage-length=0 -MT"src/main.o" -mcpu=cortex-a9 -mfpu=vfpv3 -mfloat-abi=hard -I../../Benchmark_bsp/ps7_cortexa9_0/include -MMD -MP -MF"src/main.d" -MT"src/main.o" -o "src/main.o" "../src/main.c"
In file included from ../src/main.c:69:0:
../../Benchmark_bsp/ps7_cortexa9_0/include/xtime_l.h:89:9: note: #pragma message: For the sleep routines, Global timer is being used
 #pragma message ("For the sleep routines, Global timer is being used")
         ^~~~~~~
'Finished building: ../src/main.c'
' '
'Building target: Benchmark.elf'
'Invoking: ARM v7 gcc linker'
arm-none-eabi-gcc -mcpu=cortex-a9 -mfpu=vfpv3 -mfloat-abi=hard -Wl,-build-id=none -specs=Xilinx.spec -Wl,-T -Wl,../src/lscript.ld -L../../Benchmark_bsp/ps7_cortexa9_0/lib -o "Benchmark.elf"  ./src/main.o ./src/pl.o ./src/platform.o ./src/sd.o   -Wl,--start-group,-lxil,-lgcc,-lc,--end-group -Wl,--start-group,-lxilffs,-lxil,-lgcc,-lc,--end-group
'Finished building target: Benchmark.elf'
' '
'Invoking: ARM v7 Print Size'
arm-none-eabi-size Benchmark.elf  |tee "Benchmark.elf.size"
   text	   data	    bss	    dec	    hex	filename
 114380	  10512	67120688	67245580	402160c	Benchmark.elf
'Finished building: Benchmark.elf.size'
' '
13:13:29 **** Incremental Build of configuration Debug for project Benchmark ****
make pre-build main-build 
a9-linaro-pre-build-step
' '
make: Nothing to be done for `main-build'.
13:14:01 **** Auto Build of configuration Debug for project Benchmark ****
make pre-build main-build 
a9-linaro-pre-build-step
' '
'Building file: ../src/main.c'
'Invoking: ARM v7 gcc compiler'
arm-none-eabi-gcc -Wall -O0 -g3 -c -fmessage-length=0 -MT"src/main.o" -mcpu=cortex-a9 -mfpu=vfpv3 -mfloat-abi=hard -I../../Benchmark_bsp/ps7_cortexa9_0/include -MMD -MP -MF"src/main.d" -MT"src/main.o" -o "src/main.o" "../src/main.c"
In file included from ../src/main.c:69:0:
../../Benchmark_bsp/ps7_cortexa9_0/include/xtime_l.h:89:9: note: #pragma message: For the sleep routines, Global timer is being used
 #pragma message ("For the sleep routines, Global timer is being used")
         ^~~~~~~
'Finished building: ../src/main.c'
' '
'Building target: Benchmark.elf'
'Invoking: ARM v7 gcc linker'
arm-none-eabi-gcc -mcpu=cortex-a9 -mfpu=vfpv3 -mfloat-abi=hard -Wl,-build-id=none -specs=Xilinx.spec -Wl,-T -Wl,../src/lscript.ld -L../../Benchmark_bsp/ps7_cortexa9_0/lib -o "Benchmark.elf"  ./src/main.o ./src/pl.o ./src/platform.o ./src/sd.o   -Wl,--start-group,-lxil,-lgcc,-lc,--end-group -Wl,--start-group,-lxilffs,-lxil,-lgcc,-lc,--end-group
'Finished building target: Benchmark.elf'
' '
'Invoking: ARM v7 Print Size'
arm-none-eabi-size Benchmark.elf  |tee "Benchmark.elf.size"
   text	   data	    bss	    dec	    hex	filename
 114380	  10512	67120688	67245580	402160c	Benchmark.elf
'Finished building: Benchmark.elf.size'
' '
13:15:20 **** Incremental Build of configuration Debug for project Benchmark ****
make pre-build main-build 
a9-linaro-pre-build-step
' '
make: Nothing to be done for `main-build'.
13:18:24 **** Incremental Build of configuration Debug for project Benchmark ****
make pre-build main-build 
a9-linaro-pre-build-step
' '
make: Nothing to be done for `main-build'.
13:18:39 **** Incremental Build of configuration Debug for project Benchmark ****
make pre-build main-build 
a9-linaro-pre-build-step
' '
make: Nothing to be done for `main-build'.
13:21:27 **** Incremental Build of configuration Debug for project Benchmark ****
make pre-build main-build 
a9-linaro-pre-build-step
' '
make: Nothing to be done for `main-build'.
13:28:01 **** Auto Build of configuration Debug for project Benchmark ****
make pre-build main-build 
a9-linaro-pre-build-step
' '
'Building file: ../src/main.c'
'Invoking: ARM v7 gcc compiler'
arm-none-eabi-gcc -Wall -O0 -g3 -c -fmessage-length=0 -MT"src/main.o" -mcpu=cortex-a9 -mfpu=vfpv3 -mfloat-abi=hard -I../../Benchmark_bsp/ps7_cortexa9_0/include -MMD -MP -MF"src/main.d" -MT"src/main.o" -o "src/main.o" "../src/main.c"
In file included from ../src/main.c:69:0:
../../Benchmark_bsp/ps7_cortexa9_0/include/xtime_l.h:89:9: note: #pragma message: For the sleep routines, Global timer is being used
 #pragma message ("For the sleep routines, Global timer is being used")
         ^~~~~~~
'Finished building: ../src/main.c'
' '
'Building target: Benchmark.elf'
'Invoking: ARM v7 gcc linker'
arm-none-eabi-gcc -mcpu=cortex-a9 -mfpu=vfpv3 -mfloat-abi=hard -Wl,-build-id=none -specs=Xilinx.spec -Wl,-T -Wl,../src/lscript.ld -L../../Benchmark_bsp/ps7_cortexa9_0/lib -o "Benchmark.elf"  ./src/main.o ./src/pl.o ./src/platform.o ./src/sd.o   -Wl,--start-group,-lxil,-lgcc,-lc,--end-group -Wl,--start-group,-lxilffs,-lxil,-lgcc,-lc,--end-group
'Finished building target: Benchmark.elf'
' '
'Invoking: ARM v7 Print Size'
arm-none-eabi-size Benchmark.elf  |tee "Benchmark.elf.size"
   text	   data	    bss	    dec	    hex	filename
 114380	  10512	67120688	67245580	402160c	Benchmark.elf
'Finished building: Benchmark.elf.size'
' '
13:29:01 **** Incremental Build of configuration Debug for project Benchmark ****
make pre-build main-build 
a9-linaro-pre-build-step
' '
make: Nothing to be done for `main-build'.
13:29:17 **** Incremental Build of configuration Debug for project Benchmark ****
make pre-build main-build 
a9-linaro-pre-build-step
' '
make: Nothing to be done for `main-build'.
13:31:55 **** Auto Build of configuration Debug for project Benchmark ****
make pre-build main-build 
a9-linaro-pre-build-step
' '
'Building file: ../src/main.c'
'Invoking: ARM v7 gcc compiler'
arm-none-eabi-gcc -Wall -O0 -g3 -c -fmessage-length=0 -MT"src/main.o" -mcpu=cortex-a9 -mfpu=vfpv3 -mfloat-abi=hard -I../../Benchmark_bsp/ps7_cortexa9_0/include -MMD -MP -MF"src/main.d" -MT"src/main.o" -o "src/main.o" "../src/main.c"
In file included from ../src/main.c:69:0:
../../Benchmark_bsp/ps7_cortexa9_0/include/xtime_l.h:89:9: note: #pragma message: For the sleep routines, Global timer is being used
 #pragma message ("For the sleep routines, Global timer is being used")
         ^~~~~~~
'Finished building: ../src/main.c'
' '
'Building target: Benchmark.elf'
'Invoking: ARM v7 gcc linker'
arm-none-eabi-gcc -mcpu=cortex-a9 -mfpu=vfpv3 -mfloat-abi=hard -Wl,-build-id=none -specs=Xilinx.spec -Wl,-T -Wl,../src/lscript.ld -L../../Benchmark_bsp/ps7_cortexa9_0/lib -o "Benchmark.elf"  ./src/main.o ./src/pl.o ./src/platform.o ./src/sd.o   -Wl,--start-group,-lxil,-lgcc,-lc,--end-group -Wl,--start-group,-lxilffs,-lxil,-lgcc,-lc,--end-group
'Finished building target: Benchmark.elf'
' '
'Invoking: ARM v7 Print Size'
arm-none-eabi-size Benchmark.elf  |tee "Benchmark.elf.size"
   text	   data	    bss	    dec	    hex	filename
 114380	  10512	67120688	67245580	402160c	Benchmark.elf
'Finished building: Benchmark.elf.size'
' '
13:32:09 **** Incremental Build of configuration Debug for project Benchmark ****
make pre-build main-build 
a9-linaro-pre-build-step
' '
make: Nothing to be done for `main-build'.
13:34:49 **** Auto Build of configuration Debug for project Benchmark ****
make pre-build main-build 
a9-linaro-pre-build-step
' '
'Building file: ../src/main.c'
'Invoking: ARM v7 gcc compiler'
arm-none-eabi-gcc -Wall -O0 -g3 -c -fmessage-length=0 -MT"src/main.o" -mcpu=cortex-a9 -mfpu=vfpv3 -mfloat-abi=hard -I../../Benchmark_bsp/ps7_cortexa9_0/include -MMD -MP -MF"src/main.d" -MT"src/main.o" -o "src/main.o" "../src/main.c"
In file included from ../src/main.c:69:0:
../../Benchmark_bsp/ps7_cortexa9_0/include/xtime_l.h:89:9: note: #pragma message: For the sleep routines, Global timer is being used
 #pragma message ("For the sleep routines, Global timer is being used")
         ^~~~~~~
'Finished building: ../src/main.c'
' '
'Building target: Benchmark.elf'
'Invoking: ARM v7 gcc linker'
arm-none-eabi-gcc -mcpu=cortex-a9 -mfpu=vfpv3 -mfloat-abi=hard -Wl,-build-id=none -specs=Xilinx.spec -Wl,-T -Wl,../src/lscript.ld -L../../Benchmark_bsp/ps7_cortexa9_0/lib -o "Benchmark.elf"  ./src/main.o ./src/pl.o ./src/platform.o ./src/sd.o   -Wl,--start-group,-lxil,-lgcc,-lc,--end-group -Wl,--start-group,-lxilffs,-lxil,-lgcc,-lc,--end-group
'Finished building target: Benchmark.elf'
' '
'Invoking: ARM v7 Print Size'
arm-none-eabi-size Benchmark.elf  |tee "Benchmark.elf.size"
   text	   data	    bss	    dec	    hex	filename
 114380	  10512	67120688	67245580	402160c	Benchmark.elf
'Finished building: Benchmark.elf.size'
' '
13:34:54 **** Clean-only build of configuration Debug for project Benchmark ****
make clean 
rm -rf  ./src/main.o ./src/pl.o ./src/platform.o ./src/sd.o  ./src/main.d ./src/pl.d ./src/platform.d ./src/sd.d  Benchmark.elf.size  Benchmark.elf
' '
13:34:55 **** Clean-only build of project Benchmark_bsp ****
make -k clean 
make -C ps7_cortexa9_0/libsrc/coresightps_dcc_v1_4/src -s clean 
make -C ps7_cortexa9_0/libsrc/cpu_cortexa9_v2_6/src -s clean 
make -C ps7_cortexa9_0/libsrc/ddrps_v1_0/src -s clean 
make -C ps7_cortexa9_0/libsrc/devcfg_v3_5/src -s clean 
make -C ps7_cortexa9_0/libsrc/dmaps_v2_3/src -s clean 
make -C ps7_cortexa9_0/libsrc/gpio_v4_3/src -s clean 
make -C ps7_cortexa9_0/libsrc/scugic_v3_9/src -s clean 
make -C ps7_cortexa9_0/libsrc/scutimer_v2_1/src -s clean 
make -C ps7_cortexa9_0/libsrc/scuwdt_v2_1/src -s clean 
make -C ps7_cortexa9_0/libsrc/sdps_v3_5/src -s clean 
make -C ps7_cortexa9_0/libsrc/standalone_v6_7/src -s clean 
make -C ps7_cortexa9_0/libsrc/uartps_v3_6/src -s clean 
make -C ps7_cortexa9_0/libsrc/xadcps_v2_2/src -s clean 
make -C ps7_cortexa9_0/libsrc/xilffs_v3_9/src -s clean 
make -C ps7_cortexa9_0/libsrc/xilmfs_v2_3/src -s clean 
rm -f ps7_cortexa9_0/lib/libxil.a
13:34:56 **** Build of project Benchmark_bsp ****
make -k all 
"Running Make include in ps7_cortexa9_0/libsrc/coresightps_dcc_v1_4/src"
make -C ps7_cortexa9_0/libsrc/coresightps_dcc_v1_4/src -s include  "SHELL=CMD" "COMPILER=arm-none-eabi-gcc" "ARCHIVER=arm-none-eabi-ar" "COMPILER_FLAGS=  -O2 -c" "EXTRA_COMPILER_FLAGS=-mcpu=cortex-a9 -mfpu=vfpv3 -mfloat-abi=hard -nostartfiles -g -Wall -Wextra"
"Running Make include in ps7_cortexa9_0/libsrc/cpu_cortexa9_v2_6/src"
make -C ps7_cortexa9_0/libsrc/cpu_cortexa9_v2_6/src -s include  "SHELL=CMD" "COMPILER=arm-none-eabi-gcc" "ARCHIVER=arm-none-eabi-ar" "COMPILER_FLAGS=  -O2 -c" "EXTRA_COMPILER_FLAGS=-mcpu=cortex-a9 -mfpu=vfpv3 -mfloat-abi=hard -nostartfiles -g -Wall -Wextra"
"Running Make include in ps7_cortexa9_0/libsrc/ddrps_v1_0/src"
make -C ps7_cortexa9_0/libsrc/ddrps_v1_0/src -s include  "SHELL=CMD" "COMPILER=arm-none-eabi-gcc" "ARCHIVER=arm-none-eabi-ar" "COMPILER_FLAGS=  -O2 -c" "EXTRA_COMPILER_FLAGS=-mcpu=cortex-a9 -mfpu=vfpv3 -mfloat-abi=hard -nostartfiles -g -Wall -Wextra"
"Running Make include in ps7_cortexa9_0/libsrc/devcfg_v3_5/src"
make -C ps7_cortexa9_0/libsrc/devcfg_v3_5/src -s include  "SHELL=CMD" "COMPILER=arm-none-eabi-gcc" "ARCHIVER=arm-none-eabi-ar" "COMPILER_FLAGS=  -O2 -c" "EXTRA_COMPILER_FLAGS=-mcpu=cortex-a9 -mfpu=vfpv3 -mfloat-abi=hard -nostartfiles -g -Wall -Wextra"
"Running Make include in ps7_cortexa9_0/libsrc/dmaps_v2_3/src"
make -C ps7_cortexa9_0/libsrc/dmaps_v2_3/src -s include  "SHELL=CMD" "COMPILER=arm-none-eabi-gcc" "ARCHIVER=arm-none-eabi-ar" "COMPILER_FLAGS=  -O2 -c" "EXTRA_COMPILER_FLAGS=-mcpu=cortex-a9 -mfpu=vfpv3 -mfloat-abi=hard -nostartfiles -g -Wall -Wextra"
"Running Make include in ps7_cortexa9_0/libsrc/gpio_v4_3/src"
make -C ps7_cortexa9_0/libsrc/gpio_v4_3/src -s include  "SHELL=CMD" "COMPILER=arm-none-eabi-gcc" "ARCHIVER=arm-none-eabi-ar" "COMPILER_FLAGS=  -O2 -c" "EXTRA_COMPILER_FLAGS=-mcpu=cortex-a9 -mfpu=vfpv3 -mfloat-abi=hard -nostartfiles -g -Wall -Wextra"
"Running Make include in ps7_cortexa9_0/libsrc/scugic_v3_9/src"
make -C ps7_cortexa9_0/libsrc/scugic_v3_9/src -s include  "SHELL=CMD" "COMPILER=arm-none-eabi-gcc" "ARCHIVER=arm-none-eabi-ar" "COMPILER_FLAGS=  -O2 -c" "EXTRA_COMPILER_FLAGS=-mcpu=cortex-a9 -mfpu=vfpv3 -mfloat-abi=hard -nostartfiles -g -Wall -Wextra"
"Running Make include in ps7_cortexa9_0/libsrc/scutimer_v2_1/src"
make -C ps7_cortexa9_0/libsrc/scutimer_v2_1/src -s include  "SHELL=CMD" "COMPILER=arm-none-eabi-gcc" "ARCHIVER=arm-none-eabi-ar" "COMPILER_FLAGS=  -O2 -c" "EXTRA_COMPILER_FLAGS=-mcpu=cortex-a9 -mfpu=vfpv3 -mfloat-abi=hard -nostartfiles -g -Wall -Wextra"
"Running Make include in ps7_cortexa9_0/libsrc/scuwdt_v2_1/src"
make -C ps7_cortexa9_0/libsrc/scuwdt_v2_1/src -s include  "SHELL=CMD" "COMPILER=arm-none-eabi-gcc" "ARCHIVER=arm-none-eabi-ar" "COMPILER_FLAGS=  -O2 -c" "EXTRA_COMPILER_FLAGS=-mcpu=cortex-a9 -mfpu=vfpv3 -mfloat-abi=hard -nostartfiles -g -Wall -Wextra"
"Running Make include in ps7_cortexa9_0/libsrc/sdps_v3_5/src"
make -C ps7_cortexa9_0/libsrc/sdps_v3_5/src -s include  "SHELL=CMD" "COMPILER=arm-none-eabi-gcc" "ARCHIVER=arm-none-eabi-ar" "COMPILER_FLAGS=  -O2 -c" "EXTRA_COMPILER_FLAGS=-mcpu=cortex-a9 -mfpu=vfpv3 -mfloat-abi=hard -nostartfiles -g -Wall -Wextra"
"Running Make include in ps7_cortexa9_0/libsrc/standalone_v6_7/src"
make -C ps7_cortexa9_0/libsrc/standalone_v6_7/src -s include  "SHELL=CMD" "COMPILER=arm-none-eabi-gcc" "ARCHIVER=arm-none-eabi-ar" "COMPILER_FLAGS=  -O2 -c" "EXTRA_COMPILER_FLAGS=-mcpu=cortex-a9 -mfpu=vfpv3 -mfloat-abi=hard -nostartfiles -g -Wall -Wextra"
"Running Make include in ps7_cortexa9_0/libsrc/uartps_v3_6/src"
make -C ps7_cortexa9_0/libsrc/uartps_v3_6/src -s include  "SHELL=CMD" "COMPILER=arm-none-eabi-gcc" "ARCHIVER=arm-none-eabi-ar" "COMPILER_FLAGS=  -O2 -c" "EXTRA_COMPILER_FLAGS=-mcpu=cortex-a9 -mfpu=vfpv3 -mfloat-abi=hard -nostartfiles -g -Wall -Wextra"
"Running Make include in ps7_cortexa9_0/libsrc/xadcps_v2_2/src"
make -C ps7_cortexa9_0/libsrc/xadcps_v2_2/src -s include  "SHELL=CMD" "COMPILER=arm-none-eabi-gcc" "ARCHIVER=arm-none-eabi-ar" "COMPILER_FLAGS=  -O2 -c" "EXTRA_COMPILER_FLAGS=-mcpu=cortex-a9 -mfpu=vfpv3 -mfloat-abi=hard -nostartfiles -g -Wall -Wextra"
"Running Make include in ps7_cortexa9_0/libsrc/xilffs_v3_9/src"
make -C ps7_cortexa9_0/libsrc/xilffs_v3_9/src -s include  "SHELL=CMD" "COMPILER=arm-none-eabi-gcc" "ARCHIVER=arm-none-eabi-ar" "COMPILER_FLAGS=  -O2 -c" "EXTRA_COMPILER_FLAGS=-mcpu=cortex-a9 -mfpu=vfpv3 -mfloat-abi=hard -nostartfiles -g -Wall -Wextra"
"Running Make include in ps7_cortexa9_0/libsrc/xilmfs_v2_3/src"
make -C ps7_cortexa9_0/libsrc/xilmfs_v2_3/src -s include  "SHELL=CMD" "COMPILER=arm-none-eabi-gcc" "ARCHIVER=arm-none-eabi-ar" "COMPILER_FLAGS=  -O2 -c" "EXTRA_COMPILER_FLAGS=-mcpu=cortex-a9 -mfpu=vfpv3 -mfloat-abi=hard -nostartfiles -g -Wall -Wextra"
"Running Make libs in ps7_cortexa9_0/libsrc/coresightps_dcc_v1_4/src"
make -C ps7_cortexa9_0/libsrc/coresightps_dcc_v1_4/src -s libs  "SHELL=CMD" "COMPILER=arm-none-eabi-gcc" "ARCHIVER=arm-none-eabi-ar" "COMPILER_FLAGS=  -O2 -c" "EXTRA_COMPILER_FLAGS=-mcpu=cortex-a9 -mfpu=vfpv3 -mfloat-abi=hard -nostartfiles -g -Wall -Wextra"
"Compiling coresightps_dcc"
arm-none-eabi-ar: creating ../../../lib/libxil.a
"Running Make libs in ps7_cortexa9_0/libsrc/cpu_cortexa9_v2_6/src"
make -C ps7_cortexa9_0/libsrc/cpu_cortexa9_v2_6/src -s libs  "SHELL=CMD" "COMPILER=arm-none-eabi-gcc" "ARCHIVER=arm-none-eabi-ar" "COMPILER_FLAGS=  -O2 -c" "EXTRA_COMPILER_FLAGS=-mcpu=cortex-a9 -mfpu=vfpv3 -mfloat-abi=hard -nostartfiles -g -Wall -Wextra"
"Compiling cpu_cortexa9"
"Running Make libs in ps7_cortexa9_0/libsrc/ddrps_v1_0/src"
make -C ps7_cortexa9_0/libsrc/ddrps_v1_0/src -s libs  "SHELL=CMD" "COMPILER=arm-none-eabi-gcc" "ARCHIVER=arm-none-eabi-ar" "COMPILER_FLAGS=  -O2 -c" "EXTRA_COMPILER_FLAGS=-mcpu=cortex-a9 -mfpu=vfpv3 -mfloat-abi=hard -nostartfiles -g -Wall -Wextra"
"Compiling ddrps"
"Running Make libs in ps7_cortexa9_0/libsrc/devcfg_v3_5/src"
make -C ps7_cortexa9_0/libsrc/devcfg_v3_5/src -s libs  "SHELL=CMD" "COMPILER=arm-none-eabi-gcc" "ARCHIVER=arm-none-eabi-ar" "COMPILER_FLAGS=  -O2 -c" "EXTRA_COMPILER_FLAGS=-mcpu=cortex-a9 -mfpu=vfpv3 -mfloat-abi=hard -nostartfiles -g -Wall -Wextra"
"Compiling devcfg"
"Running Make libs in ps7_cortexa9_0/libsrc/dmaps_v2_3/src"
make -C ps7_cortexa9_0/libsrc/dmaps_v2_3/src -s libs  "SHELL=CMD" "COMPILER=arm-none-eabi-gcc" "ARCHIVER=arm-none-eabi-ar" "COMPILER_FLAGS=  -O2 -c" "EXTRA_COMPILER_FLAGS=-mcpu=cortex-a9 -mfpu=vfpv3 -mfloat-abi=hard -nostartfiles -g -Wall -Wextra"
"Compiling dmaps"
"Running Make libs in ps7_cortexa9_0/libsrc/gpio_v4_3/src"
make -C ps7_cortexa9_0/libsrc/gpio_v4_3/src -s libs  "SHELL=CMD" "COMPILER=arm-none-eabi-gcc" "ARCHIVER=arm-none-eabi-ar" "COMPILER_FLAGS=  -O2 -c" "EXTRA_COMPILER_FLAGS=-mcpu=cortex-a9 -mfpu=vfpv3 -mfloat-abi=hard -nostartfiles -g -Wall -Wextra"
"Compiling gpio"
"Running Make libs in ps7_cortexa9_0/libsrc/scugic_v3_9/src"
make -C ps7_cortexa9_0/libsrc/scugic_v3_9/src -s libs  "SHELL=CMD" "COMPILER=arm-none-eabi-gcc" "ARCHIVER=arm-none-eabi-ar" "COMPILER_FLAGS=  -O2 -c" "EXTRA_COMPILER_FLAGS=-mcpu=cortex-a9 -mfpu=vfpv3 -mfloat-abi=hard -nostartfiles -g -Wall -Wextra"
"Compiling scugic"
"Running Make libs in ps7_cortexa9_0/libsrc/scutimer_v2_1/src"
make -C ps7_cortexa9_0/libsrc/scutimer_v2_1/src -s libs  "SHELL=CMD" "COMPILER=arm-none-eabi-gcc" "ARCHIVER=arm-none-eabi-ar" "COMPILER_FLAGS=  -O2 -c" "EXTRA_COMPILER_FLAGS=-mcpu=cortex-a9 -mfpu=vfpv3 -mfloat-abi=hard -nostartfiles -g -Wall -Wextra"
"Compiling scutimer"
"Running Make libs in ps7_cortexa9_0/libsrc/scuwdt_v2_1/src"
make -C ps7_cortexa9_0/libsrc/scuwdt_v2_1/src -s libs  "SHELL=CMD" "COMPILER=arm-none-eabi-gcc" "ARCHIVER=arm-none-eabi-ar" "COMPILER_FLAGS=  -O2 -c" "EXTRA_COMPILER_FLAGS=-mcpu=cortex-a9 -mfpu=vfpv3 -mfloat-abi=hard -nostartfiles -g -Wall -Wextra"
"Compiling scuwdt"
"Running Make libs in ps7_cortexa9_0/libsrc/sdps_v3_5/src"
make -C ps7_cortexa9_0/libsrc/sdps_v3_5/src -s libs  "SHELL=CMD" "COMPILER=arm-none-eabi-gcc" "ARCHIVER=arm-none-eabi-ar" "COMPILER_FLAGS=  -O2 -c" "EXTRA_COMPILER_FLAGS=-mcpu=cortex-a9 -mfpu=vfpv3 -mfloat-abi=hard -nostartfiles -g -Wall -Wextra"
"Compiling sdps"
"Running Make libs in ps7_cortexa9_0/libsrc/standalone_v6_7/src"
make -C ps7_cortexa9_0/libsrc/standalone_v6_7/src -s libs  "SHELL=CMD" "COMPILER=arm-none-eabi-gcc" "ARCHIVER=arm-none-eabi-ar" "COMPILER_FLAGS=  -O2 -c" "EXTRA_COMPILER_FLAGS=-mcpu=cortex-a9 -mfpu=vfpv3 -mfloat-abi=hard -nostartfiles -g -Wall -Wextra"
"Compiling standalone"
In file included from sleep.c:57:0:
xtime_l.h:89:9: note: #pragma message: For the sleep routines, Global timer is being used
 #pragma message ("For the sleep routines, Global timer is being used")
         ^~~~~~~
In file included from usleep.c:60:0:
xtime_l.h:89:9: note: #pragma message: For the sleep routines, Global timer is being used
 #pragma message ("For the sleep routines, Global timer is being used")
         ^~~~~~~
In file included from xil_sleeptimer.c:55:0:
xtime_l.h:89:9: note: #pragma message: For the sleep routines, Global timer is being used
 #pragma message ("For the sleep routines, Global timer is being used")
         ^~~~~~~
In file included from xtime_l.c:53:0:
xtime_l.h:89:9: note: #pragma message: For the sleep routines, Global timer is being used
 #pragma message ("For the sleep routines, Global timer is being used")
         ^~~~~~~
"Running Make libs in ps7_cortexa9_0/libsrc/uartps_v3_6/src"
make -C ps7_cortexa9_0/libsrc/uartps_v3_6/src -s libs  "SHELL=CMD" "COMPILER=arm-none-eabi-gcc" "ARCHIVER=arm-none-eabi-ar" "COMPILER_FLAGS=  -O2 -c" "EXTRA_COMPILER_FLAGS=-mcpu=cortex-a9 -mfpu=vfpv3 -mfloat-abi=hard -nostartfiles -g -Wall -Wextra"
"Compiling uartps"
"Running Make libs in ps7_cortexa9_0/libsrc/xadcps_v2_2/src"
make -C ps7_cortexa9_0/libsrc/xadcps_v2_2/src -s libs  "SHELL=CMD" "COMPILER=arm-none-eabi-gcc" "ARCHIVER=arm-none-eabi-ar" "COMPILER_FLAGS=  -O2 -c" "EXTRA_COMPILER_FLAGS=-mcpu=cortex-a9 -mfpu=vfpv3 -mfloat-abi=hard -nostartfiles -g -Wall -Wextra"
"Compiling xadcps"
"Running Make libs in ps7_cortexa9_0/libsrc/xilffs_v3_9/src"
make -C ps7_cortexa9_0/libsrc/xilffs_v3_9/src -s libs  "SHELL=CMD" "COMPILER=arm-none-eabi-gcc" "ARCHIVER=arm-none-eabi-ar" "COMPILER_FLAGS=  -O2 -c" "EXTRA_COMPILER_FLAGS=-mcpu=cortex-a9 -mfpu=vfpv3 -mfloat-abi=hard -nostartfiles -g -Wall -Wextra"
"Compiling XilFFs Library"
"Running Make libs in ps7_cortexa9_0/libsrc/xilmfs_v2_3/src"
make -C ps7_cortexa9_0/libsrc/xilmfs_v2_3/src -s libs  "SHELL=CMD" "COMPILER=arm-none-eabi-gcc" "ARCHIVER=arm-none-eabi-ar" "COMPILER_FLAGS=  -O2 -c" "EXTRA_COMPILER_FLAGS=-mcpu=cortex-a9 -mfpu=vfpv3 -mfloat-abi=hard -nostartfiles -g -Wall -Wextra"
"Compiling XilMFS Library"
mfs_filesys.c: In function 'mfs_file_lseek':
mfs_filesys.c:1010:16: warning: comparison between signed and unsigned integer expressions [-Wsign-compare]
     if (offset >= mfs_file_system[mfs_open_files[fd].first_block].block_size) { /* attempting to seek beyond end of file */
                ^~
'Finished building libraries'
13:35:13 **** Build of configuration Debug for project Benchmark ****
make pre-build main-build 
a9-linaro-pre-build-step
' '
'Building file: ../src/main.c'
'Invoking: ARM v7 gcc compiler'
arm-none-eabi-gcc -Wall -O0 -g3 -c -fmessage-length=0 -MT"src/main.o" -mcpu=cortex-a9 -mfpu=vfpv3 -mfloat-abi=hard -I../../Benchmark_bsp/ps7_cortexa9_0/include -MMD -MP -MF"src/main.d" -MT"src/main.o" -o "src/main.o" "../src/main.c"
In file included from ../src/main.c:69:0:
../../Benchmark_bsp/ps7_cortexa9_0/include/xtime_l.h:89:9: note: #pragma message: For the sleep routines, Global timer is being used
 #pragma message ("For the sleep routines, Global timer is being used")
         ^~~~~~~
'Finished building: ../src/main.c'
' '
'Building file: ../src/pl.c'
'Invoking: ARM v7 gcc compiler'
arm-none-eabi-gcc -Wall -O0 -g3 -c -fmessage-length=0 -MT"src/pl.o" -mcpu=cortex-a9 -mfpu=vfpv3 -mfloat-abi=hard -I../../Benchmark_bsp/ps7_cortexa9_0/include -MMD -MP -MF"src/pl.d" -MT"src/pl.o" -o "src/pl.o" "../src/pl.c"
In file included from ../src/pl.c:268:0:
../../Benchmark_bsp/ps7_cortexa9_0/include/xtime_l.h:89:9: note: #pragma message: For the sleep routines, Global timer is being used
 #pragma message ("For the sleep routines, Global timer is being used")
         ^~~~~~~
'Finished building: ../src/pl.c'
' '
'Building file: ../src/platform.c'
'Invoking: ARM v7 gcc compiler'
arm-none-eabi-gcc -Wall -O0 -g3 -c -fmessage-length=0 -MT"src/platform.o" -mcpu=cortex-a9 -mfpu=vfpv3 -mfloat-abi=hard -I../../Benchmark_bsp/ps7_cortexa9_0/include -MMD -MP -MF"src/platform.d" -MT"src/platform.o" -o "src/platform.o" "../src/platform.c"
'Finished building: ../src/platform.c'
' '
'Building file: ../src/sd.c'
'Invoking: ARM v7 gcc compiler'
arm-none-eabi-gcc -Wall -O0 -g3 -c -fmessage-length=0 -MT"src/sd.o" -mcpu=cortex-a9 -mfpu=vfpv3 -mfloat-abi=hard -I../../Benchmark_bsp/ps7_cortexa9_0/include -MMD -MP -MF"src/sd.d" -MT"src/sd.o" -o "src/sd.o" "../src/sd.c"
'Finished building: ../src/sd.c'
' '
'Building target: Benchmark.elf'
'Invoking: ARM v7 gcc linker'
arm-none-eabi-gcc -mcpu=cortex-a9 -mfpu=vfpv3 -mfloat-abi=hard -Wl,-build-id=none -specs=Xilinx.spec -Wl,-T -Wl,../src/lscript.ld -L../../Benchmark_bsp/ps7_cortexa9_0/lib -o "Benchmark.elf"  ./src/main.o ./src/pl.o ./src/platform.o ./src/sd.o   -Wl,--start-group,-lxil,-lgcc,-lc,--end-group -Wl,--start-group,-lxilffs,-lxil,-lgcc,-lc,--end-group
'Finished building target: Benchmark.elf'
' '
'Invoking: ARM v7 Print Size'
arm-none-eabi-size Benchmark.elf  |tee "Benchmark.elf.size"
   text	   data	    bss	    dec	    hex	filename
 114380	  10512	67120688	67245580	402160c	Benchmark.elf
'Finished building: Benchmark.elf.size'
' '
13:35:22 **** Incremental Build of configuration Debug for project Benchmark ****
make pre-build main-build 
a9-linaro-pre-build-step
' '
make: Nothing to be done for `main-build'.
13:37:37 **** Auto Build of configuration Debug for project Benchmark ****
make pre-build main-build 
a9-linaro-pre-build-step
' '
'Building file: ../src/main.c'
'Invoking: ARM v7 gcc compiler'
arm-none-eabi-gcc -Wall -O0 -g3 -c -fmessage-length=0 -MT"src/main.o" -mcpu=cortex-a9 -mfpu=vfpv3 -mfloat-abi=hard -I../../Benchmark_bsp/ps7_cortexa9_0/include -MMD -MP -MF"src/main.d" -MT"src/main.o" -o "src/main.o" "../src/main.c"
In file included from ../src/main.c:69:0:
../../Benchmark_bsp/ps7_cortexa9_0/include/xtime_l.h:89:9: note: #pragma message: For the sleep routines, Global timer is being used
 #pragma message ("For the sleep routines, Global timer is being used")
         ^~~~~~~
'Finished building: ../src/main.c'
' '
'Building target: Benchmark.elf'
'Invoking: ARM v7 gcc linker'
arm-none-eabi-gcc -mcpu=cortex-a9 -mfpu=vfpv3 -mfloat-abi=hard -Wl,-build-id=none -specs=Xilinx.spec -Wl,-T -Wl,../src/lscript.ld -L../../Benchmark_bsp/ps7_cortexa9_0/lib -o "Benchmark.elf"  ./src/main.o ./src/pl.o ./src/platform.o ./src/sd.o   -Wl,--start-group,-lxil,-lgcc,-lc,--end-group -Wl,--start-group,-lxilffs,-lxil,-lgcc,-lc,--end-group
'Finished building target: Benchmark.elf'
' '
'Invoking: ARM v7 Print Size'
arm-none-eabi-size Benchmark.elf  |tee "Benchmark.elf.size"
   text	   data	    bss	    dec	    hex	filename
 114380	  10512	67120688	67245580	402160c	Benchmark.elf
'Finished building: Benchmark.elf.size'
' '
13:38:38 **** Auto Build of configuration Debug for project Benchmark ****
make pre-build main-build 
a9-linaro-pre-build-step
' '
'Building file: ../src/main.c'
'Invoking: ARM v7 gcc compiler'
arm-none-eabi-gcc -Wall -O0 -g3 -c -fmessage-length=0 -MT"src/main.o" -mcpu=cortex-a9 -mfpu=vfpv3 -mfloat-abi=hard -I../../Benchmark_bsp/ps7_cortexa9_0/include -MMD -MP -MF"src/main.d" -MT"src/main.o" -o "src/main.o" "../src/main.c"
In file included from ../src/main.c:69:0:
../../Benchmark_bsp/ps7_cortexa9_0/include/xtime_l.h:89:9: note: #pragma message: For the sleep routines, Global timer is being used
 #pragma message ("For the sleep routines, Global timer is being used")
         ^~~~~~~
'Finished building: ../src/main.c'
' '
'Building target: Benchmark.elf'
'Invoking: ARM v7 gcc linker'
arm-none-eabi-gcc -mcpu=cortex-a9 -mfpu=vfpv3 -mfloat-abi=hard -Wl,-build-id=none -specs=Xilinx.spec -Wl,-T -Wl,../src/lscript.ld -L../../Benchmark_bsp/ps7_cortexa9_0/lib -o "Benchmark.elf"  ./src/main.o ./src/pl.o ./src/platform.o ./src/sd.o   -Wl,--start-group,-lxil,-lgcc,-lc,--end-group -Wl,--start-group,-lxilffs,-lxil,-lgcc,-lc,--end-group
'Finished building target: Benchmark.elf'
' '
'Invoking: ARM v7 Print Size'
arm-none-eabi-size Benchmark.elf  |tee "Benchmark.elf.size"
   text	   data	    bss	    dec	    hex	filename
 114380	  10512	67120688	67245580	402160c	Benchmark.elf
'Finished building: Benchmark.elf.size'
' '
13:39:49 **** Incremental Build of configuration Debug for project Benchmark ****
make pre-build main-build 
a9-linaro-pre-build-step
' '
make: Nothing to be done for `main-build'.
13:53:49 **** Auto Build of configuration Debug for project Benchmark ****
make pre-build main-build 
a9-linaro-pre-build-step
' '
'Building file: ../src/main.c'
'Invoking: ARM v7 gcc compiler'
arm-none-eabi-gcc -Wall -O0 -g3 -c -fmessage-length=0 -MT"src/main.o" -mcpu=cortex-a9 -mfpu=vfpv3 -mfloat-abi=hard -I../../Benchmark_bsp/ps7_cortexa9_0/include -MMD -MP -MF"src/main.d" -MT"src/main.o" -o "src/main.o" "../src/main.c"
In file included from ../src/main.c:69:0:
../../Benchmark_bsp/ps7_cortexa9_0/include/xtime_l.h:89:9: note: #pragma message: For the sleep routines, Global timer is being used
 #pragma message ("For the sleep routines, Global timer is being used")
         ^~~~~~~
'Finished building: ../src/main.c'
' '
'Building target: Benchmark.elf'
'Invoking: ARM v7 gcc linker'
arm-none-eabi-gcc -mcpu=cortex-a9 -mfpu=vfpv3 -mfloat-abi=hard -Wl,-build-id=none -specs=Xilinx.spec -Wl,-T -Wl,../src/lscript.ld -L../../Benchmark_bsp/ps7_cortexa9_0/lib -o "Benchmark.elf"  ./src/main.o ./src/pl.o ./src/platform.o ./src/sd.o   -Wl,--start-group,-lxil,-lgcc,-lc,--end-group -Wl,--start-group,-lxilffs,-lxil,-lgcc,-lc,--end-group
'Finished building target: Benchmark.elf'
' '
'Invoking: ARM v7 Print Size'
arm-none-eabi-size Benchmark.elf  |tee "Benchmark.elf.size"
   text	   data	    bss	    dec	    hex	filename
 114380	  10512	67120688	67245580	402160c	Benchmark.elf
'Finished building: Benchmark.elf.size'
' '
