#-----------------------------------------------------------
# Vivado v2018.2 (64-bit)
# SW Build 2258646 on Thu Jun 14 20:03:12 MDT 2018
# IP Build 2256618 on Thu Jun 14 22:10:49 MDT 2018
# Start of session at: Wed Jan  3 16:51:02 2024
# Process ID: 71408
# Current directory: C:/Users/aamalik3/Desktop/ICAP_Readback/Benchmarks/RISC_BENCHMARKS_BASE_PROJ
# Command line: vivado.exe -gui_launcher_event rodinguilauncherevent78372 C:\Users\aamalik3\Desktop\ICAP_Readback\Benchmarks\RISC_BENCHMARKS_BASE_PROJ\RISC_BENCHMARKS_BASE_PROJ.xpr
# Log file: C:/Users/aamalik3/Desktop/ICAP_Readback/Benchmarks/RISC_BENCHMARKS_BASE_PROJ/vivado.log
# Journal file: C:/Users/aamalik3/Desktop/ICAP_Readback/Benchmarks/RISC_BENCHMARKS_BASE_PROJ\vivado.jou
#-----------------------------------------------------------
start_gui
open_project C:/Users/aamalik3/Desktop/ICAP_Readback/Benchmarks/RISC_BENCHMARKS_BASE_PROJ/RISC_BENCHMARKS_BASE_PROJ.xpr
Scanning sources...
Finished scanning sources
INFO: [IP_Flow 19-234] Refreshing IP repositories
INFO: [IP_Flow 19-1704] No user IP repositories specified
INFO: [IP_Flow 19-2313] Loaded Vivado IP repository 'C:/Xilinx/Vivado/2018.2/data/ip'.
open_project: Time (s): cpu = 00:00:09 ; elapsed = 00:00:06 . Memory (MB): peak = 984.551 ; gain = 168.383
update_compile_order -fileset sources_1
reset_run synth_1
launch_runs synth_1 -jobs 30
[Wed Jan  3 16:51:41 2024] Launched synth_1...
Run output will be captured here: C:/Users/aamalik3/Desktop/ICAP_Readback/Benchmarks/RISC_BENCHMARKS_BASE_PROJ/RISC_BENCHMARKS_BASE_PROJ.runs/synth_1/runme.log
wait_on_run -timeout 10 synth_1
[Wed Jan  3 16:51:41 2024] Waiting for synth_1 to finish (timeout in 10 minutes)...
[Wed Jan  3 16:51:46 2024] Waiting for synth_1 to finish (timeout in 10 minutes)...
[Wed Jan  3 16:51:51 2024] Waiting for synth_1 to finish (timeout in 10 minutes)...
[Wed Jan  3 16:51:56 2024] Waiting for synth_1 to finish (timeout in 10 minutes)...
[Wed Jan  3 16:52:06 2024] Waiting for synth_1 to finish (timeout in 10 minutes)...

*** Running vivado
    with args -log design_1_wrapper.vds -m64 -product Vivado -mode batch -messageDb vivado.pb -notrace -source design_1_wrapper.tcl


****** Vivado v2018.2 (64-bit)
  **** SW Build 2258646 on Thu Jun 14 20:03:12 MDT 2018
  **** IP Build 2256618 on Thu Jun 14 22:10:49 MDT 2018
    ** Copyright 1986-2018 Xilinx, Inc. All Rights Reserved.

source design_1_wrapper.tcl -notrace
INFO: [IP_Flow 19-234] Refreshing IP repositories
INFO: [IP_Flow 19-1704] No user IP repositories specified
INFO: [IP_Flow 19-2313] Loaded Vivado IP repository 'C:/Xilinx/Vivado/2018.2/data/ip'.
add_files: Time (s): cpu = 00:00:02 ; elapsed = 00:00:06 . Memory (MB): peak = 357.344 ; gain = 57.664
Command: synth_design -top design_1_wrapper -part xc7z020clg484-1 -directive AreaOptimized_high -control_set_opt_threshold 1
Starting synth_design
Attempting to get a license for feature 'Synthesis' and/or device 'xc7z020'
INFO: [Common 17-349] Got license for feature 'Synthesis' and/or device 'xc7z020'
INFO: Launching helper process for spawning children vivado processes
INFO: Helper process launched with PID 79320 
---------------------------------------------------------------------------------
Starting RTL Elaboration : Time (s): cpu = 00:00:01 ; elapsed = 00:00:01 . Memory (MB): peak = 466.633 ; gain = 102.352
---------------------------------------------------------------------------------
INFO: [Synth 8-6157] synthesizing module 'design_1_wrapper' [C:/Users/aamalik3/Desktop/ICAP_Readback/Benchmarks/RISC_BENCHMARKS_BASE_PROJ/RISC_BENCHMARKS_BASE_PROJ.srcs/sources_1/bd/design_1/hdl/design_1_wrapper.v:12]
INFO: [Synth 8-6157] synthesizing module 'design_1' [C:/Users/aamalik3/Desktop/ICAP_Readback/Benchmarks/RISC_BENCHMARKS_BASE_PROJ/RISC_BENCHMARKS_BASE_PROJ.srcs/sources_1/bd/design_1/synth/design_1.v:13]
INFO: [Synth 8-6157] synthesizing module 'design_1_axi_gpio_0_0' [C:/Users/aamalik3/Desktop/ICAP_Readback/Benchmarks/RISC_BENCHMARKS_BASE_PROJ/RISC_BENCHMARKS_BASE_PROJ.runs/synth_1/.Xil/Vivado-72064-sophitia/realtime/design_1_axi_gpio_0_0_stub.v:6]
INFO: [Synth 8-6155] done synthesizing module 'design_1_axi_gpio_0_0' (1#1) [C:/Users/aamalik3/Desktop/ICAP_Readback/Benchmarks/RISC_BENCHMARKS_BASE_PROJ/RISC_BENCHMARKS_BASE_PROJ.runs/synth_1/.Xil/Vivado-72064-sophitia/realtime/design_1_axi_gpio_0_0_stub.v:6]
INFO: [Synth 8-6157] synthesizing module 'design_1_RISC_BENCHMARK_IP_0_0' [C:/Users/aamalik3/Desktop/ICAP_Readback/Benchmarks/RISC_BENCHMARKS_BASE_PROJ/RISC_BENCHMARKS_BASE_PROJ.runs/synth_1/.Xil/Vivado-72064-sophitia/realtime/design_1_RISC_BENCHMARK_IP_0_0_stub.v:6]
INFO: [Synth 8-6155] done synthesizing module 'design_1_RISC_BENCHMARK_IP_0_0' (2#1) [C:/Users/aamalik3/Desktop/ICAP_Readback/Benchmarks/RISC_BENCHMARKS_BASE_PROJ/RISC_BENCHMARKS_BASE_PROJ.runs/synth_1/.Xil/Vivado-72064-sophitia/realtime/design_1_RISC_BENCHMARK_IP_0_0_stub.v:6]
INFO: [Synth 8-6157] synthesizing module 'design_1_axi_gpio_1_1' [C:/Users/aamalik3/Desktop/ICAP_Readback/Benchmarks/RISC_BENCHMARKS_BASE_PROJ/RISC_BENCHMARKS_BASE_PROJ.runs/synth_1/.Xil/Vivado-72064-sophitia/realtime/design_1_axi_gpio_1_1_stub.v:6]
INFO: [Synth 8-6155] done synthesizing module 'design_1_axi_gpio_1_1' (3#1) [C:/Users/aamalik3/Desktop/ICAP_Readback/Benchmarks/RISC_BENCHMARKS_BASE_PROJ/RISC_BENCHMARKS_BASE_PROJ.runs/synth_1/.Xil/Vivado-72064-sophitia/realtime/design_1_axi_gpio_1_1_stub.v:6]
WARNING: [Synth 8-4446] all outputs are unconnected for this instance and logic may be removed [C:/Users/aamalik3/Desktop/ICAP_Readback/Benchmarks/RISC_BENCHMARKS_BASE_PROJ/RISC_BENCHMARKS_BASE_PROJ.srcs/sources_1/bd/design_1/synth/design_1.v:222]
INFO: [Synth 8-6157] synthesizing module 'design_1_STARTUP_0_0' [C:/Users/aamalik3/Desktop/ICAP_Readback/Benchmarks/RISC_BENCHMARKS_BASE_PROJ/RISC_BENCHMARKS_BASE_PROJ.runs/synth_1/.Xil/Vivado-72064-sophitia/realtime/design_1_STARTUP_0_0_stub.v:6]
INFO: [Synth 8-6155] done synthesizing module 'design_1_STARTUP_0_0' (4#1) [C:/Users/aamalik3/Desktop/ICAP_Readback/Benchmarks/RISC_BENCHMARKS_BASE_PROJ/RISC_BENCHMARKS_BASE_PROJ.runs/synth_1/.Xil/Vivado-72064-sophitia/realtime/design_1_STARTUP_0_0_stub.v:6]
WARNING: [Synth 8-350] instance 'STARTUP' of module 'design_1_STARTUP_0_0' requires 2 connections, but only 1 given [C:/Users/aamalik3/Desktop/ICAP_Readback/Benchmarks/RISC_BENCHMARKS_BASE_PROJ/RISC_BENCHMARKS_BASE_PROJ.srcs/sources_1/bd/design_1/synth/design_1.v:222]
INFO: [Synth 8-6157] synthesizing module 'design_1_processing_system7_0_0' [C:/Users/aamalik3/Desktop/ICAP_Readback/Benchmarks/RISC_BENCHMARKS_BASE_PROJ/RISC_BENCHMARKS_BASE_PROJ.runs/synth_1/.Xil/Vivado-72064-sophitia/realtime/design_1_processing_system7_0_0_stub.v:6]
INFO: [Synth 8-6155] done synthesizing module 'design_1_processing_system7_0_0' (5#1) [C:/Users/aamalik3/Desktop/ICAP_Readback/Benchmarks/RISC_BENCHMARKS_BASE_PROJ/RISC_BENCHMARKS_BASE_PROJ.runs/synth_1/.Xil/Vivado-72064-sophitia/realtime/design_1_processing_system7_0_0_stub.v:6]
INFO: [Synth 8-6157] synthesizing module 'design_1_ps7_0_axi_periph_0' [C:/Users/aamalik3/Desktop/ICAP_Readback/Benchmarks/RISC_BENCHMARKS_BASE_PROJ/RISC_BENCHMARKS_BASE_PROJ.srcs/sources_1/bd/design_1/synth/design_1.v:379]
INFO: [Synth 8-6157] synthesizing module 'm00_couplers_imp_15SPJYW' [C:/Users/aamalik3/Desktop/ICAP_Readback/Benchmarks/RISC_BENCHMARKS_BASE_PROJ/RISC_BENCHMARKS_BASE_PROJ.srcs/sources_1/bd/design_1/synth/design_1.v:936]
INFO: [Synth 8-6155] done synthesizing module 'm00_couplers_imp_15SPJYW' (6#1) [C:/Users/aamalik3/Desktop/ICAP_Readback/Benchmarks/RISC_BENCHMARKS_BASE_PROJ/RISC_BENCHMARKS_BASE_PROJ.srcs/sources_1/bd/design_1/synth/design_1.v:936]
INFO: [Synth 8-6157] synthesizing module 'm01_couplers_imp_XU9C55' [C:/Users/aamalik3/Desktop/ICAP_Readback/Benchmarks/RISC_BENCHMARKS_BASE_PROJ/RISC_BENCHMARKS_BASE_PROJ.srcs/sources_1/bd/design_1/synth/design_1.v:1068]
INFO: [Synth 8-6155] done synthesizing module 'm01_couplers_imp_XU9C55' (7#1) [C:/Users/aamalik3/Desktop/ICAP_Readback/Benchmarks/RISC_BENCHMARKS_BASE_PROJ/RISC_BENCHMARKS_BASE_PROJ.srcs/sources_1/bd/design_1/synth/design_1.v:1068]
INFO: [Synth 8-6157] synthesizing module 's00_couplers_imp_UYSKKA' [C:/Users/aamalik3/Desktop/ICAP_Readback/Benchmarks/RISC_BENCHMARKS_BASE_PROJ/RISC_BENCHMARKS_BASE_PROJ.srcs/sources_1/bd/design_1/synth/design_1.v:1200]
INFO: [Synth 8-6157] synthesizing module 'design_1_auto_pc_0' [C:/Users/aamalik3/Desktop/ICAP_Readback/Benchmarks/RISC_BENCHMARKS_BASE_PROJ/RISC_BENCHMARKS_BASE_PROJ.runs/synth_1/.Xil/Vivado-72064-sophitia/realtime/design_1_auto_pc_0_stub.v:6]
INFO: [Synth 8-6155] done synthesizing module 'design_1_auto_pc_0' (8#1) [C:/Users/aamalik3/Desktop/ICAP_Readback/Benchmarks/RISC_BENCHMARKS_BASE_PROJ/RISC_BENCHMARKS_BASE_PROJ.runs/synth_1/.Xil/Vivado-72064-sophitia/realtime/design_1_auto_pc_0_stub.v:6]
INFO: [Synth 8-6155] done synthesizing module 's00_couplers_imp_UYSKKA' (9#1) [C:/Users/aamalik3/Desktop/ICAP_Readback/Benchmarks/RISC_BENCHMARKS_BASE_PROJ/RISC_BENCHMARKS_BASE_PROJ.srcs/sources_1/bd/design_1/synth/design_1.v:1200]
INFO: [Synth 8-6157] synthesizing module 'design_1_xbar_0' [C:/Users/aamalik3/Desktop/ICAP_Readback/Benchmarks/RISC_BENCHMARKS_BASE_PROJ/RISC_BENCHMARKS_BASE_PROJ.runs/synth_1/.Xil/Vivado-72064-sophitia/realtime/design_1_xbar_0_stub.v:6]
INFO: [Synth 8-6155] done synthesizing module 'design_1_xbar_0' (10#1) [C:/Users/aamalik3/Desktop/ICAP_Readback/Benchmarks/RISC_BENCHMARKS_BASE_PROJ/RISC_BENCHMARKS_BASE_PROJ.runs/synth_1/.Xil/Vivado-72064-sophitia/realtime/design_1_xbar_0_stub.v:6]
WARNING: [Synth 8-350] instance 'xbar' of module 'design_1_xbar_0' requires 40 connections, but only 38 given [C:/Users/aamalik3/Desktop/ICAP_Readback/Benchmarks/RISC_BENCHMARKS_BASE_PROJ/RISC_BENCHMARKS_BASE_PROJ.srcs/sources_1/bd/design_1/synth/design_1.v:895]
INFO: [Synth 8-6155] done synthesizing module 'design_1_ps7_0_axi_periph_0' (11#1) [C:/Users/aamalik3/Desktop/ICAP_Readback/Benchmarks/RISC_BENCHMARKS_BASE_PROJ/RISC_BENCHMARKS_BASE_PROJ.srcs/sources_1/bd/design_1/synth/design_1.v:379]
INFO: [Synth 8-6157] synthesizing module 'design_1_rst_ps7_0_50M_0' [C:/Users/aamalik3/Desktop/ICAP_Readback/Benchmarks/RISC_BENCHMARKS_BASE_PROJ/RISC_BENCHMARKS_BASE_PROJ.runs/synth_1/.Xil/Vivado-72064-sophitia/realtime/design_1_rst_ps7_0_50M_0_stub.v:6]
INFO: [Synth 8-6155] done synthesizing module 'design_1_rst_ps7_0_50M_0' (12#1) [C:/Users/aamalik3/Desktop/ICAP_Readback/Benchmarks/RISC_BENCHMARKS_BASE_PROJ/RISC_BENCHMARKS_BASE_PROJ.runs/synth_1/.Xil/Vivado-72064-sophitia/realtime/design_1_rst_ps7_0_50M_0_stub.v:6]
WARNING: [Synth 8-350] instance 'rst_ps7_0_50M' of module 'design_1_rst_ps7_0_50M_0' requires 10 connections, but only 7 given [C:/Users/aamalik3/Desktop/ICAP_Readback/Benchmarks/RISC_BENCHMARKS_BASE_PROJ/RISC_BENCHMARKS_BASE_PROJ.srcs/sources_1/bd/design_1/synth/design_1.v:369]
INFO: [Synth 8-6155] done synthesizing module 'design_1' (13#1) [C:/Users/aamalik3/Desktop/ICAP_Readback/Benchmarks/RISC_BENCHMARKS_BASE_PROJ/RISC_BENCHMARKS_BASE_PROJ.srcs/sources_1/bd/design_1/synth/design_1.v:13]
INFO: [Synth 8-6155] done synthesizing module 'design_1_wrapper' (14#1) [C:/Users/aamalik3/Desktop/ICAP_Readback/Benchmarks/RISC_BENCHMARKS_BASE_PROJ/RISC_BENCHMARKS_BASE_PROJ.srcs/sources_1/bd/design_1/hdl/design_1_wrapper.v:12]
WARNING: [Synth 8-3331] design s00_couplers_imp_UYSKKA has unconnected port M_ACLK
WARNING: [Synth 8-3331] design s00_couplers_imp_UYSKKA has unconnected port M_ARESETN
WARNING: [Synth 8-3331] design m01_couplers_imp_XU9C55 has unconnected port M_ACLK
WARNING: [Synth 8-3331] design m01_couplers_imp_XU9C55 has unconnected port M_ARESETN
WARNING: [Synth 8-3331] design m01_couplers_imp_XU9C55 has unconnected port S_ACLK
WARNING: [Synth 8-3331] design m01_couplers_imp_XU9C55 has unconnected port S_ARESETN
WARNING: [Synth 8-3331] design m00_couplers_imp_15SPJYW has unconnected port M_ACLK
WARNING: [Synth 8-3331] design m00_couplers_imp_15SPJYW has unconnected port M_ARESETN
WARNING: [Synth 8-3331] design m00_couplers_imp_15SPJYW has unconnected port S_ACLK
WARNING: [Synth 8-3331] design m00_couplers_imp_15SPJYW has unconnected port S_ARESETN
---------------------------------------------------------------------------------
Finished RTL Elaboration : Time (s): cpu = 00:00:02 ; elapsed = 00:00:02 . Memory (MB): peak = 521.527 ; gain = 157.246
---------------------------------------------------------------------------------

Report Check Netlist: 
+------+------------------+-------+---------+-------+------------------+
|      |Item              |Errors |Warnings |Status |Description       |
+------+------------------+-------+---------+-------+------------------+
|1     |multi_driven_nets |      0|        0|Passed |Multi driven nets |
+------+------------------+-------+---------+-------+------------------+
---------------------------------------------------------------------------------
Start Handling Custom Attributes
---------------------------------------------------------------------------------
---------------------------------------------------------------------------------
Finished Handling Custom Attributes : Time (s): cpu = 00:00:02 ; elapsed = 00:00:02 . Memory (MB): peak = 521.527 ; gain = 157.246
---------------------------------------------------------------------------------
---------------------------------------------------------------------------------
Finished RTL Optimization Phase 1 : Time (s): cpu = 00:00:02 ; elapsed = 00:00:02 . Memory (MB): peak = 521.527 ; gain = 157.246
---------------------------------------------------------------------------------
INFO: [Device 21-403] Loading part xc7z020clg484-1
INFO: [Project 1-570] Preparing netlist for logic optimization

Processing XDC Constraints
Initializing timing engine
Parsing XDC File [c:/Users/aamalik3/Desktop/ICAP_Readback/Benchmarks/RISC_BENCHMARKS_BASE_PROJ/RISC_BENCHMARKS_BASE_PROJ.srcs/sources_1/bd/design_1/ip/design_1_processing_system7_0_0/design_1_processing_system7_0_0/design_1_processing_system7_0_0_in_context.xdc] for cell 'design_1_i/processing_system7_0'
Finished Parsing XDC File [c:/Users/aamalik3/Desktop/ICAP_Readback/Benchmarks/RISC_BENCHMARKS_BASE_PROJ/RISC_BENCHMARKS_BASE_PROJ.srcs/sources_1/bd/design_1/ip/design_1_processing_system7_0_0/design_1_processing_system7_0_0/design_1_processing_system7_0_0_in_context.xdc] for cell 'design_1_i/processing_system7_0'
Parsing XDC File [c:/Users/aamalik3/Desktop/ICAP_Readback/Benchmarks/RISC_BENCHMARKS_BASE_PROJ/RISC_BENCHMARKS_BASE_PROJ.srcs/sources_1/bd/design_1/ip/design_1_rst_ps7_0_50M_0/design_1_rst_ps7_0_50M_0/design_1_rst_ps7_0_50M_0_in_context.xdc] for cell 'design_1_i/rst_ps7_0_50M'
Finished Parsing XDC File [c:/Users/aamalik3/Desktop/ICAP_Readback/Benchmarks/RISC_BENCHMARKS_BASE_PROJ/RISC_BENCHMARKS_BASE_PROJ.srcs/sources_1/bd/design_1/ip/design_1_rst_ps7_0_50M_0/design_1_rst_ps7_0_50M_0/design_1_rst_ps7_0_50M_0_in_context.xdc] for cell 'design_1_i/rst_ps7_0_50M'
Parsing XDC File [c:/Users/aamalik3/Desktop/ICAP_Readback/Benchmarks/RISC_BENCHMARKS_BASE_PROJ/RISC_BENCHMARKS_BASE_PROJ.srcs/sources_1/bd/design_1/ip/design_1_STARTUP_0_0/design_1_STARTUP_0_0/design_1_STARTUP_0_0_in_context.xdc] for cell 'design_1_i/STARTUP'
Finished Parsing XDC File [c:/Users/aamalik3/Desktop/ICAP_Readback/Benchmarks/RISC_BENCHMARKS_BASE_PROJ/RISC_BENCHMARKS_BASE_PROJ.srcs/sources_1/bd/design_1/ip/design_1_STARTUP_0_0/design_1_STARTUP_0_0/design_1_STARTUP_0_0_in_context.xdc] for cell 'design_1_i/STARTUP'
Parsing XDC File [c:/Users/aamalik3/Desktop/ICAP_Readback/Benchmarks/RISC_BENCHMARKS_BASE_PROJ/RISC_BENCHMARKS_BASE_PROJ.srcs/sources_1/bd/design_1/ip/design_1_axi_gpio_0_0/design_1_axi_gpio_0_0/design_1_axi_gpio_0_0_in_context.xdc] for cell 'design_1_i/GSR_GPIO'
Finished Parsing XDC File [c:/Users/aamalik3/Desktop/ICAP_Readback/Benchmarks/RISC_BENCHMARKS_BASE_PROJ/RISC_BENCHMARKS_BASE_PROJ.srcs/sources_1/bd/design_1/ip/design_1_axi_gpio_0_0/design_1_axi_gpio_0_0/design_1_axi_gpio_0_0_in_context.xdc] for cell 'design_1_i/GSR_GPIO'
Parsing XDC File [c:/Users/aamalik3/Desktop/ICAP_Readback/Benchmarks/RISC_BENCHMARKS_BASE_PROJ/RISC_BENCHMARKS_BASE_PROJ.srcs/sources_1/bd/design_1/ip/design_1_axi_gpio_1_1/design_1_axi_gpio_1_1/design_1_axi_gpio_1_1_in_context.xdc] for cell 'design_1_i/RISC_IP_CHECK'
Finished Parsing XDC File [c:/Users/aamalik3/Desktop/ICAP_Readback/Benchmarks/RISC_BENCHMARKS_BASE_PROJ/RISC_BENCHMARKS_BASE_PROJ.srcs/sources_1/bd/design_1/ip/design_1_axi_gpio_1_1/design_1_axi_gpio_1_1/design_1_axi_gpio_1_1_in_context.xdc] for cell 'design_1_i/RISC_IP_CHECK'
Parsing XDC File [c:/Users/aamalik3/Desktop/ICAP_Readback/Benchmarks/RISC_BENCHMARKS_BASE_PROJ/RISC_BENCHMARKS_BASE_PROJ.srcs/sources_1/bd/design_1/ip/design_1_xbar_0/design_1_xbar_0/design_1_xbar_0_in_context.xdc] for cell 'design_1_i/ps7_0_axi_periph/xbar'
Finished Parsing XDC File [c:/Users/aamalik3/Desktop/ICAP_Readback/Benchmarks/RISC_BENCHMARKS_BASE_PROJ/RISC_BENCHMARKS_BASE_PROJ.srcs/sources_1/bd/design_1/ip/design_1_xbar_0/design_1_xbar_0/design_1_xbar_0_in_context.xdc] for cell 'design_1_i/ps7_0_axi_periph/xbar'
Parsing XDC File [c:/Users/aamalik3/Desktop/ICAP_Readback/Benchmarks/RISC_BENCHMARKS_BASE_PROJ/RISC_BENCHMARKS_BASE_PROJ.srcs/sources_1/bd/design_1/ip/design_1_RISC_BENCHMARK_IP_0_0/design_1_RISC_BENCHMARK_IP_0_0/design_1_RISC_BENCHMARK_IP_0_0_in_context.xdc] for cell 'design_1_i/RISC_BENCHMARK_IP'
Finished Parsing XDC File [c:/Users/aamalik3/Desktop/ICAP_Readback/Benchmarks/RISC_BENCHMARKS_BASE_PROJ/RISC_BENCHMARKS_BASE_PROJ.srcs/sources_1/bd/design_1/ip/design_1_RISC_BENCHMARK_IP_0_0/design_1_RISC_BENCHMARK_IP_0_0/design_1_RISC_BENCHMARK_IP_0_0_in_context.xdc] for cell 'design_1_i/RISC_BENCHMARK_IP'
Parsing XDC File [c:/Users/aamalik3/Desktop/ICAP_Readback/Benchmarks/RISC_BENCHMARKS_BASE_PROJ/RISC_BENCHMARKS_BASE_PROJ.srcs/sources_1/bd/design_1/ip/design_1_auto_pc_0/design_1_auto_pc_0/design_1_auto_pc_0_in_context.xdc] for cell 'design_1_i/ps7_0_axi_periph/s00_couplers/auto_pc'
Finished Parsing XDC File [c:/Users/aamalik3/Desktop/ICAP_Readback/Benchmarks/RISC_BENCHMARKS_BASE_PROJ/RISC_BENCHMARKS_BASE_PROJ.srcs/sources_1/bd/design_1/ip/design_1_auto_pc_0/design_1_auto_pc_0/design_1_auto_pc_0_in_context.xdc] for cell 'design_1_i/ps7_0_axi_periph/s00_couplers/auto_pc'
Parsing XDC File [C:/Users/aamalik3/Desktop/ICAP_Readback/Benchmarks/RISC_BENCHMARKS_BASE_PROJ/RISC_BENCHMARKS_BASE_PROJ.srcs/constrs_1/new/pins.xdc]
WARNING: [Vivado 12-584] No ports matched '[get_ports -of_objects [get_iobanks 33]]'. [C:/Users/aamalik3/Desktop/ICAP_Readback/Benchmarks/RISC_BENCHMARKS_BASE_PROJ/RISC_BENCHMARKS_BASE_PROJ.srcs/constrs_1/new/pins.xdc:19]
WARNING: [Vivado 12-584] No ports matched '[get_ports -of_objects [get_iobanks 34]]'. [C:/Users/aamalik3/Desktop/ICAP_Readback/Benchmarks/RISC_BENCHMARKS_BASE_PROJ/RISC_BENCHMARKS_BASE_PROJ.srcs/constrs_1/new/pins.xdc:20]
WARNING: [Vivado 12-584] No ports matched '[get_ports -of_objects [get_iobanks 35]]'. [C:/Users/aamalik3/Desktop/ICAP_Readback/Benchmarks/RISC_BENCHMARKS_BASE_PROJ/RISC_BENCHMARKS_BASE_PROJ.srcs/constrs_1/new/pins.xdc:21]
Finished Parsing XDC File [C:/Users/aamalik3/Desktop/ICAP_Readback/Benchmarks/RISC_BENCHMARKS_BASE_PROJ/RISC_BENCHMARKS_BASE_PROJ.srcs/constrs_1/new/pins.xdc]
INFO: [Project 1-236] Implementation specific constraints were found while reading constraint file [C:/Users/aamalik3/Desktop/ICAP_Readback/Benchmarks/RISC_BENCHMARKS_BASE_PROJ/RISC_BENCHMARKS_BASE_PROJ.srcs/constrs_1/new/pins.xdc]. These constraints will be ignored for synthesis but will be used in implementation. Impacted constraints are listed in the file [.Xil/design_1_wrapper_propImpl.xdc].
Resolution: To avoid this warning, move constraints listed in [.Xil/design_1_wrapper_propImpl.xdc] to another XDC file and exclude this new file from synthesis with the used_in_synthesis property (File Properties dialog in GUI) and re-run elaboration/synthesis.
Parsing XDC File [C:/Users/aamalik3/Desktop/ICAP_Readback/Benchmarks/RISC_BENCHMARKS_BASE_PROJ/RISC_BENCHMARKS_BASE_PROJ.srcs/constrs_1/new/partitions.xdc]
WARNING: [Vivado 12-180] No cells matched 'design_1_i/RISC_BENCHMARK_IP/inst'. [C:/Users/aamalik3/Desktop/ICAP_Readback/Benchmarks/RISC_BENCHMARKS_BASE_PROJ/RISC_BENCHMARKS_BASE_PROJ.srcs/constrs_1/new/partitions.xdc:20]
WARNING: [Vivado 12-180] No cells matched 'design_1_i/RISC_BENCHMARK_IP/inst'. [C:/Users/aamalik3/Desktop/ICAP_Readback/Benchmarks/RISC_BENCHMARKS_BASE_PROJ/RISC_BENCHMARKS_BASE_PROJ.srcs/constrs_1/new/partitions.xdc:21]
Finished Parsing XDC File [C:/Users/aamalik3/Desktop/ICAP_Readback/Benchmarks/RISC_BENCHMARKS_BASE_PROJ/RISC_BENCHMARKS_BASE_PROJ.srcs/constrs_1/new/partitions.xdc]
WARNING: [Project 1-498] One or more constraints failed evaluation while reading constraint file [C:/Users/aamalik3/Desktop/ICAP_Readback/Benchmarks/RISC_BENCHMARKS_BASE_PROJ/RISC_BENCHMARKS_BASE_PROJ.srcs/constrs_1/new/partitions.xdc] and the design contains unresolved black boxes. These constraints will be read post-synthesis (as long as their source constraint file is marked as used_in_implementation) and should be applied correctly then. You should review the constraints listed in the file [.Xil/design_1_wrapper_propImpl.xdc] and check the run log file to verify that these constraints were correctly applied.
INFO: [Project 1-236] Implementation specific constraints were found while reading constraint file [C:/Users/aamalik3/Desktop/ICAP_Readback/Benchmarks/RISC_BENCHMARKS_BASE_PROJ/RISC_BENCHMARKS_BASE_PROJ.srcs/constrs_1/new/partitions.xdc]. These constraints will be ignored for synthesis but will be used in implementation. Impacted constraints are listed in the file [.Xil/design_1_wrapper_propImpl.xdc].
Resolution: To avoid this warning, move constraints listed in [.Xil/design_1_wrapper_propImpl.xdc] to another XDC file and exclude this new file from synthesis with the used_in_synthesis property (File Properties dialog in GUI) and re-run elaboration/synthesis.
Parsing XDC File [C:/Users/aamalik3/Desktop/ICAP_Readback/Benchmarks/RISC_BENCHMARKS_BASE_PROJ/RISC_BENCHMARKS_BASE_PROJ.runs/synth_1/dont_touch.xdc]
Finished Parsing XDC File [C:/Users/aamalik3/Desktop/ICAP_Readback/Benchmarks/RISC_BENCHMARKS_BASE_PROJ/RISC_BENCHMARKS_BASE_PROJ.runs/synth_1/dont_touch.xdc]
Completed Processing XDC Constraints

INFO: [Project 1-111] Unisim Transformation Summary:
No Unisim elements were transformed.

Constraint Validation Runtime : Time (s): cpu = 00:00:00 ; elapsed = 00:00:00.006 . Memory (MB): peak = 827.133 ; gain = 0.000
---------------------------------------------------------------------------------
Finished Constraint Validation : Time (s): cpu = 00:00:08 ; elapsed = 00:00:10 . Memory (MB): peak = 827.133 ; gain = 462.852
---------------------------------------------------------------------------------
---------------------------------------------------------------------------------
Start Loading Part and Timing Information
---------------------------------------------------------------------------------
Loading part: xc7z020clg484-1
---------------------------------------------------------------------------------
Finished Loading Part and Timing Information : Time (s): cpu = 00:00:08 ; elapsed = 00:00:10 . Memory (MB): peak = 827.133 ; gain = 462.852
---------------------------------------------------------------------------------
---------------------------------------------------------------------------------
Start Applying 'set_property' XDC Constraints
---------------------------------------------------------------------------------
Applied set_property IO_BUFFER_TYPE = NONE for DDR_addr[0]. (constraint file  c:/Users/aamalik3/Desktop/ICAP_Readback/Benchmarks/RISC_BENCHMARKS_BASE_PROJ/RISC_BENCHMARKS_BASE_PROJ.srcs/sources_1/bd/design_1/ip/design_1_processing_system7_0_0/design_1_processing_system7_0_0/design_1_processing_system7_0_0_in_context.xdc, line 3).
Applied set_property CLOCK_BUFFER_TYPE = NONE for DDR_addr[0]. (constraint file  c:/Users/aamalik3/Desktop/ICAP_Readback/Benchmarks/RISC_BENCHMARKS_BASE_PROJ/RISC_BENCHMARKS_BASE_PROJ.srcs/sources_1/bd/design_1/ip/design_1_processing_system7_0_0/design_1_processing_system7_0_0/design_1_processing_system7_0_0_in_context.xdc, line 4).
Applied set_property IO_BUFFER_TYPE = NONE for DDR_addr[10]. (constraint file  c:/Users/aamalik3/Desktop/ICAP_Readback/Benchmarks/RISC_BENCHMARKS_BASE_PROJ/RISC_BENCHMARKS_BASE_PROJ.srcs/sources_1/bd/design_1/ip/design_1_processing_system7_0_0/design_1_processing_system7_0_0/design_1_processing_system7_0_0_in_context.xdc, line 5).
Applied set_property CLOCK_BUFFER_TYPE = NONE for DDR_addr[10]. (constraint file  c:/Users/aamalik3/Desktop/ICAP_Readback/Benchmarks/RISC_BENCHMARKS_BASE_PROJ/RISC_BENCHMARKS_BASE_PROJ.srcs/sources_1/bd/design_1/ip/design_1_processing_system7_0_0/design_1_processing_system7_0_0/design_1_processing_system7_0_0_in_context.xdc, line 6).
Applied set_property IO_BUFFER_TYPE = NONE for DDR_addr[11]. (constraint file  c:/Users/aamalik3/Desktop/ICAP_Readback/Benchmarks/RISC_BENCHMARKS_BASE_PROJ/RISC_BENCHMARKS_BASE_PROJ.srcs/sources_1/bd/design_1/ip/design_1_processing_system7_0_0/design_1_processing_system7_0_0/design_1_processing_system7_0_0_in_context.xdc, line 7).
Applied set_property CLOCK_BUFFER_TYPE = NONE for DDR_addr[11]. (constraint file  c:/Users/aamalik3/Desktop/ICAP_Readback/Benchmarks/RISC_BENCHMARKS_BASE_PROJ/RISC_BENCHMARKS_BASE_PROJ.srcs/sources_1/bd/design_1/ip/design_1_processing_system7_0_0/design_1_processing_system7_0_0/design_1_processing_system7_0_0_in_context.xdc, line 8).
Applied set_property IO_BUFFER_TYPE = NONE for DDR_addr[12]. (constraint file  c:/Users/aamalik3/Desktop/ICAP_Readback/Benchmarks/RISC_BENCHMARKS_BASE_PROJ/RISC_BENCHMARKS_BASE_PROJ.srcs/sources_1/bd/design_1/ip/design_1_processing_system7_0_0/design_1_processing_system7_0_0/design_1_processing_system7_0_0_in_context.xdc, line 9).
Applied set_property CLOCK_BUFFER_TYPE = NONE for DDR_addr[12]. (constraint file  c:/Users/aamalik3/Desktop/ICAP_Readback/Benchmarks/RISC_BENCHMARKS_BASE_PROJ/RISC_BENCHMARKS_BASE_PROJ.srcs/sources_1/bd/design_1/ip/design_1_processing_system7_0_0/design_1_processing_system7_0_0/design_1_processing_system7_0_0_in_context.xdc, line 10).
Applied set_property IO_BUFFER_TYPE = NONE for DDR_addr[13]. (constraint file  c:/Users/aamalik3/Desktop/ICAP_Readback/Benchmarks/RISC_BENCHMARKS_BASE_PROJ/RISC_BENCHMARKS_BASE_PROJ.srcs/sources_1/bd/design_1/ip/design_1_processing_system7_0_0/design_1_processing_system7_0_0/design_1_processing_system7_0_0_in_context.xdc, line 11).
Applied set_property CLOCK_BUFFER_TYPE = NONE for DDR_addr[13]. (constraint file  c:/Users/aamalik3/Desktop/ICAP_Readback/Benchmarks/RISC_BENCHMARKS_BASE_PROJ/RISC_BENCHMARKS_BASE_PROJ.srcs/sources_1/bd/design_1/ip/design_1_processing_system7_0_0/design_1_processing_system7_0_0/design_1_processing_system7_0_0_in_context.xdc, line 12).
Applied set_property IO_BUFFER_TYPE = NONE for DDR_addr[14]. (constraint file  c:/Users/aamalik3/Desktop/ICAP_Readback/Benchmarks/RISC_BENCHMARKS_BASE_PROJ/RISC_BENCHMARKS_BASE_PROJ.srcs/sources_1/bd/design_1/ip/design_1_processing_system7_0_0/design_1_processing_system7_0_0/design_1_processing_system7_0_0_in_context.xdc, line 13).
Applied set_property CLOCK_BUFFER_TYPE = NONE for DDR_addr[14]. (constraint file  c:/Users/aamalik3/Desktop/ICAP_Readback/Benchmarks/RISC_BENCHMARKS_BASE_PROJ/RISC_BENCHMARKS_BASE_PROJ.srcs/sources_1/bd/design_1/ip/design_1_processing_system7_0_0/design_1_processing_system7_0_0/design_1_processing_system7_0_0_in_context.xdc, line 14).
Applied set_property IO_BUFFER_TYPE = NONE for DDR_addr[1]. (constraint file  c:/Users/aamalik3/Desktop/ICAP_Readback/Benchmarks/RISC_BENCHMARKS_BASE_PROJ/RISC_BENCHMARKS_BASE_PROJ.srcs/sources_1/bd/design_1/ip/design_1_processing_system7_0_0/design_1_processing_system7_0_0/design_1_processing_system7_0_0_in_context.xdc, line 15).
Applied set_property CLOCK_BUFFER_TYPE = NONE for DDR_addr[1]. (constraint file  c:/Users/aamalik3/Desktop/ICAP_Readback/Benchmarks/RISC_BENCHMARKS_BASE_PROJ/RISC_BENCHMARKS_BASE_PROJ.srcs/sources_1/bd/design_1/ip/design_1_processing_system7_0_0/design_1_processing_system7_0_0/design_1_processing_system7_0_0_in_context.xdc, line 16).
Applied set_property IO_BUFFER_TYPE = NONE for DDR_addr[2]. (constraint file  c:/Users/aamalik3/Desktop/ICAP_Readback/Benchmarks/RISC_BENCHMARKS_BASE_PROJ/RISC_BENCHMARKS_BASE_PROJ.srcs/sources_1/bd/design_1/ip/design_1_processing_system7_0_0/design_1_processing_system7_0_0/design_1_processing_system7_0_0_in_context.xdc, line 17).
Applied set_property CLOCK_BUFFER_TYPE = NONE for DDR_addr[2]. (constraint file  c:/Users/aamalik3/Desktop/ICAP_Readback/Benchmarks/RISC_BENCHMARKS_BASE_PROJ/RISC_BENCHMARKS_BASE_PROJ.srcs/sources_1/bd/design_1/ip/design_1_processing_system7_0_0/design_1_processing_system7_0_0/design_1_processing_system7_0_0_in_context.xdc, line 18).
Applied set_property IO_BUFFER_TYPE = NONE for DDR_addr[3]. (constraint file  c:/Users/aamalik3/Desktop/ICAP_Readback/Benchmarks/RISC_BENCHMARKS_BASE_PROJ/RISC_BENCHMARKS_BASE_PROJ.srcs/sources_1/bd/design_1/ip/design_1_processing_system7_0_0/design_1_processing_system7_0_0/design_1_processing_system7_0_0_in_context.xdc, line 19).
Applied set_property CLOCK_BUFFER_TYPE = NONE for DDR_addr[3]. (constraint file  c:/Users/aamalik3/Desktop/ICAP_Readback/Benchmarks/RISC_BENCHMARKS_BASE_PROJ/RISC_BENCHMARKS_BASE_PROJ.srcs/sources_1/bd/design_1/ip/design_1_processing_system7_0_0/design_1_processing_system7_0_0/design_1_processing_system7_0_0_in_context.xdc, line 20).
Applied set_property IO_BUFFER_TYPE = NONE for DDR_addr[4]. (constraint file  c:/Users/aamalik3/Desktop/ICAP_Readback/Benchmarks/RISC_BENCHMARKS_BASE_PROJ/RISC_BENCHMARKS_BASE_PROJ.srcs/sources_1/bd/design_1/ip/design_1_processing_system7_0_0/design_1_processing_system7_0_0/design_1_processing_system7_0_0_in_context.xdc, line 21).
Applied set_property CLOCK_BUFFER_TYPE = NONE for DDR_addr[4]. (constraint file  c:/Users/aamalik3/Desktop/ICAP_Readback/Benchmarks/RISC_BENCHMARKS_BASE_PROJ/RISC_BENCHMARKS_BASE_PROJ.srcs/sources_1/bd/design_1/ip/design_1_processing_system7_0_0/design_1_processing_system7_0_0/design_1_processing_system7_0_0_in_context.xdc, line 22).
Applied set_property IO_BUFFER_TYPE = NONE for DDR_addr[5]. (constraint file  c:/Users/aamalik3/Desktop/ICAP_Readback/Benchmarks/RISC_BENCHMARKS_BASE_PROJ/RISC_BENCHMARKS_BASE_PROJ.srcs/sources_1/bd/design_1/ip/design_1_processing_system7_0_0/design_1_processing_system7_0_0/design_1_processing_system7_0_0_in_context.xdc, line 23).
Applied set_property CLOCK_BUFFER_TYPE = NONE for DDR_addr[5]. (constraint file  c:/Users/aamalik3/Desktop/ICAP_Readback/Benchmarks/RISC_BENCHMARKS_BASE_PROJ/RISC_BENCHMARKS_BASE_PROJ.srcs/sources_1/bd/design_1/ip/design_1_processing_system7_0_0/design_1_processing_system7_0_0/design_1_processing_system7_0_0_in_context.xdc, line 24).
Applied set_property IO_BUFFER_TYPE = NONE for DDR_addr[6]. (constraint file  c:/Users/aamalik3/Desktop/ICAP_Readback/Benchmarks/RISC_BENCHMARKS_BASE_PROJ/RISC_BENCHMARKS_BASE_PROJ.srcs/sources_1/bd/design_1/ip/design_1_processing_system7_0_0/design_1_processing_system7_0_0/design_1_processing_system7_0_0_in_context.xdc, line 25).
Applied set_property CLOCK_BUFFER_TYPE = NONE for DDR_addr[6]. (constraint file  c:/Users/aamalik3/Desktop/ICAP_Readback/Benchmarks/RISC_BENCHMARKS_BASE_PROJ/RISC_BENCHMARKS_BASE_PROJ.srcs/sources_1/bd/design_1/ip/design_1_processing_system7_0_0/design_1_processing_system7_0_0/design_1_processing_system7_0_0_in_context.xdc, line 26).
Applied set_property IO_BUFFER_TYPE = NONE for DDR_addr[7]. (constraint file  c:/Users/aamalik3/Desktop/ICAP_Readback/Benchmarks/RISC_BENCHMARKS_BASE_PROJ/RISC_BENCHMARKS_BASE_PROJ.srcs/sources_1/bd/design_1/ip/design_1_processing_system7_0_0/design_1_processing_system7_0_0/design_1_processing_system7_0_0_in_context.xdc, line 27).
Applied set_property CLOCK_BUFFER_TYPE = NONE for DDR_addr[7]. (constraint file  c:/Users/aamalik3/Desktop/ICAP_Readback/Benchmarks/RISC_BENCHMARKS_BASE_PROJ/RISC_BENCHMARKS_BASE_PROJ.srcs/sources_1/bd/design_1/ip/design_1_processing_system7_0_0/design_1_processing_system7_0_0/design_1_processing_system7_0_0_in_context.xdc, line 28).
Applied set_property IO_BUFFER_TYPE = NONE for DDR_addr[8]. (constraint file  c:/Users/aamalik3/Desktop/ICAP_Readback/Benchmarks/RISC_BENCHMARKS_BASE_PROJ/RISC_BENCHMARKS_BASE_PROJ.srcs/sources_1/bd/design_1/ip/design_1_processing_system7_0_0/design_1_processing_system7_0_0/design_1_processing_system7_0_0_in_context.xdc, line 29).
Applied set_property CLOCK_BUFFER_TYPE = NONE for DDR_addr[8]. (constraint file  c:/Users/aamalik3/Desktop/ICAP_Readback/Benchmarks/RISC_BENCHMARKS_BASE_PROJ/RISC_BENCHMARKS_BASE_PROJ.srcs/sources_1/bd/design_1/ip/design_1_processing_system7_0_0/design_1_processing_system7_0_0/design_1_processing_system7_0_0_in_context.xdc, line 30).
Applied set_property IO_BUFFER_TYPE = NONE for DDR_addr[9]. (constraint file  c:/Users/aamalik3/Desktop/ICAP_Readback/Benchmarks/RISC_BENCHMARKS_BASE_PROJ/RISC_BENCHMARKS_BASE_PROJ.srcs/sources_1/bd/design_1/ip/design_1_processing_system7_0_0/design_1_processing_system7_0_0/design_1_processing_system7_0_0_in_context.xdc, line 31).
Applied set_property CLOCK_BUFFER_TYPE = NONE for DDR_addr[9]. (constraint file  c:/Users/aamalik3/Desktop/ICAP_Readback/Benchmarks/RISC_BENCHMARKS_BASE_PROJ/RISC_BENCHMARKS_BASE_PROJ.srcs/sources_1/bd/design_1/ip/design_1_processing_system7_0_0/design_1_processing_system7_0_0/design_1_processing_system7_0_0_in_context.xdc, line 32).
Applied set_property IO_BUFFER_TYPE = NONE for DDR_ba[0]. (constraint file  c:/Users/aamalik3/Desktop/ICAP_Readback/Benchmarks/RISC_BENCHMARKS_BASE_PROJ/RISC_BENCHMARKS_BASE_PROJ.srcs/sources_1/bd/design_1/ip/design_1_processing_system7_0_0/design_1_processing_system7_0_0/design_1_processing_system7_0_0_in_context.xdc, line 33).
Applied set_property CLOCK_BUFFER_TYPE = NONE for DDR_ba[0]. (constraint file  c:/Users/aamalik3/Desktop/ICAP_Readback/Benchmarks/RISC_BENCHMARKS_BASE_PROJ/RISC_BENCHMARKS_BASE_PROJ.srcs/sources_1/bd/design_1/ip/design_1_processing_system7_0_0/design_1_processing_system7_0_0/design_1_processing_system7_0_0_in_context.xdc, line 34).
Applied set_property IO_BUFFER_TYPE = NONE for DDR_ba[1]. (constraint file  c:/Users/aamalik3/Desktop/ICAP_Readback/Benchmarks/RISC_BENCHMARKS_BASE_PROJ/RISC_BENCHMARKS_BASE_PROJ.srcs/sources_1/bd/design_1/ip/design_1_processing_system7_0_0/design_1_processing_system7_0_0/design_1_processing_system7_0_0_in_context.xdc, line 35).
Applied set_property CLOCK_BUFFER_TYPE = NONE for DDR_ba[1]. (constraint file  c:/Users/aamalik3/Desktop/ICAP_Readback/Benchmarks/RISC_BENCHMARKS_BASE_PROJ/RISC_BENCHMARKS_BASE_PROJ.srcs/sources_1/bd/design_1/ip/design_1_processing_system7_0_0/design_1_processing_system7_0_0/design_1_processing_system7_0_0_in_context.xdc, line 36).
Applied set_property IO_BUFFER_TYPE = NONE for DDR_ba[2]. (constraint file  c:/Users/aamalik3/Desktop/ICAP_Readback/Benchmarks/RISC_BENCHMARKS_BASE_PROJ/RISC_BENCHMARKS_BASE_PROJ.srcs/sources_1/bd/design_1/ip/design_1_processing_system7_0_0/design_1_processing_system7_0_0/design_1_processing_system7_0_0_in_context.xdc, line 37).
Applied set_property CLOCK_BUFFER_TYPE = NONE for DDR_ba[2]. (constraint file  c:/Users/aamalik3/Desktop/ICAP_Readback/Benchmarks/RISC_BENCHMARKS_BASE_PROJ/RISC_BENCHMARKS_BASE_PROJ.srcs/sources_1/bd/design_1/ip/design_1_processing_system7_0_0/design_1_processing_system7_0_0/design_1_processing_system7_0_0_in_context.xdc, line 38).
Applied set_property IO_BUFFER_TYPE = NONE for DDR_cas_n. (constraint file  c:/Users/aamalik3/Desktop/ICAP_Readback/Benchmarks/RISC_BENCHMARKS_BASE_PROJ/RISC_BENCHMARKS_BASE_PROJ.srcs/sources_1/bd/design_1/ip/design_1_processing_system7_0_0/design_1_processing_system7_0_0/design_1_processing_system7_0_0_in_context.xdc, line 39).
Applied set_property CLOCK_BUFFER_TYPE = NONE for DDR_cas_n. (constraint file  c:/Users/aamalik3/Desktop/ICAP_Readback/Benchmarks/RISC_BENCHMARKS_BASE_PROJ/RISC_BENCHMARKS_BASE_PROJ.srcs/sources_1/bd/design_1/ip/design_1_processing_system7_0_0/design_1_processing_system7_0_0/design_1_processing_system7_0_0_in_context.xdc, line 40).
Applied set_property IO_BUFFER_TYPE = NONE for DDR_cke. (constraint file  c:/Users/aamalik3/Desktop/ICAP_Readback/Benchmarks/RISC_BENCHMARKS_BASE_PROJ/RISC_BENCHMARKS_BASE_PROJ.srcs/sources_1/bd/design_1/ip/design_1_processing_system7_0_0/design_1_processing_system7_0_0/design_1_processing_system7_0_0_in_context.xdc, line 41).
Applied set_property CLOCK_BUFFER_TYPE = NONE for DDR_cke. (constraint file  c:/Users/aamalik3/Desktop/ICAP_Readback/Benchmarks/RISC_BENCHMARKS_BASE_PROJ/RISC_BENCHMARKS_BASE_PROJ.srcs/sources_1/bd/design_1/ip/design_1_processing_system7_0_0/design_1_processing_system7_0_0/design_1_processing_system7_0_0_in_context.xdc, line 42).
Applied set_property IO_BUFFER_TYPE = NONE for DDR_cs_n. (constraint file  c:/Users/aamalik3/Desktop/ICAP_Readback/Benchmarks/RISC_BENCHMARKS_BASE_PROJ/RISC_BENCHMARKS_BASE_PROJ.srcs/sources_1/bd/design_1/ip/design_1_processing_system7_0_0/design_1_processing_system7_0_0/design_1_processing_system7_0_0_in_context.xdc, line 43).
Applied set_property CLOCK_BUFFER_TYPE = NONE for DDR_cs_n. (constraint file  c:/Users/aamalik3/Desktop/ICAP_Readback/Benchmarks/RISC_BENCHMARKS_BASE_PROJ/RISC_BENCHMARKS_BASE_PROJ.srcs/sources_1/bd/design_1/ip/design_1_processing_system7_0_0/design_1_processing_system7_0_0/design_1_processing_system7_0_0_in_context.xdc, line 44).
Applied set_property IO_BUFFER_TYPE = NONE for DDR_ck_p. (constraint file  c:/Users/aamalik3/Desktop/ICAP_Readback/Benchmarks/RISC_BENCHMARKS_BASE_PROJ/RISC_BENCHMARKS_BASE_PROJ.srcs/sources_1/bd/design_1/ip/design_1_processing_system7_0_0/design_1_processing_system7_0_0/design_1_processing_system7_0_0_in_context.xdc, line 45).
Applied set_property CLOCK_BUFFER_TYPE = NONE for DDR_ck_p. (constraint file  c:/Users/aamalik3/Desktop/ICAP_Readback/Benchmarks/RISC_BENCHMARKS_BASE_PROJ/RISC_BENCHMARKS_BASE_PROJ.srcs/sources_1/bd/design_1/ip/design_1_processing_system7_0_0/design_1_processing_system7_0_0/design_1_processing_system7_0_0_in_context.xdc, line 46).
Applied set_property IO_BUFFER_TYPE = NONE for DDR_ck_n. (constraint file  c:/Users/aamalik3/Desktop/ICAP_Readback/Benchmarks/RISC_BENCHMARKS_BASE_PROJ/RISC_BENCHMARKS_BASE_PROJ.srcs/sources_1/bd/design_1/ip/design_1_processing_system7_0_0/design_1_processing_system7_0_0/design_1_processing_system7_0_0_in_context.xdc, line 47).
Applied set_property CLOCK_BUFFER_TYPE = NONE for DDR_ck_n. (constraint file  c:/Users/aamalik3/Desktop/ICAP_Readback/Benchmarks/RISC_BENCHMARKS_BASE_PROJ/RISC_BENCHMARKS_BASE_PROJ.srcs/sources_1/bd/design_1/ip/design_1_processing_system7_0_0/design_1_processing_system7_0_0/design_1_processing_system7_0_0_in_context.xdc, line 48).
Applied set_property IO_BUFFER_TYPE = NONE for DDR_dm[0]. (constraint file  c:/Users/aamalik3/Desktop/ICAP_Readback/Benchmarks/RISC_BENCHMARKS_BASE_PROJ/RISC_BENCHMARKS_BASE_PROJ.srcs/sources_1/bd/design_1/ip/design_1_processing_system7_0_0/design_1_processing_system7_0_0/design_1_processing_system7_0_0_in_context.xdc, line 49).
Applied set_property CLOCK_BUFFER_TYPE = NONE for DDR_dm[0]. (constraint file  c:/Users/aamalik3/Desktop/ICAP_Readback/Benchmarks/RISC_BENCHMARKS_BASE_PROJ/RISC_BENCHMARKS_BASE_PROJ.srcs/sources_1/bd/design_1/ip/design_1_processing_system7_0_0/design_1_processing_system7_0_0/design_1_processing_system7_0_0_in_context.xdc, line 50).
Applied set_property IO_BUFFER_TYPE = NONE for DDR_dm[1]. (constraint file  c:/Users/aamalik3/Desktop/ICAP_Readback/Benchmarks/RISC_BENCHMARKS_BASE_PROJ/RISC_BENCHMARKS_BASE_PROJ.srcs/sources_1/bd/design_1/ip/design_1_processing_system7_0_0/design_1_processing_system7_0_0/design_1_processing_system7_0_0_in_context.xdc, line 51).
Applied set_property CLOCK_BUFFER_TYPE = NONE for DDR_dm[1]. (constraint file  c:/Users/aamalik3/Desktop/ICAP_Readback/Benchmarks/RISC_BENCHMARKS_BASE_PROJ/RISC_BENCHMARKS_BASE_PROJ.srcs/sources_1/bd/design_1/ip/design_1_processing_system7_0_0/design_1_processing_system7_0_0/design_1_processing_system7_0_0_in_context.xdc, line 52).
Applied set_property IO_BUFFER_TYPE = NONE for DDR_dm[2]. (constraint file  c:/Users/aamalik3/Desktop/ICAP_Readback/Benchmarks/RISC_BENCHMARKS_BASE_PROJ/RISC_BENCHMARKS_BASE_PROJ.srcs/sources_1/bd/design_1/ip/design_1_processing_system7_0_0/design_1_processing_system7_0_0/design_1_processing_system7_0_0_in_context.xdc, line 53).
Applied set_property CLOCK_BUFFER_TYPE = NONE for DDR_dm[2]. (constraint file  c:/Users/aamalik3/Desktop/ICAP_Readback/Benchmarks/RISC_BENCHMARKS_BASE_PROJ/RISC_BENCHMARKS_BASE_PROJ.srcs/sources_1/bd/design_1/ip/design_1_processing_system7_0_0/design_1_processing_system7_0_0/design_1_processing_system7_0_0_in_context.xdc, line 54).
Applied set_property IO_BUFFER_TYPE = NONE for DDR_dm[3]. (constraint file  c:/Users/aamalik3/Desktop/ICAP_Readback/Benchmarks/RISC_BENCHMARKS_BASE_PROJ/RISC_BENCHMARKS_BASE_PROJ.srcs/sources_1/bd/design_1/ip/design_1_processing_system7_0_0/design_1_processing_system7_0_0/design_1_processing_system7_0_0_in_context.xdc, line 55).
Applied set_property CLOCK_BUFFER_TYPE = NONE for DDR_dm[3]. (constraint file  c:/Users/aamalik3/Desktop/ICAP_Readback/Benchmarks/RISC_BENCHMARKS_BASE_PROJ/RISC_BENCHMARKS_BASE_PROJ.srcs/sources_1/bd/design_1/ip/design_1_processing_system7_0_0/design_1_processing_system7_0_0/design_1_processing_system7_0_0_in_context.xdc, line 56).
Applied set_property IO_BUFFER_TYPE = NONE for DDR_dqs_p[0]. (constraint file  c:/Users/aamalik3/Desktop/ICAP_Readback/Benchmarks/RISC_BENCHMARKS_BASE_PROJ/RISC_BENCHMARKS_BASE_PROJ.srcs/sources_1/bd/design_1/ip/design_1_processing_system7_0_0/design_1_processing_system7_0_0/design_1_processing_system7_0_0_in_context.xdc, line 57).
Applied set_property CLOCK_BUFFER_TYPE = NONE for DDR_dqs_p[0]. (constraint file  c:/Users/aamalik3/Desktop/ICAP_Readback/Benchmarks/RISC_BENCHMARKS_BASE_PROJ/RISC_BENCHMARKS_BASE_PROJ.srcs/sources_1/bd/design_1/ip/design_1_processing_system7_0_0/design_1_processing_system7_0_0/design_1_processing_system7_0_0_in_context.xdc, line 58).
Applied set_property IO_BUFFER_TYPE = NONE for DDR_dqs_p[1]. (constraint file  c:/Users/aamalik3/Desktop/ICAP_Readback/Benchmarks/RISC_BENCHMARKS_BASE_PROJ/RISC_BENCHMARKS_BASE_PROJ.srcs/sources_1/bd/design_1/ip/design_1_processing_system7_0_0/design_1_processing_system7_0_0/design_1_processing_system7_0_0_in_context.xdc, line 59).
Applied set_property CLOCK_BUFFER_TYPE = NONE for DDR_dqs_p[1]. (constraint file  c:/Users/aamalik3/Desktop/ICAP_Readback/Benchmarks/RISC_BENCHMARKS_BASE_PROJ/RISC_BENCHMARKS_BASE_PROJ.srcs/sources_1/bd/design_1/ip/design_1_processing_system7_0_0/design_1_processing_system7_0_0/design_1_processing_system7_0_0_in_context.xdc, line 60).
Applied set_property IO_BUFFER_TYPE = NONE for DDR_dqs_p[2]. (constraint file  c:/Users/aamalik3/Desktop/ICAP_Readback/Benchmarks/RISC_BENCHMARKS_BASE_PROJ/RISC_BENCHMARKS_BASE_PROJ.srcs/sources_1/bd/design_1/ip/design_1_processing_system7_0_0/design_1_processing_system7_0_0/design_1_processing_system7_0_0_in_context.xdc, line 61).
Applied set_property CLOCK_BUFFER_TYPE = NONE for DDR_dqs_p[2]. (constraint file  c:/Users/aamalik3/Desktop/ICAP_Readback/Benchmarks/RISC_BENCHMARKS_BASE_PROJ/RISC_BENCHMARKS_BASE_PROJ.srcs/sources_1/bd/design_1/ip/design_1_processing_system7_0_0/design_1_processing_system7_0_0/design_1_processing_system7_0_0_in_context.xdc, line 62).
Applied set_property IO_BUFFER_TYPE = NONE for DDR_dqs_p[3]. (constraint file  c:/Users/aamalik3/Desktop/ICAP_Readback/Benchmarks/RISC_BENCHMARKS_BASE_PROJ/RISC_BENCHMARKS_BASE_PROJ.srcs/sources_1/bd/design_1/ip/design_1_processing_system7_0_0/design_1_processing_system7_0_0/design_1_processing_system7_0_0_in_context.xdc, line 63).
Applied set_property CLOCK_BUFFER_TYPE = NONE for DDR_dqs_p[3]. (constraint file  c:/Users/aamalik3/Desktop/ICAP_Readback/Benchmarks/RISC_BENCHMARKS_BASE_PROJ/RISC_BENCHMARKS_BASE_PROJ.srcs/sources_1/bd/design_1/ip/design_1_processing_system7_0_0/design_1_processing_system7_0_0/design_1_processing_system7_0_0_in_context.xdc, line 64).
Applied set_property IO_BUFFER_TYPE = NONE for DDR_dqs_n[0]. (constraint file  c:/Users/aamalik3/Desktop/ICAP_Readback/Benchmarks/RISC_BENCHMARKS_BASE_PROJ/RISC_BENCHMARKS_BASE_PROJ.srcs/sources_1/bd/design_1/ip/design_1_processing_system7_0_0/design_1_processing_system7_0_0/design_1_processing_system7_0_0_in_context.xdc, line 65).
Applied set_property CLOCK_BUFFER_TYPE = NONE for DDR_dqs_n[0]. (constraint file  c:/Users/aamalik3/Desktop/ICAP_Readback/Benchmarks/RISC_BENCHMARKS_BASE_PROJ/RISC_BENCHMARKS_BASE_PROJ.srcs/sources_1/bd/design_1/ip/design_1_processing_system7_0_0/design_1_processing_system7_0_0/design_1_processing_system7_0_0_in_context.xdc, line 66).
Applied set_property IO_BUFFER_TYPE = NONE for DDR_dqs_n[1]. (constraint file  c:/Users/aamalik3/Desktop/ICAP_Readback/Benchmarks/RISC_BENCHMARKS_BASE_PROJ/RISC_BENCHMARKS_BASE_PROJ.srcs/sources_1/bd/design_1/ip/design_1_processing_system7_0_0/design_1_processing_system7_0_0/design_1_processing_system7_0_0_in_context.xdc, line 67).
Applied set_property CLOCK_BUFFER_TYPE = NONE for DDR_dqs_n[1]. (constraint file  c:/Users/aamalik3/Desktop/ICAP_Readback/Benchmarks/RISC_BENCHMARKS_BASE_PROJ/RISC_BENCHMARKS_BASE_PROJ.srcs/sources_1/bd/design_1/ip/design_1_processing_system7_0_0/design_1_processing_system7_0_0/design_1_processing_system7_0_0_in_context.xdc, line 68).
Applied set_property IO_BUFFER_TYPE = NONE for DDR_dqs_n[2]. (constraint file  c:/Users/aamalik3/Desktop/ICAP_Readback/Benchmarks/RISC_BENCHMARKS_BASE_PROJ/RISC_BENCHMARKS_BASE_PROJ.srcs/sources_1/bd/design_1/ip/design_1_processing_system7_0_0/design_1_processing_system7_0_0/design_1_processing_system7_0_0_in_context.xdc, line 69).
Applied set_property CLOCK_BUFFER_TYPE = NONE for DDR_dqs_n[2]. (constraint file  c:/Users/aamalik3/Desktop/ICAP_Readback/Benchmarks/RISC_BENCHMARKS_BASE_PROJ/RISC_BENCHMARKS_BASE_PROJ.srcs/sources_1/bd/design_1/ip/design_1_processing_system7_0_0/design_1_processing_system7_0_0/design_1_processing_system7_0_0_in_context.xdc, line 70).
Applied set_property IO_BUFFER_TYPE = NONE for DDR_dqs_n[3]. (constraint file  c:/Users/aamalik3/Desktop/ICAP_Readback/Benchmarks/RISC_BENCHMARKS_BASE_PROJ/RISC_BENCHMARKS_BASE_PROJ.srcs/sources_1/bd/design_1/ip/design_1_processing_system7_0_0/design_1_processing_system7_0_0/design_1_processing_system7_0_0_in_context.xdc, line 71).
Applied set_property CLOCK_BUFFER_TYPE = NONE for DDR_dqs_n[3]. (constraint file  c:/Users/aamalik3/Desktop/ICAP_Readback/Benchmarks/RISC_BENCHMARKS_BASE_PROJ/RISC_BENCHMARKS_BASE_PROJ.srcs/sources_1/bd/design_1/ip/design_1_processing_system7_0_0/design_1_processing_system7_0_0/design_1_processing_system7_0_0_in_context.xdc, line 72).
Applied set_property IO_BUFFER_TYPE = NONE for DDR_dq[0]. (constraint file  c:/Users/aamalik3/Desktop/ICAP_Readback/Benchmarks/RISC_BENCHMARKS_BASE_PROJ/RISC_BENCHMARKS_BASE_PROJ.srcs/sources_1/bd/design_1/ip/design_1_processing_system7_0_0/design_1_processing_system7_0_0/design_1_processing_system7_0_0_in_context.xdc, line 73).
Applied set_property CLOCK_BUFFER_TYPE = NONE for DDR_dq[0]. (constraint file  c:/Users/aamalik3/Desktop/ICAP_Readback/Benchmarks/RISC_BENCHMARKS_BASE_PROJ/RISC_BENCHMARKS_BASE_PROJ.srcs/sources_1/bd/design_1/ip/design_1_processing_system7_0_0/design_1_processing_system7_0_0/design_1_processing_system7_0_0_in_context.xdc, line 74).
Applied set_property IO_BUFFER_TYPE = NONE for DDR_dq[10]. (constraint file  c:/Users/aamalik3/Desktop/ICAP_Readback/Benchmarks/RISC_BENCHMARKS_BASE_PROJ/RISC_BENCHMARKS_BASE_PROJ.srcs/sources_1/bd/design_1/ip/design_1_processing_system7_0_0/design_1_processing_system7_0_0/design_1_processing_system7_0_0_in_context.xdc, line 75).
Applied set_property CLOCK_BUFFER_TYPE = NONE for DDR_dq[10]. (constraint file  c:/Users/aamalik3/Desktop/ICAP_Readback/Benchmarks/RISC_BENCHMARKS_BASE_PROJ/RISC_BENCHMARKS_BASE_PROJ.srcs/sources_1/bd/design_1/ip/design_1_processing_system7_0_0/design_1_processing_system7_0_0/design_1_processing_system7_0_0_in_context.xdc, line 76).
Applied set_property IO_BUFFER_TYPE = NONE for DDR_dq[11]. (constraint file  c:/Users/aamalik3/Desktop/ICAP_Readback/Benchmarks/RISC_BENCHMARKS_BASE_PROJ/RISC_BENCHMARKS_BASE_PROJ.srcs/sources_1/bd/design_1/ip/design_1_processing_system7_0_0/design_1_processing_system7_0_0/design_1_processing_system7_0_0_in_context.xdc, line 77).
Applied set_property CLOCK_BUFFER_TYPE = NONE for DDR_dq[11]. (constraint file  c:/Users/aamalik3/Desktop/ICAP_Readback/Benchmarks/RISC_BENCHMARKS_BASE_PROJ/RISC_BENCHMARKS_BASE_PROJ.srcs/sources_1/bd/design_1/ip/design_1_processing_system7_0_0/design_1_processing_system7_0_0/design_1_processing_system7_0_0_in_context.xdc, line 78).
Applied set_property IO_BUFFER_TYPE = NONE for DDR_dq[12]. (constraint file  c:/Users/aamalik3/Desktop/ICAP_Readback/Benchmarks/RISC_BENCHMARKS_BASE_PROJ/RISC_BENCHMARKS_BASE_PROJ.srcs/sources_1/bd/design_1/ip/design_1_processing_system7_0_0/design_1_processing_system7_0_0/design_1_processing_system7_0_0_in_context.xdc, line 79).
Applied set_property CLOCK_BUFFER_TYPE = NONE for DDR_dq[12]. (constraint file  c:/Users/aamalik3/Desktop/ICAP_Readback/Benchmarks/RISC_BENCHMARKS_BASE_PROJ/RISC_BENCHMARKS_BASE_PROJ.srcs/sources_1/bd/design_1/ip/design_1_processing_system7_0_0/design_1_processing_system7_0_0/design_1_processing_system7_0_0_in_context.xdc, line 80).
Applied set_property IO_BUFFER_TYPE = NONE for DDR_dq[13]. (constraint file  c:/Users/aamalik3/Desktop/ICAP_Readback/Benchmarks/RISC_BENCHMARKS_BASE_PROJ/RISC_BENCHMARKS_BASE_PROJ.srcs/sources_1/bd/design_1/ip/design_1_processing_system7_0_0/design_1_processing_system7_0_0/design_1_processing_system7_0_0_in_context.xdc, line 81).
Applied set_property CLOCK_BUFFER_TYPE = NONE for DDR_dq[13]. (constraint file  c:/Users/aamalik3/Desktop/ICAP_Readback/Benchmarks/RISC_BENCHMARKS_BASE_PROJ/RISC_BENCHMARKS_BASE_PROJ.srcs/sources_1/bd/design_1/ip/design_1_processing_system7_0_0/design_1_processing_system7_0_0/design_1_processing_system7_0_0_in_context.xdc, line 82).
Applied set_property IO_BUFFER_TYPE = NONE for DDR_dq[14]. (constraint file  c:/Users/aamalik3/Desktop/ICAP_Readback/Benchmarks/RISC_BENCHMARKS_BASE_PROJ/RISC_BENCHMARKS_BASE_PROJ.srcs/sources_1/bd/design_1/ip/design_1_processing_system7_0_0/design_1_processing_system7_0_0/design_1_processing_system7_0_0_in_context.xdc, line 83).
Applied set_property CLOCK_BUFFER_TYPE = NONE for DDR_dq[14]. (constraint file  c:/Users/aamalik3/Desktop/ICAP_Readback/Benchmarks/RISC_BENCHMARKS_BASE_PROJ/RISC_BENCHMARKS_BASE_PROJ.srcs/sources_1/bd/design_1/ip/design_1_processing_system7_0_0/design_1_processing_system7_0_0/design_1_processing_system7_0_0_in_context.xdc, line 84).
Applied set_property IO_BUFFER_TYPE = NONE for DDR_dq[15]. (constraint file  c:/Users/aamalik3/Desktop/ICAP_Readback/Benchmarks/RISC_BENCHMARKS_BASE_PROJ/RISC_BENCHMARKS_BASE_PROJ.srcs/sources_1/bd/design_1/ip/design_1_processing_system7_0_0/design_1_processing_system7_0_0/design_1_processing_system7_0_0_in_context.xdc, line 85).
Applied set_property CLOCK_BUFFER_TYPE = NONE for DDR_dq[15]. (constraint file  c:/Users/aamalik3/Desktop/ICAP_Readback/Benchmarks/RISC_BENCHMARKS_BASE_PROJ/RISC_BENCHMARKS_BASE_PROJ.srcs/sources_1/bd/design_1/ip/design_1_processing_system7_0_0/design_1_processing_system7_0_0/design_1_processing_system7_0_0_in_context.xdc, line 86).
Applied set_property IO_BUFFER_TYPE = NONE for DDR_dq[16]. (constraint file  c:/Users/aamalik3/Desktop/ICAP_Readback/Benchmarks/RISC_BENCHMARKS_BASE_PROJ/RISC_BENCHMARKS_BASE_PROJ.srcs/sources_1/bd/design_1/ip/design_1_processing_system7_0_0/design_1_processing_system7_0_0/design_1_processing_system7_0_0_in_context.xdc, line 87).
Applied set_property CLOCK_BUFFER_TYPE = NONE for DDR_dq[16]. (constraint file  c:/Users/aamalik3/Desktop/ICAP_Readback/Benchmarks/RISC_BENCHMARKS_BASE_PROJ/RISC_BENCHMARKS_BASE_PROJ.srcs/sources_1/bd/design_1/ip/design_1_processing_system7_0_0/design_1_processing_system7_0_0/design_1_processing_system7_0_0_in_context.xdc, line 88).
Applied set_property IO_BUFFER_TYPE = NONE for DDR_dq[17]. (constraint file  c:/Users/aamalik3/Desktop/ICAP_Readback/Benchmarks/RISC_BENCHMARKS_BASE_PROJ/RISC_BENCHMARKS_BASE_PROJ.srcs/sources_1/bd/design_1/ip/design_1_processing_system7_0_0/design_1_processing_system7_0_0/design_1_processing_system7_0_0_in_context.xdc, line 89).
Applied set_property CLOCK_BUFFER_TYPE = NONE for DDR_dq[17]. (constraint file  c:/Users/aamalik3/Desktop/ICAP_Readback/Benchmarks/RISC_BENCHMARKS_BASE_PROJ/RISC_BENCHMARKS_BASE_PROJ.srcs/sources_1/bd/design_1/ip/design_1_processing_system7_0_0/design_1_processing_system7_0_0/design_1_processing_system7_0_0_in_context.xdc, line 90).
Applied set_property IO_BUFFER_TYPE = NONE for DDR_dq[18]. (constraint file  c:/Users/aamalik3/Desktop/ICAP_Readback/Benchmarks/RISC_BENCHMARKS_BASE_PROJ/RISC_BENCHMARKS_BASE_PROJ.srcs/sources_1/bd/design_1/ip/design_1_processing_system7_0_0/design_1_processing_system7_0_0/design_1_processing_system7_0_0_in_context.xdc, line 91).
Applied set_property CLOCK_BUFFER_TYPE = NONE for DDR_dq[18]. (constraint file  c:/Users/aamalik3/Desktop/ICAP_Readback/Benchmarks/RISC_BENCHMARKS_BASE_PROJ/RISC_BENCHMARKS_BASE_PROJ.srcs/sources_1/bd/design_1/ip/design_1_processing_system7_0_0/design_1_processing_system7_0_0/design_1_processing_system7_0_0_in_context.xdc, line 92).
Applied set_property IO_BUFFER_TYPE = NONE for DDR_dq[19]. (constraint file  c:/Users/aamalik3/Desktop/ICAP_Readback/Benchmarks/RISC_BENCHMARKS_BASE_PROJ/RISC_BENCHMARKS_BASE_PROJ.srcs/sources_1/bd/design_1/ip/design_1_processing_system7_0_0/design_1_processing_system7_0_0/design_1_processing_system7_0_0_in_context.xdc, line 93).
Applied set_property CLOCK_BUFFER_TYPE = NONE for DDR_dq[19]. (constraint file  c:/Users/aamalik3/Desktop/ICAP_Readback/Benchmarks/RISC_BENCHMARKS_BASE_PROJ/RISC_BENCHMARKS_BASE_PROJ.srcs/sources_1/bd/design_1/ip/design_1_processing_system7_0_0/design_1_processing_system7_0_0/design_1_processing_system7_0_0_in_context.xdc, line 94).
Applied set_property IO_BUFFER_TYPE = NONE for DDR_dq[1]. (constraint file  c:/Users/aamalik3/Desktop/ICAP_Readback/Benchmarks/RISC_BENCHMARKS_BASE_PROJ/RISC_BENCHMARKS_BASE_PROJ.srcs/sources_1/bd/design_1/ip/design_1_processing_system7_0_0/design_1_processing_system7_0_0/design_1_processing_system7_0_0_in_context.xdc, line 95).
Applied set_property CLOCK_BUFFER_TYPE = NONE for DDR_dq[1]. (constraint file  c:/Users/aamalik3/Desktop/ICAP_Readback/Benchmarks/RISC_BENCHMARKS_BASE_PROJ/RISC_BENCHMARKS_BASE_PROJ.srcs/sources_1/bd/design_1/ip/design_1_processing_system7_0_0/design_1_processing_system7_0_0/design_1_processing_system7_0_0_in_context.xdc, line 96).
Applied set_property IO_BUFFER_TYPE = NONE for DDR_dq[20]. (constraint file  c:/Users/aamalik3/Desktop/ICAP_Readback/Benchmarks/RISC_BENCHMARKS_BASE_PROJ/RISC_BENCHMARKS_BASE_PROJ.srcs/sources_1/bd/design_1/ip/design_1_processing_system7_0_0/design_1_processing_system7_0_0/design_1_processing_system7_0_0_in_context.xdc, line 97).
Applied set_property CLOCK_BUFFER_TYPE = NONE for DDR_dq[20]. (constraint file  c:/Users/aamalik3/Desktop/ICAP_Readback/Benchmarks/RISC_BENCHMARKS_BASE_PROJ/RISC_BENCHMARKS_BASE_PROJ.srcs/sources_1/bd/design_1/ip/design_1_processing_system7_0_0/design_1_processing_system7_0_0/design_1_processing_system7_0_0_in_context.xdc, line 98).
Applied set_property IO_BUFFER_TYPE = NONE for DDR_dq[21]. (constraint file  c:/Users/aamalik3/Desktop/ICAP_Readback/Benchmarks/RISC_BENCHMARKS_BASE_PROJ/RISC_BENCHMARKS_BASE_PROJ.srcs/sources_1/bd/design_1/ip/design_1_processing_system7_0_0/design_1_processing_system7_0_0/design_1_processing_system7_0_0_in_context.xdc, line 99).
Applied set_property CLOCK_BUFFER_TYPE = NONE for DDR_dq[21]. (constraint file  c:/Users/aamalik3/Desktop/ICAP_Readback/Benchmarks/RISC_BENCHMARKS_BASE_PROJ/RISC_BENCHMARKS_BASE_PROJ.srcs/sources_1/bd/design_1/ip/design_1_processing_system7_0_0/design_1_processing_system7_0_0/design_1_processing_system7_0_0_in_context.xdc, line 100).
Applied set_property IO_BUFFER_TYPE = NONE for DDR_dq[22]. (constraint file  c:/Users/aamalik3/Desktop/ICAP_Readback/Benchmarks/RISC_BENCHMARKS_BASE_PROJ/RISC_BENCHMARKS_BASE_PROJ.srcs/sources_1/bd/design_1/ip/design_1_processing_system7_0_0/design_1_processing_system7_0_0/design_1_processing_system7_0_0_in_context.xdc, line 101).
Applied set_property CLOCK_BUFFER_TYPE = NONE for DDR_dq[22]. (constraint file  c:/Users/aamalik3/Desktop/ICAP_Readback/Benchmarks/RISC_BENCHMARKS_BASE_PROJ/RISC_BENCHMARKS_BASE_PROJ.srcs/sources_1/bd/design_1/ip/design_1_processing_system7_0_0/design_1_processing_system7_0_0/design_1_processing_system7_0_0_in_context.xdc, line 102).
Applied set_property IO_BUFFER_TYPE = NONE for DDR_dq[23]. (constraint file  c:/Users/aamalik3/Desktop/ICAP_Readback/Benchmarks/RISC_BENCHMARKS_BASE_PROJ/RISC_BENCHMARKS_BASE_PROJ.srcs/sources_1/bd/design_1/ip/design_1_processing_system7_0_0/design_1_processing_system7_0_0/design_1_processing_system7_0_0_in_context.xdc, line 103).
Applied set_property CLOCK_BUFFER_TYPE = NONE for DDR_dq[23]. (constraint file  c:/Users/aamalik3/Desktop/ICAP_Readback/Benchmarks/RISC_BENCHMARKS_BASE_PROJ/RISC_BENCHMARKS_BASE_PROJ.srcs/sources_1/bd/design_1/ip/design_1_processing_system7_0_0/design_1_processing_system7_0_0/design_1_processing_system7_0_0_in_context.xdc, line 104).
Applied set_property IO_BUFFER_TYPE = NONE for DDR_dq[24]. (constraint file  c:/Users/aamalik3/Desktop/ICAP_Readback/Benchmarks/RISC_BENCHMARKS_BASE_PROJ/RISC_BENCHMARKS_BASE_PROJ.srcs/sources_1/bd/design_1/ip/design_1_processing_system7_0_0/design_1_processing_system7_0_0/design_1_processing_system7_0_0_in_context.xdc, line 105).
Applied set_property CLOCK_BUFFER_TYPE = NONE for DDR_dq[24]. (constraint file  c:/Users/aamalik3/Desktop/ICAP_Readback/Benchmarks/RISC_BENCHMARKS_BASE_PROJ/RISC_BENCHMARKS_BASE_PROJ.srcs/sources_1/bd/design_1/ip/design_1_processing_system7_0_0/design_1_processing_system7_0_0/design_1_processing_system7_0_0_in_context.xdc, line 106).
Applied set_property IO_BUFFER_TYPE = NONE for DDR_dq[25]. (constraint file  c:/Users/aamalik3/Desktop/ICAP_Readback/Benchmarks/RISC_BENCHMARKS_BASE_PROJ/RISC_BENCHMARKS_BASE_PROJ.srcs/sources_1/bd/design_1/ip/design_1_processing_system7_0_0/design_1_processing_system7_0_0/design_1_processing_system7_0_0_in_context.xdc, line 107).
Applied set_property CLOCK_BUFFER_TYPE = NONE for DDR_dq[25]. (constraint file  c:/Users/aamalik3/Desktop/ICAP_Readback/Benchmarks/RISC_BENCHMARKS_BASE_PROJ/RISC_BENCHMARKS_BASE_PROJ.srcs/sources_1/bd/design_1/ip/design_1_processing_system7_0_0/design_1_processing_system7_0_0/design_1_processing_system7_0_0_in_context.xdc, line 108).
Applied set_property IO_BUFFER_TYPE = NONE for DDR_dq[26]. (constraint file  c:/Users/aamalik3/Desktop/ICAP_Readback/Benchmarks/RISC_BENCHMARKS_BASE_PROJ/RISC_BENCHMARKS_BASE_PROJ.srcs/sources_1/bd/design_1/ip/design_1_processing_system7_0_0/design_1_processing_system7_0_0/design_1_processing_system7_0_0_in_context.xdc, line 109).
Applied set_property CLOCK_BUFFER_TYPE = NONE for DDR_dq[26]. (constraint file  c:/Users/aamalik3/Desktop/ICAP_Readback/Benchmarks/RISC_BENCHMARKS_BASE_PROJ/RISC_BENCHMARKS_BASE_PROJ.srcs/sources_1/bd/design_1/ip/design_1_processing_system7_0_0/design_1_processing_system7_0_0/design_1_processing_system7_0_0_in_context.xdc, line 110).
Applied set_property IO_BUFFER_TYPE = NONE for DDR_dq[27]. (constraint file  c:/Users/aamalik3/Desktop/ICAP_Readback/Benchmarks/RISC_BENCHMARKS_BASE_PROJ/RISC_BENCHMARKS_BASE_PROJ.srcs/sources_1/bd/design_1/ip/design_1_processing_system7_0_0/design_1_processing_system7_0_0/design_1_processing_system7_0_0_in_context.xdc, line 111).
Applied set_property CLOCK_BUFFER_TYPE = NONE for DDR_dq[27]. (constraint file  c:/Users/aamalik3/Desktop/ICAP_Readback/Benchmarks/RISC_BENCHMARKS_BASE_PROJ/RISC_BENCHMARKS_BASE_PROJ.srcs/sources_1/bd/design_1/ip/design_1_processing_system7_0_0/design_1_processing_system7_0_0/design_1_processing_system7_0_0_in_context.xdc, line 112).
Applied set_property IO_BUFFER_TYPE = NONE for DDR_dq[28]. (constraint file  c:/Users/aamalik3/Desktop/ICAP_Readback/Benchmarks/RISC_BENCHMARKS_BASE_PROJ/RISC_BENCHMARKS_BASE_PROJ.srcs/sources_1/bd/design_1/ip/design_1_processing_system7_0_0/design_1_processing_system7_0_0/design_1_processing_system7_0_0_in_context.xdc, line 113).
Applied set_property CLOCK_BUFFER_TYPE = NONE for DDR_dq[28]. (constraint file  c:/Users/aamalik3/Desktop/ICAP_Readback/Benchmarks/RISC_BENCHMARKS_BASE_PROJ/RISC_BENCHMARKS_BASE_PROJ.srcs/sources_1/bd/design_1/ip/design_1_processing_system7_0_0/design_1_processing_system7_0_0/design_1_processing_system7_0_0_in_context.xdc, line 114).
Applied set_property IO_BUFFER_TYPE = NONE for DDR_dq[29]. (constraint file  c:/Users/aamalik3/Desktop/ICAP_Readback/Benchmarks/RISC_BENCHMARKS_BASE_PROJ/RISC_BENCHMARKS_BASE_PROJ.srcs/sources_1/bd/design_1/ip/design_1_processing_system7_0_0/design_1_processing_system7_0_0/design_1_processing_system7_0_0_in_context.xdc, line 115).
Applied set_property CLOCK_BUFFER_TYPE = NONE for DDR_dq[29]. (constraint file  c:/Users/aamalik3/Desktop/ICAP_Readback/Benchmarks/RISC_BENCHMARKS_BASE_PROJ/RISC_BENCHMARKS_BASE_PROJ.srcs/sources_1/bd/design_1/ip/design_1_processing_system7_0_0/design_1_processing_system7_0_0/design_1_processing_system7_0_0_in_context.xdc, line 116).
Applied set_property IO_BUFFER_TYPE = NONE for DDR_dq[2]. (constraint file  c:/Users/aamalik3/Desktop/ICAP_Readback/Benchmarks/RISC_BENCHMARKS_BASE_PROJ/RISC_BENCHMARKS_BASE_PROJ.srcs/sources_1/bd/design_1/ip/design_1_processing_system7_0_0/design_1_processing_system7_0_0/design_1_processing_system7_0_0_in_context.xdc, line 117).
Applied set_property CLOCK_BUFFER_TYPE = NONE for DDR_dq[2]. (constraint file  c:/Users/aamalik3/Desktop/ICAP_Readback/Benchmarks/RISC_BENCHMARKS_BASE_PROJ/RISC_BENCHMARKS_BASE_PROJ.srcs/sources_1/bd/design_1/ip/design_1_processing_system7_0_0/design_1_processing_system7_0_0/design_1_processing_system7_0_0_in_context.xdc, line 118).
Applied set_property IO_BUFFER_TYPE = NONE for DDR_dq[30]. (constraint file  c:/Users/aamalik3/Desktop/ICAP_Readback/Benchmarks/RISC_BENCHMARKS_BASE_PROJ/RISC_BENCHMARKS_BASE_PROJ.srcs/sources_1/bd/design_1/ip/design_1_processing_system7_0_0/design_1_processing_system7_0_0/design_1_processing_system7_0_0_in_context.xdc, line 119).
Applied set_property CLOCK_BUFFER_TYPE = NONE for DDR_dq[30]. (constraint file  c:/Users/aamalik3/Desktop/ICAP_Readback/Benchmarks/RISC_BENCHMARKS_BASE_PROJ/RISC_BENCHMARKS_BASE_PROJ.srcs/sources_1/bd/design_1/ip/design_1_processing_system7_0_0/design_1_processing_system7_0_0/design_1_processing_system7_0_0_in_context.xdc, line 120).
Applied set_property IO_BUFFER_TYPE = NONE for DDR_dq[31]. (constraint file  c:/Users/aamalik3/Desktop/ICAP_Readback/Benchmarks/RISC_BENCHMARKS_BASE_PROJ/RISC_BENCHMARKS_BASE_PROJ.srcs/sources_1/bd/design_1/ip/design_1_processing_system7_0_0/design_1_processing_system7_0_0/design_1_processing_system7_0_0_in_context.xdc, line 121).
Applied set_property CLOCK_BUFFER_TYPE = NONE for DDR_dq[31]. (constraint file  c:/Users/aamalik3/Desktop/ICAP_Readback/Benchmarks/RISC_BENCHMARKS_BASE_PROJ/RISC_BENCHMARKS_BASE_PROJ.srcs/sources_1/bd/design_1/ip/design_1_processing_system7_0_0/design_1_processing_system7_0_0/design_1_processing_system7_0_0_in_context.xdc, line 122).
Applied set_property IO_BUFFER_TYPE = NONE for DDR_dq[3]. (constraint file  c:/Users/aamalik3/Desktop/ICAP_Readback/Benchmarks/RISC_BENCHMARKS_BASE_PROJ/RISC_BENCHMARKS_BASE_PROJ.srcs/sources_1/bd/design_1/ip/design_1_processing_system7_0_0/design_1_processing_system7_0_0/design_1_processing_system7_0_0_in_context.xdc, line 123).
Applied set_property CLOCK_BUFFER_TYPE = NONE for DDR_dq[3]. (constraint file  c:/Users/aamalik3/Desktop/ICAP_Readback/Benchmarks/RISC_BENCHMARKS_BASE_PROJ/RISC_BENCHMARKS_BASE_PROJ.srcs/sources_1/bd/design_1/ip/design_1_processing_system7_0_0/design_1_processing_system7_0_0/design_1_processing_system7_0_0_in_context.xdc, line 124).
Applied set_property IO_BUFFER_TYPE = NONE for DDR_dq[4]. (constraint file  c:/Users/aamalik3/Desktop/ICAP_Readback/Benchmarks/RISC_BENCHMARKS_BASE_PROJ/RISC_BENCHMARKS_BASE_PROJ.srcs/sources_1/bd/design_1/ip/design_1_processing_system7_0_0/design_1_processing_system7_0_0/design_1_processing_system7_0_0_in_context.xdc, line 125).
Applied set_property CLOCK_BUFFER_TYPE = NONE for DDR_dq[4]. (constraint file  c:/Users/aamalik3/Desktop/ICAP_Readback/Benchmarks/RISC_BENCHMARKS_BASE_PROJ/RISC_BENCHMARKS_BASE_PROJ.srcs/sources_1/bd/design_1/ip/design_1_processing_system7_0_0/design_1_processing_system7_0_0/design_1_processing_system7_0_0_in_context.xdc, line 126).
Applied set_property IO_BUFFER_TYPE = NONE for DDR_dq[5]. (constraint file  c:/Users/aamalik3/Desktop/ICAP_Readback/Benchmarks/RISC_BENCHMARKS_BASE_PROJ/RISC_BENCHMARKS_BASE_PROJ.srcs/sources_1/bd/design_1/ip/design_1_processing_system7_0_0/design_1_processing_system7_0_0/design_1_processing_system7_0_0_in_context.xdc, line 127).
Applied set_property CLOCK_BUFFER_TYPE = NONE for DDR_dq[5]. (constraint file  c:/Users/aamalik3/Desktop/ICAP_Readback/Benchmarks/RISC_BENCHMARKS_BASE_PROJ/RISC_BENCHMARKS_BASE_PROJ.srcs/sources_1/bd/design_1/ip/design_1_processing_system7_0_0/design_1_processing_system7_0_0/design_1_processing_system7_0_0_in_context.xdc, line 128).
Applied set_property IO_BUFFER_TYPE = NONE for DDR_dq[6]. (constraint file  c:/Users/aamalik3/Desktop/ICAP_Readback/Benchmarks/RISC_BENCHMARKS_BASE_PROJ/RISC_BENCHMARKS_BASE_PROJ.srcs/sources_1/bd/design_1/ip/design_1_processing_system7_0_0/design_1_processing_system7_0_0/design_1_processing_system7_0_0_in_context.xdc, line 129).
Applied set_property CLOCK_BUFFER_TYPE = NONE for DDR_dq[6]. (constraint file  c:/Users/aamalik3/Desktop/ICAP_Readback/Benchmarks/RISC_BENCHMARKS_BASE_PROJ/RISC_BENCHMARKS_BASE_PROJ.srcs/sources_1/bd/design_1/ip/design_1_processing_system7_0_0/design_1_processing_system7_0_0/design_1_processing_system7_0_0_in_context.xdc, line 130).
Applied set_property IO_BUFFER_TYPE = NONE for DDR_dq[7]. (constraint file  c:/Users/aamalik3/Desktop/ICAP_Readback/Benchmarks/RISC_BENCHMARKS_BASE_PROJ/RISC_BENCHMARKS_BASE_PROJ.srcs/sources_1/bd/design_1/ip/design_1_processing_system7_0_0/design_1_processing_system7_0_0/design_1_processing_system7_0_0_in_context.xdc, line 131).
Applied set_property CLOCK_BUFFER_TYPE = NONE for DDR_dq[7]. (constraint file  c:/Users/aamalik3/Desktop/ICAP_Readback/Benchmarks/RISC_BENCHMARKS_BASE_PROJ/RISC_BENCHMARKS_BASE_PROJ.srcs/sources_1/bd/design_1/ip/design_1_processing_system7_0_0/design_1_processing_system7_0_0/design_1_processing_system7_0_0_in_context.xdc, line 132).
Applied set_property IO_BUFFER_TYPE = NONE for DDR_dq[8]. (constraint file  c:/Users/aamalik3/Desktop/ICAP_Readback/Benchmarks/RISC_BENCHMARKS_BASE_PROJ/RISC_BENCHMARKS_BASE_PROJ.srcs/sources_1/bd/design_1/ip/design_1_processing_system7_0_0/design_1_processing_system7_0_0/design_1_processing_system7_0_0_in_context.xdc, line 133).
Applied set_property CLOCK_BUFFER_TYPE = NONE for DDR_dq[8]. (constraint file  c:/Users/aamalik3/Desktop/ICAP_Readback/Benchmarks/RISC_BENCHMARKS_BASE_PROJ/RISC_BENCHMARKS_BASE_PROJ.srcs/sources_1/bd/design_1/ip/design_1_processing_system7_0_0/design_1_processing_system7_0_0/design_1_processing_system7_0_0_in_context.xdc, line 134).
Applied set_property IO_BUFFER_TYPE = NONE for DDR_dq[9]. (constraint file  c:/Users/aamalik3/Desktop/ICAP_Readback/Benchmarks/RISC_BENCHMARKS_BASE_PROJ/RISC_BENCHMARKS_BASE_PROJ.srcs/sources_1/bd/design_1/ip/design_1_processing_system7_0_0/design_1_processing_system7_0_0/design_1_processing_system7_0_0_in_context.xdc, line 135).
Applied set_property CLOCK_BUFFER_TYPE = NONE for DDR_dq[9]. (constraint file  c:/Users/aamalik3/Desktop/ICAP_Readback/Benchmarks/RISC_BENCHMARKS_BASE_PROJ/RISC_BENCHMARKS_BASE_PROJ.srcs/sources_1/bd/design_1/ip/design_1_processing_system7_0_0/design_1_processing_system7_0_0/design_1_processing_system7_0_0_in_context.xdc, line 136).
Applied set_property IO_BUFFER_TYPE = NONE for DDR_reset_n. (constraint file  c:/Users/aamalik3/Desktop/ICAP_Readback/Benchmarks/RISC_BENCHMARKS_BASE_PROJ/RISC_BENCHMARKS_BASE_PROJ.srcs/sources_1/bd/design_1/ip/design_1_processing_system7_0_0/design_1_processing_system7_0_0/design_1_processing_system7_0_0_in_context.xdc, line 137).
Applied set_property CLOCK_BUFFER_TYPE = NONE for DDR_reset_n. (constraint file  c:/Users/aamalik3/Desktop/ICAP_Readback/Benchmarks/RISC_BENCHMARKS_BASE_PROJ/RISC_BENCHMARKS_BASE_PROJ.srcs/sources_1/bd/design_1/ip/design_1_processing_system7_0_0/design_1_processing_system7_0_0/design_1_processing_system7_0_0_in_context.xdc, line 138).
Applied set_property IO_BUFFER_TYPE = NONE for DDR_odt. (constraint file  c:/Users/aamalik3/Desktop/ICAP_Readback/Benchmarks/RISC_BENCHMARKS_BASE_PROJ/RISC_BENCHMARKS_BASE_PROJ.srcs/sources_1/bd/design_1/ip/design_1_processing_system7_0_0/design_1_processing_system7_0_0/design_1_processing_system7_0_0_in_context.xdc, line 139).
Applied set_property CLOCK_BUFFER_TYPE = NONE for DDR_odt. (constraint file  c:/Users/aamalik3/Desktop/ICAP_Readback/Benchmarks/RISC_BENCHMARKS_BASE_PROJ/RISC_BENCHMARKS_BASE_PROJ.srcs/sources_1/bd/design_1/ip/design_1_processing_system7_0_0/design_1_processing_system7_0_0/design_1_processing_system7_0_0_in_context.xdc, line 140).
Applied set_property IO_BUFFER_TYPE = NONE for DDR_ras_n. (constraint file  c:/Users/aamalik3/Desktop/ICAP_Readback/Benchmarks/RISC_BENCHMARKS_BASE_PROJ/RISC_BENCHMARKS_BASE_PROJ.srcs/sources_1/bd/design_1/ip/design_1_processing_system7_0_0/design_1_processing_system7_0_0/design_1_processing_system7_0_0_in_context.xdc, line 141).
Applied set_property CLOCK_BUFFER_TYPE = NONE for DDR_ras_n. (constraint file  c:/Users/aamalik3/Desktop/ICAP_Readback/Benchmarks/RISC_BENCHMARKS_BASE_PROJ/RISC_BENCHMARKS_BASE_PROJ.srcs/sources_1/bd/design_1/ip/design_1_processing_system7_0_0/design_1_processing_system7_0_0/design_1_processing_system7_0_0_in_context.xdc, line 142).
Applied set_property IO_BUFFER_TYPE = NONE for FIXED_IO_ddr_vrn. (constraint file  c:/Users/aamalik3/Desktop/ICAP_Readback/Benchmarks/RISC_BENCHMARKS_BASE_PROJ/RISC_BENCHMARKS_BASE_PROJ.srcs/sources_1/bd/design_1/ip/design_1_processing_system7_0_0/design_1_processing_system7_0_0/design_1_processing_system7_0_0_in_context.xdc, line 143).
Applied set_property CLOCK_BUFFER_TYPE = NONE for FIXED_IO_ddr_vrn. (constraint file  c:/Users/aamalik3/Desktop/ICAP_Readback/Benchmarks/RISC_BENCHMARKS_BASE_PROJ/RISC_BENCHMARKS_BASE_PROJ.srcs/sources_1/bd/design_1/ip/design_1_processing_system7_0_0/design_1_processing_system7_0_0/design_1_processing_system7_0_0_in_context.xdc, line 144).
Applied set_property IO_BUFFER_TYPE = NONE for FIXED_IO_ddr_vrp. (constraint file  c:/Users/aamalik3/Desktop/ICAP_Readback/Benchmarks/RISC_BENCHMARKS_BASE_PROJ/RISC_BENCHMARKS_BASE_PROJ.srcs/sources_1/bd/design_1/ip/design_1_processing_system7_0_0/design_1_processing_system7_0_0/design_1_processing_system7_0_0_in_context.xdc, line 145).
Applied set_property CLOCK_BUFFER_TYPE = NONE for FIXED_IO_ddr_vrp. (constraint file  c:/Users/aamalik3/Desktop/ICAP_Readback/Benchmarks/RISC_BENCHMARKS_BASE_PROJ/RISC_BENCHMARKS_BASE_PROJ.srcs/sources_1/bd/design_1/ip/design_1_processing_system7_0_0/design_1_processing_system7_0_0/design_1_processing_system7_0_0_in_context.xdc, line 146).
Applied set_property IO_BUFFER_TYPE = NONE for DDR_we_n. (constraint file  c:/Users/aamalik3/Desktop/ICAP_Readback/Benchmarks/RISC_BENCHMARKS_BASE_PROJ/RISC_BENCHMARKS_BASE_PROJ.srcs/sources_1/bd/design_1/ip/design_1_processing_system7_0_0/design_1_processing_system7_0_0/design_1_processing_system7_0_0_in_context.xdc, line 147).
Applied set_property CLOCK_BUFFER_TYPE = NONE for DDR_we_n. (constraint file  c:/Users/aamalik3/Desktop/ICAP_Readback/Benchmarks/RISC_BENCHMARKS_BASE_PROJ/RISC_BENCHMARKS_BASE_PROJ.srcs/sources_1/bd/design_1/ip/design_1_processing_system7_0_0/design_1_processing_system7_0_0/design_1_processing_system7_0_0_in_context.xdc, line 148).
Applied set_property IO_BUFFER_TYPE = NONE for FIXED_IO_mio[0]. (constraint file  c:/Users/aamalik3/Desktop/ICAP_Readback/Benchmarks/RISC_BENCHMARKS_BASE_PROJ/RISC_BENCHMARKS_BASE_PROJ.srcs/sources_1/bd/design_1/ip/design_1_processing_system7_0_0/design_1_processing_system7_0_0/design_1_processing_system7_0_0_in_context.xdc, line 149).
Applied set_property CLOCK_BUFFER_TYPE = NONE for FIXED_IO_mio[0]. (constraint file  c:/Users/aamalik3/Desktop/ICAP_Readback/Benchmarks/RISC_BENCHMARKS_BASE_PROJ/RISC_BENCHMARKS_BASE_PROJ.srcs/sources_1/bd/design_1/ip/design_1_processing_system7_0_0/design_1_processing_system7_0_0/design_1_processing_system7_0_0_in_context.xdc, line 150).
Applied set_property IO_BUFFER_TYPE = NONE for FIXED_IO_mio[10]. (constraint file  c:/Users/aamalik3/Desktop/ICAP_Readback/Benchmarks/RISC_BENCHMARKS_BASE_PROJ/RISC_BENCHMARKS_BASE_PROJ.srcs/sources_1/bd/design_1/ip/design_1_processing_system7_0_0/design_1_processing_system7_0_0/design_1_processing_system7_0_0_in_context.xdc, line 151).
Applied set_property CLOCK_BUFFER_TYPE = NONE for FIXED_IO_mio[10]. (constraint file  c:/Users/aamalik3/Desktop/ICAP_Readback/Benchmarks/RISC_BENCHMARKS_BASE_PROJ/RISC_BENCHMARKS_BASE_PROJ.srcs/sources_1/bd/design_1/ip/design_1_processing_system7_0_0/design_1_processing_system7_0_0/design_1_processing_system7_0_0_in_context.xdc, line 152).
Applied set_property IO_BUFFER_TYPE = NONE for FIXED_IO_mio[11]. (constraint file  c:/Users/aamalik3/Desktop/ICAP_Readback/Benchmarks/RISC_BENCHMARKS_BASE_PROJ/RISC_BENCHMARKS_BASE_PROJ.srcs/sources_1/bd/design_1/ip/design_1_processing_system7_0_0/design_1_processing_system7_0_0/design_1_processing_system7_0_0_in_context.xdc, line 153).
Applied set_property CLOCK_BUFFER_TYPE = NONE for FIXED_IO_mio[11]. (constraint file  c:/Users/aamalik3/Desktop/ICAP_Readback/Benchmarks/RISC_BENCHMARKS_BASE_PROJ/RISC_BENCHMARKS_BASE_PROJ.srcs/sources_1/bd/design_1/ip/design_1_processing_system7_0_0/design_1_processing_system7_0_0/design_1_processing_system7_0_0_in_context.xdc, line 154).
Applied set_property IO_BUFFER_TYPE = NONE for FIXED_IO_mio[12]. (constraint file  c:/Users/aamalik3/Desktop/ICAP_Readback/Benchmarks/RISC_BENCHMARKS_BASE_PROJ/RISC_BENCHMARKS_BASE_PROJ.srcs/sources_1/bd/design_1/ip/design_1_processing_system7_0_0/design_1_processing_system7_0_0/design_1_processing_system7_0_0_in_context.xdc, line 155).
Applied set_property CLOCK_BUFFER_TYPE = NONE for FIXED_IO_mio[12]. (constraint file  c:/Users/aamalik3/Desktop/ICAP_Readback/Benchmarks/RISC_BENCHMARKS_BASE_PROJ/RISC_BENCHMARKS_BASE_PROJ.srcs/sources_1/bd/design_1/ip/design_1_processing_system7_0_0/design_1_processing_system7_0_0/design_1_processing_system7_0_0_in_context.xdc, line 156).
Applied set_property IO_BUFFER_TYPE = NONE for FIXED_IO_mio[13]. (constraint file  c:/Users/aamalik3/Desktop/ICAP_Readback/Benchmarks/RISC_BENCHMARKS_BASE_PROJ/RISC_BENCHMARKS_BASE_PROJ.srcs/sources_1/bd/design_1/ip/design_1_processing_system7_0_0/design_1_processing_system7_0_0/design_1_processing_system7_0_0_in_context.xdc, line 157).
Applied set_property CLOCK_BUFFER_TYPE = NONE for FIXED_IO_mio[13]. (constraint file  c:/Users/aamalik3/Desktop/ICAP_Readback/Benchmarks/RISC_BENCHMARKS_BASE_PROJ/RISC_BENCHMARKS_BASE_PROJ.srcs/sources_1/bd/design_1/ip/design_1_processing_system7_0_0/design_1_processing_system7_0_0/design_1_processing_system7_0_0_in_context.xdc, line 158).
Applied set_property IO_BUFFER_TYPE = NONE for FIXED_IO_mio[14]. (constraint file  c:/Users/aamalik3/Desktop/ICAP_Readback/Benchmarks/RISC_BENCHMARKS_BASE_PROJ/RISC_BENCHMARKS_BASE_PROJ.srcs/sources_1/bd/design_1/ip/design_1_processing_system7_0_0/design_1_processing_system7_0_0/design_1_processing_system7_0_0_in_context.xdc, line 159).
Applied set_property CLOCK_BUFFER_TYPE = NONE for FIXED_IO_mio[14]. (constraint file  c:/Users/aamalik3/Desktop/ICAP_Readback/Benchmarks/RISC_BENCHMARKS_BASE_PROJ/RISC_BENCHMARKS_BASE_PROJ.srcs/sources_1/bd/design_1/ip/design_1_processing_system7_0_0/design_1_processing_system7_0_0/design_1_processing_system7_0_0_in_context.xdc, line 160).
Applied set_property IO_BUFFER_TYPE = NONE for FIXED_IO_mio[15]. (constraint file  c:/Users/aamalik3/Desktop/ICAP_Readback/Benchmarks/RISC_BENCHMARKS_BASE_PROJ/RISC_BENCHMARKS_BASE_PROJ.srcs/sources_1/bd/design_1/ip/design_1_processing_system7_0_0/design_1_processing_system7_0_0/design_1_processing_system7_0_0_in_context.xdc, line 161).
Applied set_property CLOCK_BUFFER_TYPE = NONE for FIXED_IO_mio[15]. (constraint file  c:/Users/aamalik3/Desktop/ICAP_Readback/Benchmarks/RISC_BENCHMARKS_BASE_PROJ/RISC_BENCHMARKS_BASE_PROJ.srcs/sources_1/bd/design_1/ip/design_1_processing_system7_0_0/design_1_processing_system7_0_0/design_1_processing_system7_0_0_in_context.xdc, line 162).
Applied set_property IO_BUFFER_TYPE = NONE for FIXED_IO_mio[16]. (constraint file  c:/Users/aamalik3/Desktop/ICAP_Readback/Benchmarks/RISC_BENCHMARKS_BASE_PROJ/RISC_BENCHMARKS_BASE_PROJ.srcs/sources_1/bd/design_1/ip/design_1_processing_system7_0_0/design_1_processing_system7_0_0/design_1_processing_system7_0_0_in_context.xdc, line 163).
Applied set_property CLOCK_BUFFER_TYPE = NONE for FIXED_IO_mio[16]. (constraint file  c:/Users/aamalik3/Desktop/ICAP_Readback/Benchmarks/RISC_BENCHMARKS_BASE_PROJ/RISC_BENCHMARKS_BASE_PROJ.srcs/sources_1/bd/design_1/ip/design_1_processing_system7_0_0/design_1_processing_system7_0_0/design_1_processing_system7_0_0_in_context.xdc, line 164).
Applied set_property IO_BUFFER_TYPE = NONE for FIXED_IO_mio[17]. (constraint file  c:/Users/aamalik3/Desktop/ICAP_Readback/Benchmarks/RISC_BENCHMARKS_BASE_PROJ/RISC_BENCHMARKS_BASE_PROJ.srcs/sources_1/bd/design_1/ip/design_1_processing_system7_0_0/design_1_processing_system7_0_0/design_1_processing_system7_0_0_in_context.xdc, line 165).
Applied set_property CLOCK_BUFFER_TYPE = NONE for FIXED_IO_mio[17]. (constraint file  c:/Users/aamalik3/Desktop/ICAP_Readback/Benchmarks/RISC_BENCHMARKS_BASE_PROJ/RISC_BENCHMARKS_BASE_PROJ.srcs/sources_1/bd/design_1/ip/design_1_processing_system7_0_0/design_1_processing_system7_0_0/design_1_processing_system7_0_0_in_context.xdc, line 166).
Applied set_property IO_BUFFER_TYPE = NONE for FIXED_IO_mio[18]. (constraint file  c:/Users/aamalik3/Desktop/ICAP_Readback/Benchmarks/RISC_BENCHMARKS_BASE_PROJ/RISC_BENCHMARKS_BASE_PROJ.srcs/sources_1/bd/design_1/ip/design_1_processing_system7_0_0/design_1_processing_system7_0_0/design_1_processing_system7_0_0_in_context.xdc, line 167).
Applied set_property CLOCK_BUFFER_TYPE = NONE for FIXED_IO_mio[18]. (constraint file  c:/Users/aamalik3/Desktop/ICAP_Readback/Benchmarks/RISC_BENCHMARKS_BASE_PROJ/RISC_BENCHMARKS_BASE_PROJ.srcs/sources_1/bd/design_1/ip/design_1_processing_system7_0_0/design_1_processing_system7_0_0/design_1_processing_system7_0_0_in_context.xdc, line 168).
Applied set_property IO_BUFFER_TYPE = NONE for FIXED_IO_mio[19]. (constraint file  c:/Users/aamalik3/Desktop/ICAP_Readback/Benchmarks/RISC_BENCHMARKS_BASE_PROJ/RISC_BENCHMARKS_BASE_PROJ.srcs/sources_1/bd/design_1/ip/design_1_processing_system7_0_0/design_1_processing_system7_0_0/design_1_processing_system7_0_0_in_context.xdc, line 169).
Applied set_property CLOCK_BUFFER_TYPE = NONE for FIXED_IO_mio[19]. (constraint file  c:/Users/aamalik3/Desktop/ICAP_Readback/Benchmarks/RISC_BENCHMARKS_BASE_PROJ/RISC_BENCHMARKS_BASE_PROJ.srcs/sources_1/bd/design_1/ip/design_1_processing_system7_0_0/design_1_processing_system7_0_0/design_1_processing_system7_0_0_in_context.xdc, line 170).
Applied set_property IO_BUFFER_TYPE = NONE for FIXED_IO_mio[1]. (constraint file  c:/Users/aamalik3/Desktop/ICAP_Readback/Benchmarks/RISC_BENCHMARKS_BASE_PROJ/RISC_BENCHMARKS_BASE_PROJ.srcs/sources_1/bd/design_1/ip/design_1_processing_system7_0_0/design_1_processing_system7_0_0/design_1_processing_system7_0_0_in_context.xdc, line 171).
Applied set_property CLOCK_BUFFER_TYPE = NONE for FIXED_IO_mio[1]. (constraint file  c:/Users/aamalik3/Desktop/ICAP_Readback/Benchmarks/RISC_BENCHMARKS_BASE_PROJ/RISC_BENCHMARKS_BASE_PROJ.srcs/sources_1/bd/design_1/ip/design_1_processing_system7_0_0/design_1_processing_system7_0_0/design_1_processing_system7_0_0_in_context.xdc, line 172).
Applied set_property IO_BUFFER_TYPE = NONE for FIXED_IO_mio[20]. (constraint file  c:/Users/aamalik3/Desktop/ICAP_Readback/Benchmarks/RISC_BENCHMARKS_BASE_PROJ/RISC_BENCHMARKS_BASE_PROJ.srcs/sources_1/bd/design_1/ip/design_1_processing_system7_0_0/design_1_processing_system7_0_0/design_1_processing_system7_0_0_in_context.xdc, line 173).
Applied set_property CLOCK_BUFFER_TYPE = NONE for FIXED_IO_mio[20]. (constraint file  c:/Users/aamalik3/Desktop/ICAP_Readback/Benchmarks/RISC_BENCHMARKS_BASE_PROJ/RISC_BENCHMARKS_BASE_PROJ.srcs/sources_1/bd/design_1/ip/design_1_processing_system7_0_0/design_1_processing_system7_0_0/design_1_processing_system7_0_0_in_context.xdc, line 174).
Applied set_property IO_BUFFER_TYPE = NONE for FIXED_IO_mio[21]. (constraint file  c:/Users/aamalik3/Desktop/ICAP_Readback/Benchmarks/RISC_BENCHMARKS_BASE_PROJ/RISC_BENCHMARKS_BASE_PROJ.srcs/sources_1/bd/design_1/ip/design_1_processing_system7_0_0/design_1_processing_system7_0_0/design_1_processing_system7_0_0_in_context.xdc, line 175).
Applied set_property CLOCK_BUFFER_TYPE = NONE for FIXED_IO_mio[21]. (constraint file  c:/Users/aamalik3/Desktop/ICAP_Readback/Benchmarks/RISC_BENCHMARKS_BASE_PROJ/RISC_BENCHMARKS_BASE_PROJ.srcs/sources_1/bd/design_1/ip/design_1_processing_system7_0_0/design_1_processing_system7_0_0/design_1_processing_system7_0_0_in_context.xdc, line 176).
Applied set_property IO_BUFFER_TYPE = NONE for FIXED_IO_mio[22]. (constraint file  c:/Users/aamalik3/Desktop/ICAP_Readback/Benchmarks/RISC_BENCHMARKS_BASE_PROJ/RISC_BENCHMARKS_BASE_PROJ.srcs/sources_1/bd/design_1/ip/design_1_processing_system7_0_0/design_1_processing_system7_0_0/design_1_processing_system7_0_0_in_context.xdc, line 177).
Applied set_property CLOCK_BUFFER_TYPE = NONE for FIXED_IO_mio[22]. (constraint file  c:/Users/aamalik3/Desktop/ICAP_Readback/Benchmarks/RISC_BENCHMARKS_BASE_PROJ/RISC_BENCHMARKS_BASE_PROJ.srcs/sources_1/bd/design_1/ip/design_1_processing_system7_0_0/design_1_processing_system7_0_0/design_1_processing_system7_0_0_in_context.xdc, line 178).
Applied set_property IO_BUFFER_TYPE = NONE for FIXED_IO_mio[23]. (constraint file  c:/Users/aamalik3/Desktop/ICAP_Readback/Benchmarks/RISC_BENCHMARKS_BASE_PROJ/RISC_BENCHMARKS_BASE_PROJ.srcs/sources_1/bd/design_1/ip/design_1_processing_system7_0_0/design_1_processing_system7_0_0/design_1_processing_system7_0_0_in_context.xdc, line 179).
Applied set_property CLOCK_BUFFER_TYPE = NONE for FIXED_IO_mio[23]. (constraint file  c:/Users/aamalik3/Desktop/ICAP_Readback/Benchmarks/RISC_BENCHMARKS_BASE_PROJ/RISC_BENCHMARKS_BASE_PROJ.srcs/sources_1/bd/design_1/ip/design_1_processing_system7_0_0/design_1_processing_system7_0_0/design_1_processing_system7_0_0_in_context.xdc, line 180).
Applied set_property IO_BUFFER_TYPE = NONE for FIXED_IO_mio[24]. (constraint file  c:/Users/aamalik3/Desktop/ICAP_Readback/Benchmarks/RISC_BENCHMARKS_BASE_PROJ/RISC_BENCHMARKS_BASE_PROJ.srcs/sources_1/bd/design_1/ip/design_1_processing_system7_0_0/design_1_processing_system7_0_0/design_1_processing_system7_0_0_in_context.xdc, line 181).
Applied set_property CLOCK_BUFFER_TYPE = NONE for FIXED_IO_mio[24]. (constraint file  c:/Users/aamalik3/Desktop/ICAP_Readback/Benchmarks/RISC_BENCHMARKS_BASE_PROJ/RISC_BENCHMARKS_BASE_PROJ.srcs/sources_1/bd/design_1/ip/design_1_processing_system7_0_0/design_1_processing_system7_0_0/design_1_processing_system7_0_0_in_context.xdc, line 182).
Applied set_property IO_BUFFER_TYPE = NONE for FIXED_IO_mio[25]. (constraint file  c:/Users/aamalik3/Desktop/ICAP_Readback/Benchmarks/RISC_BENCHMARKS_BASE_PROJ/RISC_BENCHMARKS_BASE_PROJ.srcs/sources_1/bd/design_1/ip/design_1_processing_system7_0_0/design_1_processing_system7_0_0/design_1_processing_system7_0_0_in_context.xdc, line 183).
Applied set_property CLOCK_BUFFER_TYPE = NONE for FIXED_IO_mio[25]. (constraint file  c:/Users/aamalik3/Desktop/ICAP_Readback/Benchmarks/RISC_BENCHMARKS_BASE_PROJ/RISC_BENCHMARKS_BASE_PROJ.srcs/sources_1/bd/design_1/ip/design_1_processing_system7_0_0/design_1_processing_system7_0_0/design_1_processing_system7_0_0_in_context.xdc, line 184).
Applied set_property IO_BUFFER_TYPE = NONE for FIXED_IO_mio[26]. (constraint file  c:/Users/aamalik3/Desktop/ICAP_Readback/Benchmarks/RISC_BENCHMARKS_BASE_PROJ/RISC_BENCHMARKS_BASE_PROJ.srcs/sources_1/bd/design_1/ip/design_1_processing_system7_0_0/design_1_processing_system7_0_0/design_1_processing_system7_0_0_in_context.xdc, line 185).
Applied set_property CLOCK_BUFFER_TYPE = NONE for FIXED_IO_mio[26]. (constraint file  c:/Users/aamalik3/Desktop/ICAP_Readback/Benchmarks/RISC_BENCHMARKS_BASE_PROJ/RISC_BENCHMARKS_BASE_PROJ.srcs/sources_1/bd/design_1/ip/design_1_processing_system7_0_0/design_1_processing_system7_0_0/design_1_processing_system7_0_0_in_context.xdc, line 186).
Applied set_property IO_BUFFER_TYPE = NONE for FIXED_IO_mio[27]. (constraint file  c:/Users/aamalik3/Desktop/ICAP_Readback/Benchmarks/RISC_BENCHMARKS_BASE_PROJ/RISC_BENCHMARKS_BASE_PROJ.srcs/sources_1/bd/design_1/ip/design_1_processing_system7_0_0/design_1_processing_system7_0_0/design_1_processing_system7_0_0_in_context.xdc, line 187).
Applied set_property CLOCK_BUFFER_TYPE = NONE for FIXED_IO_mio[27]. (constraint file  c:/Users/aamalik3/Desktop/ICAP_Readback/Benchmarks/RISC_BENCHMARKS_BASE_PROJ/RISC_BENCHMARKS_BASE_PROJ.srcs/sources_1/bd/design_1/ip/design_1_processing_system7_0_0/design_1_processing_system7_0_0/design_1_processing_system7_0_0_in_context.xdc, line 188).
Applied set_property IO_BUFFER_TYPE = NONE for FIXED_IO_mio[28]. (constraint file  c:/Users/aamalik3/Desktop/ICAP_Readback/Benchmarks/RISC_BENCHMARKS_BASE_PROJ/RISC_BENCHMARKS_BASE_PROJ.srcs/sources_1/bd/design_1/ip/design_1_processing_system7_0_0/design_1_processing_system7_0_0/design_1_processing_system7_0_0_in_context.xdc, line 189).
Applied set_property CLOCK_BUFFER_TYPE = NONE for FIXED_IO_mio[28]. (constraint file  c:/Users/aamalik3/Desktop/ICAP_Readback/Benchmarks/RISC_BENCHMARKS_BASE_PROJ/RISC_BENCHMARKS_BASE_PROJ.srcs/sources_1/bd/design_1/ip/design_1_processing_system7_0_0/design_1_processing_system7_0_0/design_1_processing_system7_0_0_in_context.xdc, line 190).
Applied set_property IO_BUFFER_TYPE = NONE for FIXED_IO_mio[29]. (constraint file  c:/Users/aamalik3/Desktop/ICAP_Readback/Benchmarks/RISC_BENCHMARKS_BASE_PROJ/RISC_BENCHMARKS_BASE_PROJ.srcs/sources_1/bd/design_1/ip/design_1_processing_system7_0_0/design_1_processing_system7_0_0/design_1_processing_system7_0_0_in_context.xdc, line 191).
Applied set_property CLOCK_BUFFER_TYPE = NONE for FIXED_IO_mio[29]. (constraint file  c:/Users/aamalik3/Desktop/ICAP_Readback/Benchmarks/RISC_BENCHMARKS_BASE_PROJ/RISC_BENCHMARKS_BASE_PROJ.srcs/sources_1/bd/design_1/ip/design_1_processing_system7_0_0/design_1_processing_system7_0_0/design_1_processing_system7_0_0_in_context.xdc, line 192).
Applied set_property IO_BUFFER_TYPE = NONE for FIXED_IO_mio[2]. (constraint file  c:/Users/aamalik3/Desktop/ICAP_Readback/Benchmarks/RISC_BENCHMARKS_BASE_PROJ/RISC_BENCHMARKS_BASE_PROJ.srcs/sources_1/bd/design_1/ip/design_1_processing_system7_0_0/design_1_processing_system7_0_0/design_1_processing_system7_0_0_in_context.xdc, line 193).
Applied set_property CLOCK_BUFFER_TYPE = NONE for FIXED_IO_mio[2]. (constraint file  c:/Users/aamalik3/Desktop/ICAP_Readback/Benchmarks/RISC_BENCHMARKS_BASE_PROJ/RISC_BENCHMARKS_BASE_PROJ.srcs/sources_1/bd/design_1/ip/design_1_processing_system7_0_0/design_1_processing_system7_0_0/design_1_processing_system7_0_0_in_context.xdc, line 194).
Applied set_property IO_BUFFER_TYPE = NONE for FIXED_IO_mio[30]. (constraint file  c:/Users/aamalik3/Desktop/ICAP_Readback/Benchmarks/RISC_BENCHMARKS_BASE_PROJ/RISC_BENCHMARKS_BASE_PROJ.srcs/sources_1/bd/design_1/ip/design_1_processing_system7_0_0/design_1_processing_system7_0_0/design_1_processing_system7_0_0_in_context.xdc, line 195).
Applied set_property CLOCK_BUFFER_TYPE = NONE for FIXED_IO_mio[30]. (constraint file  c:/Users/aamalik3/Desktop/ICAP_Readback/Benchmarks/RISC_BENCHMARKS_BASE_PROJ/RISC_BENCHMARKS_BASE_PROJ.srcs/sources_1/bd/design_1/ip/design_1_processing_system7_0_0/design_1_processing_system7_0_0/design_1_processing_system7_0_0_in_context.xdc, line 196).
Applied set_property IO_BUFFER_TYPE = NONE for FIXED_IO_mio[31]. (constraint file  c:/Users/aamalik3/Desktop/ICAP_Readback/Benchmarks/RISC_BENCHMARKS_BASE_PROJ/RISC_BENCHMARKS_BASE_PROJ.srcs/sources_1/bd/design_1/ip/design_1_processing_system7_0_0/design_1_processing_system7_0_0/design_1_processing_system7_0_0_in_context.xdc, line 197).
Applied set_property CLOCK_BUFFER_TYPE = NONE for FIXED_IO_mio[31]. (constraint file  c:/Users/aamalik3/Desktop/ICAP_Readback/Benchmarks/RISC_BENCHMARKS_BASE_PROJ/RISC_BENCHMARKS_BASE_PROJ.srcs/sources_1/bd/design_1/ip/design_1_processing_system7_0_0/design_1_processing_system7_0_0/design_1_processing_system7_0_0_in_context.xdc, line 198).
Applied set_property IO_BUFFER_TYPE = NONE for FIXED_IO_mio[32]. (constraint file  c:/Users/aamalik3/Desktop/ICAP_Readback/Benchmarks/RISC_BENCHMARKS_BASE_PROJ/RISC_BENCHMARKS_BASE_PROJ.srcs/sources_1/bd/design_1/ip/design_1_processing_system7_0_0/design_1_processing_system7_0_0/design_1_processing_system7_0_0_in_context.xdc, line 199).
Applied set_property CLOCK_BUFFER_TYPE = NONE for FIXED_IO_mio[32]. (constraint file  c:/Users/aamalik3/Desktop/ICAP_Readback/Benchmarks/RISC_BENCHMARKS_BASE_PROJ/RISC_BENCHMARKS_BASE_PROJ.srcs/sources_1/bd/design_1/ip/design_1_processing_system7_0_0/design_1_processing_system7_0_0/design_1_processing_system7_0_0_in_context.xdc, line 200).
Applied set_property IO_BUFFER_TYPE = NONE for FIXED_IO_mio[33]. (constraint file  c:/Users/aamalik3/Desktop/ICAP_Readback/Benchmarks/RISC_BENCHMARKS_BASE_PROJ/RISC_BENCHMARKS_BASE_PROJ.srcs/sources_1/bd/design_1/ip/design_1_processing_system7_0_0/design_1_processing_system7_0_0/design_1_processing_system7_0_0_in_context.xdc, line 201).
Applied set_property CLOCK_BUFFER_TYPE = NONE for FIXED_IO_mio[33]. (constraint file  c:/Users/aamalik3/Desktop/ICAP_Readback/Benchmarks/RISC_BENCHMARKS_BASE_PROJ/RISC_BENCHMARKS_BASE_PROJ.srcs/sources_1/bd/design_1/ip/design_1_processing_system7_0_0/design_1_processing_system7_0_0/design_1_processing_system7_0_0_in_context.xdc, line 202).
Applied set_property IO_BUFFER_TYPE = NONE for FIXED_IO_mio[34]. (constraint file  c:/Users/aamalik3/Desktop/ICAP_Readback/Benchmarks/RISC_BENCHMARKS_BASE_PROJ/RISC_BENCHMARKS_BASE_PROJ.srcs/sources_1/bd/design_1/ip/design_1_processing_system7_0_0/design_1_processing_system7_0_0/design_1_processing_system7_0_0_in_context.xdc, line 203).
Applied set_property CLOCK_BUFFER_TYPE = NONE for FIXED_IO_mio[34]. (constraint file  c:/Users/aamalik3/Desktop/ICAP_Readback/Benchmarks/RISC_BENCHMARKS_BASE_PROJ/RISC_BENCHMARKS_BASE_PROJ.srcs/sources_1/bd/design_1/ip/design_1_processing_system7_0_0/design_1_processing_system7_0_0/design_1_processing_system7_0_0_in_context.xdc, line 204).
Applied set_property IO_BUFFER_TYPE = NONE for FIXED_IO_mio[35]. (constraint file  c:/Users/aamalik3/Desktop/ICAP_Readback/Benchmarks/RISC_BENCHMARKS_BASE_PROJ/RISC_BENCHMARKS_BASE_PROJ.srcs/sources_1/bd/design_1/ip/design_1_processing_system7_0_0/design_1_processing_system7_0_0/design_1_processing_system7_0_0_in_context.xdc, line 205).
Applied set_property CLOCK_BUFFER_TYPE = NONE for FIXED_IO_mio[35]. (constraint file  c:/Users/aamalik3/Desktop/ICAP_Readback/Benchmarks/RISC_BENCHMARKS_BASE_PROJ/RISC_BENCHMARKS_BASE_PROJ.srcs/sources_1/bd/design_1/ip/design_1_processing_system7_0_0/design_1_processing_system7_0_0/design_1_processing_system7_0_0_in_context.xdc, line 206).
Applied set_property IO_BUFFER_TYPE = NONE for FIXED_IO_mio[36]. (constraint file  c:/Users/aamalik3/Desktop/ICAP_Readback/Benchmarks/RISC_BENCHMARKS_BASE_PROJ/RISC_BENCHMARKS_BASE_PROJ.srcs/sources_1/bd/design_1/ip/design_1_processing_system7_0_0/design_1_processing_system7_0_0/design_1_processing_system7_0_0_in_context.xdc, line 207).
Applied set_property CLOCK_BUFFER_TYPE = NONE for FIXED_IO_mio[36]. (constraint file  c:/Users/aamalik3/Desktop/ICAP_Readback/Benchmarks/RISC_BENCHMARKS_BASE_PROJ/RISC_BENCHMARKS_BASE_PROJ.srcs/sources_1/bd/design_1/ip/design_1_processing_system7_0_0/design_1_processing_system7_0_0/design_1_processing_system7_0_0_in_context.xdc, line 208).
Applied set_property IO_BUFFER_TYPE = NONE for FIXED_IO_mio[37]. (constraint file  c:/Users/aamalik3/Desktop/ICAP_Readback/Benchmarks/RISC_BENCHMARKS_BASE_PROJ/RISC_BENCHMARKS_BASE_PROJ.srcs/sources_1/bd/design_1/ip/design_1_processing_system7_0_0/design_1_processing_system7_0_0/design_1_processing_system7_0_0_in_context.xdc, line 209).
Applied set_property CLOCK_BUFFER_TYPE = NONE for FIXED_IO_mio[37]. (constraint file  c:/Users/aamalik3/Desktop/ICAP_Readback/Benchmarks/RISC_BENCHMARKS_BASE_PROJ/RISC_BENCHMARKS_BASE_PROJ.srcs/sources_1/bd/design_1/ip/design_1_processing_system7_0_0/design_1_processing_system7_0_0/design_1_processing_system7_0_0_in_context.xdc, line 210).
Applied set_property IO_BUFFER_TYPE = NONE for FIXED_IO_mio[38]. (constraint file  c:/Users/aamalik3/Desktop/ICAP_Readback/Benchmarks/RISC_BENCHMARKS_BASE_PROJ/RISC_BENCHMARKS_BASE_PROJ.srcs/sources_1/bd/design_1/ip/design_1_processing_system7_0_0/design_1_processing_system7_0_0/design_1_processing_system7_0_0_in_context.xdc, line 211).
Applied set_property CLOCK_BUFFER_TYPE = NONE for FIXED_IO_mio[38]. (constraint file  c:/Users/aamalik3/Desktop/ICAP_Readback/Benchmarks/RISC_BENCHMARKS_BASE_PROJ/RISC_BENCHMARKS_BASE_PROJ.srcs/sources_1/bd/design_1/ip/design_1_processing_system7_0_0/design_1_processing_system7_0_0/design_1_processing_system7_0_0_in_context.xdc, line 212).
Applied set_property IO_BUFFER_TYPE = NONE for FIXED_IO_mio[39]. (constraint file  c:/Users/aamalik3/Desktop/ICAP_Readback/Benchmarks/RISC_BENCHMARKS_BASE_PROJ/RISC_BENCHMARKS_BASE_PROJ.srcs/sources_1/bd/design_1/ip/design_1_processing_system7_0_0/design_1_processing_system7_0_0/design_1_processing_system7_0_0_in_context.xdc, line 213).
Applied set_property CLOCK_BUFFER_TYPE = NONE for FIXED_IO_mio[39]. (constraint file  c:/Users/aamalik3/Desktop/ICAP_Readback/Benchmarks/RISC_BENCHMARKS_BASE_PROJ/RISC_BENCHMARKS_BASE_PROJ.srcs/sources_1/bd/design_1/ip/design_1_processing_system7_0_0/design_1_processing_system7_0_0/design_1_processing_system7_0_0_in_context.xdc, line 214).
Applied set_property IO_BUFFER_TYPE = NONE for FIXED_IO_mio[3]. (constraint file  c:/Users/aamalik3/Desktop/ICAP_Readback/Benchmarks/RISC_BENCHMARKS_BASE_PROJ/RISC_BENCHMARKS_BASE_PROJ.srcs/sources_1/bd/design_1/ip/design_1_processing_system7_0_0/design_1_processing_system7_0_0/design_1_processing_system7_0_0_in_context.xdc, line 215).
Applied set_property CLOCK_BUFFER_TYPE = NONE for FIXED_IO_mio[3]. (constraint file  c:/Users/aamalik3/Desktop/ICAP_Readback/Benchmarks/RISC_BENCHMARKS_BASE_PROJ/RISC_BENCHMARKS_BASE_PROJ.srcs/sources_1/bd/design_1/ip/design_1_processing_system7_0_0/design_1_processing_system7_0_0/design_1_processing_system7_0_0_in_context.xdc, line 216).
Applied set_property IO_BUFFER_TYPE = NONE for FIXED_IO_mio[40]. (constraint file  c:/Users/aamalik3/Desktop/ICAP_Readback/Benchmarks/RISC_BENCHMARKS_BASE_PROJ/RISC_BENCHMARKS_BASE_PROJ.srcs/sources_1/bd/design_1/ip/design_1_processing_system7_0_0/design_1_processing_system7_0_0/design_1_processing_system7_0_0_in_context.xdc, line 217).
Applied set_property CLOCK_BUFFER_TYPE = NONE for FIXED_IO_mio[40]. (constraint file  c:/Users/aamalik3/Desktop/ICAP_Readback/Benchmarks/RISC_BENCHMARKS_BASE_PROJ/RISC_BENCHMARKS_BASE_PROJ.srcs/sources_1/bd/design_1/ip/design_1_processing_system7_0_0/design_1_processing_system7_0_0/design_1_processing_system7_0_0_in_context.xdc, line 218).
Applied set_property IO_BUFFER_TYPE = NONE for FIXED_IO_mio[41]. (constraint file  c:/Users/aamalik3/Desktop/ICAP_Readback/Benchmarks/RISC_BENCHMARKS_BASE_PROJ/RISC_BENCHMARKS_BASE_PROJ.srcs/sources_1/bd/design_1/ip/design_1_processing_system7_0_0/design_1_processing_system7_0_0/design_1_processing_system7_0_0_in_context.xdc, line 219).
Applied set_property CLOCK_BUFFER_TYPE = NONE for FIXED_IO_mio[41]. (constraint file  c:/Users/aamalik3/Desktop/ICAP_Readback/Benchmarks/RISC_BENCHMARKS_BASE_PROJ/RISC_BENCHMARKS_BASE_PROJ.srcs/sources_1/bd/design_1/ip/design_1_processing_system7_0_0/design_1_processing_system7_0_0/design_1_processing_system7_0_0_in_context.xdc, line 220).
Applied set_property IO_BUFFER_TYPE = NONE for FIXED_IO_mio[42]. (constraint file  c:/Users/aamalik3/Desktop/ICAP_Readback/Benchmarks/RISC_BENCHMARKS_BASE_PROJ/RISC_BENCHMARKS_BASE_PROJ.srcs/sources_1/bd/design_1/ip/design_1_processing_system7_0_0/design_1_processing_system7_0_0/design_1_processing_system7_0_0_in_context.xdc, line 221).
Applied set_property CLOCK_BUFFER_TYPE = NONE for FIXED_IO_mio[42]. (constraint file  c:/Users/aamalik3/Desktop/ICAP_Readback/Benchmarks/RISC_BENCHMARKS_BASE_PROJ/RISC_BENCHMARKS_BASE_PROJ.srcs/sources_1/bd/design_1/ip/design_1_processing_system7_0_0/design_1_processing_system7_0_0/design_1_processing_system7_0_0_in_context.xdc, line 222).
Applied set_property IO_BUFFER_TYPE = NONE for FIXED_IO_mio[43]. (constraint file  c:/Users/aamalik3/Desktop/ICAP_Readback/Benchmarks/RISC_BENCHMARKS_BASE_PROJ/RISC_BENCHMARKS_BASE_PROJ.srcs/sources_1/bd/design_1/ip/design_1_processing_system7_0_0/design_1_processing_system7_0_0/design_1_processing_system7_0_0_in_context.xdc, line 223).
Applied set_property CLOCK_BUFFER_TYPE = NONE for FIXED_IO_mio[43]. (constraint file  c:/Users/aamalik3/Desktop/ICAP_Readback/Benchmarks/RISC_BENCHMARKS_BASE_PROJ/RISC_BENCHMARKS_BASE_PROJ.srcs/sources_1/bd/design_1/ip/design_1_processing_system7_0_0/design_1_processing_system7_0_0/design_1_processing_system7_0_0_in_context.xdc, line 224).
Applied set_property IO_BUFFER_TYPE = NONE for FIXED_IO_mio[44]. (constraint file  c:/Users/aamalik3/Desktop/ICAP_Readback/Benchmarks/RISC_BENCHMARKS_BASE_PROJ/RISC_BENCHMARKS_BASE_PROJ.srcs/sources_1/bd/design_1/ip/design_1_processing_system7_0_0/design_1_processing_system7_0_0/design_1_processing_system7_0_0_in_context.xdc, line 225).
Applied set_property CLOCK_BUFFER_TYPE = NONE for FIXED_IO_mio[44]. (constraint file  c:/Users/aamalik3/Desktop/ICAP_Readback/Benchmarks/RISC_BENCHMARKS_BASE_PROJ/RISC_BENCHMARKS_BASE_PROJ.srcs/sources_1/bd/design_1/ip/design_1_processing_system7_0_0/design_1_processing_system7_0_0/design_1_processing_system7_0_0_in_context.xdc, line 226).
Applied set_property IO_BUFFER_TYPE = NONE for FIXED_IO_mio[45]. (constraint file  c:/Users/aamalik3/Desktop/ICAP_Readback/Benchmarks/RISC_BENCHMARKS_BASE_PROJ/RISC_BENCHMARKS_BASE_PROJ.srcs/sources_1/bd/design_1/ip/design_1_processing_system7_0_0/design_1_processing_system7_0_0/design_1_processing_system7_0_0_in_context.xdc, line 227).
Applied set_property CLOCK_BUFFER_TYPE = NONE for FIXED_IO_mio[45]. (constraint file  c:/Users/aamalik3/Desktop/ICAP_Readback/Benchmarks/RISC_BENCHMARKS_BASE_PROJ/RISC_BENCHMARKS_BASE_PROJ.srcs/sources_1/bd/design_1/ip/design_1_processing_system7_0_0/design_1_processing_system7_0_0/design_1_processing_system7_0_0_in_context.xdc, line 228).
Applied set_property IO_BUFFER_TYPE = NONE for FIXED_IO_mio[46]. (constraint file  c:/Users/aamalik3/Desktop/ICAP_Readback/Benchmarks/RISC_BENCHMARKS_BASE_PROJ/RISC_BENCHMARKS_BASE_PROJ.srcs/sources_1/bd/design_1/ip/design_1_processing_system7_0_0/design_1_processing_system7_0_0/design_1_processing_system7_0_0_in_context.xdc, line 229).
Applied set_property CLOCK_BUFFER_TYPE = NONE for FIXED_IO_mio[46]. (constraint file  c:/Users/aamalik3/Desktop/ICAP_Readback/Benchmarks/RISC_BENCHMARKS_BASE_PROJ/RISC_BENCHMARKS_BASE_PROJ.srcs/sources_1/bd/design_1/ip/design_1_processing_system7_0_0/design_1_processing_system7_0_0/design_1_processing_system7_0_0_in_context.xdc, line 230).
Applied set_property IO_BUFFER_TYPE = NONE for FIXED_IO_mio[47]. (constraint file  c:/Users/aamalik3/Desktop/ICAP_Readback/Benchmarks/RISC_BENCHMARKS_BASE_PROJ/RISC_BENCHMARKS_BASE_PROJ.srcs/sources_1/bd/design_1/ip/design_1_processing_system7_0_0/design_1_processing_system7_0_0/design_1_processing_system7_0_0_in_context.xdc, line 231).
Applied set_property CLOCK_BUFFER_TYPE = NONE for FIXED_IO_mio[47]. (constraint file  c:/Users/aamalik3/Desktop/ICAP_Readback/Benchmarks/RISC_BENCHMARKS_BASE_PROJ/RISC_BENCHMARKS_BASE_PROJ.srcs/sources_1/bd/design_1/ip/design_1_processing_system7_0_0/design_1_processing_system7_0_0/design_1_processing_system7_0_0_in_context.xdc, line 232).
Applied set_property IO_BUFFER_TYPE = NONE for FIXED_IO_mio[48]. (constraint file  c:/Users/aamalik3/Desktop/ICAP_Readback/Benchmarks/RISC_BENCHMARKS_BASE_PROJ/RISC_BENCHMARKS_BASE_PROJ.srcs/sources_1/bd/design_1/ip/design_1_processing_system7_0_0/design_1_processing_system7_0_0/design_1_processing_system7_0_0_in_context.xdc, line 233).
Applied set_property CLOCK_BUFFER_TYPE = NONE for FIXED_IO_mio[48]. (constraint file  c:/Users/aamalik3/Desktop/ICAP_Readback/Benchmarks/RISC_BENCHMARKS_BASE_PROJ/RISC_BENCHMARKS_BASE_PROJ.srcs/sources_1/bd/design_1/ip/design_1_processing_system7_0_0/design_1_processing_system7_0_0/design_1_processing_system7_0_0_in_context.xdc, line 234).
Applied set_property IO_BUFFER_TYPE = NONE for FIXED_IO_mio[49]. (constraint file  c:/Users/aamalik3/Desktop/ICAP_Readback/Benchmarks/RISC_BENCHMARKS_BASE_PROJ/RISC_BENCHMARKS_BASE_PROJ.srcs/sources_1/bd/design_1/ip/design_1_processing_system7_0_0/design_1_processing_system7_0_0/design_1_processing_system7_0_0_in_context.xdc, line 235).
Applied set_property CLOCK_BUFFER_TYPE = NONE for FIXED_IO_mio[49]. (constraint file  c:/Users/aamalik3/Desktop/ICAP_Readback/Benchmarks/RISC_BENCHMARKS_BASE_PROJ/RISC_BENCHMARKS_BASE_PROJ.srcs/sources_1/bd/design_1/ip/design_1_processing_system7_0_0/design_1_processing_system7_0_0/design_1_processing_system7_0_0_in_context.xdc, line 236).
Applied set_property IO_BUFFER_TYPE = NONE for FIXED_IO_mio[4]. (constraint file  c:/Users/aamalik3/Desktop/ICAP_Readback/Benchmarks/RISC_BENCHMARKS_BASE_PROJ/RISC_BENCHMARKS_BASE_PROJ.srcs/sources_1/bd/design_1/ip/design_1_processing_system7_0_0/design_1_processing_system7_0_0/design_1_processing_system7_0_0_in_context.xdc, line 237).
Applied set_property CLOCK_BUFFER_TYPE = NONE for FIXED_IO_mio[4]. (constraint file  c:/Users/aamalik3/Desktop/ICAP_Readback/Benchmarks/RISC_BENCHMARKS_BASE_PROJ/RISC_BENCHMARKS_BASE_PROJ.srcs/sources_1/bd/design_1/ip/design_1_processing_system7_0_0/design_1_processing_system7_0_0/design_1_processing_system7_0_0_in_context.xdc, line 238).
Applied set_property IO_BUFFER_TYPE = NONE for FIXED_IO_mio[50]. (constraint file  c:/Users/aamalik3/Desktop/ICAP_Readback/Benchmarks/RISC_BENCHMARKS_BASE_PROJ/RISC_BENCHMARKS_BASE_PROJ.srcs/sources_1/bd/design_1/ip/design_1_processing_system7_0_0/design_1_processing_system7_0_0/design_1_processing_system7_0_0_in_context.xdc, line 239).
Applied set_property CLOCK_BUFFER_TYPE = NONE for FIXED_IO_mio[50]. (constraint file  c:/Users/aamalik3/Desktop/ICAP_Readback/Benchmarks/RISC_BENCHMARKS_BASE_PROJ/RISC_BENCHMARKS_BASE_PROJ.srcs/sources_1/bd/design_1/ip/design_1_processing_system7_0_0/design_1_processing_system7_0_0/design_1_processing_system7_0_0_in_context.xdc, line 240).
Applied set_property IO_BUFFER_TYPE = NONE for FIXED_IO_mio[51]. (constraint file  c:/Users/aamalik3/Desktop/ICAP_Readback/Benchmarks/RISC_BENCHMARKS_BASE_PROJ/RISC_BENCHMARKS_BASE_PROJ.srcs/sources_1/bd/design_1/ip/design_1_processing_system7_0_0/design_1_processing_system7_0_0/design_1_processing_system7_0_0_in_context.xdc, line 241).
Applied set_property CLOCK_BUFFER_TYPE = NONE for FIXED_IO_mio[51]. (constraint file  c:/Users/aamalik3/Desktop/ICAP_Readback/Benchmarks/RISC_BENCHMARKS_BASE_PROJ/RISC_BENCHMARKS_BASE_PROJ.srcs/sources_1/bd/design_1/ip/design_1_processing_system7_0_0/design_1_processing_system7_0_0/design_1_processing_system7_0_0_in_context.xdc, line 242).
Applied set_property IO_BUFFER_TYPE = NONE for FIXED_IO_mio[52]. (constraint file  c:/Users/aamalik3/Desktop/ICAP_Readback/Benchmarks/RISC_BENCHMARKS_BASE_PROJ/RISC_BENCHMARKS_BASE_PROJ.srcs/sources_1/bd/design_1/ip/design_1_processing_system7_0_0/design_1_processing_system7_0_0/design_1_processing_system7_0_0_in_context.xdc, line 243).
Applied set_property CLOCK_BUFFER_TYPE = NONE for FIXED_IO_mio[52]. (constraint file  c:/Users/aamalik3/Desktop/ICAP_Readback/Benchmarks/RISC_BENCHMARKS_BASE_PROJ/RISC_BENCHMARKS_BASE_PROJ.srcs/sources_1/bd/design_1/ip/design_1_processing_system7_0_0/design_1_processing_system7_0_0/design_1_processing_system7_0_0_in_context.xdc, line 244).
Applied set_property IO_BUFFER_TYPE = NONE for FIXED_IO_mio[53]. (constraint file  c:/Users/aamalik3/Desktop/ICAP_Readback/Benchmarks/RISC_BENCHMARKS_BASE_PROJ/RISC_BENCHMARKS_BASE_PROJ.srcs/sources_1/bd/design_1/ip/design_1_processing_system7_0_0/design_1_processing_system7_0_0/design_1_processing_system7_0_0_in_context.xdc, line 245).
Applied set_property CLOCK_BUFFER_TYPE = NONE for FIXED_IO_mio[53]. (constraint file  c:/Users/aamalik3/Desktop/ICAP_Readback/Benchmarks/RISC_BENCHMARKS_BASE_PROJ/RISC_BENCHMARKS_BASE_PROJ.srcs/sources_1/bd/design_1/ip/design_1_processing_system7_0_0/design_1_processing_system7_0_0/design_1_processing_system7_0_0_in_context.xdc, line 246).
Applied set_property IO_BUFFER_TYPE = NONE for FIXED_IO_mio[5]. (constraint file  c:/Users/aamalik3/Desktop/ICAP_Readback/Benchmarks/RISC_BENCHMARKS_BASE_PROJ/RISC_BENCHMARKS_BASE_PROJ.srcs/sources_1/bd/design_1/ip/design_1_processing_system7_0_0/design_1_processing_system7_0_0/design_1_processing_system7_0_0_in_context.xdc, line 247).
Applied set_property CLOCK_BUFFER_TYPE = NONE for FIXED_IO_mio[5]. (constraint file  c:/Users/aamalik3/Desktop/ICAP_Readback/Benchmarks/RISC_BENCHMARKS_BASE_PROJ/RISC_BENCHMARKS_BASE_PROJ.srcs/sources_1/bd/design_1/ip/design_1_processing_system7_0_0/design_1_processing_system7_0_0/design_1_processing_system7_0_0_in_context.xdc, line 248).
Applied set_property IO_BUFFER_TYPE = NONE for FIXED_IO_mio[6]. (constraint file  c:/Users/aamalik3/Desktop/ICAP_Readback/Benchmarks/RISC_BENCHMARKS_BASE_PROJ/RISC_BENCHMARKS_BASE_PROJ.srcs/sources_1/bd/design_1/ip/design_1_processing_system7_0_0/design_1_processing_system7_0_0/design_1_processing_system7_0_0_in_context.xdc, line 249).
Applied set_property CLOCK_BUFFER_TYPE = NONE for FIXED_IO_mio[6]. (constraint file  c:/Users/aamalik3/Desktop/ICAP_Readback/Benchmarks/RISC_BENCHMARKS_BASE_PROJ/RISC_BENCHMARKS_BASE_PROJ.srcs/sources_1/bd/design_1/ip/design_1_processing_system7_0_0/design_1_processing_system7_0_0/design_1_processing_system7_0_0_in_context.xdc, line 250).
Applied set_property IO_BUFFER_TYPE = NONE for FIXED_IO_mio[7]. (constraint file  c:/Users/aamalik3/Desktop/ICAP_Readback/Benchmarks/RISC_BENCHMARKS_BASE_PROJ/RISC_BENCHMARKS_BASE_PROJ.srcs/sources_1/bd/design_1/ip/design_1_processing_system7_0_0/design_1_processing_system7_0_0/design_1_processing_system7_0_0_in_context.xdc, line 251).
Applied set_property CLOCK_BUFFER_TYPE = NONE for FIXED_IO_mio[7]. (constraint file  c:/Users/aamalik3/Desktop/ICAP_Readback/Benchmarks/RISC_BENCHMARKS_BASE_PROJ/RISC_BENCHMARKS_BASE_PROJ.srcs/sources_1/bd/design_1/ip/design_1_processing_system7_0_0/design_1_processing_system7_0_0/design_1_processing_system7_0_0_in_context.xdc, line 252).
Applied set_property IO_BUFFER_TYPE = NONE for FIXED_IO_mio[8]. (constraint file  c:/Users/aamalik3/Desktop/ICAP_Readback/Benchmarks/RISC_BENCHMARKS_BASE_PROJ/RISC_BENCHMARKS_BASE_PROJ.srcs/sources_1/bd/design_1/ip/design_1_processing_system7_0_0/design_1_processing_system7_0_0/design_1_processing_system7_0_0_in_context.xdc, line 253).
Applied set_property CLOCK_BUFFER_TYPE = NONE for FIXED_IO_mio[8]. (constraint file  c:/Users/aamalik3/Desktop/ICAP_Readback/Benchmarks/RISC_BENCHMARKS_BASE_PROJ/RISC_BENCHMARKS_BASE_PROJ.srcs/sources_1/bd/design_1/ip/design_1_processing_system7_0_0/design_1_processing_system7_0_0/design_1_processing_system7_0_0_in_context.xdc, line 254).
Applied set_property IO_BUFFER_TYPE = NONE for FIXED_IO_mio[9]. (constraint file  c:/Users/aamalik3/Desktop/ICAP_Readback/Benchmarks/RISC_BENCHMARKS_BASE_PROJ/RISC_BENCHMARKS_BASE_PROJ.srcs/sources_1/bd/design_1/ip/design_1_processing_system7_0_0/design_1_processing_system7_0_0/design_1_processing_system7_0_0_in_context.xdc, line 255).
Applied set_property CLOCK_BUFFER_TYPE = NONE for FIXED_IO_mio[9]. (constraint file  c:/Users/aamalik3/Desktop/ICAP_Readback/Benchmarks/RISC_BENCHMARKS_BASE_PROJ/RISC_BENCHMARKS_BASE_PROJ.srcs/sources_1/bd/design_1/ip/design_1_processing_system7_0_0/design_1_processing_system7_0_0/design_1_processing_system7_0_0_in_context.xdc, line 256).
Applied set_property IO_BUFFER_TYPE = NONE for FIXED_IO_ps_clk. (constraint file  c:/Users/aamalik3/Desktop/ICAP_Readback/Benchmarks/RISC_BENCHMARKS_BASE_PROJ/RISC_BENCHMARKS_BASE_PROJ.srcs/sources_1/bd/design_1/ip/design_1_processing_system7_0_0/design_1_processing_system7_0_0/design_1_processing_system7_0_0_in_context.xdc, line 257).
Applied set_property CLOCK_BUFFER_TYPE = NONE for FIXED_IO_ps_clk. (constraint file  c:/Users/aamalik3/Desktop/ICAP_Readback/Benchmarks/RISC_BENCHMARKS_BASE_PROJ/RISC_BENCHMARKS_BASE_PROJ.srcs/sources_1/bd/design_1/ip/design_1_processing_system7_0_0/design_1_processing_system7_0_0/design_1_processing_system7_0_0_in_context.xdc, line 258).
Applied set_property IO_BUFFER_TYPE = NONE for FIXED_IO_ps_porb. (constraint file  c:/Users/aamalik3/Desktop/ICAP_Readback/Benchmarks/RISC_BENCHMARKS_BASE_PROJ/RISC_BENCHMARKS_BASE_PROJ.srcs/sources_1/bd/design_1/ip/design_1_processing_system7_0_0/design_1_processing_system7_0_0/design_1_processing_system7_0_0_in_context.xdc, line 259).
Applied set_property CLOCK_BUFFER_TYPE = NONE for FIXED_IO_ps_porb. (constraint file  c:/Users/aamalik3/Desktop/ICAP_Readback/Benchmarks/RISC_BENCHMARKS_BASE_PROJ/RISC_BENCHMARKS_BASE_PROJ.srcs/sources_1/bd/design_1/ip/design_1_processing_system7_0_0/design_1_processing_system7_0_0/design_1_processing_system7_0_0_in_context.xdc, line 260).
Applied set_property IO_BUFFER_TYPE = NONE for FIXED_IO_ps_srstb. (constraint file  c:/Users/aamalik3/Desktop/ICAP_Readback/Benchmarks/RISC_BENCHMARKS_BASE_PROJ/RISC_BENCHMARKS_BASE_PROJ.srcs/sources_1/bd/design_1/ip/design_1_processing_system7_0_0/design_1_processing_system7_0_0/design_1_processing_system7_0_0_in_context.xdc, line 261).
Applied set_property CLOCK_BUFFER_TYPE = NONE for FIXED_IO_ps_srstb. (constraint file  c:/Users/aamalik3/Desktop/ICAP_Readback/Benchmarks/RISC_BENCHMARKS_BASE_PROJ/RISC_BENCHMARKS_BASE_PROJ.srcs/sources_1/bd/design_1/ip/design_1_processing_system7_0_0/design_1_processing_system7_0_0/design_1_processing_system7_0_0_in_context.xdc, line 262).
Applied set_property DONT_TOUCH = true for design_1_i. (constraint file  auto generated constraint, line ).
Applied set_property DONT_TOUCH = true for design_1_i/processing_system7_0. (constraint file  auto generated constraint, line ).
Applied set_property DONT_TOUCH = true for design_1_i/rst_ps7_0_50M. (constraint file  auto generated constraint, line ).
Applied set_property DONT_TOUCH = true for design_1_i/STARTUP. (constraint file  auto generated constraint, line ).
Applied set_property DONT_TOUCH = true for design_1_i/GSR_GPIO. (constraint file  auto generated constraint, line ).
Applied set_property DONT_TOUCH = true for design_1_i/ps7_0_axi_periph. (constraint file  auto generated constraint, line ).
Applied set_property DONT_TOUCH = true for design_1_i/RISC_IP_CHECK. (constraint file  auto generated constraint, line ).
Applied set_property DONT_TOUCH = true for design_1_i/ps7_0_axi_periph/xbar. (constraint file  auto generated constraint, line ).
Applied set_property DONT_TOUCH = true for design_1_i/RISC_BENCHMARK_IP. (constraint file  auto generated constraint, line ).
Applied set_property DONT_TOUCH = true for design_1_i/ps7_0_axi_periph/s00_couplers/auto_pc. (constraint file  auto generated constraint, line ).
---------------------------------------------------------------------------------
Finished applying 'set_property' XDC Constraints : Time (s): cpu = 00:00:08 ; elapsed = 00:00:10 . Memory (MB): peak = 827.133 ; gain = 462.852
---------------------------------------------------------------------------------
---------------------------------------------------------------------------------
Finished RTL Optimization Phase 2 : Time (s): cpu = 00:00:08 ; elapsed = 00:00:10 . Memory (MB): peak = 827.133 ; gain = 462.852
---------------------------------------------------------------------------------

Report RTL Partitions: 
+-+--------------+------------+----------+
| |RTL Partition |Replication |Instances |
+-+--------------+------------+----------+
+-+--------------+------------+----------+
---------------------------------------------------------------------------------
Start RTL Component Statistics 
---------------------------------------------------------------------------------
Detailed RTL Component Info : 
---------------------------------------------------------------------------------
Finished RTL Component Statistics 
---------------------------------------------------------------------------------
---------------------------------------------------------------------------------
Start RTL Hierarchical Component Statistics 
---------------------------------------------------------------------------------
Hierarchical RTL Component report 
---------------------------------------------------------------------------------
Finished RTL Hierarchical Component Statistics
---------------------------------------------------------------------------------
---------------------------------------------------------------------------------
Start Part Resource Summary
---------------------------------------------------------------------------------
Part Resources:
DSPs: 220 (col length:60)
BRAMs: 280 (col length: RAMB18 60 RAMB36 30)
---------------------------------------------------------------------------------
Finished Part Resource Summary
---------------------------------------------------------------------------------
---------------------------------------------------------------------------------
Start Cross Boundary and Area Optimization
---------------------------------------------------------------------------------
Warning: Parallel synthesis criteria is not met 
WARNING: [Synth 8-3331] design design_1_ps7_0_axi_periph_0 has unconnected port M00_ACLK
WARNING: [Synth 8-3331] design design_1_ps7_0_axi_periph_0 has unconnected port M00_ARESETN
WARNING: [Synth 8-3331] design design_1_ps7_0_axi_periph_0 has unconnected port M01_ACLK
WARNING: [Synth 8-3331] design design_1_ps7_0_axi_periph_0 has unconnected port M01_ARESETN
---------------------------------------------------------------------------------
Finished Cross Boundary and Area Optimization : Time (s): cpu = 00:00:09 ; elapsed = 00:00:10 . Memory (MB): peak = 827.133 ; gain = 462.852
---------------------------------------------------------------------------------

Report RTL Partitions: 
+-+--------------+------------+----------+
| |RTL Partition |Replication |Instances |
+-+--------------+------------+----------+
+-+--------------+------------+----------+
---------------------------------------------------------------------------------
Start Applying XDC Timing Constraints
---------------------------------------------------------------------------------
INFO: [Synth 8-5578] Moved timing constraint from pin 'design_1_i/processing_system7_0/FCLK_CLK0' to pin 'design_1_i/processing_system7_0/bbstub_FCLK_CLK0/O'
INFO: [Synth 8-5578] Moved timing constraint from pin 'design_1_i/processing_system7_0/FCLK_CLK1' to pin 'design_1_i/processing_system7_0/bbstub_FCLK_CLK1/O'
INFO: [Synth 8-5819] Moved 2 constraints on hierarchical pins to their respective driving/loading pins
---------------------------------------------------------------------------------
Finished Applying XDC Timing Constraints : Time (s): cpu = 00:00:14 ; elapsed = 00:00:16 . Memory (MB): peak = 864.098 ; gain = 499.816
---------------------------------------------------------------------------------
---------------------------------------------------------------------------------
Start Timing Optimization
---------------------------------------------------------------------------------
---------------------------------------------------------------------------------
Finished Timing Optimization : Time (s): cpu = 00:00:14 ; elapsed = 00:00:16 . Memory (MB): peak = 864.246 ; gain = 499.965
---------------------------------------------------------------------------------

Report RTL Partitions: 
+-+--------------+------------+----------+
| |RTL Partition |Replication |Instances |
+-+--------------+------------+----------+
+-+--------------+------------+----------+
---------------------------------------------------------------------------------
Start Technology Mapping
---------------------------------------------------------------------------------
---------------------------------------------------------------------------------
Finished Technology Mapping : Time (s): cpu = 00:00:14 ; elapsed = 00:00:16 . Memory (MB): peak = 864.738 ; gain = 500.457
---------------------------------------------------------------------------------

Report RTL Partitions: 
+-+--------------+------------+----------+
| |RTL Partition |Replication |Instances |
+-+--------------+------------+----------+
+-+--------------+------------+----------+
---------------------------------------------------------------------------------
Start IO Insertion
---------------------------------------------------------------------------------
---------------------------------------------------------------------------------
Start Flattening Before IO Insertion
---------------------------------------------------------------------------------
---------------------------------------------------------------------------------
Finished Flattening Before IO Insertion
---------------------------------------------------------------------------------
---------------------------------------------------------------------------------
Start Final Netlist Cleanup
---------------------------------------------------------------------------------
---------------------------------------------------------------------------------
Finished Final Netlist Cleanup
---------------------------------------------------------------------------------
---------------------------------------------------------------------------------
Finished IO Insertion : Time (s): cpu = 00:00:14 ; elapsed = 00:00:17 . Memory (MB): peak = 865.492 ; gain = 501.211
---------------------------------------------------------------------------------

Report Check Netlist: 
+------+------------------+-------+---------+-------+------------------+
|      |Item              |Errors |Warnings |Status |Description       |
+------+------------------+-------+---------+-------+------------------+
|1     |multi_driven_nets |      0|        0|Passed |Multi driven nets |
+------+------------------+-------+---------+-------+------------------+
---------------------------------------------------------------------------------
Start Renaming Generated Instances
---------------------------------------------------------------------------------
---------------------------------------------------------------------------------
Finished Renaming Generated Instances : Time (s): cpu = 00:00:14 ; elapsed = 00:00:17 . Memory (MB): peak = 865.492 ; gain = 501.211
---------------------------------------------------------------------------------

Report RTL Partitions: 
+-+--------------+------------+----------+
| |RTL Partition |Replication |Instances |
+-+--------------+------------+----------+
+-+--------------+------------+----------+
---------------------------------------------------------------------------------
Start Rebuilding User Hierarchy
---------------------------------------------------------------------------------
---------------------------------------------------------------------------------
Finished Rebuilding User Hierarchy : Time (s): cpu = 00:00:14 ; elapsed = 00:00:17 . Memory (MB): peak = 865.492 ; gain = 501.211
---------------------------------------------------------------------------------
---------------------------------------------------------------------------------
Start Renaming Generated Ports
---------------------------------------------------------------------------------
---------------------------------------------------------------------------------
Finished Renaming Generated Ports : Time (s): cpu = 00:00:14 ; elapsed = 00:00:17 . Memory (MB): peak = 865.492 ; gain = 501.211
---------------------------------------------------------------------------------
---------------------------------------------------------------------------------
Start Handling Custom Attributes
---------------------------------------------------------------------------------
---------------------------------------------------------------------------------
Finished Handling Custom Attributes : Time (s): cpu = 00:00:14 ; elapsed = 00:00:17 . Memory (MB): peak = 865.492 ; gain = 501.211
---------------------------------------------------------------------------------
---------------------------------------------------------------------------------
Start Renaming Generated Nets
---------------------------------------------------------------------------------
---------------------------------------------------------------------------------
Finished Renaming Generated Nets : Time (s): cpu = 00:00:14 ; elapsed = 00:00:17 . Memory (MB): peak = 865.492 ; gain = 501.211
---------------------------------------------------------------------------------
---------------------------------------------------------------------------------
Start Writing Synthesis Report
---------------------------------------------------------------------------------

Report BlackBoxes: 
+------+--------------------------------+----------+
|      |BlackBox name                   |Instances |
+------+--------------------------------+----------+
|1     |design_1_xbar_0                 |         1|
|2     |design_1_auto_pc_0              |         1|
|3     |design_1_axi_gpio_0_0           |         1|
|4     |design_1_RISC_BENCHMARK_IP_0_0  |         1|
|5     |design_1_axi_gpio_1_1           |         1|
|6     |design_1_STARTUP_0_0            |         1|
|7     |design_1_processing_system7_0_0 |         1|
|8     |design_1_rst_ps7_0_50M_0        |         1|
+------+--------------------------------+----------+

Report Cell Usage: 
+------+--------------------------------+------+
|      |Cell                            |Count |
+------+--------------------------------+------+
|1     |design_1_RISC_BENCHMARK_IP_0_0  |     1|
|2     |design_1_STARTUP_0_0            |     1|
|3     |design_1_auto_pc_0              |     1|
|4     |design_1_axi_gpio_0_0           |     1|
|5     |design_1_axi_gpio_1_1           |     1|
|6     |design_1_processing_system7_0_0 |     1|
|7     |design_1_rst_ps7_0_50M_0        |     1|
|8     |design_1_xbar_0                 |     1|
|9     |IBUF                            |     2|
|10    |OBUF                            |     2|
+------+--------------------------------+------+

Report Instance Areas: 
+------+---------------------+----------------------------+------+
|      |Instance             |Module                      |Cells |
+------+---------------------+----------------------------+------+
|1     |top                  |                            |   755|
|2     |  design_1_i         |design_1                    |   751|
|3     |    ps7_0_axi_periph |design_1_ps7_0_axi_periph_0 |   440|
|4     |      s00_couplers   |s00_couplers_imp_UYSKKA     |   177|
+------+---------------------+----------------------------+------+
---------------------------------------------------------------------------------
Finished Writing Synthesis Report : Time (s): cpu = 00:00:14 ; elapsed = 00:00:17 . Memory (MB): peak = 865.492 ; gain = 501.211
---------------------------------------------------------------------------------
Synthesis finished with 0 errors, 0 critical warnings and 4 warnings.
Synthesis Optimization Runtime : Time (s): cpu = 00:00:07 ; elapsed = 00:00:11 . Memory (MB): peak = 865.535 ; gain = 195.648
Synthesis Optimization Complete : Time (s): cpu = 00:00:14 ; elapsed = 00:00:17 . Memory (MB): peak = 865.535 ; gain = 501.254
INFO: [Project 1-571] Translating synthesized netlist
INFO: [Netlist 29-17] Analyzing 2 Unisim elements for replacement
INFO: [Netlist 29-28] Unisim Transformation completed in 0 CPU seconds
INFO: [Project 1-570] Preparing netlist for logic optimization
INFO: [Opt 31-138] Pushed 0 inverter(s) to 0 load pin(s).
INFO: [Project 1-111] Unisim Transformation Summary:
No Unisim elements were transformed.

INFO: [Common 17-83] Releasing license: Synthesis
47 Infos, 24 Warnings, 0 Critical Warnings and 0 Errors encountered.
synth_design completed successfully
synth_design: Time (s): cpu = 00:00:16 ; elapsed = 00:00:19 . Memory (MB): peak = 884.746 ; gain = 527.402
WARNING: [Constraints 18-5210] No constraint will be written out.
INFO: [Common 17-1381] The checkpoint 'C:/Users/aamalik3/Desktop/ICAP_Readback/Benchmarks/RISC_BENCHMARKS_BASE_PROJ/RISC_BENCHMARKS_BASE_PROJ.runs/synth_1/design_1_wrapper.dcp' has been generated.
INFO: [runtcl-4] Executing : report_utilization -file design_1_wrapper_utilization_synth.rpt -pb design_1_wrapper_utilization_synth.pb
report_utilization: Time (s): cpu = 00:00:00 ; elapsed = 00:00:00.025 . Memory (MB): peak = 884.746 ; gain = 0.000
INFO: [Common 17-206] Exiting Vivado at Wed Jan  3 16:52:10 2024...
[Wed Jan  3 16:52:11 2024] synth_1 finished
wait_on_run: Time (s): cpu = 00:00:01 ; elapsed = 00:00:30 . Memory (MB): peak = 997.824 ; gain = 0.000
open_run synth_1 -name synth_1
Design is defaulting to impl run constrset: constrs_1
Design is defaulting to synth run part: xc7z020clg484-1
INFO: [Project 1-454] Reading design checkpoint 'c:/Users/aamalik3/Desktop/ICAP_Readback/Benchmarks/RISC_BENCHMARKS_BASE_PROJ/RISC_BENCHMARKS_BASE_PROJ.srcs/sources_1/bd/design_1/ip/design_1_axi_gpio_0_0/design_1_axi_gpio_0_0.dcp' for cell 'design_1_i/GSR_GPIO'
INFO: [Project 1-454] Reading design checkpoint 'c:/Users/aamalik3/Desktop/ICAP_Readback/Benchmarks/RISC_BENCHMARKS_BASE_PROJ/RISC_BENCHMARKS_BASE_PROJ.srcs/sources_1/bd/design_1/ip/design_1_RISC_BENCHMARK_IP_0_0/design_1_RISC_BENCHMARK_IP_0_0.dcp' for cell 'design_1_i/RISC_BENCHMARK_IP'
INFO: [Project 1-454] Reading design checkpoint 'c:/Users/aamalik3/Desktop/ICAP_Readback/Benchmarks/RISC_BENCHMARKS_BASE_PROJ/RISC_BENCHMARKS_BASE_PROJ.srcs/sources_1/bd/design_1/ip/design_1_axi_gpio_1_1/design_1_axi_gpio_1_1.dcp' for cell 'design_1_i/RISC_IP_CHECK'
INFO: [Project 1-454] Reading design checkpoint 'c:/Users/aamalik3/Desktop/ICAP_Readback/Benchmarks/RISC_BENCHMARKS_BASE_PROJ/RISC_BENCHMARKS_BASE_PROJ.srcs/sources_1/bd/design_1/ip/design_1_STARTUP_0_0/design_1_STARTUP_0_0.dcp' for cell 'design_1_i/STARTUP'
INFO: [Project 1-454] Reading design checkpoint 'c:/Users/aamalik3/Desktop/ICAP_Readback/Benchmarks/RISC_BENCHMARKS_BASE_PROJ/RISC_BENCHMARKS_BASE_PROJ.srcs/sources_1/bd/design_1/ip/design_1_processing_system7_0_0/design_1_processing_system7_0_0.dcp' for cell 'design_1_i/processing_system7_0'
INFO: [Project 1-454] Reading design checkpoint 'c:/Users/aamalik3/Desktop/ICAP_Readback/Benchmarks/RISC_BENCHMARKS_BASE_PROJ/RISC_BENCHMARKS_BASE_PROJ.srcs/sources_1/bd/design_1/ip/design_1_rst_ps7_0_50M_0/design_1_rst_ps7_0_50M_0.dcp' for cell 'design_1_i/rst_ps7_0_50M'
INFO: [Project 1-454] Reading design checkpoint 'c:/Users/aamalik3/Desktop/ICAP_Readback/Benchmarks/RISC_BENCHMARKS_BASE_PROJ/RISC_BENCHMARKS_BASE_PROJ.srcs/sources_1/bd/design_1/ip/design_1_xbar_0/design_1_xbar_0.dcp' for cell 'design_1_i/ps7_0_axi_periph/xbar'
INFO: [Project 1-454] Reading design checkpoint 'c:/Users/aamalik3/Desktop/ICAP_Readback/Benchmarks/RISC_BENCHMARKS_BASE_PROJ/RISC_BENCHMARKS_BASE_PROJ.srcs/sources_1/bd/design_1/ip/design_1_auto_pc_0/design_1_auto_pc_0.dcp' for cell 'design_1_i/ps7_0_axi_periph/s00_couplers/auto_pc'
INFO: [Netlist 29-17] Analyzing 21 Unisim elements for replacement
INFO: [Netlist 29-28] Unisim Transformation completed in 0 CPU seconds
INFO: [Project 1-479] Netlist was created with Vivado 2018.2
INFO: [Device 21-403] Loading part xc7z020clg484-1
INFO: [Project 1-570] Preparing netlist for logic optimization
Parsing XDC File [c:/Users/aamalik3/Desktop/ICAP_Readback/Benchmarks/RISC_BENCHMARKS_BASE_PROJ/RISC_BENCHMARKS_BASE_PROJ.srcs/sources_1/bd/design_1/ip/design_1_processing_system7_0_0/design_1_processing_system7_0_0.xdc] for cell 'design_1_i/processing_system7_0/inst'
Finished Parsing XDC File [c:/Users/aamalik3/Desktop/ICAP_Readback/Benchmarks/RISC_BENCHMARKS_BASE_PROJ/RISC_BENCHMARKS_BASE_PROJ.srcs/sources_1/bd/design_1/ip/design_1_processing_system7_0_0/design_1_processing_system7_0_0.xdc] for cell 'design_1_i/processing_system7_0/inst'
Parsing XDC File [c:/Users/aamalik3/Desktop/ICAP_Readback/Benchmarks/RISC_BENCHMARKS_BASE_PROJ/RISC_BENCHMARKS_BASE_PROJ.srcs/sources_1/bd/design_1/ip/design_1_rst_ps7_0_50M_0/design_1_rst_ps7_0_50M_0_board.xdc] for cell 'design_1_i/rst_ps7_0_50M/U0'
Finished Parsing XDC File [c:/Users/aamalik3/Desktop/ICAP_Readback/Benchmarks/RISC_BENCHMARKS_BASE_PROJ/RISC_BENCHMARKS_BASE_PROJ.srcs/sources_1/bd/design_1/ip/design_1_rst_ps7_0_50M_0/design_1_rst_ps7_0_50M_0_board.xdc] for cell 'design_1_i/rst_ps7_0_50M/U0'
Parsing XDC File [c:/Users/aamalik3/Desktop/ICAP_Readback/Benchmarks/RISC_BENCHMARKS_BASE_PROJ/RISC_BENCHMARKS_BASE_PROJ.srcs/sources_1/bd/design_1/ip/design_1_rst_ps7_0_50M_0/design_1_rst_ps7_0_50M_0.xdc] for cell 'design_1_i/rst_ps7_0_50M/U0'
Finished Parsing XDC File [c:/Users/aamalik3/Desktop/ICAP_Readback/Benchmarks/RISC_BENCHMARKS_BASE_PROJ/RISC_BENCHMARKS_BASE_PROJ.srcs/sources_1/bd/design_1/ip/design_1_rst_ps7_0_50M_0/design_1_rst_ps7_0_50M_0.xdc] for cell 'design_1_i/rst_ps7_0_50M/U0'
Parsing XDC File [c:/Users/aamalik3/Desktop/ICAP_Readback/Benchmarks/RISC_BENCHMARKS_BASE_PROJ/RISC_BENCHMARKS_BASE_PROJ.srcs/sources_1/bd/design_1/ip/design_1_axi_gpio_0_0/design_1_axi_gpio_0_0_board.xdc] for cell 'design_1_i/GSR_GPIO/U0'
Finished Parsing XDC File [c:/Users/aamalik3/Desktop/ICAP_Readback/Benchmarks/RISC_BENCHMARKS_BASE_PROJ/RISC_BENCHMARKS_BASE_PROJ.srcs/sources_1/bd/design_1/ip/design_1_axi_gpio_0_0/design_1_axi_gpio_0_0_board.xdc] for cell 'design_1_i/GSR_GPIO/U0'
Parsing XDC File [c:/Users/aamalik3/Desktop/ICAP_Readback/Benchmarks/RISC_BENCHMARKS_BASE_PROJ/RISC_BENCHMARKS_BASE_PROJ.srcs/sources_1/bd/design_1/ip/design_1_axi_gpio_0_0/design_1_axi_gpio_0_0.xdc] for cell 'design_1_i/GSR_GPIO/U0'
Finished Parsing XDC File [c:/Users/aamalik3/Desktop/ICAP_Readback/Benchmarks/RISC_BENCHMARKS_BASE_PROJ/RISC_BENCHMARKS_BASE_PROJ.srcs/sources_1/bd/design_1/ip/design_1_axi_gpio_0_0/design_1_axi_gpio_0_0.xdc] for cell 'design_1_i/GSR_GPIO/U0'
Parsing XDC File [c:/Users/aamalik3/Desktop/ICAP_Readback/Benchmarks/RISC_BENCHMARKS_BASE_PROJ/RISC_BENCHMARKS_BASE_PROJ.srcs/sources_1/bd/design_1/ip/design_1_axi_gpio_1_1/design_1_axi_gpio_1_1_board.xdc] for cell 'design_1_i/RISC_IP_CHECK/U0'
Finished Parsing XDC File [c:/Users/aamalik3/Desktop/ICAP_Readback/Benchmarks/RISC_BENCHMARKS_BASE_PROJ/RISC_BENCHMARKS_BASE_PROJ.srcs/sources_1/bd/design_1/ip/design_1_axi_gpio_1_1/design_1_axi_gpio_1_1_board.xdc] for cell 'design_1_i/RISC_IP_CHECK/U0'
Parsing XDC File [c:/Users/aamalik3/Desktop/ICAP_Readback/Benchmarks/RISC_BENCHMARKS_BASE_PROJ/RISC_BENCHMARKS_BASE_PROJ.srcs/sources_1/bd/design_1/ip/design_1_axi_gpio_1_1/design_1_axi_gpio_1_1.xdc] for cell 'design_1_i/RISC_IP_CHECK/U0'
Finished Parsing XDC File [c:/Users/aamalik3/Desktop/ICAP_Readback/Benchmarks/RISC_BENCHMARKS_BASE_PROJ/RISC_BENCHMARKS_BASE_PROJ.srcs/sources_1/bd/design_1/ip/design_1_axi_gpio_1_1/design_1_axi_gpio_1_1.xdc] for cell 'design_1_i/RISC_IP_CHECK/U0'
Parsing XDC File [C:/Users/aamalik3/Desktop/ICAP_Readback/Benchmarks/RISC_BENCHMARKS_BASE_PROJ/RISC_BENCHMARKS_BASE_PROJ.srcs/constrs_1/new/pins.xdc]
Finished Parsing XDC File [C:/Users/aamalik3/Desktop/ICAP_Readback/Benchmarks/RISC_BENCHMARKS_BASE_PROJ/RISC_BENCHMARKS_BASE_PROJ.srcs/constrs_1/new/pins.xdc]
Parsing XDC File [C:/Users/aamalik3/Desktop/ICAP_Readback/Benchmarks/RISC_BENCHMARKS_BASE_PROJ/RISC_BENCHMARKS_BASE_PROJ.srcs/constrs_1/new/partitions.xdc]
INFO: [Vivado 12-3520] Assignment of 'inst' to a pblock 'pblock_risc' means that all children of 'RISC_BENCHMARK_IP' are in the pblock. Changing the pblock assignment to 'RISC_BENCHMARK_IP'. [C:/Users/aamalik3/Desktop/ICAP_Readback/Benchmarks/RISC_BENCHMARKS_BASE_PROJ/RISC_BENCHMARKS_BASE_PROJ.srcs/constrs_1/new/partitions.xdc:10]
Finished Parsing XDC File [C:/Users/aamalik3/Desktop/ICAP_Readback/Benchmarks/RISC_BENCHMARKS_BASE_PROJ/RISC_BENCHMARKS_BASE_PROJ.srcs/constrs_1/new/partitions.xdc]
INFO: [Opt 31-138] Pushed 0 inverter(s) to 0 load pin(s).
INFO: [Project 1-486] Could not resolve non-primitive black box cell 'design_1_RISC_BENCHMARK_IP_0_0_RISC_BENCHMARK_IP' instantiated as 'design_1_i/RISC_BENCHMARK_IP/inst' [c:/Users/aamalik3/Desktop/ICAP_Readback/Benchmarks/RISC_BENCHMARKS_BASE_PROJ/RISC_BENCHMARKS_BASE_PROJ.srcs/sources_1/bd/design_1/ip/design_1_RISC_BENCHMARK_IP_0_0/synth/design_1_RISC_BENCHMARK_IP_0_0.v:76]
INFO: [Project 1-111] Unisim Transformation Summary:
No Unisim elements were transformed.

open_run: Time (s): cpu = 00:00:15 ; elapsed = 00:00:10 . Memory (MB): peak = 1481.176 ; gain = 483.352
synth_1
set benchmarkname "sha256"
sha256
read_checkpoint -cell [get_cell design_1_i/RISC_BENCHMARK_IP/inst] ../../Checkpoints/$benchmarkname.dcp
Command: read_checkpoint -cell [get_cells design_1_i/RISC_BENCHMARK_IP/inst] ../../Checkpoints/sha256.dcp
ERROR: [Common 17-69] Command failed: File 'C:/Users/aamalik3/Desktop/ICAP_Readback/Checkpoints/sha256.dcp' does not exist
pwd
C:/Users/aamalik3/Desktop/ICAP_Readback/Benchmarks/RISC_BENCHMARKS_BASE_PROJ
cd ../Bitfiles/WithCRC/
read_checkpoint -cell [get_cell design_1_i/RISC_BENCHMARK_IP/inst] ../../Checkpoints/$benchmarkname.dcp
Command: read_checkpoint -cell [get_cells design_1_i/RISC_BENCHMARK_IP/inst] ../../Checkpoints/sha256.dcp
INFO: [Netlist 29-17] Analyzing 519 Unisim elements for replacement
INFO: [Netlist 29-28] Unisim Transformation completed in 0 CPU seconds
synth_1
update_compile_order -fileset sources_1
opt_design
Command: opt_design
Attempting to get a license for feature 'Implementation' and/or device 'xc7z020'
INFO: [Common 17-349] Got license for feature 'Implementation' and/or device 'xc7z020'
Attempting to get a license: PartialReconfiguration
INFO: [Common 17-1540] The version limit for your license is '2023.12' and has expired for new software. A version limit expiration means that, although you may be able to continue to use the current version of tools or IP with this license, you will not be eligible for any updates or new releases.
Feature available: PartialReconfiguration
Running DRC as a precondition to command opt_design

Starting DRC Task
INFO: [DRC 23-27] Running DRC with 2 threads
INFO: [Project 1-461] DRC finished with 0 Errors
INFO: [Project 1-462] Please refer to the DRC report (report_drc) for more information.

Time (s): cpu = 00:00:01 ; elapsed = 00:00:00.515 . Memory (MB): peak = 1957.242 ; gain = 0.000

Starting Cache Timing Information Task
INFO: [Timing 38-35] Done setting XDC timing constraints.
Ending Cache Timing Information Task | Checksum: f574d0bd

Time (s): cpu = 00:00:01 ; elapsed = 00:00:00.376 . Memory (MB): peak = 2022.387 ; gain = 64.828

Starting Logic Optimization Task

Phase 1 Retarget
INFO: [Opt 31-138] Pushed 0 inverter(s) to 0 load pin(s).
INFO: [Opt 31-49] Retargeted 0 cell(s).
Phase 1 Retarget | Checksum: c3764814

Time (s): cpu = 00:00:01 ; elapsed = 00:00:00.609 . Memory (MB): peak = 2025.855 ; gain = 3.469
INFO: [Opt 31-389] Phase Retarget created 0 cells and removed 0 cells

Phase 2 Constant propagation
INFO: [Opt 31-138] Pushed 0 inverter(s) to 0 load pin(s).
Phase 2 Constant propagation | Checksum: d990e95e

Time (s): cpu = 00:00:01 ; elapsed = 00:00:00.754 . Memory (MB): peak = 2025.855 ; gain = 3.469
INFO: [Opt 31-389] Phase Constant propagation created 5 cells and removed 7 cells

Phase 3 Sweep
Phase 3 Sweep | Checksum: 634c1956

Time (s): cpu = 00:00:01 ; elapsed = 00:00:01 . Memory (MB): peak = 2025.855 ; gain = 3.469
INFO: [Opt 31-389] Phase Sweep created 0 cells and removed 243 cells

Phase 4 BUFG optimization
Phase 4 BUFG optimization | Checksum: 634c1956

Time (s): cpu = 00:00:01 ; elapsed = 00:00:01 . Memory (MB): peak = 2025.855 ; gain = 3.469
INFO: [Opt 31-662] Phase BUFG optimization created 0 cells of which 0 are BUFGs and removed 0 cells.

Phase 5 Shift Register Optimization
Phase 5 Shift Register Optimization | Checksum: 214259414

Time (s): cpu = 00:00:02 ; elapsed = 00:00:02 . Memory (MB): peak = 2025.855 ; gain = 3.469
INFO: [Opt 31-389] Phase Shift Register Optimization created 0 cells and removed 0 cells

Phase 6 Post Processing Netlist
Phase 6 Post Processing Netlist | Checksum: 214259414

Time (s): cpu = 00:00:02 ; elapsed = 00:00:02 . Memory (MB): peak = 2025.855 ; gain = 3.469
INFO: [Opt 31-389] Phase Post Processing Netlist created 0 cells and removed 0 cells

Starting Connectivity Check Task

Time (s): cpu = 00:00:00 ; elapsed = 00:00:00.015 . Memory (MB): peak = 2025.855 ; gain = 0.000
Ending Logic Optimization Task | Checksum: 214259414

Time (s): cpu = 00:00:02 ; elapsed = 00:00:02 . Memory (MB): peak = 2025.855 ; gain = 3.469

Starting Power Optimization Task
INFO: [Pwropt 34-132] Skipping clock gating for clocks with a period < 2.00 ns.
INFO: [Pwropt 34-232] Skipping BRAM gating because all BRAMs are in high frequency (i.e. period < 3.12 ns) clock domains.
INFO: [Pwropt 34-162] WRITE_MODE attribute of 0 BRAM(s) out of a total of 32 has been updated to save power. Run report_power_opt to get a complete listing of the BRAMs updated.
Ending Power Optimization Task | Checksum: 214259414

Time (s): cpu = 00:00:00 ; elapsed = 00:00:00.156 . Memory (MB): peak = 2047.629 ; gain = 21.773

Starting Final Cleanup Task
Ending Final Cleanup Task | Checksum: 214259414

Time (s): cpu = 00:00:00 ; elapsed = 00:00:00 . Memory (MB): peak = 2047.629 ; gain = 0.000
INFO: [Common 17-83] Releasing license: Implementation
19 Infos, 4 Warnings, 0 Critical Warnings and 0 Errors encountered.
opt_design completed successfully
place_design
Command: place_design
Attempting to get a license for feature 'Implementation' and/or device 'xc7z020'
INFO: [Common 17-349] Got license for feature 'Implementation' and/or device 'xc7z020'
INFO: [DRC 23-27] Running DRC with 2 threads
INFO: [Vivado_Tcl 4-198] DRC finished with 0 Errors
INFO: [Vivado_Tcl 4-199] Please refer to the DRC report (report_drc) for more information.
Running DRC as a precondition to command place_design
INFO: [DRC 23-27] Running DRC with 2 threads
WARNING: [DRC CHECK-3] Report rule limit reached: REQP-1839 rule limit reached: 20 violations have been found.
WARNING: [DRC REQP-1839] RAMB36 async control check: The RAMB36E1 design_1_i/RISC_BENCHMARK_IP/inst/cv32e40x_wrapper_i/dp_ram_1/memory_reg_0_0 has an input control pin design_1_i/RISC_BENCHMARK_IP/inst/cv32e40x_wrapper_i/dp_ram_1/memory_reg_0_0/ADDRARDADDR[14] (net: design_1_i/RISC_BENCHMARK_IP/inst/cv32e40x_wrapper_i/dp_ram_1/mem_address_b[16]) which is driven by a register (design_1_i/RISC_BENCHMARK_IP/inst/cv32e40x_wrapper_i/cv32e40x_core_i/id_stage_i/id_ex_pipe_o_reg[alu_operand_a][0]) that has an active asychronous set or reset. This may cause corruption of the memory contents and/or read values when the set/reset is asserted and is not analyzed by the default static timing analysis. It is suggested to eliminate the use of a set/reset to registers driving this RAMB pin or else use a synchronous reset in which the assertion of the reset is timed by default.
WARNING: [DRC REQP-1839] RAMB36 async control check: The RAMB36E1 design_1_i/RISC_BENCHMARK_IP/inst/cv32e40x_wrapper_i/dp_ram_1/memory_reg_0_0 has an input control pin design_1_i/RISC_BENCHMARK_IP/inst/cv32e40x_wrapper_i/dp_ram_1/memory_reg_0_0/ADDRARDADDR[14] (net: design_1_i/RISC_BENCHMARK_IP/inst/cv32e40x_wrapper_i/dp_ram_1/mem_address_b[16]) which is driven by a register (design_1_i/RISC_BENCHMARK_IP/inst/cv32e40x_wrapper_i/cv32e40x_core_i/id_stage_i/id_ex_pipe_o_reg[alu_operand_a][10]) that has an active asychronous set or reset. This may cause corruption of the memory contents and/or read values when the set/reset is asserted and is not analyzed by the default static timing analysis. It is suggested to eliminate the use of a set/reset to registers driving this RAMB pin or else use a synchronous reset in which the assertion of the reset is timed by default.
WARNING: [DRC REQP-1839] RAMB36 async control check: The RAMB36E1 design_1_i/RISC_BENCHMARK_IP/inst/cv32e40x_wrapper_i/dp_ram_1/memory_reg_0_0 has an input control pin design_1_i/RISC_BENCHMARK_IP/inst/cv32e40x_wrapper_i/dp_ram_1/memory_reg_0_0/ADDRARDADDR[14] (net: design_1_i/RISC_BENCHMARK_IP/inst/cv32e40x_wrapper_i/dp_ram_1/mem_address_b[16]) which is driven by a register (design_1_i/RISC_BENCHMARK_IP/inst/cv32e40x_wrapper_i/cv32e40x_core_i/id_stage_i/id_ex_pipe_o_reg[alu_operand_a][11]) that has an active asychronous set or reset. This may cause corruption of the memory contents and/or read values when the set/reset is asserted and is not analyzed by the default static timing analysis. It is suggested to eliminate the use of a set/reset to registers driving this RAMB pin or else use a synchronous reset in which the assertion of the reset is timed by default.
WARNING: [DRC REQP-1839] RAMB36 async control check: The RAMB36E1 design_1_i/RISC_BENCHMARK_IP/inst/cv32e40x_wrapper_i/dp_ram_1/memory_reg_0_0 has an input control pin design_1_i/RISC_BENCHMARK_IP/inst/cv32e40x_wrapper_i/dp_ram_1/memory_reg_0_0/ADDRARDADDR[14] (net: design_1_i/RISC_BENCHMARK_IP/inst/cv32e40x_wrapper_i/dp_ram_1/mem_address_b[16]) which is driven by a register (design_1_i/RISC_BENCHMARK_IP/inst/cv32e40x_wrapper_i/cv32e40x_core_i/id_stage_i/id_ex_pipe_o_reg[alu_operand_a][12]) that has an active asychronous set or reset. This may cause corruption of the memory contents and/or read values when the set/reset is asserted and is not analyzed by the default static timing analysis. It is suggested to eliminate the use of a set/reset to registers driving this RAMB pin or else use a synchronous reset in which the assertion of the reset is timed by default.
WARNING: [DRC REQP-1839] RAMB36 async control check: The RAMB36E1 design_1_i/RISC_BENCHMARK_IP/inst/cv32e40x_wrapper_i/dp_ram_1/memory_reg_0_0 has an input control pin design_1_i/RISC_BENCHMARK_IP/inst/cv32e40x_wrapper_i/dp_ram_1/memory_reg_0_0/ADDRARDADDR[14] (net: design_1_i/RISC_BENCHMARK_IP/inst/cv32e40x_wrapper_i/dp_ram_1/mem_address_b[16]) which is driven by a register (design_1_i/RISC_BENCHMARK_IP/inst/cv32e40x_wrapper_i/cv32e40x_core_i/id_stage_i/id_ex_pipe_o_reg[alu_operand_a][13]) that has an active asychronous set or reset. This may cause corruption of the memory contents and/or read values when the set/reset is asserted and is not analyzed by the default static timing analysis. It is suggested to eliminate the use of a set/reset to registers driving this RAMB pin or else use a synchronous reset in which the assertion of the reset is timed by default.
WARNING: [DRC REQP-1839] RAMB36 async control check: The RAMB36E1 design_1_i/RISC_BENCHMARK_IP/inst/cv32e40x_wrapper_i/dp_ram_1/memory_reg_0_0 has an input control pin design_1_i/RISC_BENCHMARK_IP/inst/cv32e40x_wrapper_i/dp_ram_1/memory_reg_0_0/ADDRARDADDR[14] (net: design_1_i/RISC_BENCHMARK_IP/inst/cv32e40x_wrapper_i/dp_ram_1/mem_address_b[16]) which is driven by a register (design_1_i/RISC_BENCHMARK_IP/inst/cv32e40x_wrapper_i/cv32e40x_core_i/id_stage_i/id_ex_pipe_o_reg[alu_operand_a][14]) that has an active asychronous set or reset. This may cause corruption of the memory contents and/or read values when the set/reset is asserted and is not analyzed by the default static timing analysis. It is suggested to eliminate the use of a set/reset to registers driving this RAMB pin or else use a synchronous reset in which the assertion of the reset is timed by default.
WARNING: [DRC REQP-1839] RAMB36 async control check: The RAMB36E1 design_1_i/RISC_BENCHMARK_IP/inst/cv32e40x_wrapper_i/dp_ram_1/memory_reg_0_0 has an input control pin design_1_i/RISC_BENCHMARK_IP/inst/cv32e40x_wrapper_i/dp_ram_1/memory_reg_0_0/ADDRARDADDR[14] (net: design_1_i/RISC_BENCHMARK_IP/inst/cv32e40x_wrapper_i/dp_ram_1/mem_address_b[16]) which is driven by a register (design_1_i/RISC_BENCHMARK_IP/inst/cv32e40x_wrapper_i/cv32e40x_core_i/id_stage_i/id_ex_pipe_o_reg[alu_operand_a][15]) that has an active asychronous set or reset. This may cause corruption of the memory contents and/or read values when the set/reset is asserted and is not analyzed by the default static timing analysis. It is suggested to eliminate the use of a set/reset to registers driving this RAMB pin or else use a synchronous reset in which the assertion of the reset is timed by default.
WARNING: [DRC REQP-1839] RAMB36 async control check: The RAMB36E1 design_1_i/RISC_BENCHMARK_IP/inst/cv32e40x_wrapper_i/dp_ram_1/memory_reg_0_0 has an input control pin design_1_i/RISC_BENCHMARK_IP/inst/cv32e40x_wrapper_i/dp_ram_1/memory_reg_0_0/ADDRARDADDR[14] (net: design_1_i/RISC_BENCHMARK_IP/inst/cv32e40x_wrapper_i/dp_ram_1/mem_address_b[16]) which is driven by a register (design_1_i/RISC_BENCHMARK_IP/inst/cv32e40x_wrapper_i/cv32e40x_core_i/id_stage_i/id_ex_pipe_o_reg[alu_operand_a][16]) that has an active asychronous set or reset. This may cause corruption of the memory contents and/or read values when the set/reset is asserted and is not analyzed by the default static timing analysis. It is suggested to eliminate the use of a set/reset to registers driving this RAMB pin or else use a synchronous reset in which the assertion of the reset is timed by default.
WARNING: [DRC REQP-1839] RAMB36 async control check: The RAMB36E1 design_1_i/RISC_BENCHMARK_IP/inst/cv32e40x_wrapper_i/dp_ram_1/memory_reg_0_0 has an input control pin design_1_i/RISC_BENCHMARK_IP/inst/cv32e40x_wrapper_i/dp_ram_1/memory_reg_0_0/ADDRARDADDR[14] (net: design_1_i/RISC_BENCHMARK_IP/inst/cv32e40x_wrapper_i/dp_ram_1/mem_address_b[16]) which is driven by a register (design_1_i/RISC_BENCHMARK_IP/inst/cv32e40x_wrapper_i/cv32e40x_core_i/id_stage_i/id_ex_pipe_o_reg[alu_operand_a][17]) that has an active asychronous set or reset. This may cause corruption of the memory contents and/or read values when the set/reset is asserted and is not analyzed by the default static timing analysis. It is suggested to eliminate the use of a set/reset to registers driving this RAMB pin or else use a synchronous reset in which the assertion of the reset is timed by default.
WARNING: [DRC REQP-1839] RAMB36 async control check: The RAMB36E1 design_1_i/RISC_BENCHMARK_IP/inst/cv32e40x_wrapper_i/dp_ram_1/memory_reg_0_0 has an input control pin design_1_i/RISC_BENCHMARK_IP/inst/cv32e40x_wrapper_i/dp_ram_1/memory_reg_0_0/ADDRARDADDR[14] (net: design_1_i/RISC_BENCHMARK_IP/inst/cv32e40x_wrapper_i/dp_ram_1/mem_address_b[16]) which is driven by a register (design_1_i/RISC_BENCHMARK_IP/inst/cv32e40x_wrapper_i/cv32e40x_core_i/id_stage_i/id_ex_pipe_o_reg[alu_operand_a][18]) that has an active asychronous set or reset. This may cause corruption of the memory contents and/or read values when the set/reset is asserted and is not analyzed by the default static timing analysis. It is suggested to eliminate the use of a set/reset to registers driving this RAMB pin or else use a synchronous reset in which the assertion of the reset is timed by default.
WARNING: [DRC REQP-1839] RAMB36 async control check: The RAMB36E1 design_1_i/RISC_BENCHMARK_IP/inst/cv32e40x_wrapper_i/dp_ram_1/memory_reg_0_0 has an input control pin design_1_i/RISC_BENCHMARK_IP/inst/cv32e40x_wrapper_i/dp_ram_1/memory_reg_0_0/ADDRARDADDR[14] (net: design_1_i/RISC_BENCHMARK_IP/inst/cv32e40x_wrapper_i/dp_ram_1/mem_address_b[16]) which is driven by a register (design_1_i/RISC_BENCHMARK_IP/inst/cv32e40x_wrapper_i/cv32e40x_core_i/id_stage_i/id_ex_pipe_o_reg[alu_operand_a][19]) that has an active asychronous set or reset. This may cause corruption of the memory contents and/or read values when the set/reset is asserted and is not analyzed by the default static timing analysis. It is suggested to eliminate the use of a set/reset to registers driving this RAMB pin or else use a synchronous reset in which the assertion of the reset is timed by default.
WARNING: [DRC REQP-1839] RAMB36 async control check: The RAMB36E1 design_1_i/RISC_BENCHMARK_IP/inst/cv32e40x_wrapper_i/dp_ram_1/memory_reg_0_0 has an input control pin design_1_i/RISC_BENCHMARK_IP/inst/cv32e40x_wrapper_i/dp_ram_1/memory_reg_0_0/ADDRARDADDR[14] (net: design_1_i/RISC_BENCHMARK_IP/inst/cv32e40x_wrapper_i/dp_ram_1/mem_address_b[16]) which is driven by a register (design_1_i/RISC_BENCHMARK_IP/inst/cv32e40x_wrapper_i/cv32e40x_core_i/id_stage_i/id_ex_pipe_o_reg[alu_operand_a][1]) that has an active asychronous set or reset. This may cause corruption of the memory contents and/or read values when the set/reset is asserted and is not analyzed by the default static timing analysis. It is suggested to eliminate the use of a set/reset to registers driving this RAMB pin or else use a synchronous reset in which the assertion of the reset is timed by default.
WARNING: [DRC REQP-1839] RAMB36 async control check: The RAMB36E1 design_1_i/RISC_BENCHMARK_IP/inst/cv32e40x_wrapper_i/dp_ram_1/memory_reg_0_0 has an input control pin design_1_i/RISC_BENCHMARK_IP/inst/cv32e40x_wrapper_i/dp_ram_1/memory_reg_0_0/ADDRARDADDR[14] (net: design_1_i/RISC_BENCHMARK_IP/inst/cv32e40x_wrapper_i/dp_ram_1/mem_address_b[16]) which is driven by a register (design_1_i/RISC_BENCHMARK_IP/inst/cv32e40x_wrapper_i/cv32e40x_core_i/id_stage_i/id_ex_pipe_o_reg[alu_operand_a][20]) that has an active asychronous set or reset. This may cause corruption of the memory contents and/or read values when the set/reset is asserted and is not analyzed by the default static timing analysis. It is suggested to eliminate the use of a set/reset to registers driving this RAMB pin or else use a synchronous reset in which the assertion of the reset is timed by default.
WARNING: [DRC REQP-1839] RAMB36 async control check: The RAMB36E1 design_1_i/RISC_BENCHMARK_IP/inst/cv32e40x_wrapper_i/dp_ram_1/memory_reg_0_0 has an input control pin design_1_i/RISC_BENCHMARK_IP/inst/cv32e40x_wrapper_i/dp_ram_1/memory_reg_0_0/ADDRARDADDR[14] (net: design_1_i/RISC_BENCHMARK_IP/inst/cv32e40x_wrapper_i/dp_ram_1/mem_address_b[16]) which is driven by a register (design_1_i/RISC_BENCHMARK_IP/inst/cv32e40x_wrapper_i/cv32e40x_core_i/id_stage_i/id_ex_pipe_o_reg[alu_operand_a][21]) that has an active asychronous set or reset. This may cause corruption of the memory contents and/or read values when the set/reset is asserted and is not analyzed by the default static timing analysis. It is suggested to eliminate the use of a set/reset to registers driving this RAMB pin or else use a synchronous reset in which the assertion of the reset is timed by default.
WARNING: [DRC REQP-1839] RAMB36 async control check: The RAMB36E1 design_1_i/RISC_BENCHMARK_IP/inst/cv32e40x_wrapper_i/dp_ram_1/memory_reg_0_0 has an input control pin design_1_i/RISC_BENCHMARK_IP/inst/cv32e40x_wrapper_i/dp_ram_1/memory_reg_0_0/ADDRARDADDR[14] (net: design_1_i/RISC_BENCHMARK_IP/inst/cv32e40x_wrapper_i/dp_ram_1/mem_address_b[16]) which is driven by a register (design_1_i/RISC_BENCHMARK_IP/inst/cv32e40x_wrapper_i/cv32e40x_core_i/id_stage_i/id_ex_pipe_o_reg[alu_operand_a][22]) that has an active asychronous set or reset. This may cause corruption of the memory contents and/or read values when the set/reset is asserted and is not analyzed by the default static timing analysis. It is suggested to eliminate the use of a set/reset to registers driving this RAMB pin or else use a synchronous reset in which the assertion of the reset is timed by default.
WARNING: [DRC REQP-1839] RAMB36 async control check: The RAMB36E1 design_1_i/RISC_BENCHMARK_IP/inst/cv32e40x_wrapper_i/dp_ram_1/memory_reg_0_0 has an input control pin design_1_i/RISC_BENCHMARK_IP/inst/cv32e40x_wrapper_i/dp_ram_1/memory_reg_0_0/ADDRARDADDR[14] (net: design_1_i/RISC_BENCHMARK_IP/inst/cv32e40x_wrapper_i/dp_ram_1/mem_address_b[16]) which is driven by a register (design_1_i/RISC_BENCHMARK_IP/inst/cv32e40x_wrapper_i/cv32e40x_core_i/id_stage_i/id_ex_pipe_o_reg[alu_operand_a][24]) that has an active asychronous set or reset. This may cause corruption of the memory contents and/or read values when the set/reset is asserted and is not analyzed by the default static timing analysis. It is suggested to eliminate the use of a set/reset to registers driving this RAMB pin or else use a synchronous reset in which the assertion of the reset is timed by default.
WARNING: [DRC REQP-1839] RAMB36 async control check: The RAMB36E1 design_1_i/RISC_BENCHMARK_IP/inst/cv32e40x_wrapper_i/dp_ram_1/memory_reg_0_0 has an input control pin design_1_i/RISC_BENCHMARK_IP/inst/cv32e40x_wrapper_i/dp_ram_1/memory_reg_0_0/ADDRARDADDR[14] (net: design_1_i/RISC_BENCHMARK_IP/inst/cv32e40x_wrapper_i/dp_ram_1/mem_address_b[16]) which is driven by a register (design_1_i/RISC_BENCHMARK_IP/inst/cv32e40x_wrapper_i/cv32e40x_core_i/id_stage_i/id_ex_pipe_o_reg[alu_operand_a][25]) that has an active asychronous set or reset. This may cause corruption of the memory contents and/or read values when the set/reset is asserted and is not analyzed by the default static timing analysis. It is suggested to eliminate the use of a set/reset to registers driving this RAMB pin or else use a synchronous reset in which the assertion of the reset is timed by default.
WARNING: [DRC REQP-1839] RAMB36 async control check: The RAMB36E1 design_1_i/RISC_BENCHMARK_IP/inst/cv32e40x_wrapper_i/dp_ram_1/memory_reg_0_0 has an input control pin design_1_i/RISC_BENCHMARK_IP/inst/cv32e40x_wrapper_i/dp_ram_1/memory_reg_0_0/ADDRARDADDR[14] (net: design_1_i/RISC_BENCHMARK_IP/inst/cv32e40x_wrapper_i/dp_ram_1/mem_address_b[16]) which is driven by a register (design_1_i/RISC_BENCHMARK_IP/inst/cv32e40x_wrapper_i/cv32e40x_core_i/id_stage_i/id_ex_pipe_o_reg[alu_operand_a][30]) that has an active asychronous set or reset. This may cause corruption of the memory contents and/or read values when the set/reset is asserted and is not analyzed by the default static timing analysis. It is suggested to eliminate the use of a set/reset to registers driving this RAMB pin or else use a synchronous reset in which the assertion of the reset is timed by default.
WARNING: [DRC REQP-1839] RAMB36 async control check: The RAMB36E1 design_1_i/RISC_BENCHMARK_IP/inst/cv32e40x_wrapper_i/dp_ram_1/memory_reg_0_0 has an input control pin design_1_i/RISC_BENCHMARK_IP/inst/cv32e40x_wrapper_i/dp_ram_1/memory_reg_0_0/ADDRARDADDR[14] (net: design_1_i/RISC_BENCHMARK_IP/inst/cv32e40x_wrapper_i/dp_ram_1/mem_address_b[16]) which is driven by a register (design_1_i/RISC_BENCHMARK_IP/inst/cv32e40x_wrapper_i/cv32e40x_core_i/id_stage_i/id_ex_pipe_o_reg[alu_operand_a][7]) that has an active asychronous set or reset. This may cause corruption of the memory contents and/or read values when the set/reset is asserted and is not analyzed by the default static timing analysis. It is suggested to eliminate the use of a set/reset to registers driving this RAMB pin or else use a synchronous reset in which the assertion of the reset is timed by default.
WARNING: [DRC REQP-1839] RAMB36 async control check: The RAMB36E1 design_1_i/RISC_BENCHMARK_IP/inst/cv32e40x_wrapper_i/dp_ram_1/memory_reg_0_0 has an input control pin design_1_i/RISC_BENCHMARK_IP/inst/cv32e40x_wrapper_i/dp_ram_1/memory_reg_0_0/ADDRARDADDR[14] (net: design_1_i/RISC_BENCHMARK_IP/inst/cv32e40x_wrapper_i/dp_ram_1/mem_address_b[16]) which is driven by a register (design_1_i/RISC_BENCHMARK_IP/inst/cv32e40x_wrapper_i/cv32e40x_core_i/id_stage_i/id_ex_pipe_o_reg[alu_operand_a][8]) that has an active asychronous set or reset. This may cause corruption of the memory contents and/or read values when the set/reset is asserted and is not analyzed by the default static timing analysis. It is suggested to eliminate the use of a set/reset to registers driving this RAMB pin or else use a synchronous reset in which the assertion of the reset is timed by default.
INFO: [Vivado_Tcl 4-198] DRC finished with 0 Errors, 21 Warnings
INFO: [Vivado_Tcl 4-199] Please refer to the DRC report (report_drc) for more information.

Starting Placer Task
INFO: [Place 30-611] Multithreading enabled for place_design using a maximum of 2 CPUs

Phase 1 Placer Initialization

Phase 1.1 Placer Initialization Netlist Sorting
Netlist sorting complete. Time (s): cpu = 00:00:00 ; elapsed = 00:00:00.015 . Memory (MB): peak = 2047.629 ; gain = 0.000
Phase 1.1 Placer Initialization Netlist Sorting | Checksum: 12d79b79b

Time (s): cpu = 00:00:00 ; elapsed = 00:00:00.031 . Memory (MB): peak = 2047.629 ; gain = 0.000
Netlist sorting complete. Time (s): cpu = 00:00:00 ; elapsed = 00:00:00.009 . Memory (MB): peak = 2047.629 ; gain = 0.000

Phase 1.2 IO Placement/ Clock Placement/ Build Placer Device
INFO: [Timing 38-35] Done setting XDC timing constraints.
Phase 1.2 IO Placement/ Clock Placement/ Build Placer Device | Checksum: 1c13038c

Time (s): cpu = 00:00:02 ; elapsed = 00:00:02 . Memory (MB): peak = 2047.629 ; gain = 0.000

Phase 1.3 Build Placer Netlist Model
Phase 1.3 Build Placer Netlist Model | Checksum: f8061e15

Time (s): cpu = 00:00:04 ; elapsed = 00:00:04 . Memory (MB): peak = 2053.574 ; gain = 5.945

Phase 1.4 Constrain Clocks/Macros
Phase 1.4 Constrain Clocks/Macros | Checksum: f8061e15

Time (s): cpu = 00:00:04 ; elapsed = 00:00:04 . Memory (MB): peak = 2053.574 ; gain = 5.945
Phase 1 Placer Initialization | Checksum: f8061e15

Time (s): cpu = 00:00:04 ; elapsed = 00:00:04 . Memory (MB): peak = 2053.574 ; gain = 5.945

Phase 2 Global Placement

Phase 2.1 Floorplanning
Phase 2.1 Floorplanning | Checksum: f6170ef5

Time (s): cpu = 00:00:05 ; elapsed = 00:00:04 . Memory (MB): peak = 2053.574 ; gain = 5.945

Phase 2.2 Physical Synthesis In Placer
INFO: [Physopt 32-65] No nets found for high-fanout optimization.
INFO: [Physopt 32-232] Optimized 0 net. Created 0 new instance.
INFO: [Physopt 32-775] End 1 Pass. Optimized 0 net or cell. Created 0 new cell, deleted 0 existing cell and moved 0 existing cell
INFO: [Physopt 32-64] No nets found for fanout-optimization.
INFO: [Physopt 32-232] Optimized 0 net. Created 0 new instance.
INFO: [Physopt 32-775] End 1 Pass. Optimized 0 net or cell. Created 0 new cell, deleted 0 existing cell and moved 0 existing cell
INFO: [Physopt 32-117] Net design_1_i/RISC_BENCHMARK_IP/inst/cv32e40x_wrapper_i/cv32e40x_core_i/id_stage_i/WEA[0] could not be optimized because driver design_1_i/RISC_BENCHMARK_IP/inst/cv32e40x_wrapper_i/cv32e40x_core_i/id_stage_i/memory_reg_0_0_i_1__0 could not be replicated
INFO: [Physopt 32-117] Net design_1_i/RISC_BENCHMARK_IP/inst/cv32e40x_wrapper_i/cv32e40x_core_i/id_stage_i/memory_reg_0_2_0[0] could not be optimized because driver design_1_i/RISC_BENCHMARK_IP/inst/cv32e40x_wrapper_i/cv32e40x_core_i/id_stage_i/memory_reg_0_0_i_1__2 could not be replicated
INFO: [Physopt 32-117] Net design_1_i/RISC_BENCHMARK_IP/inst/cv32e40x_wrapper_i/cv32e40x_core_i/id_stage_i/memory_reg_0_2_1[0] could not be optimized because driver design_1_i/RISC_BENCHMARK_IP/inst/cv32e40x_wrapper_i/cv32e40x_core_i/id_stage_i/memory_reg_0_0_i_2 could not be replicated
INFO: [Physopt 32-117] Net design_1_i/RISC_BENCHMARK_IP/inst/cv32e40x_wrapper_i/cv32e40x_core_i/id_stage_i/memory_reg_0_7_1[0] could not be optimized because driver design_1_i/RISC_BENCHMARK_IP/inst/cv32e40x_wrapper_i/cv32e40x_core_i/id_stage_i/memory_reg_0_5_i_1__1 could not be replicated
INFO: [Physopt 32-117] Net design_1_i/RISC_BENCHMARK_IP/inst/cv32e40x_wrapper_i/cv32e40x_core_i/id_stage_i/memory_reg_0_7_0[0] could not be optimized because driver design_1_i/RISC_BENCHMARK_IP/inst/cv32e40x_wrapper_i/cv32e40x_core_i/id_stage_i/memory_reg_0_5_i_1__0 could not be replicated
INFO: [Physopt 32-117] Net design_1_i/RISC_BENCHMARK_IP/inst/cv32e40x_wrapper_i/cv32e40x_core_i/id_stage_i/memory_reg_0_7_2[0] could not be optimized because driver design_1_i/RISC_BENCHMARK_IP/inst/cv32e40x_wrapper_i/cv32e40x_core_i/id_stage_i/memory_reg_0_5_i_1__2 could not be replicated
INFO: [Physopt 32-117] Net design_1_i/RISC_BENCHMARK_IP/inst/cv32e40x_wrapper_i/cv32e40x_core_i/id_stage_i/memory_reg_0_2_0[1] could not be optimized because driver design_1_i/RISC_BENCHMARK_IP/inst/cv32e40x_wrapper_i/cv32e40x_core_i/id_stage_i/memory_reg_0_2_i_1__1 could not be replicated
INFO: [Physopt 32-117] Net design_1_i/RISC_BENCHMARK_IP/inst/cv32e40x_wrapper_i/cv32e40x_core_i/id_stage_i/memory_reg_0_7[0] could not be optimized because driver design_1_i/RISC_BENCHMARK_IP/inst/cv32e40x_wrapper_i/cv32e40x_core_i/id_stage_i/memory_reg_0_5_i_1 could not be replicated
INFO: [Physopt 32-117] Net design_1_i/RISC_BENCHMARK_IP/inst/cv32e40x_wrapper_i/cv32e40x_core_i/id_stage_i/memory_reg_0_2_1[1] could not be optimized because driver design_1_i/RISC_BENCHMARK_IP/inst/cv32e40x_wrapper_i/cv32e40x_core_i/id_stage_i/memory_reg_0_2_i_1__2 could not be replicated
INFO: [Physopt 32-117] Net design_1_i/RISC_BENCHMARK_IP/inst/cv32e40x_wrapper_i/cv32e40x_core_i/id_stage_i/memory_reg_0_2[0] could not be optimized because driver design_1_i/RISC_BENCHMARK_IP/inst/cv32e40x_wrapper_i/cv32e40x_core_i/id_stage_i/memory_reg_0_0_i_1__1 could not be replicated
INFO: [Physopt 32-117] Net design_1_i/RISC_BENCHMARK_IP/inst/cv32e40x_wrapper_i/cv32e40x_core_i/id_stage_i/WEA[1] could not be optimized because driver design_1_i/RISC_BENCHMARK_IP/inst/cv32e40x_wrapper_i/cv32e40x_core_i/id_stage_i/memory_reg_0_2_i_1 could not be replicated
INFO: [Physopt 32-117] Net design_1_i/RISC_BENCHMARK_IP/inst/cv32e40x_wrapper_i/cv32e40x_core_i/if_stage_i/prefetch_unit_i/alignment_buffer_i/memory_reg_0_7 could not be optimized because driver design_1_i/RISC_BENCHMARK_IP/inst/cv32e40x_wrapper_i/cv32e40x_core_i/if_stage_i/prefetch_unit_i/alignment_buffer_i/memory_reg_0_4_i_1 could not be replicated
INFO: [Physopt 32-117] Net design_1_i/RISC_BENCHMARK_IP/inst/cv32e40x_wrapper_i/cv32e40x_core_i/if_stage_i/prefetch_unit_i/alignment_buffer_i/memory_reg_0_3 could not be optimized because driver design_1_i/RISC_BENCHMARK_IP/inst/cv32e40x_wrapper_i/cv32e40x_core_i/if_stage_i/prefetch_unit_i/alignment_buffer_i/memory_reg_0_0_i_1 could not be replicated
INFO: [Physopt 32-68] No nets found for critical-cell optimization.
INFO: [Physopt 32-232] Optimized 0 net. Created 0 new instance.
INFO: [Physopt 32-775] End 1 Pass. Optimized 0 net or cell. Created 0 new cell, deleted 0 existing cell and moved 0 existing cell
Netlist sorting complete. Time (s): cpu = 00:00:00 ; elapsed = 00:00:00.014 . Memory (MB): peak = 2053.574 ; gain = 0.000

Summary of Physical Synthesis Optimizations
============================================


-----------------------------------------------------------------------------------------------------------------------------
|  Optimization       |  Added Cells  |  Removed Cells  |  Optimized Cells/Nets  |  Dont Touch  |  Iterations  |  Elapsed   |
-----------------------------------------------------------------------------------------------------------------------------
|  Very High Fanout   |            0  |              0  |                     0  |           0  |           1  |  00:00:00  |
|  Fanout             |            0  |              0  |                     0  |           0  |           1  |  00:00:00  |
|  Critical Cell      |            0  |              0  |                     0  |           0  |           1  |  00:00:00  |
|  Total              |            0  |              0  |                     0  |           0  |           3  |  00:00:00  |
-----------------------------------------------------------------------------------------------------------------------------


Phase 2.2 Physical Synthesis In Placer | Checksum: 1e94cf667

Time (s): cpu = 00:00:18 ; elapsed = 00:00:10 . Memory (MB): peak = 2053.574 ; gain = 5.945
Phase 2 Global Placement | Checksum: 186c870b7

Time (s): cpu = 00:00:18 ; elapsed = 00:00:11 . Memory (MB): peak = 2053.574 ; gain = 5.945

Phase 3 Detail Placement

Phase 3.1 Commit Multi Column Macros
Phase 3.1 Commit Multi Column Macros | Checksum: 186c870b7

Time (s): cpu = 00:00:18 ; elapsed = 00:00:11 . Memory (MB): peak = 2053.574 ; gain = 5.945

Phase 3.2 Commit Most Macros & LUTRAMs
Phase 3.2 Commit Most Macros & LUTRAMs | Checksum: f572ef80

Time (s): cpu = 00:00:19 ; elapsed = 00:00:12 . Memory (MB): peak = 2053.574 ; gain = 5.945

Phase 3.3 Area Swap Optimization
Phase 3.3 Area Swap Optimization | Checksum: 150e6c4ac

Time (s): cpu = 00:00:19 ; elapsed = 00:00:12 . Memory (MB): peak = 2053.574 ; gain = 5.945

Phase 3.4 Pipeline Register Optimization
Phase 3.4 Pipeline Register Optimization | Checksum: 150e6c4ac

Time (s): cpu = 00:00:20 ; elapsed = 00:00:12 . Memory (MB): peak = 2053.574 ; gain = 5.945

Phase 3.5 Timing Path Optimizer
Phase 3.5 Timing Path Optimizer | Checksum: 150e6c4ac

Time (s): cpu = 00:00:20 ; elapsed = 00:00:12 . Memory (MB): peak = 2053.574 ; gain = 5.945

Phase 3.6 Fast Optimization
Phase 3.6 Fast Optimization | Checksum: fcf8b036

Time (s): cpu = 00:00:22 ; elapsed = 00:00:15 . Memory (MB): peak = 2053.574 ; gain = 5.945

Phase 3.7 Small Shape Detail Placement

Phase 3.7.1 Place Remaining
Phase 3.7.1 Place Remaining | Checksum: 1d727fd13

Time (s): cpu = 00:00:25 ; elapsed = 00:00:19 . Memory (MB): peak = 2053.574 ; gain = 5.945
Phase 3.7 Small Shape Detail Placement | Checksum: 1d727fd13

Time (s): cpu = 00:00:25 ; elapsed = 00:00:19 . Memory (MB): peak = 2053.574 ; gain = 5.945

Phase 3.8 Re-assign LUT pins
Phase 3.8 Re-assign LUT pins | Checksum: 15c7716f2

Time (s): cpu = 00:00:27 ; elapsed = 00:00:20 . Memory (MB): peak = 2053.574 ; gain = 5.945

Phase 3.9 Pipeline Register Optimization
Phase 3.9 Pipeline Register Optimization | Checksum: 15c7716f2

Time (s): cpu = 00:00:27 ; elapsed = 00:00:20 . Memory (MB): peak = 2053.574 ; gain = 5.945

Phase 3.10 Fast Optimization
Phase 3.10 Fast Optimization | Checksum: 1fd86138c

Time (s): cpu = 00:00:32 ; elapsed = 00:00:26 . Memory (MB): peak = 2053.574 ; gain = 5.945
Phase 3 Detail Placement | Checksum: 1fd86138c

Time (s): cpu = 00:00:32 ; elapsed = 00:00:26 . Memory (MB): peak = 2053.574 ; gain = 5.945

Phase 4 Post Placement Optimization and Clean-Up

Phase 4.1 Post Commit Optimization
INFO: [Timing 38-35] Done setting XDC timing constraints.

Phase 4.1.1 Post Placement Optimization
Post Placement Optimization Initialization | Checksum: 1b98b6c3e

Phase 4.1.1.1 BUFG Insertion
INFO: [Place 46-31] BUFG insertion identified 0 candidate nets, 0 success, 0 skipped for placement/routing, 0 skipped for timing, 0 skipped for netlist change reason.
Phase 4.1.1.1 BUFG Insertion | Checksum: 1b98b6c3e

Time (s): cpu = 00:00:34 ; elapsed = 00:00:27 . Memory (MB): peak = 2086.125 ; gain = 38.496
INFO: [Place 30-746] Post Placement Timing Summary WNS=-4.317. For the most accurate timing information please run report_timing.
Phase 4.1.1 Post Placement Optimization | Checksum: b7358d82

Time (s): cpu = 00:00:46 ; elapsed = 00:00:47 . Memory (MB): peak = 2086.328 ; gain = 38.699
Phase 4.1 Post Commit Optimization | Checksum: b7358d82

Time (s): cpu = 00:00:46 ; elapsed = 00:00:47 . Memory (MB): peak = 2086.328 ; gain = 38.699

Phase 4.2 Post Placement Cleanup
Phase 4.2 Post Placement Cleanup | Checksum: b7358d82

Time (s): cpu = 00:00:46 ; elapsed = 00:00:47 . Memory (MB): peak = 2086.328 ; gain = 38.699

Phase 4.3 Placer Reporting
Phase 4.3 Placer Reporting | Checksum: b7358d82

Time (s): cpu = 00:00:46 ; elapsed = 00:00:47 . Memory (MB): peak = 2086.328 ; gain = 38.699

Phase 4.4 Final Placement Cleanup
Phase 4.4 Final Placement Cleanup | Checksum: bffcaa59

Time (s): cpu = 00:00:46 ; elapsed = 00:00:47 . Memory (MB): peak = 2086.328 ; gain = 38.699
Phase 4 Post Placement Optimization and Clean-Up | Checksum: bffcaa59

Time (s): cpu = 00:00:46 ; elapsed = 00:00:47 . Memory (MB): peak = 2086.328 ; gain = 38.699
Ending Placer Task | Checksum: 51ab9c42

Time (s): cpu = 00:00:46 ; elapsed = 00:00:48 . Memory (MB): peak = 2086.328 ; gain = 38.699
INFO: [Common 17-83] Releasing license: Implementation
35 Infos, 21 Warnings, 0 Critical Warnings and 0 Errors encountered.
place_design completed successfully
place_design: Time (s): cpu = 00:00:53 ; elapsed = 00:00:50 . Memory (MB): peak = 2095.031 ; gain = 47.402
route_design
Command: route_design
Attempting to get a license for feature 'Implementation' and/or device 'xc7z020'
INFO: [Common 17-349] Got license for feature 'Implementation' and/or device 'xc7z020'
Running DRC as a precondition to command route_design
INFO: [DRC 23-27] Running DRC with 2 threads
INFO: [Vivado_Tcl 4-198] DRC finished with 0 Errors
INFO: [Vivado_Tcl 4-199] Please refer to the DRC report (report_drc) for more information.


Starting Routing Task
INFO: [Route 35-254] Multithreading enabled for route_design using a maximum of 2 CPUs
Checksum: PlaceDB: c72a079 ConstDB: 0 ShapeSum: 4538fbc9 RouteDB: 0

Phase 1 Build RT Design
Phase 1 Build RT Design | Checksum: 219704222

Time (s): cpu = 00:00:18 ; elapsed = 00:00:16 . Memory (MB): peak = 2209.922 ; gain = 99.383
Post Restoration Checksum: NetGraph: 5f8660b1 NumContArr: fe676f44 Constraints: bb82722d Timing: 0

Phase 2 Router Initialization

Phase 2.1 Create Timer
Phase 2.1 Create Timer | Checksum: 219704222

Time (s): cpu = 00:00:19 ; elapsed = 00:00:16 . Memory (MB): peak = 2210.125 ; gain = 99.586

Phase 2.2 Fix Topology Constraints
Phase 2.2 Fix Topology Constraints | Checksum: 219704222

Time (s): cpu = 00:00:19 ; elapsed = 00:00:16 . Memory (MB): peak = 2210.125 ; gain = 99.586

Phase 2.3 Pre Route Cleanup
Phase 2.3 Pre Route Cleanup | Checksum: 219704222

Time (s): cpu = 00:00:19 ; elapsed = 00:00:16 . Memory (MB): peak = 2210.125 ; gain = 99.586
 Number of Nodes with overlaps = 0

Phase 2.4 Update Timing
Phase 2.4 Update Timing | Checksum: 26544d2a1

Time (s): cpu = 00:00:21 ; elapsed = 00:00:17 . Memory (MB): peak = 2234.918 ; gain = 124.379
INFO: [Route 35-416] Intermediate Timing Summary | WNS=-4.304 | TNS=-4482.874| WHS=-0.181 | THS=-32.392|

Phase 2 Router Initialization | Checksum: 21e0682ea

Time (s): cpu = 00:00:21 ; elapsed = 00:00:18 . Memory (MB): peak = 2259.395 ; gain = 148.855

Phase 3 Initial Routing
Phase 3 Initial Routing | Checksum: 1a9ba84e8

Time (s): cpu = 00:00:42 ; elapsed = 00:00:28 . Memory (MB): peak = 2294.910 ; gain = 184.371

Phase 4 Rip-up And Reroute

Phase 4.1 Global Iteration 0
 Number of Nodes with overlaps = 2329
 Number of Nodes with overlaps = 366
 Number of Nodes with overlaps = 80
 Number of Nodes with overlaps = 17
 Number of Nodes with overlaps = 7
 Number of Nodes with overlaps = 1
 Number of Nodes with overlaps = 1
 Number of Nodes with overlaps = 0
INFO: [Route 35-416] Intermediate Timing Summary | WNS=-5.084 | TNS=-5670.212| WHS=N/A    | THS=N/A    |

Phase 4.1 Global Iteration 0 | Checksum: 2a2bc8583

Time (s): cpu = 00:00:58 ; elapsed = 00:00:37 . Memory (MB): peak = 2294.910 ; gain = 184.371

Phase 4.2 Global Iteration 1
 Number of Nodes with overlaps = 143
 Number of Nodes with overlaps = 133
 Number of Nodes with overlaps = 78
 Number of Nodes with overlaps = 40
 Number of Nodes with overlaps = 26
 Number of Nodes with overlaps = 25
 Number of Nodes with overlaps = 14
 Number of Nodes with overlaps = 8
 Number of Nodes with overlaps = 3
 Number of Nodes with overlaps = 3
 Number of Nodes with overlaps = 1
 Number of Nodes with overlaps = 1
 Number of Nodes with overlaps = 0
INFO: [Route 35-416] Intermediate Timing Summary | WNS=-4.321 | TNS=-4987.653| WHS=N/A    | THS=N/A    |

Phase 4.2 Global Iteration 1 | Checksum: 356234e48

Time (s): cpu = 00:01:05 ; elapsed = 00:00:42 . Memory (MB): peak = 2294.910 ; gain = 184.371

Phase 4.3 Global Iteration 2
 Number of Nodes with overlaps = 182
 Number of Nodes with overlaps = 64
 Number of Nodes with overlaps = 59
 Number of Nodes with overlaps = 38
 Number of Nodes with overlaps = 20
 Number of Nodes with overlaps = 18
 Number of Nodes with overlaps = 8
 Number of Nodes with overlaps = 5
 Number of Nodes with overlaps = 4
 Number of Nodes with overlaps = 2
 Number of Nodes with overlaps = 1
 Number of Nodes with overlaps = 0
INFO: [Route 35-416] Intermediate Timing Summary | WNS=-4.383 | TNS=-4853.758| WHS=N/A    | THS=N/A    |

Phase 4.3 Global Iteration 2 | Checksum: 22ac37a44

Time (s): cpu = 00:01:10 ; elapsed = 00:00:45 . Memory (MB): peak = 2294.910 ; gain = 184.371
Phase 4 Rip-up And Reroute | Checksum: 22ac37a44

Time (s): cpu = 00:01:10 ; elapsed = 00:00:45 . Memory (MB): peak = 2294.910 ; gain = 184.371

Phase 5 Delay and Skew Optimization

Phase 5.1 Delay CleanUp

Phase 5.1.1 Update Timing
Phase 5.1.1 Update Timing | Checksum: 1fe19a677

Time (s): cpu = 00:01:11 ; elapsed = 00:00:46 . Memory (MB): peak = 2294.910 ; gain = 184.371
INFO: [Route 35-416] Intermediate Timing Summary | WNS=-4.184 | TNS=-4724.466| WHS=N/A    | THS=N/A    |

 Number of Nodes with overlaps = 0
Phase 5.1 Delay CleanUp | Checksum: 26c7beae9

Time (s): cpu = 00:01:11 ; elapsed = 00:00:46 . Memory (MB): peak = 2294.910 ; gain = 184.371

Phase 5.2 Clock Skew Optimization
Phase 5.2 Clock Skew Optimization | Checksum: 26c7beae9

Time (s): cpu = 00:01:11 ; elapsed = 00:00:46 . Memory (MB): peak = 2294.910 ; gain = 184.371
Phase 5 Delay and Skew Optimization | Checksum: 26c7beae9

Time (s): cpu = 00:01:11 ; elapsed = 00:00:46 . Memory (MB): peak = 2294.910 ; gain = 184.371

Phase 6 Post Hold Fix

Phase 6.1 Hold Fix Iter

Phase 6.1.1 Update Timing
Phase 6.1.1 Update Timing | Checksum: 247cb12c6

Time (s): cpu = 00:01:11 ; elapsed = 00:00:47 . Memory (MB): peak = 2294.910 ; gain = 184.371
INFO: [Route 35-416] Intermediate Timing Summary | WNS=-4.178 | TNS=-4702.657| WHS=0.041  | THS=0.000  |

Phase 6.1 Hold Fix Iter | Checksum: 24ac27df6

Time (s): cpu = 00:01:11 ; elapsed = 00:00:47 . Memory (MB): peak = 2294.910 ; gain = 184.371
Phase 6 Post Hold Fix | Checksum: 24ac27df6

Time (s): cpu = 00:01:12 ; elapsed = 00:00:47 . Memory (MB): peak = 2294.910 ; gain = 184.371

Phase 7 Route finalize

Router Utilization Summary
  Global Vertical Routing Utilization    = 3.26566 %
  Global Horizontal Routing Utilization  = 4.04986 %
  Routable Net Status*
  *Does not include unroutable nets such as driverless and loadless.
  Run report_route_status for detailed report.
  Number of Failed Nets               = 0
  Number of Unrouted Nets             = 0
  Number of Partially Routed Nets     = 0
  Number of Node Overlaps             = 0

Congestion Report
North Dir 1x1 Area, Max Cong = 81.0811%, No Congested Regions.
South Dir 1x1 Area, Max Cong = 83.7838%, No Congested Regions.
East Dir 1x1 Area, Max Cong = 97.0588%, Congestion bounded by tiles (Lower Left Tile -> Upper Right Tile):
   INT_R_X17Y28 -> INT_R_X17Y28
   INT_R_X19Y26 -> INT_R_X19Y26
   INT_R_X17Y25 -> INT_R_X17Y25
   INT_L_X20Y25 -> INT_L_X20Y25
   INT_R_X17Y23 -> INT_R_X17Y23
West Dir 1x1 Area, Max Cong = 91.1765%, Congestion bounded by tiles (Lower Left Tile -> Upper Right Tile):
   INT_L_X20Y24 -> INT_L_X20Y24
   INT_R_X19Y23 -> INT_R_X19Y23
   INT_L_X20Y23 -> INT_L_X20Y23
   INT_R_X21Y23 -> INT_R_X21Y23
   INT_L_X16Y21 -> INT_L_X16Y21

------------------------------
Reporting congestion hotspots
------------------------------
Direction: North
----------------
Congested clusters found at Level 0
Effective congestion level: 0 Aspect Ratio: 1 Sparse Ratio: 0
Direction: South
----------------
Congested clusters found at Level 0
Effective congestion level: 0 Aspect Ratio: 1 Sparse Ratio: 0
Direction: East
----------------
Congested clusters found at Level 0
Effective congestion level: 1 Aspect Ratio: 1 Sparse Ratio: 1
Direction: West
----------------
Congested clusters found at Level 0
Effective congestion level: 1 Aspect Ratio: 0.666667 Sparse Ratio: 1

Phase 7 Route finalize | Checksum: 1d8a526fb

Time (s): cpu = 00:01:12 ; elapsed = 00:00:47 . Memory (MB): peak = 2294.910 ; gain = 184.371

Phase 8 Verifying routed nets

 Verification completed successfully
Phase 8 Verifying routed nets | Checksum: 1d8a526fb

Time (s): cpu = 00:01:12 ; elapsed = 00:00:47 . Memory (MB): peak = 2294.910 ; gain = 184.371

Phase 9 Depositing Routes
Phase 9 Depositing Routes | Checksum: 1d0221eaf

Time (s): cpu = 00:01:13 ; elapsed = 00:00:48 . Memory (MB): peak = 2294.910 ; gain = 184.371

Phase 10 Post Router Timing
INFO: [Route 35-57] Estimated Timing Summary | WNS=-4.178 | TNS=-4702.657| WHS=0.041  | THS=0.000  |

WARNING: [Route 35-328] Router estimated timing not met.
Resolution: For a complete and accurate timing signoff, report_timing_summary must be run after route_design. Alternatively, route_design can be run with the -timing_summary option to enable a complete timing signoff at the end of route_design.
Phase 10 Post Router Timing | Checksum: 1d0221eaf

Time (s): cpu = 00:01:13 ; elapsed = 00:00:48 . Memory (MB): peak = 2294.910 ; gain = 184.371
INFO: [Route 35-16] Router Completed Successfully

Time (s): cpu = 00:01:14 ; elapsed = 00:00:49 . Memory (MB): peak = 2294.910 ; gain = 184.371

Routing Is Done.
INFO: [Common 17-83] Releasing license: Implementation
14 Infos, 1 Warnings, 0 Critical Warnings and 0 Errors encountered.
route_design completed successfully
route_design: Time (s): cpu = 00:01:16 ; elapsed = 00:00:51 . Memory (MB): peak = 2294.910 ; gain = 194.277
file mkdir $benchmarkname
write_bitstream -force -file ./$benchmarkname/$benchmarkname.bit
Command: write_bitstream -force -file ./sha256/sha256.bit
Attempting to get a license for feature 'Implementation' and/or device 'xc7z020'
INFO: [Common 17-349] Got license for feature 'Implementation' and/or device 'xc7z020'
Running DRC as a precondition to command write_bitstream
INFO: [DRC 23-27] Running DRC with 2 threads
WARNING: [DRC CHECK-3] Report rule limit reached: REQP-1839 rule limit reached: 20 violations have been found.
WARNING: [DRC DPIP-1] Input pipelining: DSP design_1_i/RISC_BENCHMARK_IP/inst/cv32e40x_wrapper_i/cv32e40x_core_i/ex_stage_i/mul.mult_i/int_result input design_1_i/RISC_BENCHMARK_IP/inst/cv32e40x_wrapper_i/cv32e40x_core_i/ex_stage_i/mul.mult_i/int_result/A[29:0] is not pipelined. Pipelining DSP48 input will improve performance.
WARNING: [DRC DPIP-1] Input pipelining: DSP design_1_i/RISC_BENCHMARK_IP/inst/cv32e40x_wrapper_i/cv32e40x_core_i/ex_stage_i/mul.mult_i/int_result input design_1_i/RISC_BENCHMARK_IP/inst/cv32e40x_wrapper_i/cv32e40x_core_i/ex_stage_i/mul.mult_i/int_result/B[17:0] is not pipelined. Pipelining DSP48 input will improve performance.
WARNING: [DRC DPIP-1] Input pipelining: DSP design_1_i/RISC_BENCHMARK_IP/inst/cv32e40x_wrapper_i/cv32e40x_core_i/ex_stage_i/mul.mult_i/int_result__0 input design_1_i/RISC_BENCHMARK_IP/inst/cv32e40x_wrapper_i/cv32e40x_core_i/ex_stage_i/mul.mult_i/int_result__0/A[29:0] is not pipelined. Pipelining DSP48 input will improve performance.
WARNING: [DRC DPIP-1] Input pipelining: DSP design_1_i/RISC_BENCHMARK_IP/inst/cv32e40x_wrapper_i/cv32e40x_core_i/ex_stage_i/mul.mult_i/int_result__0 input design_1_i/RISC_BENCHMARK_IP/inst/cv32e40x_wrapper_i/cv32e40x_core_i/ex_stage_i/mul.mult_i/int_result__0/B[17:0] is not pipelined. Pipelining DSP48 input will improve performance.
WARNING: [DRC DPIP-1] Input pipelining: DSP design_1_i/RISC_BENCHMARK_IP/inst/cv32e40x_wrapper_i/cv32e40x_core_i/ex_stage_i/mul.mult_i/int_result__1 input design_1_i/RISC_BENCHMARK_IP/inst/cv32e40x_wrapper_i/cv32e40x_core_i/ex_stage_i/mul.mult_i/int_result__1/B[17:0] is not pipelined. Pipelining DSP48 input will improve performance.
WARNING: [DRC DPOP-1] PREG Output pipelining: DSP design_1_i/RISC_BENCHMARK_IP/inst/cv32e40x_wrapper_i/cv32e40x_core_i/ex_stage_i/mul.mult_i/int_result output design_1_i/RISC_BENCHMARK_IP/inst/cv32e40x_wrapper_i/cv32e40x_core_i/ex_stage_i/mul.mult_i/int_result/P[47:0] is not pipelined (PREG=0). Pipelining the DSP48 output will improve performance and often saves power so it is suggested whenever possible to fully pipeline this function.  If this DSP48 function was inferred, it is suggested to describe an additional register stage after this function.  If the DSP48 was instantiated in the design, it is suggested to set the PREG attribute to 1.
WARNING: [DRC DPOP-1] PREG Output pipelining: DSP design_1_i/RISC_BENCHMARK_IP/inst/cv32e40x_wrapper_i/cv32e40x_core_i/ex_stage_i/mul.mult_i/int_result__0 output design_1_i/RISC_BENCHMARK_IP/inst/cv32e40x_wrapper_i/cv32e40x_core_i/ex_stage_i/mul.mult_i/int_result__0/P[47:0] is not pipelined (PREG=0). Pipelining the DSP48 output will improve performance and often saves power so it is suggested whenever possible to fully pipeline this function.  If this DSP48 function was inferred, it is suggested to describe an additional register stage after this function.  If the DSP48 was instantiated in the design, it is suggested to set the PREG attribute to 1.
WARNING: [DRC DPOP-1] PREG Output pipelining: DSP design_1_i/RISC_BENCHMARK_IP/inst/cv32e40x_wrapper_i/cv32e40x_core_i/ex_stage_i/mul.mult_i/int_result__1 output design_1_i/RISC_BENCHMARK_IP/inst/cv32e40x_wrapper_i/cv32e40x_core_i/ex_stage_i/mul.mult_i/int_result__1/P[47:0] is not pipelined (PREG=0). Pipelining the DSP48 output will improve performance and often saves power so it is suggested whenever possible to fully pipeline this function.  If this DSP48 function was inferred, it is suggested to describe an additional register stage after this function.  If the DSP48 was instantiated in the design, it is suggested to set the PREG attribute to 1.
WARNING: [DRC DPOP-2] MREG Output pipelining: DSP design_1_i/RISC_BENCHMARK_IP/inst/cv32e40x_wrapper_i/cv32e40x_core_i/ex_stage_i/mul.mult_i/int_result multiplier stage design_1_i/RISC_BENCHMARK_IP/inst/cv32e40x_wrapper_i/cv32e40x_core_i/ex_stage_i/mul.mult_i/int_result/P[47:0] is not pipelined (MREG=0). Pipelining the multiplier function will improve performance and will save significant power so it is suggested whenever possible to fully pipeline this function.  If this multiplier was inferred, it is suggested to describe an additional register stage after this function.  If there is no registered adder/accumulator following the multiply function, two pipeline stages are suggested to allow both the MREG and PREG registers to be used.  If the DSP48 was instantiated in the design, it is suggested to set both the MREG and PREG attributes to 1 when performing multiply functions.
WARNING: [DRC DPOP-2] MREG Output pipelining: DSP design_1_i/RISC_BENCHMARK_IP/inst/cv32e40x_wrapper_i/cv32e40x_core_i/ex_stage_i/mul.mult_i/int_result__0 multiplier stage design_1_i/RISC_BENCHMARK_IP/inst/cv32e40x_wrapper_i/cv32e40x_core_i/ex_stage_i/mul.mult_i/int_result__0/P[47:0] is not pipelined (MREG=0). Pipelining the multiplier function will improve performance and will save significant power so it is suggested whenever possible to fully pipeline this function.  If this multiplier was inferred, it is suggested to describe an additional register stage after this function.  If there is no registered adder/accumulator following the multiply function, two pipeline stages are suggested to allow both the MREG and PREG registers to be used.  If the DSP48 was instantiated in the design, it is suggested to set both the MREG and PREG attributes to 1 when performing multiply functions.
WARNING: [DRC DPOP-2] MREG Output pipelining: DSP design_1_i/RISC_BENCHMARK_IP/inst/cv32e40x_wrapper_i/cv32e40x_core_i/ex_stage_i/mul.mult_i/int_result__1 multiplier stage design_1_i/RISC_BENCHMARK_IP/inst/cv32e40x_wrapper_i/cv32e40x_core_i/ex_stage_i/mul.mult_i/int_result__1/P[47:0] is not pipelined (MREG=0). Pipelining the multiplier function will improve performance and will save significant power so it is suggested whenever possible to fully pipeline this function.  If this multiplier was inferred, it is suggested to describe an additional register stage after this function.  If there is no registered adder/accumulator following the multiply function, two pipeline stages are suggested to allow both the MREG and PREG registers to be used.  If the DSP48 was instantiated in the design, it is suggested to set both the MREG and PREG attributes to 1 when performing multiply functions.
WARNING: [DRC REQP-1839] RAMB36 async control check: The RAMB36E1 design_1_i/RISC_BENCHMARK_IP/inst/cv32e40x_wrapper_i/dp_ram_1/memory_reg_0_0 has an input control pin design_1_i/RISC_BENCHMARK_IP/inst/cv32e40x_wrapper_i/dp_ram_1/memory_reg_0_0/ADDRARDADDR[14] (net: design_1_i/RISC_BENCHMARK_IP/inst/cv32e40x_wrapper_i/dp_ram_1/mem_address_b[16]) which is driven by a register (design_1_i/RISC_BENCHMARK_IP/inst/cv32e40x_wrapper_i/cv32e40x_core_i/id_stage_i/id_ex_pipe_o_reg[alu_operand_a][0]) that has an active asychronous set or reset. This may cause corruption of the memory contents and/or read values when the set/reset is asserted and is not analyzed by the default static timing analysis. It is suggested to eliminate the use of a set/reset to registers driving this RAMB pin or else use a synchronous reset in which the assertion of the reset is timed by default.
WARNING: [DRC REQP-1839] RAMB36 async control check: The RAMB36E1 design_1_i/RISC_BENCHMARK_IP/inst/cv32e40x_wrapper_i/dp_ram_1/memory_reg_0_0 has an input control pin design_1_i/RISC_BENCHMARK_IP/inst/cv32e40x_wrapper_i/dp_ram_1/memory_reg_0_0/ADDRARDADDR[14] (net: design_1_i/RISC_BENCHMARK_IP/inst/cv32e40x_wrapper_i/dp_ram_1/mem_address_b[16]) which is driven by a register (design_1_i/RISC_BENCHMARK_IP/inst/cv32e40x_wrapper_i/cv32e40x_core_i/id_stage_i/id_ex_pipe_o_reg[alu_operand_a][10]) that has an active asychronous set or reset. This may cause corruption of the memory contents and/or read values when the set/reset is asserted and is not analyzed by the default static timing analysis. It is suggested to eliminate the use of a set/reset to registers driving this RAMB pin or else use a synchronous reset in which the assertion of the reset is timed by default.
WARNING: [DRC REQP-1839] RAMB36 async control check: The RAMB36E1 design_1_i/RISC_BENCHMARK_IP/inst/cv32e40x_wrapper_i/dp_ram_1/memory_reg_0_0 has an input control pin design_1_i/RISC_BENCHMARK_IP/inst/cv32e40x_wrapper_i/dp_ram_1/memory_reg_0_0/ADDRARDADDR[14] (net: design_1_i/RISC_BENCHMARK_IP/inst/cv32e40x_wrapper_i/dp_ram_1/mem_address_b[16]) which is driven by a register (design_1_i/RISC_BENCHMARK_IP/inst/cv32e40x_wrapper_i/cv32e40x_core_i/id_stage_i/id_ex_pipe_o_reg[alu_operand_a][11]) that has an active asychronous set or reset. This may cause corruption of the memory contents and/or read values when the set/reset is asserted and is not analyzed by the default static timing analysis. It is suggested to eliminate the use of a set/reset to registers driving this RAMB pin or else use a synchronous reset in which the assertion of the reset is timed by default.
WARNING: [DRC REQP-1839] RAMB36 async control check: The RAMB36E1 design_1_i/RISC_BENCHMARK_IP/inst/cv32e40x_wrapper_i/dp_ram_1/memory_reg_0_0 has an input control pin design_1_i/RISC_BENCHMARK_IP/inst/cv32e40x_wrapper_i/dp_ram_1/memory_reg_0_0/ADDRARDADDR[14] (net: design_1_i/RISC_BENCHMARK_IP/inst/cv32e40x_wrapper_i/dp_ram_1/mem_address_b[16]) which is driven by a register (design_1_i/RISC_BENCHMARK_IP/inst/cv32e40x_wrapper_i/cv32e40x_core_i/id_stage_i/id_ex_pipe_o_reg[alu_operand_a][12]) that has an active asychronous set or reset. This may cause corruption of the memory contents and/or read values when the set/reset is asserted and is not analyzed by the default static timing analysis. It is suggested to eliminate the use of a set/reset to registers driving this RAMB pin or else use a synchronous reset in which the assertion of the reset is timed by default.
WARNING: [DRC REQP-1839] RAMB36 async control check: The RAMB36E1 design_1_i/RISC_BENCHMARK_IP/inst/cv32e40x_wrapper_i/dp_ram_1/memory_reg_0_0 has an input control pin design_1_i/RISC_BENCHMARK_IP/inst/cv32e40x_wrapper_i/dp_ram_1/memory_reg_0_0/ADDRARDADDR[14] (net: design_1_i/RISC_BENCHMARK_IP/inst/cv32e40x_wrapper_i/dp_ram_1/mem_address_b[16]) which is driven by a register (design_1_i/RISC_BENCHMARK_IP/inst/cv32e40x_wrapper_i/cv32e40x_core_i/id_stage_i/id_ex_pipe_o_reg[alu_operand_a][13]) that has an active asychronous set or reset. This may cause corruption of the memory contents and/or read values when the set/reset is asserted and is not analyzed by the default static timing analysis. It is suggested to eliminate the use of a set/reset to registers driving this RAMB pin or else use a synchronous reset in which the assertion of the reset is timed by default.
WARNING: [DRC REQP-1839] RAMB36 async control check: The RAMB36E1 design_1_i/RISC_BENCHMARK_IP/inst/cv32e40x_wrapper_i/dp_ram_1/memory_reg_0_0 has an input control pin design_1_i/RISC_BENCHMARK_IP/inst/cv32e40x_wrapper_i/dp_ram_1/memory_reg_0_0/ADDRARDADDR[14] (net: design_1_i/RISC_BENCHMARK_IP/inst/cv32e40x_wrapper_i/dp_ram_1/mem_address_b[16]) which is driven by a register (design_1_i/RISC_BENCHMARK_IP/inst/cv32e40x_wrapper_i/cv32e40x_core_i/id_stage_i/id_ex_pipe_o_reg[alu_operand_a][14]) that has an active asychronous set or reset. This may cause corruption of the memory contents and/or read values when the set/reset is asserted and is not analyzed by the default static timing analysis. It is suggested to eliminate the use of a set/reset to registers driving this RAMB pin or else use a synchronous reset in which the assertion of the reset is timed by default.
WARNING: [DRC REQP-1839] RAMB36 async control check: The RAMB36E1 design_1_i/RISC_BENCHMARK_IP/inst/cv32e40x_wrapper_i/dp_ram_1/memory_reg_0_0 has an input control pin design_1_i/RISC_BENCHMARK_IP/inst/cv32e40x_wrapper_i/dp_ram_1/memory_reg_0_0/ADDRARDADDR[14] (net: design_1_i/RISC_BENCHMARK_IP/inst/cv32e40x_wrapper_i/dp_ram_1/mem_address_b[16]) which is driven by a register (design_1_i/RISC_BENCHMARK_IP/inst/cv32e40x_wrapper_i/cv32e40x_core_i/id_stage_i/id_ex_pipe_o_reg[alu_operand_a][15]) that has an active asychronous set or reset. This may cause corruption of the memory contents and/or read values when the set/reset is asserted and is not analyzed by the default static timing analysis. It is suggested to eliminate the use of a set/reset to registers driving this RAMB pin or else use a synchronous reset in which the assertion of the reset is timed by default.
WARNING: [DRC REQP-1839] RAMB36 async control check: The RAMB36E1 design_1_i/RISC_BENCHMARK_IP/inst/cv32e40x_wrapper_i/dp_ram_1/memory_reg_0_0 has an input control pin design_1_i/RISC_BENCHMARK_IP/inst/cv32e40x_wrapper_i/dp_ram_1/memory_reg_0_0/ADDRARDADDR[14] (net: design_1_i/RISC_BENCHMARK_IP/inst/cv32e40x_wrapper_i/dp_ram_1/mem_address_b[16]) which is driven by a register (design_1_i/RISC_BENCHMARK_IP/inst/cv32e40x_wrapper_i/cv32e40x_core_i/id_stage_i/id_ex_pipe_o_reg[alu_operand_a][16]) that has an active asychronous set or reset. This may cause corruption of the memory contents and/or read values when the set/reset is asserted and is not analyzed by the default static timing analysis. It is suggested to eliminate the use of a set/reset to registers driving this RAMB pin or else use a synchronous reset in which the assertion of the reset is timed by default.
WARNING: [DRC REQP-1839] RAMB36 async control check: The RAMB36E1 design_1_i/RISC_BENCHMARK_IP/inst/cv32e40x_wrapper_i/dp_ram_1/memory_reg_0_0 has an input control pin design_1_i/RISC_BENCHMARK_IP/inst/cv32e40x_wrapper_i/dp_ram_1/memory_reg_0_0/ADDRARDADDR[14] (net: design_1_i/RISC_BENCHMARK_IP/inst/cv32e40x_wrapper_i/dp_ram_1/mem_address_b[16]) which is driven by a register (design_1_i/RISC_BENCHMARK_IP/inst/cv32e40x_wrapper_i/cv32e40x_core_i/id_stage_i/id_ex_pipe_o_reg[alu_operand_a][17]) that has an active asychronous set or reset. This may cause corruption of the memory contents and/or read values when the set/reset is asserted and is not analyzed by the default static timing analysis. It is suggested to eliminate the use of a set/reset to registers driving this RAMB pin or else use a synchronous reset in which the assertion of the reset is timed by default.
WARNING: [DRC REQP-1839] RAMB36 async control check: The RAMB36E1 design_1_i/RISC_BENCHMARK_IP/inst/cv32e40x_wrapper_i/dp_ram_1/memory_reg_0_0 has an input control pin design_1_i/RISC_BENCHMARK_IP/inst/cv32e40x_wrapper_i/dp_ram_1/memory_reg_0_0/ADDRARDADDR[14] (net: design_1_i/RISC_BENCHMARK_IP/inst/cv32e40x_wrapper_i/dp_ram_1/mem_address_b[16]) which is driven by a register (design_1_i/RISC_BENCHMARK_IP/inst/cv32e40x_wrapper_i/cv32e40x_core_i/id_stage_i/id_ex_pipe_o_reg[alu_operand_a][18]) that has an active asychronous set or reset. This may cause corruption of the memory contents and/or read values when the set/reset is asserted and is not analyzed by the default static timing analysis. It is suggested to eliminate the use of a set/reset to registers driving this RAMB pin or else use a synchronous reset in which the assertion of the reset is timed by default.
WARNING: [DRC REQP-1839] RAMB36 async control check: The RAMB36E1 design_1_i/RISC_BENCHMARK_IP/inst/cv32e40x_wrapper_i/dp_ram_1/memory_reg_0_0 has an input control pin design_1_i/RISC_BENCHMARK_IP/inst/cv32e40x_wrapper_i/dp_ram_1/memory_reg_0_0/ADDRARDADDR[14] (net: design_1_i/RISC_BENCHMARK_IP/inst/cv32e40x_wrapper_i/dp_ram_1/mem_address_b[16]) which is driven by a register (design_1_i/RISC_BENCHMARK_IP/inst/cv32e40x_wrapper_i/cv32e40x_core_i/id_stage_i/id_ex_pipe_o_reg[alu_operand_a][19]) that has an active asychronous set or reset. This may cause corruption of the memory contents and/or read values when the set/reset is asserted and is not analyzed by the default static timing analysis. It is suggested to eliminate the use of a set/reset to registers driving this RAMB pin or else use a synchronous reset in which the assertion of the reset is timed by default.
WARNING: [DRC REQP-1839] RAMB36 async control check: The RAMB36E1 design_1_i/RISC_BENCHMARK_IP/inst/cv32e40x_wrapper_i/dp_ram_1/memory_reg_0_0 has an input control pin design_1_i/RISC_BENCHMARK_IP/inst/cv32e40x_wrapper_i/dp_ram_1/memory_reg_0_0/ADDRARDADDR[14] (net: design_1_i/RISC_BENCHMARK_IP/inst/cv32e40x_wrapper_i/dp_ram_1/mem_address_b[16]) which is driven by a register (design_1_i/RISC_BENCHMARK_IP/inst/cv32e40x_wrapper_i/cv32e40x_core_i/id_stage_i/id_ex_pipe_o_reg[alu_operand_a][1]) that has an active asychronous set or reset. This may cause corruption of the memory contents and/or read values when the set/reset is asserted and is not analyzed by the default static timing analysis. It is suggested to eliminate the use of a set/reset to registers driving this RAMB pin or else use a synchronous reset in which the assertion of the reset is timed by default.
WARNING: [DRC REQP-1839] RAMB36 async control check: The RAMB36E1 design_1_i/RISC_BENCHMARK_IP/inst/cv32e40x_wrapper_i/dp_ram_1/memory_reg_0_0 has an input control pin design_1_i/RISC_BENCHMARK_IP/inst/cv32e40x_wrapper_i/dp_ram_1/memory_reg_0_0/ADDRARDADDR[14] (net: design_1_i/RISC_BENCHMARK_IP/inst/cv32e40x_wrapper_i/dp_ram_1/mem_address_b[16]) which is driven by a register (design_1_i/RISC_BENCHMARK_IP/inst/cv32e40x_wrapper_i/cv32e40x_core_i/id_stage_i/id_ex_pipe_o_reg[alu_operand_a][20]) that has an active asychronous set or reset. This may cause corruption of the memory contents and/or read values when the set/reset is asserted and is not analyzed by the default static timing analysis. It is suggested to eliminate the use of a set/reset to registers driving this RAMB pin or else use a synchronous reset in which the assertion of the reset is timed by default.
WARNING: [DRC REQP-1839] RAMB36 async control check: The RAMB36E1 design_1_i/RISC_BENCHMARK_IP/inst/cv32e40x_wrapper_i/dp_ram_1/memory_reg_0_0 has an input control pin design_1_i/RISC_BENCHMARK_IP/inst/cv32e40x_wrapper_i/dp_ram_1/memory_reg_0_0/ADDRARDADDR[14] (net: design_1_i/RISC_BENCHMARK_IP/inst/cv32e40x_wrapper_i/dp_ram_1/mem_address_b[16]) which is driven by a register (design_1_i/RISC_BENCHMARK_IP/inst/cv32e40x_wrapper_i/cv32e40x_core_i/id_stage_i/id_ex_pipe_o_reg[alu_operand_a][21]) that has an active asychronous set or reset. This may cause corruption of the memory contents and/or read values when the set/reset is asserted and is not analyzed by the default static timing analysis. It is suggested to eliminate the use of a set/reset to registers driving this RAMB pin or else use a synchronous reset in which the assertion of the reset is timed by default.
WARNING: [DRC REQP-1839] RAMB36 async control check: The RAMB36E1 design_1_i/RISC_BENCHMARK_IP/inst/cv32e40x_wrapper_i/dp_ram_1/memory_reg_0_0 has an input control pin design_1_i/RISC_BENCHMARK_IP/inst/cv32e40x_wrapper_i/dp_ram_1/memory_reg_0_0/ADDRARDADDR[14] (net: design_1_i/RISC_BENCHMARK_IP/inst/cv32e40x_wrapper_i/dp_ram_1/mem_address_b[16]) which is driven by a register (design_1_i/RISC_BENCHMARK_IP/inst/cv32e40x_wrapper_i/cv32e40x_core_i/id_stage_i/id_ex_pipe_o_reg[alu_operand_a][22]) that has an active asychronous set or reset. This may cause corruption of the memory contents and/or read values when the set/reset is asserted and is not analyzed by the default static timing analysis. It is suggested to eliminate the use of a set/reset to registers driving this RAMB pin or else use a synchronous reset in which the assertion of the reset is timed by default.
WARNING: [DRC REQP-1839] RAMB36 async control check: The RAMB36E1 design_1_i/RISC_BENCHMARK_IP/inst/cv32e40x_wrapper_i/dp_ram_1/memory_reg_0_0 has an input control pin design_1_i/RISC_BENCHMARK_IP/inst/cv32e40x_wrapper_i/dp_ram_1/memory_reg_0_0/ADDRARDADDR[14] (net: design_1_i/RISC_BENCHMARK_IP/inst/cv32e40x_wrapper_i/dp_ram_1/mem_address_b[16]) which is driven by a register (design_1_i/RISC_BENCHMARK_IP/inst/cv32e40x_wrapper_i/cv32e40x_core_i/id_stage_i/id_ex_pipe_o_reg[alu_operand_a][24]) that has an active asychronous set or reset. This may cause corruption of the memory contents and/or read values when the set/reset is asserted and is not analyzed by the default static timing analysis. It is suggested to eliminate the use of a set/reset to registers driving this RAMB pin or else use a synchronous reset in which the assertion of the reset is timed by default.
WARNING: [DRC REQP-1839] RAMB36 async control check: The RAMB36E1 design_1_i/RISC_BENCHMARK_IP/inst/cv32e40x_wrapper_i/dp_ram_1/memory_reg_0_0 has an input control pin design_1_i/RISC_BENCHMARK_IP/inst/cv32e40x_wrapper_i/dp_ram_1/memory_reg_0_0/ADDRARDADDR[14] (net: design_1_i/RISC_BENCHMARK_IP/inst/cv32e40x_wrapper_i/dp_ram_1/mem_address_b[16]) which is driven by a register (design_1_i/RISC_BENCHMARK_IP/inst/cv32e40x_wrapper_i/cv32e40x_core_i/id_stage_i/id_ex_pipe_o_reg[alu_operand_a][25]) that has an active asychronous set or reset. This may cause corruption of the memory contents and/or read values when the set/reset is asserted and is not analyzed by the default static timing analysis. It is suggested to eliminate the use of a set/reset to registers driving this RAMB pin or else use a synchronous reset in which the assertion of the reset is timed by default.
WARNING: [DRC REQP-1839] RAMB36 async control check: The RAMB36E1 design_1_i/RISC_BENCHMARK_IP/inst/cv32e40x_wrapper_i/dp_ram_1/memory_reg_0_0 has an input control pin design_1_i/RISC_BENCHMARK_IP/inst/cv32e40x_wrapper_i/dp_ram_1/memory_reg_0_0/ADDRARDADDR[14] (net: design_1_i/RISC_BENCHMARK_IP/inst/cv32e40x_wrapper_i/dp_ram_1/mem_address_b[16]) which is driven by a register (design_1_i/RISC_BENCHMARK_IP/inst/cv32e40x_wrapper_i/cv32e40x_core_i/id_stage_i/id_ex_pipe_o_reg[alu_operand_a][30]) that has an active asychronous set or reset. This may cause corruption of the memory contents and/or read values when the set/reset is asserted and is not analyzed by the default static timing analysis. It is suggested to eliminate the use of a set/reset to registers driving this RAMB pin or else use a synchronous reset in which the assertion of the reset is timed by default.
WARNING: [DRC REQP-1839] RAMB36 async control check: The RAMB36E1 design_1_i/RISC_BENCHMARK_IP/inst/cv32e40x_wrapper_i/dp_ram_1/memory_reg_0_0 has an input control pin design_1_i/RISC_BENCHMARK_IP/inst/cv32e40x_wrapper_i/dp_ram_1/memory_reg_0_0/ADDRARDADDR[14] (net: design_1_i/RISC_BENCHMARK_IP/inst/cv32e40x_wrapper_i/dp_ram_1/mem_address_b[16]) which is driven by a register (design_1_i/RISC_BENCHMARK_IP/inst/cv32e40x_wrapper_i/cv32e40x_core_i/id_stage_i/id_ex_pipe_o_reg[alu_operand_a][7]) that has an active asychronous set or reset. This may cause corruption of the memory contents and/or read values when the set/reset is asserted and is not analyzed by the default static timing analysis. It is suggested to eliminate the use of a set/reset to registers driving this RAMB pin or else use a synchronous reset in which the assertion of the reset is timed by default.
WARNING: [DRC REQP-1839] RAMB36 async control check: The RAMB36E1 design_1_i/RISC_BENCHMARK_IP/inst/cv32e40x_wrapper_i/dp_ram_1/memory_reg_0_0 has an input control pin design_1_i/RISC_BENCHMARK_IP/inst/cv32e40x_wrapper_i/dp_ram_1/memory_reg_0_0/ADDRARDADDR[14] (net: design_1_i/RISC_BENCHMARK_IP/inst/cv32e40x_wrapper_i/dp_ram_1/mem_address_b[16]) which is driven by a register (design_1_i/RISC_BENCHMARK_IP/inst/cv32e40x_wrapper_i/cv32e40x_core_i/id_stage_i/id_ex_pipe_o_reg[alu_operand_a][8]) that has an active asychronous set or reset. This may cause corruption of the memory contents and/or read values when the set/reset is asserted and is not analyzed by the default static timing analysis. It is suggested to eliminate the use of a set/reset to registers driving this RAMB pin or else use a synchronous reset in which the assertion of the reset is timed by default.
INFO: [Vivado 12-3199] DRC finished with 0 Errors, 32 Warnings
INFO: [Vivado 12-3200] Please refer to the DRC report (report_drc) for more information.
Partition "pblock_risc" Reconfigurable Module "design_1_i/RISC_BENCHMARK_IP/inst"
INFO: [Designutils 20-2272] Running write_bitstream with 2 threads.
Loading data files...
Loading site data...
Loading route data...
Processing options...
Creating bitmap...
Creating bitstream...
Writing bitstream ./sha256/sha256.bit...
Process Partition "pblock_risc"
INFO: [Designutils 20-2272] Running write_bitstream with 2 threads.
Loading data files...
Loading site data...
Loading route data...
Processing options...
Partition "pblock_risc" has RESET_AFTER_RECONFIG = TRUE.
Creating bitmap...
Creating bitstream...
Partial bitstream contains 11154528 bits.
Writing bitstream ./sha256/sha256_pblock_risc_partial.bit...
INFO: [Vivado 12-1842] Bitgen Completed Successfully.
INFO: [Common 17-83] Releasing license: Implementation
8 Infos, 32 Warnings, 0 Critical Warnings and 0 Errors encountered.
write_bitstream completed successfully
write_bitstream: Time (s): cpu = 00:00:26 ; elapsed = 00:00:22 . Memory (MB): peak = 2721.473 ; gain = 426.562
./sha256/sha256.bit
write_cfgmem -force -format BIN -interface SMAPx32 -disablebitswap -loadbit "up 0 ./$benchmarkname/${benchmarkname}_pblock_risc_partial.bit" ./$benchmarkname/${benchmarkname}_partial.bin
Command: write_cfgmem -force -format BIN -interface SMAPx32 -disablebitswap -loadbit {up 0 ./sha256/sha256_pblock_risc_partial.bit} ./sha256/sha256_partial.bin
Creating config memory files...
INFO: [Writecfgmem 68-23] Start address provided has been multiplied by a factor of 4 due to the use of interface SMAPX32.
Creating bitstream load up from address 0x00000000
Loading bitfile ./sha256/sha256_pblock_risc_partial.bit
WARNING: [Writecfgmem 68-32] Bitfile ./sha256/sha256_pblock_risc_partial.bit is a partial reconfiguration bitfile. It is not possible to validate that this bitfile is compatible with the SMAPX32 interface.
Memory size is calculated to be 2 MB
Writing file ./sha256/sha256_partial.bin
Writing log file ./sha256/sha256_partial.prm
===================================
Configuration Memory information
===================================
File Format        BIN
Interface          SMAPX32
Size               2M
Start Address      0x00000000
End Address        0x001FFFFF

Addr1         Addr2         Date                    File(s)
0x00000000    0x0015468B    Jan  3 16:55:32 2024    ./sha256/sha256_pblock_risc_partial.bit
1 Infos, 1 Warnings, 0 Critical Warnings and 0 Errors encountered.
write_cfgmem completed successfully
file delete ./$benchmarkname/${benchmarkname}.prm
export_ip_user_files -of_objects  [get_files C:/Users/aamalik3/Desktop/ICAP_Readback/Benchmarks/Checkpoints/${benchmarkname}.dcp] -no_script -reset -force -quiet
remove_files  C:/Users/aamalik3/Desktop/ICAP_Readback/Benchmarks/Checkpoints/${benchmarkname}.dcp
C:/Users/aamalik3/Desktop/ICAP_Readback/Benchmarks/Checkpoints/sha256.dcp
report_utilization -hierarchical > ./$benchmarkname/${benchmarkname}_.txt
Copyright 1986-2018 Xilinx, Inc. All Rights Reserved.
------------------------------------------------------------------------------------
| Tool Version : Vivado v.2018.2 (win64) Build 2258646 Thu Jun 14 20:03:12 MDT 2018
| Date         : Wed Jan  3 16:55:34 2024
| Host         : sophitia running 64-bit major release  (build 9200)
| Command      : report_utilization -hierarchical
| Design       : design_1_wrapper
| Device       : 7z020clg484-1
| Design State : Routed
------------------------------------------------------------------------------------

Utilization Design Information

Table of Contents
-----------------
1. Utilization by Hierarchy

1. Utilization by Hierarchy
---------------------------

+-----------------------------------------------------------------------------+-----------------------------------------------------------------------------------+----------------+--------------+------------+------------+---------+------+------+--------+--------+--------------+
|                                   Instance                                  |                                       Module                                      |  PR Attribute  | Total PPLOCs | Total LUTs | Logic LUTs | LUTRAMs | SRLs |  FFs | RAMB36 | RAMB18 | DSP48 Blocks |
+-----------------------------------------------------------------------------+-----------------------------------------------------------------------------------+----------------+--------------+------------+------------+---------+------+------+--------+--------+--------------+
| design_1_wrapper                                                            |                                                                             (top) |              - |           37 |       4734 |       4672 |       0 |   62 | 3440 |     32 |      0 |            3 |
|   (design_1_wrapper)                                                        |                                                                             (top) |              - |            - |          0 |          0 |       0 |    0 |    0 |      0 |      0 |            0 |
|   design_1_i                                                                |                                                                          design_1 |              - |            - |       4734 |       4672 |       0 |   62 | 3440 |     32 |      0 |            3 |
|     GSR_GPIO                                                                |                                                             design_1_axi_gpio_0_0 |         Static |            - |         34 |         34 |       0 |    0 |   36 |      0 |      0 |            0 |
|       U0                                                                    |                                                    design_1_axi_gpio_0_0_axi_gpio |         Static |            - |         34 |         34 |       0 |    0 |   36 |      0 |      0 |            0 |
|         (U0)                                                                |                                                    design_1_axi_gpio_0_0_axi_gpio |         Static |            - |          0 |          0 |       0 |    0 |    4 |      0 |      0 |            0 |
|         AXI_LITE_IPIF_I                                                     |                                               design_1_axi_gpio_0_0_axi_lite_ipif |         Static |            - |         30 |         30 |       0 |    0 |   28 |      0 |      0 |            0 |
|           I_SLAVE_ATTACHMENT                                                |                                            design_1_axi_gpio_0_0_slave_attachment |         Static |            - |         30 |         30 |       0 |    0 |   28 |      0 |      0 |            0 |
|             (I_SLAVE_ATTACHMENT)                                            |                                            design_1_axi_gpio_0_0_slave_attachment |         Static |            - |         20 |         20 |       0 |    0 |   22 |      0 |      0 |            0 |
|             I_DECODER                                                       |                                             design_1_axi_gpio_0_0_address_decoder |         Static |            - |         10 |         10 |       0 |    0 |    6 |      0 |      0 |            0 |
|               (I_DECODER)                                                   |                                             design_1_axi_gpio_0_0_address_decoder |         Static |            - |          8 |          8 |       0 |    0 |    6 |      0 |      0 |            0 |
|               MEM_DECODE_GEN[0].PER_CE_GEN[0].MULTIPLE_CES_THIS_CS_GEN.CE_I |                                                   design_1_axi_gpio_0_0_pselect_f |         Static |            - |          1 |          1 |       0 |    0 |    0 |      0 |      0 |            0 |
|               MEM_DECODE_GEN[0].PER_CE_GEN[2].MULTIPLE_CES_THIS_CS_GEN.CE_I |                                   design_1_axi_gpio_0_0_pselect_f__parameterized1 |         Static |            - |          1 |          1 |       0 |    0 |    0 |      0 |      0 |            0 |
|         gpio_core_1                                                         |                                                   design_1_axi_gpio_0_0_GPIO_Core |         Static |            - |          4 |          4 |       0 |    0 |    4 |      0 |      0 |            0 |
|     RISC_BENCHMARK_IP                                                       |                                                    design_1_RISC_BENCHMARK_IP_0_0 |              - |            - |       4070 |       4070 |       0 |    0 | 2356 |     32 |      0 |            3 |
|       inst                                                                  |                                                                 RISC_BENCHMARK_IP | Reconfigurable |           37 |       4070 |       4070 |       0 |    0 | 2356 |     32 |      0 |            3 |
|         (inst)                                                              |                                                                 RISC_BENCHMARK_IP | Reconfigurable |            - |          0 |          0 |       0 |    0 |   33 |      0 |      0 |            0 |
|         cv32e40x_wrapper_i                                                  |                                                                  cv32e40x_wrapper | Reconfigurable |            - |       4070 |       4070 |       0 |    0 | 2323 |     32 |      0 |            3 |
|           (cv32e40x_wrapper_i)                                              |                                                                  cv32e40x_wrapper | Reconfigurable |            - |         50 |         50 |       0 |    0 |   35 |      0 |      0 |            0 |
|           cv32e40x_core_i                                                   |                                                                     cv32e40x_core | Reconfigurable |            - |       4003 |       4003 |       0 |    0 | 2288 |      0 |      0 |            3 |
|             controller_i                                                    |                                                               cv32e40x_controller | Reconfigurable |            - |         69 |         69 |       0 |    0 |   11 |      0 |      0 |            0 |
|               controller_fsm_i                                              |                                                           cv32e40x_controller_fsm | Reconfigurable |            - |         69 |         69 |       0 |    0 |   11 |      0 |      0 |            0 |
|             cs_registers_i                                                  |                                                             cv32e40x_cs_registers | Reconfigurable |            - |         92 |         92 |       0 |    0 |  424 |      0 |      0 |            0 |
|               (cs_registers_i)                                              |                                                             cv32e40x_cs_registers | Reconfigurable |            - |          0 |          0 |       0 |    0 |  130 |      0 |      0 |            0 |
|               basic_mode_csrs.mcause_csr_i                                  |                                                                      cv32e40x_csr | Reconfigurable |            - |          1 |          1 |       0 |    0 |   12 |      0 |      0 |            0 |
|               basic_mode_csrs.mie_csr_i                                     |                                                                    cv32e40x_csr_0 | Reconfigurable |            - |          0 |          0 |       0 |    0 |   19 |      0 |      0 |            0 |
|               basic_mode_csrs.mtvec_csr_i                                   |                                                      cv32e40x_csr__parameterized1 | Reconfigurable |            - |          0 |          0 |       0 |    0 |   26 |      0 |      0 |            0 |
|               debug_triggers_i                                              |                                                           cv32e40x_debug_triggers | Reconfigurable |            - |         82 |         82 |       0 |    0 |   44 |      0 |      0 |            0 |
|                 gen_triggers.tmatch_csr[0].tdata1_csr_i                     |                                                      cv32e40x_csr__parameterized3 | Reconfigurable |            - |         34 |         34 |       0 |    0 |   12 |      0 |      0 |            0 |
|                 gen_triggers.tmatch_csr[0].tdata2_csr_i                     |                                                                    cv32e40x_csr_7 | Reconfigurable |            - |         48 |         48 |       0 |    0 |   32 |      0 |      0 |            0 |
|               gen_debug_csr.dcsr_csr_i                                      |                                                      cv32e40x_csr__parameterized0 | Reconfigurable |            - |          1 |          1 |       0 |    0 |    7 |      0 |      0 |            0 |
|               gen_debug_csr.dpc_csr_i                                       |                                                                    cv32e40x_csr_1 | Reconfigurable |            - |          1 |          1 |       0 |    0 |   31 |      0 |      0 |            0 |
|               gen_debug_csr.dscratch0_csr_i                                 |                                                                    cv32e40x_csr_2 | Reconfigurable |            - |          1 |          1 |       0 |    0 |   32 |      0 |      0 |            0 |
|               gen_debug_csr.dscratch1_csr_i                                 |                                                                    cv32e40x_csr_3 | Reconfigurable |            - |          4 |          4 |       0 |    0 |   32 |      0 |      0 |            0 |
|               jvt_csr_i                                                     |                                                                    cv32e40x_csr_4 | Reconfigurable |            - |          2 |          2 |       0 |    0 |   26 |      0 |      0 |            0 |
|               mepc_csr_i                                                    |                                                                    cv32e40x_csr_5 | Reconfigurable |            - |          0 |          0 |       0 |    0 |   31 |      0 |      0 |            0 |
|               mscratch_csr_i                                                |                                                                    cv32e40x_csr_6 | Reconfigurable |            - |          0 |          0 |       0 |    0 |   32 |      0 |      0 |            0 |
|               mstatus_csr_i                                                 |                                                      cv32e40x_csr__parameterized2 | Reconfigurable |            - |          0 |          0 |       0 |    0 |    2 |      0 |      0 |            0 |
|             ex_stage_i                                                      |                                                                 cv32e40x_ex_stage | Reconfigurable |            - |        886 |        886 |       0 |    0 |  278 |      0 |      0 |            3 |
|               (ex_stage_i)                                                  |                                                                 cv32e40x_ex_stage | Reconfigurable |            - |        617 |        617 |       0 |    0 |  136 |      0 |      0 |            0 |
|               alu_i                                                         |                                                                      cv32e40x_alu | Reconfigurable |            - |          0 |          0 |       0 |    0 |    0 |      0 |      0 |            0 |
|               div.div_i                                                     |                                                                      cv32e40x_div | Reconfigurable |            - |        184 |        184 |       0 |    0 |  107 |      0 |      0 |            0 |
|               mul.mult_i                                                    |                                                                     cv32e40x_mult | Reconfigurable |            - |         86 |         86 |       0 |    0 |   35 |      0 |      0 |            3 |
|             id_stage_i                                                      |                                                                 cv32e40x_id_stage | Reconfigurable |            - |       1102 |       1102 |       0 |    0 |  238 |      0 |      0 |            0 |
|               (id_stage_i)                                                  |                                                                 cv32e40x_id_stage | Reconfigurable |            - |       1102 |       1102 |       0 |    0 |  238 |      0 |      0 |            0 |
|               cv32e40x_pc_target_i                                          |                                                                cv32e40x_pc_target | Reconfigurable |            - |          0 |          0 |       0 |    0 |    0 |      0 |      0 |            0 |
|             if_stage_i                                                      |                                                                 cv32e40x_if_stage | Reconfigurable |            - |       1013 |       1013 |       0 |    0 |  292 |      0 |      0 |            0 |
|               (if_stage_i)                                                  |                                                                 cv32e40x_if_stage | Reconfigurable |            - |        279 |        279 |       0 |    0 |  108 |      0 |      0 |            0 |
|               gen_seq.sequencer_i                                           |                                                                cv32e40x_sequencer | Reconfigurable |            - |         56 |         56 |       0 |    0 |    7 |      0 |      0 |            0 |
|               mpu_i                                                         |                                                                      cv32e40x_mpu | Reconfigurable |            - |          3 |          3 |       0 |    0 |    2 |      0 |      0 |            0 |
|               prefetch_unit_i                                               |                                                            cv32e40x_prefetch_unit | Reconfigurable |            - |        675 |        675 |       0 |    0 |  175 |      0 |      0 |            0 |
|                 alignment_buffer_i                                          |                                                         cv32e40x_alignment_buffer | Reconfigurable |            - |        585 |        585 |       0 |    0 |  155 |      0 |      0 |            0 |
|                 prefetcher_i                                                |                                                               cv32e40x_prefetcher | Reconfigurable |            - |         90 |         90 |       0 |    0 |   20 |      0 |      0 |            0 |
|             load_store_unit_i                                               |                                                          cv32e40x_load_store_unit | Reconfigurable |            - |        253 |        253 |       0 |    0 |   48 |      0 |      0 |            0 |
|               (load_store_unit_i)                                           |                                                          cv32e40x_load_store_unit | Reconfigurable |            - |        168 |        168 |       0 |    0 |   41 |      0 |      0 |            0 |
|               gen_wpt.wpt_i                                                 |                                                                      cv32e40x_wpt | Reconfigurable |            - |         10 |         10 |       0 |    0 |    2 |      0 |      0 |            0 |
|               mpu_i                                                         |                                                      cv32e40x_mpu__parameterized0 | Reconfigurable |            - |         14 |         14 |       0 |    0 |    3 |      0 |      0 |            0 |
|               response_filter_i                                             |                                                      cv32e40x_lsu_response_filter | Reconfigurable |            - |         61 |         61 |       0 |    0 |    2 |      0 |      0 |            0 |
|             register_file_wrapper_i                                         |                                                    cv32e40x_register_file_wrapper | Reconfigurable |            - |        603 |        603 |       0 |    0 |  992 |      0 |      0 |            0 |
|               register_file_i                                               |                                                            cv32e40x_register_file | Reconfigurable |            - |        603 |        603 |       0 |    0 |  992 |      0 |      0 |            0 |
|             sleep_unit_i                                                    |                                                               cv32e40x_sleep_unit | Reconfigurable |            - |          1 |          1 |       0 |    0 |    1 |      0 |      0 |            0 |
|             wb_stage_i                                                      |                                                                 cv32e40x_wb_stage | Reconfigurable |            - |          4 |          4 |       0 |    0 |    4 |      0 |      0 |            0 |
|           dp_ram_1                                                          |                                                                          dp_ram_1 | Reconfigurable |            - |          1 |          1 |       0 |    0 |    0 |      8 |      0 |            0 |
|           dp_ram_2                                                          |                                                                          dp_ram_2 | Reconfigurable |            - |          4 |          4 |       0 |    0 |    0 |      8 |      0 |            0 |
|           dp_ram_3                                                          |                                                                          dp_ram_3 | Reconfigurable |            - |          9 |          9 |       0 |    0 |    0 |      8 |      0 |            0 |
|           dp_ram_4                                                          |                                                                          dp_ram_4 | Reconfigurable |            - |          4 |          4 |       0 |    0 |    0 |      8 |      0 |            0 |
|     RISC_IP_CHECK                                                           |                                                             design_1_axi_gpio_1_1 |         Static |            - |        113 |        113 |       0 |    0 |  325 |      0 |      0 |            0 |
|       U0                                                                    |                                                    design_1_axi_gpio_1_1_axi_gpio |         Static |            - |        113 |        113 |       0 |    0 |  325 |      0 |      0 |            0 |
|         (U0)                                                                |                                                    design_1_axi_gpio_1_1_axi_gpio |         Static |            - |          0 |          0 |       0 |    0 |   34 |      0 |      0 |            0 |
|         AXI_LITE_IPIF_I                                                     |                                               design_1_axi_gpio_1_1_axi_lite_ipif |         Static |            - |        110 |        110 |       0 |    0 |   58 |      0 |      0 |            0 |
|           I_SLAVE_ATTACHMENT                                                |                                            design_1_axi_gpio_1_1_slave_attachment |         Static |            - |        110 |        110 |       0 |    0 |   58 |      0 |      0 |            0 |
|             (I_SLAVE_ATTACHMENT)                                            |                                            design_1_axi_gpio_1_1_slave_attachment |         Static |            - |         50 |         50 |       0 |    0 |   52 |      0 |      0 |            0 |
|             I_DECODER                                                       |                                             design_1_axi_gpio_1_1_address_decoder |         Static |            - |         60 |         60 |       0 |    0 |    6 |      0 |      0 |            0 |
|         gpio_core_1                                                         |                                                   design_1_axi_gpio_1_1_GPIO_Core |         Static |            - |          3 |          3 |       0 |    0 |  233 |      0 |      0 |            0 |
|           (gpio_core_1)                                                     |                                                   design_1_axi_gpio_1_1_GPIO_Core |         Static |            - |          3 |          3 |       0 |    0 |  101 |      0 |      0 |            0 |
|           Dual.INPUT_DOUBLE_REGS4                                           |                                                    design_1_axi_gpio_1_1_cdc_sync |         Static |            - |          0 |          0 |       0 |    0 |  128 |      0 |      0 |            0 |
|           Dual.INPUT_DOUBLE_REGS5                                           |                                    design_1_axi_gpio_1_1_cdc_sync__parameterized0 |         Static |            - |          0 |          0 |       0 |    0 |    4 |      0 |      0 |            0 |
|     STARTUP                                                                 |                                                              design_1_STARTUP_0_0 |         Static |            - |          0 |          0 |       0 |    0 |    0 |      0 |      0 |            0 |
|       inst                                                                  |                                                      design_1_STARTUP_0_0_STARTUP |         Static |            - |          0 |          0 |       0 |    0 |    0 |      0 |      0 |            0 |
|     processing_system7_0                                                    |                                                   design_1_processing_system7_0_0 |         Static |            - |          0 |          0 |       0 |    0 |    0 |      0 |      0 |            0 |
|       (processing_system7_0)                                                |                                                   design_1_processing_system7_0_0 |         Static |            - |          0 |          0 |       0 |    0 |    0 |      0 |      0 |            0 |
|       inst                                                                  |        design_1_processing_system7_0_0_processing_system7_v5_5_processing_system7 |         Static |            - |          0 |          0 |       0 |    0 |    0 |      0 |      0 |            0 |
|     ps7_0_axi_periph                                                        |                                                       design_1_ps7_0_axi_periph_0 |         Static |            - |        499 |        438 |       0 |   61 |  686 |      0 |      0 |            0 |
|       s00_couplers                                                          |                                                           s00_couplers_imp_UYSKKA |         Static |            - |        393 |        332 |       0 |   61 |  572 |      0 |      0 |            0 |
|         auto_pc                                                             |                                                                design_1_auto_pc_0 |         Static |            - |        393 |        332 |       0 |   61 |  572 |      0 |      0 |            0 |
|           inst                                                              |          design_1_auto_pc_0_axi_protocol_converter_v2_1_17_axi_protocol_converter |         Static |            - |        393 |        332 |       0 |   61 |  572 |      0 |      0 |            0 |
|             gen_axilite.gen_b2s_conv.axilite_b2s                            |                             design_1_auto_pc_0_axi_protocol_converter_v2_1_17_b2s |         Static |            - |        393 |        332 |       0 |   61 |  572 |      0 |      0 |            0 |
|               (gen_axilite.gen_b2s_conv.axilite_b2s)                        |                             design_1_auto_pc_0_axi_protocol_converter_v2_1_17_b2s |         Static |            - |          1 |          1 |       0 |    0 |    1 |      0 |      0 |            0 |
|               RD.ar_channel_0                                               |                  design_1_auto_pc_0_axi_protocol_converter_v2_1_17_b2s_ar_channel |         Static |            - |         71 |         71 |       0 |    0 |   83 |      0 |      0 |            0 |
|                 (RD.ar_channel_0)                                           |                  design_1_auto_pc_0_axi_protocol_converter_v2_1_17_b2s_ar_channel |         Static |            - |          0 |          0 |       0 |    0 |   12 |      0 |      0 |            0 |
|                 ar_cmd_fsm_0                                                |                  design_1_auto_pc_0_axi_protocol_converter_v2_1_17_b2s_rd_cmd_fsm |         Static |            - |         13 |         13 |       0 |    0 |    4 |      0 |      0 |            0 |
|                 cmd_translator_0                                            |            design_1_auto_pc_0_axi_protocol_converter_v2_1_17_b2s_cmd_translator_1 |         Static |            - |         58 |         58 |       0 |    0 |   67 |      0 |      0 |            0 |
|                   (cmd_translator_0)                                        |            design_1_auto_pc_0_axi_protocol_converter_v2_1_17_b2s_cmd_translator_1 |         Static |            - |          1 |          1 |       0 |    0 |    3 |      0 |      0 |            0 |
|                   incr_cmd_0                                                |                  design_1_auto_pc_0_axi_protocol_converter_v2_1_17_b2s_incr_cmd_2 |         Static |            - |         27 |         27 |       0 |    0 |   22 |      0 |      0 |            0 |
|                   wrap_cmd_0                                                |                  design_1_auto_pc_0_axi_protocol_converter_v2_1_17_b2s_wrap_cmd_3 |         Static |            - |         30 |         30 |       0 |    0 |   42 |      0 |      0 |            0 |
|               RD.r_channel_0                                                |                   design_1_auto_pc_0_axi_protocol_converter_v2_1_17_b2s_r_channel |         Static |            - |         65 |         18 |       0 |   47 |   56 |      0 |      0 |            0 |
|                 (RD.r_channel_0)                                            |                   design_1_auto_pc_0_axi_protocol_converter_v2_1_17_b2s_r_channel |         Static |            - |          0 |          0 |       0 |    0 |   14 |      0 |      0 |            0 |
|                 rd_data_fifo_0                                              | design_1_auto_pc_0_axi_protocol_converter_v2_1_17_b2s_simple_fifo__parameterized1 |         Static |            - |         43 |          9 |       0 |   34 |   26 |      0 |      0 |            0 |
|                 transaction_fifo_0                                          | design_1_auto_pc_0_axi_protocol_converter_v2_1_17_b2s_simple_fifo__parameterized2 |         Static |            - |         22 |          9 |       0 |   13 |   16 |      0 |      0 |            0 |
|               SI_REG                                                        |                  design_1_auto_pc_0_axi_register_slice_v2_1_17_axi_register_slice |         Static |            - |        151 |        151 |       0 |    0 |  324 |      0 |      0 |            0 |
|                 ar.ar_pipe                                                  |                 design_1_auto_pc_0_axi_register_slice_v2_1_17_axic_register_slice |         Static |            - |         55 |         55 |       0 |    0 |   99 |      0 |      0 |            0 |
|                 aw.aw_pipe                                                  |               design_1_auto_pc_0_axi_register_slice_v2_1_17_axic_register_slice_0 |         Static |            - |         59 |         59 |       0 |    0 |   99 |      0 |      0 |            0 |
|                 b.b_pipe                                                    | design_1_auto_pc_0_axi_register_slice_v2_1_17_axic_register_slice__parameterized1 |         Static |            - |         10 |         10 |       0 |    0 |   30 |      0 |      0 |            0 |
|                 r.r_pipe                                                    | design_1_auto_pc_0_axi_register_slice_v2_1_17_axic_register_slice__parameterized2 |         Static |            - |         27 |         27 |       0 |    0 |   96 |      0 |      0 |            0 |
|               WR.aw_channel_0                                               |                  design_1_auto_pc_0_axi_protocol_converter_v2_1_17_b2s_aw_channel |         Static |            - |         72 |         72 |       0 |    0 |   87 |      0 |      0 |            0 |
|                 (WR.aw_channel_0)                                           |                  design_1_auto_pc_0_axi_protocol_converter_v2_1_17_b2s_aw_channel |         Static |            - |          0 |          0 |       0 |    0 |   16 |      0 |      0 |            0 |
|                 aw_cmd_fsm_0                                                |                  design_1_auto_pc_0_axi_protocol_converter_v2_1_17_b2s_wr_cmd_fsm |         Static |            - |         18 |         18 |       0 |    0 |    4 |      0 |      0 |            0 |
|                 cmd_translator_0                                            |              design_1_auto_pc_0_axi_protocol_converter_v2_1_17_b2s_cmd_translator |         Static |            - |         54 |         54 |       0 |    0 |   67 |      0 |      0 |            0 |
|                   (cmd_translator_0)                                        |              design_1_auto_pc_0_axi_protocol_converter_v2_1_17_b2s_cmd_translator |         Static |            - |          1 |          1 |       0 |    0 |    3 |      0 |      0 |            0 |
|                   incr_cmd_0                                                |                    design_1_auto_pc_0_axi_protocol_converter_v2_1_17_b2s_incr_cmd |         Static |            - |         24 |         24 |       0 |    0 |   22 |      0 |      0 |            0 |
|                   wrap_cmd_0                                                |                    design_1_auto_pc_0_axi_protocol_converter_v2_1_17_b2s_wrap_cmd |         Static |            - |         29 |         29 |       0 |    0 |   42 |      0 |      0 |            0 |
|               WR.b_channel_0                                                |                   design_1_auto_pc_0_axi_protocol_converter_v2_1_17_b2s_b_channel |         Static |            - |         36 |         22 |       0 |   14 |   21 |      0 |      0 |            0 |
|                 (WR.b_channel_0)                                            |                   design_1_auto_pc_0_axi_protocol_converter_v2_1_17_b2s_b_channel |         Static |            - |          9 |          9 |       0 |    0 |   13 |      0 |      0 |            0 |
|                 bid_fifo_0                                                  |                 design_1_auto_pc_0_axi_protocol_converter_v2_1_17_b2s_simple_fifo |         Static |            - |         23 |         11 |       0 |   12 |    6 |      0 |      0 |            0 |
|                 bresp_fifo_0                                                | design_1_auto_pc_0_axi_protocol_converter_v2_1_17_b2s_simple_fifo__parameterized0 |         Static |            - |          4 |          2 |       0 |    2 |    2 |      0 |      0 |            0 |
|       xbar                                                                  |                                                                   design_1_xbar_0 |         Static |            - |        106 |        106 |       0 |    0 |  114 |      0 |      0 |            0 |
|         inst                                                                |                                 design_1_xbar_0_axi_crossbar_v2_1_18_axi_crossbar |         Static |            - |        106 |        106 |       0 |    0 |  114 |      0 |      0 |            0 |
|           gen_sasd.crossbar_sasd_0                                          |                                design_1_xbar_0_axi_crossbar_v2_1_18_crossbar_sasd |         Static |            - |        106 |        106 |       0 |    0 |  114 |      0 |      0 |            0 |
|             (gen_sasd.crossbar_sasd_0)                                      |                                design_1_xbar_0_axi_crossbar_v2_1_18_crossbar_sasd |         Static |            - |          2 |          2 |       0 |    0 |    6 |      0 |      0 |            0 |
|             addr_arbiter_inst                                               |                            design_1_xbar_0_axi_crossbar_v2_1_18_addr_arbiter_sasd |         Static |            - |         53 |         53 |       0 |    0 |   25 |      0 |      0 |            0 |
|             gen_decerr.decerr_slave_inst                                    |                                 design_1_xbar_0_axi_crossbar_v2_1_18_decerr_slave |         Static |            - |          7 |          7 |       0 |    0 |    4 |      0 |      0 |            0 |
|             reg_slice_r                                                     |                    design_1_xbar_0_axi_register_slice_v2_1_17_axic_register_slice |         Static |            - |         37 |         37 |       0 |    0 |   74 |      0 |      0 |            0 |
|             splitter_ar                                                     |                     design_1_xbar_0_axi_crossbar_v2_1_18_splitter__parameterized0 |         Static |            - |          0 |          0 |       0 |    0 |    2 |      0 |      0 |            0 |
|             splitter_aw                                                     |                                     design_1_xbar_0_axi_crossbar_v2_1_18_splitter |         Static |            - |          7 |          7 |       0 |    0 |    3 |      0 |      0 |            0 |
|     rst_ps7_0_50M                                                           |                                                          design_1_rst_ps7_0_50M_0 |         Static |            - |         18 |         17 |       0 |    1 |   37 |      0 |      0 |            0 |
|       U0                                                                    |                                           design_1_rst_ps7_0_50M_0_proc_sys_reset |         Static |            - |         18 |         17 |       0 |    1 |   37 |      0 |      0 |            0 |
|         (U0)                                                                |                                           design_1_rst_ps7_0_50M_0_proc_sys_reset |         Static |            - |          0 |          0 |       0 |    0 |    2 |      0 |      0 |            0 |
|         EXT_LPF                                                             |                                                      design_1_rst_ps7_0_50M_0_lpf |         Static |            - |          5 |          4 |       0 |    1 |   17 |      0 |      0 |            0 |
|           (EXT_LPF)                                                         |                                                      design_1_rst_ps7_0_50M_0_lpf |         Static |            - |          2 |          1 |       0 |    1 |    9 |      0 |      0 |            0 |
|           ACTIVE_LOW_AUX.ACT_LO_AUX                                         |                                                 design_1_rst_ps7_0_50M_0_cdc_sync |         Static |            - |          1 |          1 |       0 |    0 |    4 |      0 |      0 |            0 |
|           ACTIVE_LOW_EXT.ACT_LO_EXT                                         |                                               design_1_rst_ps7_0_50M_0_cdc_sync_0 |         Static |            - |          2 |          2 |       0 |    0 |    4 |      0 |      0 |            0 |
|         SEQ                                                                 |                                             design_1_rst_ps7_0_50M_0_sequence_psr |         Static |            - |         13 |         13 |       0 |    0 |   18 |      0 |      0 |            0 |
|           (SEQ)                                                             |                                             design_1_rst_ps7_0_50M_0_sequence_psr |         Static |            - |          8 |          8 |       0 |    0 |   12 |      0 |      0 |            0 |
|           SEQ_COUNTER                                                       |                                                  design_1_rst_ps7_0_50M_0_upcnt_n |         Static |            - |          5 |          5 |       0 |    0 |    6 |      0 |      0 |            0 |
+-----------------------------------------------------------------------------+-----------------------------------------------------------------------------------+----------------+--------------+------------+------------+---------+------+------+--------+--------+--------------+
* Note: The sum of lower-level cells may be larger than their parent cells total, due to cross-hierarchy LUT combining


report_utilization: Time (s): cpu = 00:00:01 ; elapsed = 00:00:00.378 . Memory (MB): peak = 2721.473 ; gain = 0.000
report_utilization -name ./$benchmarkname/${benchmarkname}_area_utilization
report_utilization: Time (s): cpu = 00:00:04 ; elapsed = 00:00:02 . Memory (MB): peak = 2721.473 ; gain = 0.000
update_compile_order -fileset sources_1
exit
INFO: [Common 17-206] Exiting Vivado at Wed Jan  3 16:57:49 2024...
