16:34:22 INFO  : Registering command handlers for SDK TCF services
16:34:23 INFO  : Launching XSCT server: xsct.bat -interactive C:\Users\aamalik3\Desktop\ICAP_Readback\RISC_Preemption\RISC_Preemption.sdk\temp_xsdb_launch_script.tcl
16:34:25 INFO  : XSCT server has started successfully.
16:34:27 INFO  : Successfully done setting XSCT server connection channel  
16:34:27 INFO  : Successfully done setting SDK workspace  
16:34:27 INFO  : Processing command line option -hwspec C:/Users/aamalik3/Desktop/ICAP_Readback/RISC_Preemption/RISC_Preemption.sdk/design_1_wrapper.hdf.
16:35:51 ERROR : Failed to closesw "C:/Users/aamalik3/Desktop/ICAP_Readback/RISC_Preemption/RISC_Preemption.sdk/risc_aes_ctr_bsp/system.mss"
Reason: Cannot close sw design 'C:/Users/aamalik3/Desktop/ICAP_Readback/RISC_Preemption/RISC_Preemption.sdk/risc_aes_ctr_bsp/system.mss'.
Design is not opened in the current session.


16:37:16 INFO  : Refreshed build settings on project risc_aes_ctr
16:37:36 INFO  : Refreshed build settings on project risc_aes_ctr
16:38:48 INFO  : Connected to target on host '127.0.0.1' and port '3121'.
16:38:49 INFO  : 'targets -set -filter {jtag_cable_name =~ "Digilent Zed 210248B78019" && level==0} -index 1' command is executed.
16:38:51 INFO  : FPGA configured successfully with bitstream "C:/Users/aamalik3/Desktop/ICAP_Readback/RISC_Preemption/RISC_AES.bit"
16:39:05 INFO  : 'targets -set -filter {jtag_cable_name =~ "Digilent Zed 210248B78019" && level==0} -index 1' command is executed.
16:39:05 INFO  : 'fpga -state' command is executed.
16:39:05 INFO  : Connected to target on host '127.0.0.1' and port '3121'.
16:39:05 INFO  : Jtag cable 'Digilent Zed 210248B78019' is selected.
16:39:05 INFO  : 'jtag frequency' command is executed.
16:39:05 INFO  : Sourcing of 'C:/Users/aamalik3/Desktop/ICAP_Readback/RISC_Preemption/RISC_Preemption.sdk/design_1_wrapper_hw_platform_0/ps7_init.tcl' is done.
16:39:05 INFO  : Context for 'APU' is selected.
16:39:05 INFO  : Hardware design information is loaded from 'C:/Users/aamalik3/Desktop/ICAP_Readback/RISC_Preemption/RISC_Preemption.sdk/design_1_wrapper_hw_platform_0/system.hdf'.
16:39:05 INFO  : 'configparams force-mem-access 1' command is executed.
16:39:05 INFO  : Context for 'APU' is selected.
16:39:05 INFO  : 'stop' command is executed.
16:39:06 INFO  : 'ps7_init' command is executed.
16:39:06 INFO  : 'ps7_post_config' command is executed.
16:39:06 INFO  : Context for processor 'ps7_cortexa9_0' is selected.
16:39:06 INFO  : Processor reset is completed for 'ps7_cortexa9_0'.
16:39:06 INFO  : Context for processor 'ps7_cortexa9_0' is selected.
16:39:06 INFO  : The application 'C:/Users/aamalik3/Desktop/ICAP_Readback/RISC_Preemption/RISC_Preemption.sdk/risc_aes_ctr/Debug/risc_aes_ctr.elf' is downloaded to processor 'ps7_cortexa9_0'.
16:39:06 INFO  : 'configparams force-mem-access 0' command is executed.
16:39:06 INFO  : ----------------XSDB Script----------------
connect -url tcp:127.0.0.1:3121
source C:/Users/aamalik3/Desktop/ICAP_Readback/RISC_Preemption/RISC_Preemption.sdk/design_1_wrapper_hw_platform_0/ps7_init.tcl
targets -set -nocase -filter {name =~"APU*" && jtag_cable_name =~ "Digilent Zed 210248B78019"} -index 0
loadhw -hw C:/Users/aamalik3/Desktop/ICAP_Readback/RISC_Preemption/RISC_Preemption.sdk/design_1_wrapper_hw_platform_0/system.hdf -mem-ranges [list {0x40000000 0xbfffffff}]
configparams force-mem-access 1
targets -set -nocase -filter {name =~"APU*" && jtag_cable_name =~ "Digilent Zed 210248B78019"} -index 0
stop
ps7_init
ps7_post_config
targets -set -nocase -filter {name =~ "ARM*#0" && jtag_cable_name =~ "Digilent Zed 210248B78019"} -index 0
rst -processor
targets -set -nocase -filter {name =~ "ARM*#0" && jtag_cable_name =~ "Digilent Zed 210248B78019"} -index 0
dow C:/Users/aamalik3/Desktop/ICAP_Readback/RISC_Preemption/RISC_Preemption.sdk/risc_aes_ctr/Debug/risc_aes_ctr.elf
configparams force-mem-access 0
----------------End of Script----------------

16:39:06 INFO  : Memory regions updated for context APU
16:39:06 INFO  : Context for processor 'ps7_cortexa9_0' is selected.
16:39:06 INFO  : 'con' command is executed.
16:39:06 INFO  : ----------------XSDB Script (After Launch)----------------
targets -set -nocase -filter {name =~ "ARM*#0" && jtag_cable_name =~ "Digilent Zed 210248B78019"} -index 0
con
----------------End of Script----------------

16:39:06 INFO  : Launch script is exported to file 'C:\Users\aamalik3\Desktop\ICAP_Readback\RISC_Preemption\RISC_Preemption.sdk\.sdk\launch_scripts\xilinx_c-c++_application_(system_debugger)\system_debugger_using_debug_risc_aes_ctr.elf_on_local.tcl'
16:41:40 INFO  : Disconnected from the channel tcfchan#1.
16:41:42 INFO  : 'targets -set -filter {jtag_cable_name =~ "Digilent Zed 210248B78019" && level==0} -index 1' command is executed.
16:41:42 INFO  : 'fpga -state' command is executed.
16:41:42 INFO  : Connected to target on host '127.0.0.1' and port '3121'.
16:41:42 INFO  : Jtag cable 'Digilent Zed 210248B78019' is selected.
16:41:42 INFO  : 'jtag frequency' command is executed.
16:41:42 INFO  : Sourcing of 'C:/Users/aamalik3/Desktop/ICAP_Readback/RISC_Preemption/RISC_Preemption.sdk/design_1_wrapper_hw_platform_0/ps7_init.tcl' is done.
16:41:42 INFO  : Context for 'APU' is selected.
16:41:42 INFO  : Hardware design information is loaded from 'C:/Users/aamalik3/Desktop/ICAP_Readback/RISC_Preemption/RISC_Preemption.sdk/design_1_wrapper_hw_platform_0/system.hdf'.
16:41:42 INFO  : 'configparams force-mem-access 1' command is executed.
16:41:43 INFO  : Context for 'APU' is selected.
16:41:43 INFO  : 'stop' command is executed.
16:41:43 INFO  : 'ps7_init' command is executed.
16:41:43 INFO  : 'ps7_post_config' command is executed.
16:41:43 INFO  : Context for processor 'ps7_cortexa9_0' is selected.
16:41:43 INFO  : Processor reset is completed for 'ps7_cortexa9_0'.
16:41:43 INFO  : Context for processor 'ps7_cortexa9_0' is selected.
16:41:43 INFO  : The application 'C:/Users/aamalik3/Desktop/ICAP_Readback/RISC_Preemption/RISC_Preemption.sdk/risc_aes_ctr/Debug/risc_aes_ctr.elf' is downloaded to processor 'ps7_cortexa9_0'.
16:41:43 INFO  : 'configparams force-mem-access 0' command is executed.
16:41:43 INFO  : ----------------XSDB Script----------------
connect -url tcp:127.0.0.1:3121
source C:/Users/aamalik3/Desktop/ICAP_Readback/RISC_Preemption/RISC_Preemption.sdk/design_1_wrapper_hw_platform_0/ps7_init.tcl
targets -set -nocase -filter {name =~"APU*" && jtag_cable_name =~ "Digilent Zed 210248B78019"} -index 0
loadhw -hw C:/Users/aamalik3/Desktop/ICAP_Readback/RISC_Preemption/RISC_Preemption.sdk/design_1_wrapper_hw_platform_0/system.hdf -mem-ranges [list {0x40000000 0xbfffffff}]
configparams force-mem-access 1
targets -set -nocase -filter {name =~"APU*" && jtag_cable_name =~ "Digilent Zed 210248B78019"} -index 0
stop
ps7_init
ps7_post_config
targets -set -nocase -filter {name =~ "ARM*#0" && jtag_cable_name =~ "Digilent Zed 210248B78019"} -index 0
rst -processor
targets -set -nocase -filter {name =~ "ARM*#0" && jtag_cable_name =~ "Digilent Zed 210248B78019"} -index 0
dow C:/Users/aamalik3/Desktop/ICAP_Readback/RISC_Preemption/RISC_Preemption.sdk/risc_aes_ctr/Debug/risc_aes_ctr.elf
configparams force-mem-access 0
----------------End of Script----------------

16:41:43 INFO  : Memory regions updated for context APU
16:41:43 INFO  : Context for processor 'ps7_cortexa9_0' is selected.
16:41:43 INFO  : 'con' command is executed.
16:41:43 INFO  : ----------------XSDB Script (After Launch)----------------
targets -set -nocase -filter {name =~ "ARM*#0" && jtag_cable_name =~ "Digilent Zed 210248B78019"} -index 0
con
----------------End of Script----------------

16:41:43 INFO  : Launch script is exported to file 'C:\Users\aamalik3\Desktop\ICAP_Readback\RISC_Preemption\RISC_Preemption.sdk\.sdk\launch_scripts\xilinx_c-c++_application_(system_debugger)\system_debugger_using_debug_risc_aes_ctr.elf_on_local.tcl'
15:03:40 INFO  : Connected to target on host '127.0.0.1' and port '3121'.
15:03:40 INFO  : 'targets -set -filter {jtag_cable_name =~ "Digilent Zed 210248B78019" && level==0} -index 1' command is executed.
15:03:41 INFO  : FPGA configured successfully with bitstream "C:/Users/aamalik3/Desktop/ICAP_Readback/RISC_Preemption/RISC_AES_pblock_risc_partial.bit"
15:50:02 INFO  : Connected to target on host '127.0.0.1' and port '3121'.
15:50:02 INFO  : 'targets -set -filter {jtag_cable_name =~ "Digilent Zed 210248B78019" && level==0} -index 1' command is executed.
15:50:03 INFO  : FPGA configured successfully with bitstream "C:/Users/aamalik3/Desktop/ICAP_Readback/RISC_Preemption/RISC_AES_pblock_risc_partial.bit"
15:50:18 INFO  : Connected to target on host '127.0.0.1' and port '3121'.
15:50:18 INFO  : 'targets -set -filter {jtag_cable_name =~ "Digilent Zed 210248B78019" && level==0} -index 1' command is executed.
15:50:19 INFO  : FPGA configured successfully with bitstream "C:/Users/aamalik3/Desktop/ICAP_Readback/RISC_Preemption/RISC_AES_pblock_risc_partial.bit"
15:50:22 INFO  : Disconnected from the channel tcfchan#2.
15:50:23 INFO  : 'targets -set -filter {jtag_cable_name =~ "Digilent Zed 210248B78019" && level==0} -index 1' command is executed.
15:50:23 INFO  : 'fpga -state' command is executed.
15:50:23 INFO  : Connected to target on host '127.0.0.1' and port '3121'.
15:50:23 INFO  : Jtag cable 'Digilent Zed 210248B78019' is selected.
15:50:23 INFO  : 'jtag frequency' command is executed.
15:50:23 INFO  : Sourcing of 'C:/Users/aamalik3/Desktop/ICAP_Readback/RISC_Preemption/RISC_Preemption.sdk/design_1_wrapper_hw_platform_0/ps7_init.tcl' is done.
15:50:23 INFO  : Context for 'APU' is selected.
15:50:24 INFO  : Hardware design information is loaded from 'C:/Users/aamalik3/Desktop/ICAP_Readback/RISC_Preemption/RISC_Preemption.sdk/design_1_wrapper_hw_platform_0/system.hdf'.
15:50:24 INFO  : 'configparams force-mem-access 1' command is executed.
15:50:25 INFO  : Context for 'APU' is selected.
15:50:25 INFO  : 'stop' command is executed.
15:50:25 INFO  : 'ps7_init' command is executed.
15:50:25 INFO  : 'ps7_post_config' command is executed.
15:50:25 INFO  : Context for processor 'ps7_cortexa9_0' is selected.
15:50:25 INFO  : Processor reset is completed for 'ps7_cortexa9_0'.
15:50:25 INFO  : Context for processor 'ps7_cortexa9_0' is selected.
15:50:25 INFO  : The application 'C:/Users/aamalik3/Desktop/ICAP_Readback/RISC_Preemption/RISC_Preemption.sdk/risc_aes_ctr/Debug/risc_aes_ctr.elf' is downloaded to processor 'ps7_cortexa9_0'.
15:50:25 INFO  : 'configparams force-mem-access 0' command is executed.
15:50:25 INFO  : ----------------XSDB Script----------------
connect -url tcp:127.0.0.1:3121
source C:/Users/aamalik3/Desktop/ICAP_Readback/RISC_Preemption/RISC_Preemption.sdk/design_1_wrapper_hw_platform_0/ps7_init.tcl
targets -set -nocase -filter {name =~"APU*" && jtag_cable_name =~ "Digilent Zed 210248B78019"} -index 0
loadhw -hw C:/Users/aamalik3/Desktop/ICAP_Readback/RISC_Preemption/RISC_Preemption.sdk/design_1_wrapper_hw_platform_0/system.hdf -mem-ranges [list {0x40000000 0xbfffffff}]
configparams force-mem-access 1
targets -set -nocase -filter {name =~"APU*" && jtag_cable_name =~ "Digilent Zed 210248B78019"} -index 0
stop
ps7_init
ps7_post_config
targets -set -nocase -filter {name =~ "ARM*#0" && jtag_cable_name =~ "Digilent Zed 210248B78019"} -index 0
rst -processor
targets -set -nocase -filter {name =~ "ARM*#0" && jtag_cable_name =~ "Digilent Zed 210248B78019"} -index 0
dow C:/Users/aamalik3/Desktop/ICAP_Readback/RISC_Preemption/RISC_Preemption.sdk/risc_aes_ctr/Debug/risc_aes_ctr.elf
configparams force-mem-access 0
----------------End of Script----------------

15:50:25 INFO  : Memory regions updated for context APU
15:50:25 INFO  : Context for processor 'ps7_cortexa9_0' is selected.
15:50:25 INFO  : 'con' command is executed.
15:50:25 INFO  : ----------------XSDB Script (After Launch)----------------
targets -set -nocase -filter {name =~ "ARM*#0" && jtag_cable_name =~ "Digilent Zed 210248B78019"} -index 0
con
----------------End of Script----------------

15:50:25 INFO  : Launch script is exported to file 'C:\Users\aamalik3\Desktop\ICAP_Readback\RISC_Preemption\RISC_Preemption.sdk\.sdk\launch_scripts\xilinx_c-c++_application_(system_debugger)\system_debugger_using_debug_risc_aes_ctr.elf_on_local.tcl'
15:59:42 INFO  : Connected to target on host '127.0.0.1' and port '3121'.
15:59:42 INFO  : 'targets -set -filter {jtag_cable_name =~ "Digilent Zed 210248B78019" && level==0} -index 1' command is executed.
15:59:43 INFO  : FPGA configured successfully with bitstream "C:/Users/aamalik3/Desktop/ICAP_Readback/RISC_Preemption/RISC_AES_pblock_risc_partial.bit"
16:06:59 INFO  : Connected to target on host '127.0.0.1' and port '3121'.
16:06:59 INFO  : 'targets -set -filter {jtag_cable_name =~ "Digilent Zed 210248B78019" && level==0} -index 1' command is executed.
16:07:00 INFO  : FPGA configured successfully with bitstream "C:/Users/aamalik3/Desktop/ICAP_Readback/RISC_Preemption/RISC_AES_pblock_risc_partial.bit"
16:07:05 INFO  : Disconnected from the channel tcfchan#3.
16:07:06 INFO  : 'targets -set -filter {jtag_cable_name =~ "Digilent Zed 210248B78019" && level==0} -index 1' command is executed.
16:07:06 INFO  : 'fpga -state' command is executed.
16:07:06 INFO  : Connected to target on host '127.0.0.1' and port '3121'.
16:07:06 INFO  : Jtag cable 'Digilent Zed 210248B78019' is selected.
16:07:06 INFO  : 'jtag frequency' command is executed.
16:07:06 INFO  : Sourcing of 'C:/Users/aamalik3/Desktop/ICAP_Readback/RISC_Preemption/RISC_Preemption.sdk/design_1_wrapper_hw_platform_0/ps7_init.tcl' is done.
16:07:06 INFO  : Context for 'APU' is selected.
16:07:07 INFO  : Hardware design information is loaded from 'C:/Users/aamalik3/Desktop/ICAP_Readback/RISC_Preemption/RISC_Preemption.sdk/design_1_wrapper_hw_platform_0/system.hdf'.
16:07:07 INFO  : 'configparams force-mem-access 1' command is executed.
16:07:07 INFO  : Context for 'APU' is selected.
16:07:07 INFO  : 'stop' command is executed.
16:07:07 INFO  : 'ps7_init' command is executed.
16:07:07 INFO  : 'ps7_post_config' command is executed.
16:07:07 INFO  : Context for processor 'ps7_cortexa9_0' is selected.
16:07:07 INFO  : Processor reset is completed for 'ps7_cortexa9_0'.
16:07:07 INFO  : Context for processor 'ps7_cortexa9_0' is selected.
16:07:08 INFO  : The application 'C:/Users/aamalik3/Desktop/ICAP_Readback/RISC_Preemption/RISC_Preemption.sdk/risc_aes_ctr/Debug/risc_aes_ctr.elf' is downloaded to processor 'ps7_cortexa9_0'.
16:07:08 INFO  : 'configparams force-mem-access 0' command is executed.
16:07:08 INFO  : ----------------XSDB Script----------------
connect -url tcp:127.0.0.1:3121
source C:/Users/aamalik3/Desktop/ICAP_Readback/RISC_Preemption/RISC_Preemption.sdk/design_1_wrapper_hw_platform_0/ps7_init.tcl
targets -set -nocase -filter {name =~"APU*" && jtag_cable_name =~ "Digilent Zed 210248B78019"} -index 0
loadhw -hw C:/Users/aamalik3/Desktop/ICAP_Readback/RISC_Preemption/RISC_Preemption.sdk/design_1_wrapper_hw_platform_0/system.hdf -mem-ranges [list {0x40000000 0xbfffffff}]
configparams force-mem-access 1
targets -set -nocase -filter {name =~"APU*" && jtag_cable_name =~ "Digilent Zed 210248B78019"} -index 0
stop
ps7_init
ps7_post_config
targets -set -nocase -filter {name =~ "ARM*#0" && jtag_cable_name =~ "Digilent Zed 210248B78019"} -index 0
rst -processor
targets -set -nocase -filter {name =~ "ARM*#0" && jtag_cable_name =~ "Digilent Zed 210248B78019"} -index 0
dow C:/Users/aamalik3/Desktop/ICAP_Readback/RISC_Preemption/RISC_Preemption.sdk/risc_aes_ctr/Debug/risc_aes_ctr.elf
configparams force-mem-access 0
----------------End of Script----------------

16:07:08 INFO  : Memory regions updated for context APU
16:07:08 INFO  : Context for processor 'ps7_cortexa9_0' is selected.
16:07:08 INFO  : 'con' command is executed.
16:07:08 INFO  : ----------------XSDB Script (After Launch)----------------
targets -set -nocase -filter {name =~ "ARM*#0" && jtag_cable_name =~ "Digilent Zed 210248B78019"} -index 0
con
----------------End of Script----------------

16:07:08 INFO  : Launch script is exported to file 'C:\Users\aamalik3\Desktop\ICAP_Readback\RISC_Preemption\RISC_Preemption.sdk\.sdk\launch_scripts\xilinx_c-c++_application_(system_debugger)\system_debugger_using_debug_risc_aes_ctr.elf_on_local.tcl'
16:07:58 INFO  : Disconnected from the channel tcfchan#4.
16:07:59 INFO  : 'targets -set -filter {jtag_cable_name =~ "Digilent Zed 210248B78019" && level==0} -index 1' command is executed.
16:07:59 INFO  : 'fpga -state' command is executed.
16:07:59 INFO  : Connected to target on host '127.0.0.1' and port '3121'.
16:07:59 INFO  : Jtag cable 'Digilent Zed 210248B78019' is selected.
16:07:59 INFO  : 'jtag frequency' command is executed.
16:07:59 INFO  : Sourcing of 'C:/Users/aamalik3/Desktop/ICAP_Readback/RISC_Preemption/RISC_Preemption.sdk/design_1_wrapper_hw_platform_0/ps7_init.tcl' is done.
16:07:59 INFO  : Context for 'APU' is selected.
16:08:00 INFO  : Hardware design information is loaded from 'C:/Users/aamalik3/Desktop/ICAP_Readback/RISC_Preemption/RISC_Preemption.sdk/design_1_wrapper_hw_platform_0/system.hdf'.
16:08:00 INFO  : 'configparams force-mem-access 1' command is executed.
16:08:00 INFO  : Context for 'APU' is selected.
16:08:00 INFO  : 'stop' command is executed.
16:08:00 INFO  : 'ps7_init' command is executed.
16:08:00 INFO  : 'ps7_post_config' command is executed.
16:08:00 INFO  : Context for processor 'ps7_cortexa9_0' is selected.
16:08:00 INFO  : Processor reset is completed for 'ps7_cortexa9_0'.
16:08:00 INFO  : Context for processor 'ps7_cortexa9_0' is selected.
16:08:00 INFO  : The application 'C:/Users/aamalik3/Desktop/ICAP_Readback/RISC_Preemption/RISC_Preemption.sdk/risc_aes_ctr/Debug/risc_aes_ctr.elf' is downloaded to processor 'ps7_cortexa9_0'.
16:08:00 INFO  : 'configparams force-mem-access 0' command is executed.
16:08:00 INFO  : ----------------XSDB Script----------------
connect -url tcp:127.0.0.1:3121
source C:/Users/aamalik3/Desktop/ICAP_Readback/RISC_Preemption/RISC_Preemption.sdk/design_1_wrapper_hw_platform_0/ps7_init.tcl
targets -set -nocase -filter {name =~"APU*" && jtag_cable_name =~ "Digilent Zed 210248B78019"} -index 0
loadhw -hw C:/Users/aamalik3/Desktop/ICAP_Readback/RISC_Preemption/RISC_Preemption.sdk/design_1_wrapper_hw_platform_0/system.hdf -mem-ranges [list {0x40000000 0xbfffffff}]
configparams force-mem-access 1
targets -set -nocase -filter {name =~"APU*" && jtag_cable_name =~ "Digilent Zed 210248B78019"} -index 0
stop
ps7_init
ps7_post_config
targets -set -nocase -filter {name =~ "ARM*#0" && jtag_cable_name =~ "Digilent Zed 210248B78019"} -index 0
rst -processor
targets -set -nocase -filter {name =~ "ARM*#0" && jtag_cable_name =~ "Digilent Zed 210248B78019"} -index 0
dow C:/Users/aamalik3/Desktop/ICAP_Readback/RISC_Preemption/RISC_Preemption.sdk/risc_aes_ctr/Debug/risc_aes_ctr.elf
configparams force-mem-access 0
----------------End of Script----------------

16:08:00 INFO  : Memory regions updated for context APU
16:08:01 INFO  : Context for processor 'ps7_cortexa9_0' is selected.
16:08:01 INFO  : 'con' command is executed.
16:08:01 INFO  : ----------------XSDB Script (After Launch)----------------
targets -set -nocase -filter {name =~ "ARM*#0" && jtag_cable_name =~ "Digilent Zed 210248B78019"} -index 0
con
----------------End of Script----------------

16:08:01 INFO  : Launch script is exported to file 'C:\Users\aamalik3\Desktop\ICAP_Readback\RISC_Preemption\RISC_Preemption.sdk\.sdk\launch_scripts\xilinx_c-c++_application_(system_debugger)\system_debugger_using_debug_risc_aes_ctr.elf_on_local.tcl'
16:08:18 INFO  : Disconnected from the channel tcfchan#5.
16:08:19 INFO  : 'targets -set -filter {jtag_cable_name =~ "Digilent Zed 210248B78019" && level==0} -index 1' command is executed.
16:08:19 INFO  : 'fpga -state' command is executed.
16:08:19 INFO  : Connected to target on host '127.0.0.1' and port '3121'.
16:08:19 INFO  : Jtag cable 'Digilent Zed 210248B78019' is selected.
16:08:19 INFO  : 'jtag frequency' command is executed.
16:08:19 INFO  : Sourcing of 'C:/Users/aamalik3/Desktop/ICAP_Readback/RISC_Preemption/RISC_Preemption.sdk/design_1_wrapper_hw_platform_0/ps7_init.tcl' is done.
16:08:19 INFO  : Context for 'APU' is selected.
16:08:20 INFO  : Hardware design information is loaded from 'C:/Users/aamalik3/Desktop/ICAP_Readback/RISC_Preemption/RISC_Preemption.sdk/design_1_wrapper_hw_platform_0/system.hdf'.
16:08:20 INFO  : 'configparams force-mem-access 1' command is executed.
16:08:20 INFO  : Context for 'APU' is selected.
16:08:20 INFO  : 'stop' command is executed.
16:08:20 INFO  : 'ps7_init' command is executed.
16:08:20 INFO  : 'ps7_post_config' command is executed.
16:08:20 INFO  : Context for processor 'ps7_cortexa9_0' is selected.
16:08:20 INFO  : Processor reset is completed for 'ps7_cortexa9_0'.
16:08:20 INFO  : Context for processor 'ps7_cortexa9_0' is selected.
16:08:21 INFO  : The application 'C:/Users/aamalik3/Desktop/ICAP_Readback/RISC_Preemption/RISC_Preemption.sdk/risc_aes_ctr/Debug/risc_aes_ctr.elf' is downloaded to processor 'ps7_cortexa9_0'.
16:08:21 INFO  : 'configparams force-mem-access 0' command is executed.
16:08:21 INFO  : ----------------XSDB Script----------------
connect -url tcp:127.0.0.1:3121
source C:/Users/aamalik3/Desktop/ICAP_Readback/RISC_Preemption/RISC_Preemption.sdk/design_1_wrapper_hw_platform_0/ps7_init.tcl
targets -set -nocase -filter {name =~"APU*" && jtag_cable_name =~ "Digilent Zed 210248B78019"} -index 0
loadhw -hw C:/Users/aamalik3/Desktop/ICAP_Readback/RISC_Preemption/RISC_Preemption.sdk/design_1_wrapper_hw_platform_0/system.hdf -mem-ranges [list {0x40000000 0xbfffffff}]
configparams force-mem-access 1
targets -set -nocase -filter {name =~"APU*" && jtag_cable_name =~ "Digilent Zed 210248B78019"} -index 0
stop
ps7_init
ps7_post_config
targets -set -nocase -filter {name =~ "ARM*#0" && jtag_cable_name =~ "Digilent Zed 210248B78019"} -index 0
rst -processor
targets -set -nocase -filter {name =~ "ARM*#0" && jtag_cable_name =~ "Digilent Zed 210248B78019"} -index 0
dow C:/Users/aamalik3/Desktop/ICAP_Readback/RISC_Preemption/RISC_Preemption.sdk/risc_aes_ctr/Debug/risc_aes_ctr.elf
configparams force-mem-access 0
----------------End of Script----------------

16:08:21 INFO  : Memory regions updated for context APU
16:08:21 INFO  : Context for processor 'ps7_cortexa9_0' is selected.
16:08:21 INFO  : 'con' command is executed.
16:08:21 INFO  : ----------------XSDB Script (After Launch)----------------
targets -set -nocase -filter {name =~ "ARM*#0" && jtag_cable_name =~ "Digilent Zed 210248B78019"} -index 0
con
----------------End of Script----------------

16:08:21 INFO  : Launch script is exported to file 'C:\Users\aamalik3\Desktop\ICAP_Readback\RISC_Preemption\RISC_Preemption.sdk\.sdk\launch_scripts\xilinx_c-c++_application_(system_debugger)\system_debugger_using_debug_risc_aes_ctr.elf_on_local.tcl'
16:09:13 INFO  : Disconnected from the channel tcfchan#6.
16:09:14 INFO  : 'targets -set -filter {jtag_cable_name =~ "Digilent Zed 210248B78019" && level==0} -index 1' command is executed.
16:09:14 INFO  : 'fpga -state' command is executed.
16:09:14 INFO  : Connected to target on host '127.0.0.1' and port '3121'.
16:09:14 INFO  : Jtag cable 'Digilent Zed 210248B78019' is selected.
16:09:14 INFO  : 'jtag frequency' command is executed.
16:09:14 INFO  : Sourcing of 'C:/Users/aamalik3/Desktop/ICAP_Readback/RISC_Preemption/RISC_Preemption.sdk/design_1_wrapper_hw_platform_0/ps7_init.tcl' is done.
16:09:14 INFO  : Context for 'APU' is selected.
16:09:15 INFO  : Hardware design information is loaded from 'C:/Users/aamalik3/Desktop/ICAP_Readback/RISC_Preemption/RISC_Preemption.sdk/design_1_wrapper_hw_platform_0/system.hdf'.
16:09:15 INFO  : 'configparams force-mem-access 1' command is executed.
16:09:15 INFO  : Context for 'APU' is selected.
16:09:15 INFO  : 'stop' command is executed.
16:09:15 INFO  : 'ps7_init' command is executed.
16:09:15 INFO  : 'ps7_post_config' command is executed.
16:09:15 INFO  : Context for processor 'ps7_cortexa9_0' is selected.
16:09:15 INFO  : Processor reset is completed for 'ps7_cortexa9_0'.
16:09:15 INFO  : Context for processor 'ps7_cortexa9_0' is selected.
16:09:15 INFO  : The application 'C:/Users/aamalik3/Desktop/ICAP_Readback/RISC_Preemption/RISC_Preemption.sdk/risc_aes_ctr/Debug/risc_aes_ctr.elf' is downloaded to processor 'ps7_cortexa9_0'.
16:09:15 INFO  : 'configparams force-mem-access 0' command is executed.
16:09:15 INFO  : ----------------XSDB Script----------------
connect -url tcp:127.0.0.1:3121
source C:/Users/aamalik3/Desktop/ICAP_Readback/RISC_Preemption/RISC_Preemption.sdk/design_1_wrapper_hw_platform_0/ps7_init.tcl
targets -set -nocase -filter {name =~"APU*" && jtag_cable_name =~ "Digilent Zed 210248B78019"} -index 0
loadhw -hw C:/Users/aamalik3/Desktop/ICAP_Readback/RISC_Preemption/RISC_Preemption.sdk/design_1_wrapper_hw_platform_0/system.hdf -mem-ranges [list {0x40000000 0xbfffffff}]
configparams force-mem-access 1
targets -set -nocase -filter {name =~"APU*" && jtag_cable_name =~ "Digilent Zed 210248B78019"} -index 0
stop
ps7_init
ps7_post_config
targets -set -nocase -filter {name =~ "ARM*#0" && jtag_cable_name =~ "Digilent Zed 210248B78019"} -index 0
rst -processor
targets -set -nocase -filter {name =~ "ARM*#0" && jtag_cable_name =~ "Digilent Zed 210248B78019"} -index 0
dow C:/Users/aamalik3/Desktop/ICAP_Readback/RISC_Preemption/RISC_Preemption.sdk/risc_aes_ctr/Debug/risc_aes_ctr.elf
configparams force-mem-access 0
----------------End of Script----------------

16:09:16 INFO  : Memory regions updated for context APU
16:09:16 INFO  : Context for processor 'ps7_cortexa9_0' is selected.
16:09:16 INFO  : 'con' command is executed.
16:09:16 INFO  : ----------------XSDB Script (After Launch)----------------
targets -set -nocase -filter {name =~ "ARM*#0" && jtag_cable_name =~ "Digilent Zed 210248B78019"} -index 0
con
----------------End of Script----------------

16:09:16 INFO  : Launch script is exported to file 'C:\Users\aamalik3\Desktop\ICAP_Readback\RISC_Preemption\RISC_Preemption.sdk\.sdk\launch_scripts\xilinx_c-c++_application_(system_debugger)\system_debugger_using_debug_risc_aes_ctr.elf_on_local.tcl'
16:09:58 INFO  : Disconnected from the channel tcfchan#7.
16:09:59 INFO  : 'targets -set -filter {jtag_cable_name =~ "Digilent Zed 210248B78019" && level==0} -index 1' command is executed.
16:09:59 INFO  : 'fpga -state' command is executed.
16:09:59 INFO  : Connected to target on host '127.0.0.1' and port '3121'.
16:09:59 INFO  : Jtag cable 'Digilent Zed 210248B78019' is selected.
16:09:59 INFO  : 'jtag frequency' command is executed.
16:09:59 INFO  : Sourcing of 'C:/Users/aamalik3/Desktop/ICAP_Readback/RISC_Preemption/RISC_Preemption.sdk/design_1_wrapper_hw_platform_0/ps7_init.tcl' is done.
16:09:59 INFO  : Context for 'APU' is selected.
16:10:00 INFO  : Hardware design information is loaded from 'C:/Users/aamalik3/Desktop/ICAP_Readback/RISC_Preemption/RISC_Preemption.sdk/design_1_wrapper_hw_platform_0/system.hdf'.
16:10:00 INFO  : 'configparams force-mem-access 1' command is executed.
16:10:00 INFO  : Context for 'APU' is selected.
16:10:00 INFO  : 'stop' command is executed.
16:10:00 INFO  : 'ps7_init' command is executed.
16:10:00 INFO  : 'ps7_post_config' command is executed.
16:10:00 INFO  : Context for processor 'ps7_cortexa9_0' is selected.
16:10:00 INFO  : Processor reset is completed for 'ps7_cortexa9_0'.
16:10:00 INFO  : Context for processor 'ps7_cortexa9_0' is selected.
16:10:00 INFO  : The application 'C:/Users/aamalik3/Desktop/ICAP_Readback/RISC_Preemption/RISC_Preemption.sdk/risc_aes_ctr/Debug/risc_aes_ctr.elf' is downloaded to processor 'ps7_cortexa9_0'.
16:10:00 INFO  : 'configparams force-mem-access 0' command is executed.
16:10:00 INFO  : ----------------XSDB Script----------------
connect -url tcp:127.0.0.1:3121
source C:/Users/aamalik3/Desktop/ICAP_Readback/RISC_Preemption/RISC_Preemption.sdk/design_1_wrapper_hw_platform_0/ps7_init.tcl
targets -set -nocase -filter {name =~"APU*" && jtag_cable_name =~ "Digilent Zed 210248B78019"} -index 0
loadhw -hw C:/Users/aamalik3/Desktop/ICAP_Readback/RISC_Preemption/RISC_Preemption.sdk/design_1_wrapper_hw_platform_0/system.hdf -mem-ranges [list {0x40000000 0xbfffffff}]
configparams force-mem-access 1
targets -set -nocase -filter {name =~"APU*" && jtag_cable_name =~ "Digilent Zed 210248B78019"} -index 0
stop
ps7_init
ps7_post_config
targets -set -nocase -filter {name =~ "ARM*#0" && jtag_cable_name =~ "Digilent Zed 210248B78019"} -index 0
rst -processor
targets -set -nocase -filter {name =~ "ARM*#0" && jtag_cable_name =~ "Digilent Zed 210248B78019"} -index 0
dow C:/Users/aamalik3/Desktop/ICAP_Readback/RISC_Preemption/RISC_Preemption.sdk/risc_aes_ctr/Debug/risc_aes_ctr.elf
configparams force-mem-access 0
----------------End of Script----------------

16:10:00 INFO  : Memory regions updated for context APU
16:10:00 INFO  : Context for processor 'ps7_cortexa9_0' is selected.
16:10:00 INFO  : 'con' command is executed.
16:10:00 INFO  : ----------------XSDB Script (After Launch)----------------
targets -set -nocase -filter {name =~ "ARM*#0" && jtag_cable_name =~ "Digilent Zed 210248B78019"} -index 0
con
----------------End of Script----------------

16:10:00 INFO  : Launch script is exported to file 'C:\Users\aamalik3\Desktop\ICAP_Readback\RISC_Preemption\RISC_Preemption.sdk\.sdk\launch_scripts\xilinx_c-c++_application_(system_debugger)\system_debugger_using_debug_risc_aes_ctr.elf_on_local.tcl'
16:10:25 INFO  : Disconnected from the channel tcfchan#8.
16:10:26 INFO  : 'targets -set -filter {jtag_cable_name =~ "Digilent Zed 210248B78019" && level==0} -index 1' command is executed.
16:10:26 INFO  : 'fpga -state' command is executed.
16:10:26 INFO  : Connected to target on host '127.0.0.1' and port '3121'.
16:10:26 INFO  : Jtag cable 'Digilent Zed 210248B78019' is selected.
16:10:26 INFO  : 'jtag frequency' command is executed.
16:10:26 INFO  : Sourcing of 'C:/Users/aamalik3/Desktop/ICAP_Readback/RISC_Preemption/RISC_Preemption.sdk/design_1_wrapper_hw_platform_0/ps7_init.tcl' is done.
16:10:26 INFO  : Context for 'APU' is selected.
16:10:27 INFO  : Hardware design information is loaded from 'C:/Users/aamalik3/Desktop/ICAP_Readback/RISC_Preemption/RISC_Preemption.sdk/design_1_wrapper_hw_platform_0/system.hdf'.
16:10:27 INFO  : 'configparams force-mem-access 1' command is executed.
16:10:27 INFO  : Context for 'APU' is selected.
16:10:27 INFO  : 'stop' command is executed.
16:10:27 INFO  : 'ps7_init' command is executed.
16:10:27 INFO  : 'ps7_post_config' command is executed.
16:10:27 INFO  : Context for processor 'ps7_cortexa9_0' is selected.
16:10:27 INFO  : Processor reset is completed for 'ps7_cortexa9_0'.
16:10:27 INFO  : Context for processor 'ps7_cortexa9_0' is selected.
16:10:28 INFO  : The application 'C:/Users/aamalik3/Desktop/ICAP_Readback/RISC_Preemption/RISC_Preemption.sdk/risc_aes_ctr/Debug/risc_aes_ctr.elf' is downloaded to processor 'ps7_cortexa9_0'.
16:10:28 INFO  : 'configparams force-mem-access 0' command is executed.
16:10:28 INFO  : ----------------XSDB Script----------------
connect -url tcp:127.0.0.1:3121
source C:/Users/aamalik3/Desktop/ICAP_Readback/RISC_Preemption/RISC_Preemption.sdk/design_1_wrapper_hw_platform_0/ps7_init.tcl
targets -set -nocase -filter {name =~"APU*" && jtag_cable_name =~ "Digilent Zed 210248B78019"} -index 0
loadhw -hw C:/Users/aamalik3/Desktop/ICAP_Readback/RISC_Preemption/RISC_Preemption.sdk/design_1_wrapper_hw_platform_0/system.hdf -mem-ranges [list {0x40000000 0xbfffffff}]
configparams force-mem-access 1
targets -set -nocase -filter {name =~"APU*" && jtag_cable_name =~ "Digilent Zed 210248B78019"} -index 0
stop
ps7_init
ps7_post_config
targets -set -nocase -filter {name =~ "ARM*#0" && jtag_cable_name =~ "Digilent Zed 210248B78019"} -index 0
rst -processor
targets -set -nocase -filter {name =~ "ARM*#0" && jtag_cable_name =~ "Digilent Zed 210248B78019"} -index 0
dow C:/Users/aamalik3/Desktop/ICAP_Readback/RISC_Preemption/RISC_Preemption.sdk/risc_aes_ctr/Debug/risc_aes_ctr.elf
configparams force-mem-access 0
----------------End of Script----------------

16:10:28 INFO  : Memory regions updated for context APU
16:10:28 INFO  : Context for processor 'ps7_cortexa9_0' is selected.
16:10:28 INFO  : 'con' command is executed.
16:10:28 INFO  : ----------------XSDB Script (After Launch)----------------
targets -set -nocase -filter {name =~ "ARM*#0" && jtag_cable_name =~ "Digilent Zed 210248B78019"} -index 0
con
----------------End of Script----------------

16:10:28 INFO  : Launch script is exported to file 'C:\Users\aamalik3\Desktop\ICAP_Readback\RISC_Preemption\RISC_Preemption.sdk\.sdk\launch_scripts\xilinx_c-c++_application_(system_debugger)\system_debugger_using_debug_risc_aes_ctr.elf_on_local.tcl'
16:17:29 INFO  : Disconnected from the channel tcfchan#9.
16:17:30 INFO  : 'targets -set -filter {jtag_cable_name =~ "Digilent Zed 210248B78019" && level==0} -index 1' command is executed.
16:17:30 INFO  : 'fpga -state' command is executed.
16:17:30 INFO  : Connected to target on host '127.0.0.1' and port '3121'.
16:17:30 INFO  : Jtag cable 'Digilent Zed 210248B78019' is selected.
16:17:30 INFO  : 'jtag frequency' command is executed.
16:17:30 INFO  : Sourcing of 'C:/Users/aamalik3/Desktop/ICAP_Readback/RISC_Preemption/RISC_Preemption.sdk/design_1_wrapper_hw_platform_0/ps7_init.tcl' is done.
16:17:30 INFO  : Context for 'APU' is selected.
16:17:31 INFO  : Hardware design information is loaded from 'C:/Users/aamalik3/Desktop/ICAP_Readback/RISC_Preemption/RISC_Preemption.sdk/design_1_wrapper_hw_platform_0/system.hdf'.
16:17:31 INFO  : 'configparams force-mem-access 1' command is executed.
16:17:31 INFO  : Context for 'APU' is selected.
16:17:31 INFO  : 'stop' command is executed.
16:17:31 INFO  : 'ps7_init' command is executed.
16:17:31 INFO  : 'ps7_post_config' command is executed.
16:17:31 INFO  : Context for processor 'ps7_cortexa9_0' is selected.
16:17:32 INFO  : Processor reset is completed for 'ps7_cortexa9_0'.
16:17:32 INFO  : Context for processor 'ps7_cortexa9_0' is selected.
16:17:32 INFO  : The application 'C:/Users/aamalik3/Desktop/ICAP_Readback/RISC_Preemption/RISC_Preemption.sdk/risc_aes_ctr/Debug/risc_aes_ctr.elf' is downloaded to processor 'ps7_cortexa9_0'.
16:17:32 INFO  : 'configparams force-mem-access 0' command is executed.
16:17:32 INFO  : ----------------XSDB Script----------------
connect -url tcp:127.0.0.1:3121
source C:/Users/aamalik3/Desktop/ICAP_Readback/RISC_Preemption/RISC_Preemption.sdk/design_1_wrapper_hw_platform_0/ps7_init.tcl
targets -set -nocase -filter {name =~"APU*" && jtag_cable_name =~ "Digilent Zed 210248B78019"} -index 0
loadhw -hw C:/Users/aamalik3/Desktop/ICAP_Readback/RISC_Preemption/RISC_Preemption.sdk/design_1_wrapper_hw_platform_0/system.hdf -mem-ranges [list {0x40000000 0xbfffffff}]
configparams force-mem-access 1
targets -set -nocase -filter {name =~"APU*" && jtag_cable_name =~ "Digilent Zed 210248B78019"} -index 0
stop
ps7_init
ps7_post_config
targets -set -nocase -filter {name =~ "ARM*#0" && jtag_cable_name =~ "Digilent Zed 210248B78019"} -index 0
rst -processor
targets -set -nocase -filter {name =~ "ARM*#0" && jtag_cable_name =~ "Digilent Zed 210248B78019"} -index 0
dow C:/Users/aamalik3/Desktop/ICAP_Readback/RISC_Preemption/RISC_Preemption.sdk/risc_aes_ctr/Debug/risc_aes_ctr.elf
configparams force-mem-access 0
----------------End of Script----------------

16:17:32 INFO  : Memory regions updated for context APU
16:17:32 INFO  : Context for processor 'ps7_cortexa9_0' is selected.
16:17:32 INFO  : 'con' command is executed.
16:17:32 INFO  : ----------------XSDB Script (After Launch)----------------
targets -set -nocase -filter {name =~ "ARM*#0" && jtag_cable_name =~ "Digilent Zed 210248B78019"} -index 0
con
----------------End of Script----------------

16:17:32 INFO  : Launch script is exported to file 'C:\Users\aamalik3\Desktop\ICAP_Readback\RISC_Preemption\RISC_Preemption.sdk\.sdk\launch_scripts\xilinx_c-c++_application_(system_debugger)\system_debugger_using_debug_risc_aes_ctr.elf_on_local.tcl'
19:17:06 INFO  : Connected to target on host '127.0.0.1' and port '3121'.
19:17:06 INFO  : 'targets -set -filter {jtag_cable_name =~ "Digilent Zed 210248B78019" && level==0} -index 1' command is executed.
19:17:08 INFO  : FPGA configured successfully with bitstream "C:/Users/aamalik3/Desktop/ICAP_Readback/RISC_Preemption/RISC_AES_pblock_risc_partial.bit"
19:17:23 ERROR : (XSDB Server)Context does not support memory read. Unsupported command

19:17:30 ERROR : (XSDB Server)Context does not support memory read. Unsupported command

19:17:35 INFO  : Disconnected from the channel tcfchan#10.
19:17:36 INFO  : 'targets -set -filter {jtag_cable_name =~ "Digilent Zed 210248B78019" && level==0} -index 1' command is executed.
19:17:36 INFO  : 'fpga -state' command is executed.
19:17:36 INFO  : Connected to target on host '127.0.0.1' and port '3121'.
19:17:37 INFO  : Jtag cable 'Digilent Zed 210248B78019' is selected.
19:17:37 INFO  : 'jtag frequency' command is executed.
19:17:37 INFO  : Sourcing of 'C:/Users/aamalik3/Desktop/ICAP_Readback/RISC_Preemption/RISC_Preemption.sdk/design_1_wrapper_hw_platform_0/ps7_init.tcl' is done.
19:17:37 INFO  : Context for 'APU' is selected.
19:17:38 INFO  : Hardware design information is loaded from 'C:/Users/aamalik3/Desktop/ICAP_Readback/RISC_Preemption/RISC_Preemption.sdk/design_1_wrapper_hw_platform_0/system.hdf'.
19:17:38 INFO  : 'configparams force-mem-access 1' command is executed.
19:17:38 INFO  : Context for 'APU' is selected.
19:17:38 INFO  : 'stop' command is executed.
19:17:38 INFO  : 'ps7_init' command is executed.
19:17:38 INFO  : 'ps7_post_config' command is executed.
19:17:38 INFO  : Context for processor 'ps7_cortexa9_0' is selected.
19:17:38 INFO  : Processor reset is completed for 'ps7_cortexa9_0'.
19:17:38 INFO  : Context for processor 'ps7_cortexa9_0' is selected.
19:17:38 INFO  : The application 'C:/Users/aamalik3/Desktop/ICAP_Readback/RISC_Preemption/RISC_Preemption.sdk/risc_aes_ctr/Debug/risc_aes_ctr.elf' is downloaded to processor 'ps7_cortexa9_0'.
19:17:38 INFO  : 'configparams force-mem-access 0' command is executed.
19:17:38 INFO  : ----------------XSDB Script----------------
connect -url tcp:127.0.0.1:3121
source C:/Users/aamalik3/Desktop/ICAP_Readback/RISC_Preemption/RISC_Preemption.sdk/design_1_wrapper_hw_platform_0/ps7_init.tcl
targets -set -nocase -filter {name =~"APU*" && jtag_cable_name =~ "Digilent Zed 210248B78019"} -index 0
loadhw -hw C:/Users/aamalik3/Desktop/ICAP_Readback/RISC_Preemption/RISC_Preemption.sdk/design_1_wrapper_hw_platform_0/system.hdf -mem-ranges [list {0x40000000 0xbfffffff}]
configparams force-mem-access 1
targets -set -nocase -filter {name =~"APU*" && jtag_cable_name =~ "Digilent Zed 210248B78019"} -index 0
stop
ps7_init
ps7_post_config
targets -set -nocase -filter {name =~ "ARM*#0" && jtag_cable_name =~ "Digilent Zed 210248B78019"} -index 0
rst -processor
targets -set -nocase -filter {name =~ "ARM*#0" && jtag_cable_name =~ "Digilent Zed 210248B78019"} -index 0
dow C:/Users/aamalik3/Desktop/ICAP_Readback/RISC_Preemption/RISC_Preemption.sdk/risc_aes_ctr/Debug/risc_aes_ctr.elf
configparams force-mem-access 0
----------------End of Script----------------

19:17:38 INFO  : Memory regions updated for context APU
19:17:38 INFO  : Context for processor 'ps7_cortexa9_0' is selected.
19:17:38 INFO  : 'con' command is executed.
19:17:38 INFO  : ----------------XSDB Script (After Launch)----------------
targets -set -nocase -filter {name =~ "ARM*#0" && jtag_cable_name =~ "Digilent Zed 210248B78019"} -index 0
con
----------------End of Script----------------

19:17:38 INFO  : Launch script is exported to file 'C:\Users\aamalik3\Desktop\ICAP_Readback\RISC_Preemption\RISC_Preemption.sdk\.sdk\launch_scripts\xilinx_c-c++_application_(system_debugger)\system_debugger_using_debug_risc_aes_ctr.elf_on_local.tcl'
19:46:49 INFO  : Connected to target on host '127.0.0.1' and port '3121'.
19:46:49 INFO  : 'targets -set -filter {jtag_cable_name =~ "Digilent Zed 210248B78019" && level==0} -index 1' command is executed.
19:46:50 INFO  : FPGA configured successfully with bitstream "C:/Users/aamalik3/Desktop/ICAP_Readback/RISC_Preemption/RISC_AES_pblock_risc_partial.bit"
20:54:29 ERROR : (XSDB Server)Context does not support memory read. Unsupported command

20:54:33 ERROR : (XSDB Server)Context does not support memory read. Unsupported command

23:09:54 INFO  : SDK has detected change in the last modified timestamps for source hardware specification file Source:1692500993269,  Project:1692390842321
23:09:54 INFO  : Project design_1_wrapper_hw_platform_0's source hardware specification located at C:/Users/aamalik3/Desktop/ICAP_Readback/RISC_Preemption/RISC_Preemption.sdk/design_1_wrapper.hdf is now different from the local copy.
		 The local copy will be replaced with the source specification and your workspace will be updated.
23:10:16 INFO  : Copied contents of C:/Users/aamalik3/Desktop/ICAP_Readback/RISC_Preemption/RISC_Preemption.sdk/design_1_wrapper.hdf into \design_1_wrapper_hw_platform_0\system.hdf.
23:10:18 INFO  : Synchronizing projects in the workspace with the hardware platform specification changes.
23:10:20 INFO  : 
23:10:21 INFO  : Updating hardware inferred compiler options for risc_aes_ctr.
23:10:21 INFO  : Clearing existing target manager status.
23:10:21 INFO  : Closing and re-opening the MSS file of ther project risc_aes_ctr_bsp
23:10:22 INFO  : Workspace synchronized with the new hardware specification file. Cleaning dependent projects...
23:10:23 WARN  : Linker script will not be updated automatically. Users need to update it manually.
23:12:12 INFO  : Connected to target on host '127.0.0.1' and port '3121'.
23:12:12 INFO  : 'targets -set -filter {jtag_cable_name =~ "Digilent Zed 210248B78019" && level==0} -index 1' command is executed.
23:12:15 INFO  : FPGA configured successfully with bitstream "C:/Users/aamalik3/Desktop/ICAP_Readback/RISC_Preemption/RISC_AES.bit"
23:12:38 INFO  : Disconnected from the channel tcfchan#11.
23:12:39 INFO  : 'targets -set -filter {jtag_cable_name =~ "Digilent Zed 210248B78019" && level==0} -index 1' command is executed.
23:12:39 INFO  : 'fpga -state' command is executed.
23:12:39 INFO  : Connected to target on host '127.0.0.1' and port '3121'.
23:12:39 INFO  : Jtag cable 'Digilent Zed 210248B78019' is selected.
23:12:39 INFO  : 'jtag frequency' command is executed.
23:12:39 INFO  : Sourcing of 'C:/Users/aamalik3/Desktop/ICAP_Readback/RISC_Preemption/RISC_Preemption.sdk/design_1_wrapper_hw_platform_0/ps7_init.tcl' is done.
23:12:39 INFO  : Context for 'APU' is selected.
23:12:39 INFO  : Hardware design information is loaded from 'C:/Users/aamalik3/Desktop/ICAP_Readback/RISC_Preemption/RISC_Preemption.sdk/design_1_wrapper_hw_platform_0/system.hdf'.
23:12:39 INFO  : 'configparams force-mem-access 1' command is executed.
23:12:39 INFO  : Context for 'APU' is selected.
23:12:39 INFO  : 'stop' command is executed.
23:12:40 INFO  : 'ps7_init' command is executed.
23:12:40 INFO  : 'ps7_post_config' command is executed.
23:12:40 INFO  : Context for processor 'ps7_cortexa9_0' is selected.
23:12:40 INFO  : Processor reset is completed for 'ps7_cortexa9_0'.
23:12:40 INFO  : Context for processor 'ps7_cortexa9_0' is selected.
23:12:40 INFO  : The application 'C:/Users/aamalik3/Desktop/ICAP_Readback/RISC_Preemption/RISC_Preemption.sdk/risc_aes_ctr/Debug/risc_aes_ctr.elf' is downloaded to processor 'ps7_cortexa9_0'.
23:12:40 INFO  : 'configparams force-mem-access 0' command is executed.
23:12:40 INFO  : ----------------XSDB Script----------------
connect -url tcp:127.0.0.1:3121
source C:/Users/aamalik3/Desktop/ICAP_Readback/RISC_Preemption/RISC_Preemption.sdk/design_1_wrapper_hw_platform_0/ps7_init.tcl
targets -set -nocase -filter {name =~"APU*" && jtag_cable_name =~ "Digilent Zed 210248B78019"} -index 0
loadhw -hw C:/Users/aamalik3/Desktop/ICAP_Readback/RISC_Preemption/RISC_Preemption.sdk/design_1_wrapper_hw_platform_0/system.hdf -mem-ranges [list {0x40000000 0xbfffffff}]
configparams force-mem-access 1
targets -set -nocase -filter {name =~"APU*" && jtag_cable_name =~ "Digilent Zed 210248B78019"} -index 0
stop
ps7_init
ps7_post_config
targets -set -nocase -filter {name =~ "ARM*#0" && jtag_cable_name =~ "Digilent Zed 210248B78019"} -index 0
rst -processor
targets -set -nocase -filter {name =~ "ARM*#0" && jtag_cable_name =~ "Digilent Zed 210248B78019"} -index 0
dow C:/Users/aamalik3/Desktop/ICAP_Readback/RISC_Preemption/RISC_Preemption.sdk/risc_aes_ctr/Debug/risc_aes_ctr.elf
configparams force-mem-access 0
----------------End of Script----------------

23:12:40 INFO  : Memory regions updated for context APU
23:12:40 INFO  : Context for processor 'ps7_cortexa9_0' is selected.
23:12:40 INFO  : 'con' command is executed.
23:12:40 INFO  : ----------------XSDB Script (After Launch)----------------
targets -set -nocase -filter {name =~ "ARM*#0" && jtag_cable_name =~ "Digilent Zed 210248B78019"} -index 0
con
----------------End of Script----------------

23:12:40 INFO  : Launch script is exported to file 'C:\Users\aamalik3\Desktop\ICAP_Readback\RISC_Preemption\RISC_Preemption.sdk\.sdk\launch_scripts\xilinx_c-c++_application_(system_debugger)\system_debugger_using_debug_risc_aes_ctr.elf_on_local.tcl'
23:12:58 INFO  : Disconnected from the channel tcfchan#12.
23:12:59 INFO  : 'targets -set -filter {jtag_cable_name =~ "Digilent Zed 210248B78019" && level==0} -index 1' command is executed.
23:12:59 INFO  : 'fpga -state' command is executed.
23:12:59 INFO  : Connected to target on host '127.0.0.1' and port '3121'.
23:12:59 INFO  : Jtag cable 'Digilent Zed 210248B78019' is selected.
23:12:59 INFO  : 'jtag frequency' command is executed.
23:12:59 INFO  : Sourcing of 'C:/Users/aamalik3/Desktop/ICAP_Readback/RISC_Preemption/RISC_Preemption.sdk/design_1_wrapper_hw_platform_0/ps7_init.tcl' is done.
23:12:59 INFO  : Context for 'APU' is selected.
23:13:00 INFO  : Hardware design information is loaded from 'C:/Users/aamalik3/Desktop/ICAP_Readback/RISC_Preemption/RISC_Preemption.sdk/design_1_wrapper_hw_platform_0/system.hdf'.
23:13:00 INFO  : 'configparams force-mem-access 1' command is executed.
23:13:00 INFO  : Context for 'APU' is selected.
23:13:00 INFO  : 'stop' command is executed.
23:13:00 INFO  : 'ps7_init' command is executed.
23:13:00 INFO  : 'ps7_post_config' command is executed.
23:13:00 INFO  : Context for processor 'ps7_cortexa9_0' is selected.
23:13:00 INFO  : Processor reset is completed for 'ps7_cortexa9_0'.
23:13:00 INFO  : Context for processor 'ps7_cortexa9_0' is selected.
23:13:01 INFO  : The application 'C:/Users/aamalik3/Desktop/ICAP_Readback/RISC_Preemption/RISC_Preemption.sdk/risc_aes_ctr/Debug/risc_aes_ctr.elf' is downloaded to processor 'ps7_cortexa9_0'.
23:13:01 INFO  : 'configparams force-mem-access 0' command is executed.
23:13:01 INFO  : ----------------XSDB Script----------------
connect -url tcp:127.0.0.1:3121
source C:/Users/aamalik3/Desktop/ICAP_Readback/RISC_Preemption/RISC_Preemption.sdk/design_1_wrapper_hw_platform_0/ps7_init.tcl
targets -set -nocase -filter {name =~"APU*" && jtag_cable_name =~ "Digilent Zed 210248B78019"} -index 0
loadhw -hw C:/Users/aamalik3/Desktop/ICAP_Readback/RISC_Preemption/RISC_Preemption.sdk/design_1_wrapper_hw_platform_0/system.hdf -mem-ranges [list {0x40000000 0xbfffffff}]
configparams force-mem-access 1
targets -set -nocase -filter {name =~"APU*" && jtag_cable_name =~ "Digilent Zed 210248B78019"} -index 0
stop
ps7_init
ps7_post_config
targets -set -nocase -filter {name =~ "ARM*#0" && jtag_cable_name =~ "Digilent Zed 210248B78019"} -index 0
rst -processor
targets -set -nocase -filter {name =~ "ARM*#0" && jtag_cable_name =~ "Digilent Zed 210248B78019"} -index 0
dow C:/Users/aamalik3/Desktop/ICAP_Readback/RISC_Preemption/RISC_Preemption.sdk/risc_aes_ctr/Debug/risc_aes_ctr.elf
configparams force-mem-access 0
----------------End of Script----------------

23:13:01 INFO  : Memory regions updated for context APU
23:13:01 INFO  : Context for processor 'ps7_cortexa9_0' is selected.
23:13:01 INFO  : 'con' command is executed.
23:13:01 INFO  : ----------------XSDB Script (After Launch)----------------
targets -set -nocase -filter {name =~ "ARM*#0" && jtag_cable_name =~ "Digilent Zed 210248B78019"} -index 0
con
----------------End of Script----------------

23:13:01 INFO  : Launch script is exported to file 'C:\Users\aamalik3\Desktop\ICAP_Readback\RISC_Preemption\RISC_Preemption.sdk\.sdk\launch_scripts\xilinx_c-c++_application_(system_debugger)\system_debugger_using_debug_risc_aes_ctr.elf_on_local.tcl'
23:14:55 INFO  : Connected to target on host '127.0.0.1' and port '3121'.
23:14:55 INFO  : 'targets -set -filter {jtag_cable_name =~ "Digilent Zed 210248B78019" && level==0} -index 1' command is executed.
23:14:56 INFO  : FPGA configured successfully with bitstream "C:/Users/aamalik3/Desktop/ICAP_Readback/RISC_Preemption/RISC_AES_pblock_risc_partial.bit"
23:14:59 ERROR : (XSDB Server)Context does not support memory read. Unsupported command

23:15:00 ERROR : (XSDB Server)Context does not support memory read. Unsupported command

23:15:09 INFO  : Connected to target on host '127.0.0.1' and port '3121'.
23:15:09 INFO  : 'targets -set -filter {jtag_cable_name =~ "Digilent Zed 210248B78019" && level==0} -index 1' command is executed.
23:15:12 INFO  : FPGA configured successfully with bitstream "C:/Users/aamalik3/Desktop/ICAP_Readback/RISC_Preemption/RISC_AES.bit"
23:15:14 ERROR : (XSDB Server)Context does not support memory read. Unsupported command

23:15:16 ERROR : (XSDB Server)Context does not support memory read. Unsupported command

23:15:16 ERROR : (XSDB Server)Context does not support memory read. Unsupported command

23:15:17 ERROR : (XSDB Server)Context does not support memory read. Unsupported command

23:27:15 INFO  : Connected to target on host '127.0.0.1' and port '3121'.
23:27:15 INFO  : 'targets -set -filter {jtag_cable_name =~ "Digilent Zed 210248B78019" && level==0} -index 1' command is executed.
23:27:16 INFO  : FPGA configured successfully with bitstream "C:/Users/aamalik3/Desktop/ICAP_Readback/RISC_Preemption/RISC_AES_pblock_risc_partial.bit"
12:34:24 INFO  : Connected to target on host '127.0.0.1' and port '3121'.
12:34:24 INFO  : 'targets -set -filter {jtag_cable_name =~ "Digilent Zed 210248B78019" && level==0} -index 1' command is executed.
12:34:25 INFO  : FPGA configured successfully with bitstream "C:/Users/aamalik3/Desktop/ICAP_Readback/RISC_Preemption/RISC_AES_pblock_risc_partial.bit"
12:35:17 INFO  : Disconnected from the channel tcfchan#13.
12:35:18 INFO  : 'targets -set -filter {jtag_cable_name =~ "Digilent Zed 210248B78019" && level==0} -index 1' command is executed.
12:35:18 INFO  : 'fpga -state' command is executed.
12:35:18 INFO  : Connected to target on host '127.0.0.1' and port '3121'.
12:35:19 INFO  : Jtag cable 'Digilent Zed 210248B78019' is selected.
12:35:19 INFO  : 'jtag frequency' command is executed.
12:35:19 INFO  : Sourcing of 'C:/Users/aamalik3/Desktop/ICAP_Readback/RISC_Preemption/RISC_Preemption.sdk/design_1_wrapper_hw_platform_0/ps7_init.tcl' is done.
12:35:19 INFO  : Context for 'APU' is selected.
12:35:19 INFO  : Hardware design information is loaded from 'C:/Users/aamalik3/Desktop/ICAP_Readback/RISC_Preemption/RISC_Preemption.sdk/design_1_wrapper_hw_platform_0/system.hdf'.
12:35:19 INFO  : 'configparams force-mem-access 1' command is executed.
12:35:19 INFO  : Context for 'APU' is selected.
12:35:19 INFO  : 'stop' command is executed.
12:35:20 INFO  : 'ps7_init' command is executed.
12:35:20 INFO  : 'ps7_post_config' command is executed.
12:35:20 INFO  : Context for processor 'ps7_cortexa9_0' is selected.
12:35:20 INFO  : Processor reset is completed for 'ps7_cortexa9_0'.
12:35:20 INFO  : Context for processor 'ps7_cortexa9_0' is selected.
12:35:22 ERROR : Memory write error at 0x100000. AP transaction timeout
12:35:22 INFO  : ----------------XSDB Script----------------
connect -url tcp:127.0.0.1:3121
source C:/Users/aamalik3/Desktop/ICAP_Readback/RISC_Preemption/RISC_Preemption.sdk/design_1_wrapper_hw_platform_0/ps7_init.tcl
targets -set -nocase -filter {name =~"APU*" && jtag_cable_name =~ "Digilent Zed 210248B78019"} -index 0
loadhw -hw C:/Users/aamalik3/Desktop/ICAP_Readback/RISC_Preemption/RISC_Preemption.sdk/design_1_wrapper_hw_platform_0/system.hdf -mem-ranges [list {0x40000000 0xbfffffff}]
configparams force-mem-access 1
targets -set -nocase -filter {name =~"APU*" && jtag_cable_name =~ "Digilent Zed 210248B78019"} -index 0
stop
ps7_init
ps7_post_config
targets -set -nocase -filter {name =~ "ARM*#0" && jtag_cable_name =~ "Digilent Zed 210248B78019"} -index 0
rst -processor
targets -set -nocase -filter {name =~ "ARM*#0" && jtag_cable_name =~ "Digilent Zed 210248B78019"} -index 0
dow C:/Users/aamalik3/Desktop/ICAP_Readback/RISC_Preemption/RISC_Preemption.sdk/risc_aes_ctr/Debug/risc_aes_ctr.elf
----------------End of Script----------------

16:42:08 INFO  : Connected to target on host '127.0.0.1' and port '3121'.
16:42:08 INFO  : 'targets -set -filter {jtag_cable_name =~ "Digilent Zed 210248B78019" && level==0} -index 1' command is executed.
16:42:10 INFO  : FPGA configured successfully with bitstream "C:/Users/aamalik3/Desktop/ICAP_Readback/RISC_Preemption/RISC_AES.bit"
16:42:13 INFO  : 'targets -set -filter {jtag_cable_name =~ "Digilent Zed 210248B78019" && level==0} -index 1' command is executed.
16:42:13 INFO  : 'fpga -state' command is executed.
16:42:13 INFO  : Connected to target on host '127.0.0.1' and port '3121'.
16:42:13 INFO  : Jtag cable 'Digilent Zed 210248B78019' is selected.
16:42:13 INFO  : 'jtag frequency' command is executed.
16:42:13 INFO  : Sourcing of 'C:/Users/aamalik3/Desktop/ICAP_Readback/RISC_Preemption/RISC_Preemption.sdk/design_1_wrapper_hw_platform_0/ps7_init.tcl' is done.
16:42:13 INFO  : Context for 'APU' is selected.
16:42:13 INFO  : Hardware design information is loaded from 'C:/Users/aamalik3/Desktop/ICAP_Readback/RISC_Preemption/RISC_Preemption.sdk/design_1_wrapper_hw_platform_0/system.hdf'.
16:42:13 INFO  : 'configparams force-mem-access 1' command is executed.
16:42:13 INFO  : Context for 'APU' is selected.
16:42:13 INFO  : 'stop' command is executed.
16:42:14 INFO  : 'ps7_init' command is executed.
16:42:14 INFO  : 'ps7_post_config' command is executed.
16:42:14 INFO  : Context for processor 'ps7_cortexa9_0' is selected.
16:42:14 INFO  : Processor reset is completed for 'ps7_cortexa9_0'.
16:42:14 INFO  : Context for processor 'ps7_cortexa9_0' is selected.
16:42:14 INFO  : The application 'C:/Users/aamalik3/Desktop/ICAP_Readback/RISC_Preemption/RISC_Preemption.sdk/risc_aes_ctr/Debug/risc_aes_ctr.elf' is downloaded to processor 'ps7_cortexa9_0'.
16:42:14 INFO  : 'configparams force-mem-access 0' command is executed.
16:42:14 INFO  : ----------------XSDB Script----------------
connect -url tcp:127.0.0.1:3121
source C:/Users/aamalik3/Desktop/ICAP_Readback/RISC_Preemption/RISC_Preemption.sdk/design_1_wrapper_hw_platform_0/ps7_init.tcl
targets -set -nocase -filter {name =~"APU*" && jtag_cable_name =~ "Digilent Zed 210248B78019"} -index 0
loadhw -hw C:/Users/aamalik3/Desktop/ICAP_Readback/RISC_Preemption/RISC_Preemption.sdk/design_1_wrapper_hw_platform_0/system.hdf -mem-ranges [list {0x40000000 0xbfffffff}]
configparams force-mem-access 1
targets -set -nocase -filter {name =~"APU*" && jtag_cable_name =~ "Digilent Zed 210248B78019"} -index 0
stop
ps7_init
ps7_post_config
targets -set -nocase -filter {name =~ "ARM*#0" && jtag_cable_name =~ "Digilent Zed 210248B78019"} -index 0
rst -processor
targets -set -nocase -filter {name =~ "ARM*#0" && jtag_cable_name =~ "Digilent Zed 210248B78019"} -index 0
dow C:/Users/aamalik3/Desktop/ICAP_Readback/RISC_Preemption/RISC_Preemption.sdk/risc_aes_ctr/Debug/risc_aes_ctr.elf
configparams force-mem-access 0
----------------End of Script----------------

16:42:14 INFO  : Memory regions updated for context APU
16:42:14 INFO  : Context for processor 'ps7_cortexa9_0' is selected.
16:42:14 INFO  : 'con' command is executed.
16:42:14 INFO  : ----------------XSDB Script (After Launch)----------------
targets -set -nocase -filter {name =~ "ARM*#0" && jtag_cable_name =~ "Digilent Zed 210248B78019"} -index 0
con
----------------End of Script----------------

16:42:14 INFO  : Launch script is exported to file 'C:\Users\aamalik3\Desktop\ICAP_Readback\RISC_Preemption\RISC_Preemption.sdk\.sdk\launch_scripts\xilinx_c-c++_application_(system_debugger)\system_debugger_using_debug_risc_aes_ctr.elf_on_local.tcl'
16:44:11 INFO  : Disconnected from the channel tcfchan#14.
16:44:12 INFO  : 'targets -set -filter {jtag_cable_name =~ "Digilent Zed 210248B78019" && level==0} -index 1' command is executed.
16:44:12 INFO  : 'fpga -state' command is executed.
16:44:12 INFO  : Connected to target on host '127.0.0.1' and port '3121'.
16:44:12 INFO  : Jtag cable 'Digilent Zed 210248B78019' is selected.
16:44:12 INFO  : 'jtag frequency' command is executed.
16:44:12 INFO  : Sourcing of 'C:/Users/aamalik3/Desktop/ICAP_Readback/RISC_Preemption/RISC_Preemption.sdk/design_1_wrapper_hw_platform_0/ps7_init.tcl' is done.
16:44:13 INFO  : Context for 'APU' is selected.
16:44:13 INFO  : Hardware design information is loaded from 'C:/Users/aamalik3/Desktop/ICAP_Readback/RISC_Preemption/RISC_Preemption.sdk/design_1_wrapper_hw_platform_0/system.hdf'.
16:44:13 INFO  : 'configparams force-mem-access 1' command is executed.
16:44:13 INFO  : Context for 'APU' is selected.
16:44:13 INFO  : 'stop' command is executed.
16:44:13 INFO  : 'ps7_init' command is executed.
16:44:13 INFO  : 'ps7_post_config' command is executed.
16:44:13 INFO  : Context for processor 'ps7_cortexa9_0' is selected.
16:44:13 INFO  : Processor reset is completed for 'ps7_cortexa9_0'.
16:44:13 INFO  : Context for processor 'ps7_cortexa9_0' is selected.
16:44:13 INFO  : The application 'C:/Users/aamalik3/Desktop/ICAP_Readback/RISC_Preemption/RISC_Preemption.sdk/risc_aes_ctr/Debug/risc_aes_ctr.elf' is downloaded to processor 'ps7_cortexa9_0'.
16:44:13 INFO  : 'configparams force-mem-access 0' command is executed.
16:44:13 INFO  : ----------------XSDB Script----------------
connect -url tcp:127.0.0.1:3121
source C:/Users/aamalik3/Desktop/ICAP_Readback/RISC_Preemption/RISC_Preemption.sdk/design_1_wrapper_hw_platform_0/ps7_init.tcl
targets -set -nocase -filter {name =~"APU*" && jtag_cable_name =~ "Digilent Zed 210248B78019"} -index 0
loadhw -hw C:/Users/aamalik3/Desktop/ICAP_Readback/RISC_Preemption/RISC_Preemption.sdk/design_1_wrapper_hw_platform_0/system.hdf -mem-ranges [list {0x40000000 0xbfffffff}]
configparams force-mem-access 1
targets -set -nocase -filter {name =~"APU*" && jtag_cable_name =~ "Digilent Zed 210248B78019"} -index 0
stop
ps7_init
ps7_post_config
targets -set -nocase -filter {name =~ "ARM*#0" && jtag_cable_name =~ "Digilent Zed 210248B78019"} -index 0
rst -processor
targets -set -nocase -filter {name =~ "ARM*#0" && jtag_cable_name =~ "Digilent Zed 210248B78019"} -index 0
dow C:/Users/aamalik3/Desktop/ICAP_Readback/RISC_Preemption/RISC_Preemption.sdk/risc_aes_ctr/Debug/risc_aes_ctr.elf
configparams force-mem-access 0
----------------End of Script----------------

16:44:14 INFO  : Memory regions updated for context APU
16:44:14 INFO  : Context for processor 'ps7_cortexa9_0' is selected.
16:44:14 INFO  : 'con' command is executed.
16:44:14 INFO  : ----------------XSDB Script (After Launch)----------------
targets -set -nocase -filter {name =~ "ARM*#0" && jtag_cable_name =~ "Digilent Zed 210248B78019"} -index 0
con
----------------End of Script----------------

16:44:14 INFO  : Launch script is exported to file 'C:\Users\aamalik3\Desktop\ICAP_Readback\RISC_Preemption\RISC_Preemption.sdk\.sdk\launch_scripts\xilinx_c-c++_application_(system_debugger)\system_debugger_using_debug_risc_aes_ctr.elf_on_local.tcl'
16:49:42 INFO  : Disconnected from the channel tcfchan#15.
16:49:43 INFO  : 'targets -set -filter {jtag_cable_name =~ "Digilent Zed 210248B78019" && level==0} -index 1' command is executed.
16:49:43 INFO  : 'fpga -state' command is executed.
16:49:43 INFO  : Connected to target on host '127.0.0.1' and port '3121'.
16:49:43 INFO  : Jtag cable 'Digilent Zed 210248B78019' is selected.
16:49:43 INFO  : 'jtag frequency' command is executed.
16:49:43 INFO  : Sourcing of 'C:/Users/aamalik3/Desktop/ICAP_Readback/RISC_Preemption/RISC_Preemption.sdk/design_1_wrapper_hw_platform_0/ps7_init.tcl' is done.
16:49:43 INFO  : Context for 'APU' is selected.
16:49:43 INFO  : Hardware design information is loaded from 'C:/Users/aamalik3/Desktop/ICAP_Readback/RISC_Preemption/RISC_Preemption.sdk/design_1_wrapper_hw_platform_0/system.hdf'.
16:49:43 INFO  : 'configparams force-mem-access 1' command is executed.
16:49:43 INFO  : Context for 'APU' is selected.
16:49:43 INFO  : 'stop' command is executed.
16:49:44 INFO  : 'ps7_init' command is executed.
16:49:44 INFO  : 'ps7_post_config' command is executed.
16:49:44 INFO  : Context for processor 'ps7_cortexa9_0' is selected.
16:49:44 INFO  : Processor reset is completed for 'ps7_cortexa9_0'.
16:49:44 INFO  : Context for processor 'ps7_cortexa9_0' is selected.
16:49:44 INFO  : The application 'C:/Users/aamalik3/Desktop/ICAP_Readback/RISC_Preemption/RISC_Preemption.sdk/risc_aes_ctr/Debug/risc_aes_ctr.elf' is downloaded to processor 'ps7_cortexa9_0'.
16:49:44 INFO  : 'configparams force-mem-access 0' command is executed.
16:49:44 INFO  : ----------------XSDB Script----------------
connect -url tcp:127.0.0.1:3121
source C:/Users/aamalik3/Desktop/ICAP_Readback/RISC_Preemption/RISC_Preemption.sdk/design_1_wrapper_hw_platform_0/ps7_init.tcl
targets -set -nocase -filter {name =~"APU*" && jtag_cable_name =~ "Digilent Zed 210248B78019"} -index 0
loadhw -hw C:/Users/aamalik3/Desktop/ICAP_Readback/RISC_Preemption/RISC_Preemption.sdk/design_1_wrapper_hw_platform_0/system.hdf -mem-ranges [list {0x40000000 0xbfffffff}]
configparams force-mem-access 1
targets -set -nocase -filter {name =~"APU*" && jtag_cable_name =~ "Digilent Zed 210248B78019"} -index 0
stop
ps7_init
ps7_post_config
targets -set -nocase -filter {name =~ "ARM*#0" && jtag_cable_name =~ "Digilent Zed 210248B78019"} -index 0
rst -processor
targets -set -nocase -filter {name =~ "ARM*#0" && jtag_cable_name =~ "Digilent Zed 210248B78019"} -index 0
dow C:/Users/aamalik3/Desktop/ICAP_Readback/RISC_Preemption/RISC_Preemption.sdk/risc_aes_ctr/Debug/risc_aes_ctr.elf
configparams force-mem-access 0
----------------End of Script----------------

16:49:44 INFO  : Memory regions updated for context APU
16:49:44 INFO  : Context for processor 'ps7_cortexa9_0' is selected.
16:49:44 INFO  : 'con' command is executed.
16:49:44 INFO  : ----------------XSDB Script (After Launch)----------------
targets -set -nocase -filter {name =~ "ARM*#0" && jtag_cable_name =~ "Digilent Zed 210248B78019"} -index 0
con
----------------End of Script----------------

16:49:44 INFO  : Launch script is exported to file 'C:\Users\aamalik3\Desktop\ICAP_Readback\RISC_Preemption\RISC_Preemption.sdk\.sdk\launch_scripts\xilinx_c-c++_application_(system_debugger)\system_debugger_using_debug_risc_aes_ctr.elf_on_local.tcl'
16:56:15 INFO  : Disconnected from the channel tcfchan#16.
16:56:16 INFO  : 'targets -set -filter {jtag_cable_name =~ "Digilent Zed 210248B78019" && level==0} -index 1' command is executed.
16:56:16 INFO  : 'fpga -state' command is executed.
16:56:16 INFO  : Connected to target on host '127.0.0.1' and port '3121'.
16:56:16 INFO  : Jtag cable 'Digilent Zed 210248B78019' is selected.
16:56:16 INFO  : 'jtag frequency' command is executed.
16:56:16 INFO  : Sourcing of 'C:/Users/aamalik3/Desktop/ICAP_Readback/RISC_Preemption/RISC_Preemption.sdk/design_1_wrapper_hw_platform_0/ps7_init.tcl' is done.
16:56:16 INFO  : Context for 'APU' is selected.
16:56:16 INFO  : Hardware design information is loaded from 'C:/Users/aamalik3/Desktop/ICAP_Readback/RISC_Preemption/RISC_Preemption.sdk/design_1_wrapper_hw_platform_0/system.hdf'.
16:56:16 INFO  : 'configparams force-mem-access 1' command is executed.
16:56:16 INFO  : Context for 'APU' is selected.
16:56:16 INFO  : 'stop' command is executed.
16:56:17 INFO  : 'ps7_init' command is executed.
16:56:17 INFO  : 'ps7_post_config' command is executed.
16:56:17 INFO  : Context for processor 'ps7_cortexa9_0' is selected.
16:56:17 INFO  : Processor reset is completed for 'ps7_cortexa9_0'.
16:56:17 INFO  : Context for processor 'ps7_cortexa9_0' is selected.
16:56:17 INFO  : The application 'C:/Users/aamalik3/Desktop/ICAP_Readback/RISC_Preemption/RISC_Preemption.sdk/risc_aes_ctr/Debug/risc_aes_ctr.elf' is downloaded to processor 'ps7_cortexa9_0'.
16:56:17 INFO  : 'configparams force-mem-access 0' command is executed.
16:56:17 INFO  : ----------------XSDB Script----------------
connect -url tcp:127.0.0.1:3121
source C:/Users/aamalik3/Desktop/ICAP_Readback/RISC_Preemption/RISC_Preemption.sdk/design_1_wrapper_hw_platform_0/ps7_init.tcl
targets -set -nocase -filter {name =~"APU*" && jtag_cable_name =~ "Digilent Zed 210248B78019"} -index 0
loadhw -hw C:/Users/aamalik3/Desktop/ICAP_Readback/RISC_Preemption/RISC_Preemption.sdk/design_1_wrapper_hw_platform_0/system.hdf -mem-ranges [list {0x40000000 0xbfffffff}]
configparams force-mem-access 1
targets -set -nocase -filter {name =~"APU*" && jtag_cable_name =~ "Digilent Zed 210248B78019"} -index 0
stop
ps7_init
ps7_post_config
targets -set -nocase -filter {name =~ "ARM*#0" && jtag_cable_name =~ "Digilent Zed 210248B78019"} -index 0
rst -processor
targets -set -nocase -filter {name =~ "ARM*#0" && jtag_cable_name =~ "Digilent Zed 210248B78019"} -index 0
dow C:/Users/aamalik3/Desktop/ICAP_Readback/RISC_Preemption/RISC_Preemption.sdk/risc_aes_ctr/Debug/risc_aes_ctr.elf
configparams force-mem-access 0
----------------End of Script----------------

16:56:17 INFO  : Memory regions updated for context APU
16:56:17 INFO  : Context for processor 'ps7_cortexa9_0' is selected.
16:56:17 INFO  : 'con' command is executed.
16:56:17 INFO  : ----------------XSDB Script (After Launch)----------------
targets -set -nocase -filter {name =~ "ARM*#0" && jtag_cable_name =~ "Digilent Zed 210248B78019"} -index 0
con
----------------End of Script----------------

16:56:17 INFO  : Launch script is exported to file 'C:\Users\aamalik3\Desktop\ICAP_Readback\RISC_Preemption\RISC_Preemption.sdk\.sdk\launch_scripts\xilinx_c-c++_application_(system_debugger)\system_debugger_using_debug_risc_aes_ctr.elf_on_local.tcl'
16:56:48 INFO  : Disconnected from the channel tcfchan#17.
16:56:49 INFO  : 'targets -set -filter {jtag_cable_name =~ "Digilent Zed 210248B78019" && level==0} -index 1' command is executed.
16:56:49 INFO  : 'fpga -state' command is executed.
16:56:49 INFO  : Connected to target on host '127.0.0.1' and port '3121'.
16:56:49 INFO  : Jtag cable 'Digilent Zed 210248B78019' is selected.
16:56:49 INFO  : 'jtag frequency' command is executed.
16:56:49 INFO  : Sourcing of 'C:/Users/aamalik3/Desktop/ICAP_Readback/RISC_Preemption/RISC_Preemption.sdk/design_1_wrapper_hw_platform_0/ps7_init.tcl' is done.
16:56:49 INFO  : Context for 'APU' is selected.
16:56:49 INFO  : Hardware design information is loaded from 'C:/Users/aamalik3/Desktop/ICAP_Readback/RISC_Preemption/RISC_Preemption.sdk/design_1_wrapper_hw_platform_0/system.hdf'.
16:56:49 INFO  : 'configparams force-mem-access 1' command is executed.
16:56:49 INFO  : Context for 'APU' is selected.
16:56:49 INFO  : 'stop' command is executed.
16:56:50 INFO  : 'ps7_init' command is executed.
16:56:50 INFO  : 'ps7_post_config' command is executed.
16:56:50 INFO  : Context for processor 'ps7_cortexa9_0' is selected.
16:56:50 INFO  : Processor reset is completed for 'ps7_cortexa9_0'.
16:56:50 INFO  : Context for processor 'ps7_cortexa9_0' is selected.
16:56:50 INFO  : The application 'C:/Users/aamalik3/Desktop/ICAP_Readback/RISC_Preemption/RISC_Preemption.sdk/risc_aes_ctr/Debug/risc_aes_ctr.elf' is downloaded to processor 'ps7_cortexa9_0'.
16:56:50 INFO  : 'configparams force-mem-access 0' command is executed.
16:56:50 INFO  : ----------------XSDB Script----------------
connect -url tcp:127.0.0.1:3121
source C:/Users/aamalik3/Desktop/ICAP_Readback/RISC_Preemption/RISC_Preemption.sdk/design_1_wrapper_hw_platform_0/ps7_init.tcl
targets -set -nocase -filter {name =~"APU*" && jtag_cable_name =~ "Digilent Zed 210248B78019"} -index 0
loadhw -hw C:/Users/aamalik3/Desktop/ICAP_Readback/RISC_Preemption/RISC_Preemption.sdk/design_1_wrapper_hw_platform_0/system.hdf -mem-ranges [list {0x40000000 0xbfffffff}]
configparams force-mem-access 1
targets -set -nocase -filter {name =~"APU*" && jtag_cable_name =~ "Digilent Zed 210248B78019"} -index 0
stop
ps7_init
ps7_post_config
targets -set -nocase -filter {name =~ "ARM*#0" && jtag_cable_name =~ "Digilent Zed 210248B78019"} -index 0
rst -processor
targets -set -nocase -filter {name =~ "ARM*#0" && jtag_cable_name =~ "Digilent Zed 210248B78019"} -index 0
dow C:/Users/aamalik3/Desktop/ICAP_Readback/RISC_Preemption/RISC_Preemption.sdk/risc_aes_ctr/Debug/risc_aes_ctr.elf
configparams force-mem-access 0
----------------End of Script----------------

16:56:51 INFO  : Memory regions updated for context APU
16:56:51 INFO  : Context for processor 'ps7_cortexa9_0' is selected.
16:56:51 INFO  : 'con' command is executed.
16:56:51 INFO  : ----------------XSDB Script (After Launch)----------------
targets -set -nocase -filter {name =~ "ARM*#0" && jtag_cable_name =~ "Digilent Zed 210248B78019"} -index 0
con
----------------End of Script----------------

16:56:51 INFO  : Launch script is exported to file 'C:\Users\aamalik3\Desktop\ICAP_Readback\RISC_Preemption\RISC_Preemption.sdk\.sdk\launch_scripts\xilinx_c-c++_application_(system_debugger)\system_debugger_using_debug_risc_aes_ctr.elf_on_local.tcl'
17:14:25 INFO  : Connected to target on host '127.0.0.1' and port '3121'.
17:14:25 INFO  : 'targets -set -filter {jtag_cable_name =~ "Digilent Zed 210248B78019" && level==0} -index 1' command is executed.
17:14:28 INFO  : FPGA configured successfully with bitstream "C:/Users/aamalik3/Desktop/ICAP_Readback/RISC_Preemption/RISC_AES.bit"
19:45:57 INFO  : Connected to target on host '127.0.0.1' and port '3121'.
19:45:57 INFO  : 'targets -set -filter {jtag_cable_name =~ "Digilent Zed 210248B78019" && level==0} -index 1' command is executed.
19:45:59 INFO  : FPGA configured successfully with bitstream "C:/Users/aamalik3/Desktop/ICAP_Readback/RISC_Preemption/RISC_AES_FAR.bit"
19:47:59 INFO  : Connected to target on host '127.0.0.1' and port '3121'.
19:47:59 INFO  : 'targets -set -filter {jtag_cable_name =~ "Digilent Zed 210248B78019" && level==0} -index 1' command is executed.
19:48:02 INFO  : FPGA configured successfully with bitstream "C:/Users/aamalik3/Desktop/ICAP_Readback/RISC_Preemption/RISC_AES.bit"
19:48:03 INFO  : Disconnected from the channel tcfchan#18.
19:48:04 INFO  : 'targets -set -filter {jtag_cable_name =~ "Digilent Zed 210248B78019" && level==0} -index 1' command is executed.
19:48:04 INFO  : 'fpga -state' command is executed.
19:48:04 INFO  : Connected to target on host '127.0.0.1' and port '3121'.
19:48:05 INFO  : Jtag cable 'Digilent Zed 210248B78019' is selected.
19:48:05 INFO  : 'jtag frequency' command is executed.
19:48:05 INFO  : Sourcing of 'C:/Users/aamalik3/Desktop/ICAP_Readback/RISC_Preemption/RISC_Preemption.sdk/design_1_wrapper_hw_platform_0/ps7_init.tcl' is done.
19:48:05 INFO  : Context for 'APU' is selected.
19:48:05 INFO  : Hardware design information is loaded from 'C:/Users/aamalik3/Desktop/ICAP_Readback/RISC_Preemption/RISC_Preemption.sdk/design_1_wrapper_hw_platform_0/system.hdf'.
19:48:05 INFO  : 'configparams force-mem-access 1' command is executed.
19:48:05 INFO  : Context for 'APU' is selected.
19:48:05 INFO  : 'stop' command is executed.
19:48:05 INFO  : 'ps7_init' command is executed.
19:48:05 INFO  : 'ps7_post_config' command is executed.
19:48:05 INFO  : Context for processor 'ps7_cortexa9_0' is selected.
19:48:05 INFO  : Processor reset is completed for 'ps7_cortexa9_0'.
19:48:05 INFO  : Context for processor 'ps7_cortexa9_0' is selected.
19:48:05 INFO  : The application 'C:/Users/aamalik3/Desktop/ICAP_Readback/RISC_Preemption/RISC_Preemption.sdk/risc_aes_ctr/Debug/risc_aes_ctr.elf' is downloaded to processor 'ps7_cortexa9_0'.
19:48:05 INFO  : 'configparams force-mem-access 0' command is executed.
19:48:05 INFO  : ----------------XSDB Script----------------
connect -url tcp:127.0.0.1:3121
source C:/Users/aamalik3/Desktop/ICAP_Readback/RISC_Preemption/RISC_Preemption.sdk/design_1_wrapper_hw_platform_0/ps7_init.tcl
targets -set -nocase -filter {name =~"APU*" && jtag_cable_name =~ "Digilent Zed 210248B78019"} -index 0
loadhw -hw C:/Users/aamalik3/Desktop/ICAP_Readback/RISC_Preemption/RISC_Preemption.sdk/design_1_wrapper_hw_platform_0/system.hdf -mem-ranges [list {0x40000000 0xbfffffff}]
configparams force-mem-access 1
targets -set -nocase -filter {name =~"APU*" && jtag_cable_name =~ "Digilent Zed 210248B78019"} -index 0
stop
ps7_init
ps7_post_config
targets -set -nocase -filter {name =~ "ARM*#0" && jtag_cable_name =~ "Digilent Zed 210248B78019"} -index 0
rst -processor
targets -set -nocase -filter {name =~ "ARM*#0" && jtag_cable_name =~ "Digilent Zed 210248B78019"} -index 0
dow C:/Users/aamalik3/Desktop/ICAP_Readback/RISC_Preemption/RISC_Preemption.sdk/risc_aes_ctr/Debug/risc_aes_ctr.elf
configparams force-mem-access 0
----------------End of Script----------------

19:48:05 INFO  : Memory regions updated for context APU
19:48:05 INFO  : Context for processor 'ps7_cortexa9_0' is selected.
19:48:05 INFO  : 'con' command is executed.
19:48:05 INFO  : ----------------XSDB Script (After Launch)----------------
targets -set -nocase -filter {name =~ "ARM*#0" && jtag_cable_name =~ "Digilent Zed 210248B78019"} -index 0
con
----------------End of Script----------------

19:48:05 INFO  : Launch script is exported to file 'C:\Users\aamalik3\Desktop\ICAP_Readback\RISC_Preemption\RISC_Preemption.sdk\.sdk\launch_scripts\xilinx_c-c++_application_(system_debugger)\system_debugger_using_debug_risc_aes_ctr.elf_on_local.tcl'
19:48:16 INFO  : Disconnected from the channel tcfchan#19.
19:48:17 INFO  : 'targets -set -filter {jtag_cable_name =~ "Digilent Zed 210248B78019" && level==0} -index 1' command is executed.
19:48:17 INFO  : 'fpga -state' command is executed.
19:48:17 INFO  : Connected to target on host '127.0.0.1' and port '3121'.
19:48:17 INFO  : Jtag cable 'Digilent Zed 210248B78019' is selected.
19:48:17 INFO  : 'jtag frequency' command is executed.
19:48:17 INFO  : Sourcing of 'C:/Users/aamalik3/Desktop/ICAP_Readback/RISC_Preemption/RISC_Preemption.sdk/design_1_wrapper_hw_platform_0/ps7_init.tcl' is done.
19:48:17 INFO  : Context for 'APU' is selected.
19:48:17 INFO  : Hardware design information is loaded from 'C:/Users/aamalik3/Desktop/ICAP_Readback/RISC_Preemption/RISC_Preemption.sdk/design_1_wrapper_hw_platform_0/system.hdf'.
19:48:17 INFO  : 'configparams force-mem-access 1' command is executed.
19:48:17 INFO  : Context for 'APU' is selected.
19:48:17 INFO  : 'stop' command is executed.
19:48:18 INFO  : 'ps7_init' command is executed.
19:48:18 INFO  : 'ps7_post_config' command is executed.
19:48:18 INFO  : Context for processor 'ps7_cortexa9_0' is selected.
19:48:18 INFO  : Processor reset is completed for 'ps7_cortexa9_0'.
19:48:18 INFO  : Context for processor 'ps7_cortexa9_0' is selected.
19:48:18 INFO  : The application 'C:/Users/aamalik3/Desktop/ICAP_Readback/RISC_Preemption/RISC_Preemption.sdk/risc_aes_ctr/Debug/risc_aes_ctr.elf' is downloaded to processor 'ps7_cortexa9_0'.
19:48:18 INFO  : 'configparams force-mem-access 0' command is executed.
19:48:18 INFO  : ----------------XSDB Script----------------
connect -url tcp:127.0.0.1:3121
source C:/Users/aamalik3/Desktop/ICAP_Readback/RISC_Preemption/RISC_Preemption.sdk/design_1_wrapper_hw_platform_0/ps7_init.tcl
targets -set -nocase -filter {name =~"APU*" && jtag_cable_name =~ "Digilent Zed 210248B78019"} -index 0
loadhw -hw C:/Users/aamalik3/Desktop/ICAP_Readback/RISC_Preemption/RISC_Preemption.sdk/design_1_wrapper_hw_platform_0/system.hdf -mem-ranges [list {0x40000000 0xbfffffff}]
configparams force-mem-access 1
targets -set -nocase -filter {name =~"APU*" && jtag_cable_name =~ "Digilent Zed 210248B78019"} -index 0
stop
ps7_init
ps7_post_config
targets -set -nocase -filter {name =~ "ARM*#0" && jtag_cable_name =~ "Digilent Zed 210248B78019"} -index 0
rst -processor
targets -set -nocase -filter {name =~ "ARM*#0" && jtag_cable_name =~ "Digilent Zed 210248B78019"} -index 0
dow C:/Users/aamalik3/Desktop/ICAP_Readback/RISC_Preemption/RISC_Preemption.sdk/risc_aes_ctr/Debug/risc_aes_ctr.elf
configparams force-mem-access 0
----------------End of Script----------------

19:48:18 INFO  : Memory regions updated for context APU
19:48:18 INFO  : Context for processor 'ps7_cortexa9_0' is selected.
19:48:18 INFO  : 'con' command is executed.
19:48:18 INFO  : ----------------XSDB Script (After Launch)----------------
targets -set -nocase -filter {name =~ "ARM*#0" && jtag_cable_name =~ "Digilent Zed 210248B78019"} -index 0
con
----------------End of Script----------------

19:48:18 INFO  : Launch script is exported to file 'C:\Users\aamalik3\Desktop\ICAP_Readback\RISC_Preemption\RISC_Preemption.sdk\.sdk\launch_scripts\xilinx_c-c++_application_(system_debugger)\system_debugger_using_debug_risc_aes_ctr.elf_on_local.tcl'
19:48:30 INFO  : Connected to target on host '127.0.0.1' and port '3121'.
19:48:31 INFO  : 'targets -set -filter {jtag_cable_name =~ "Digilent Zed 210248B78019" && level==0} -index 1' command is executed.
19:48:33 INFO  : FPGA configured successfully with bitstream "C:/Users/aamalik3/Desktop/ICAP_Readback/RISC_Preemption/RISC_AES.bit"
19:48:48 INFO  : Disconnected from the channel tcfchan#20.
19:48:49 INFO  : 'targets -set -filter {jtag_cable_name =~ "Digilent Zed 210248B78019" && level==0} -index 1' command is executed.
19:48:49 INFO  : 'fpga -state' command is executed.
19:48:49 INFO  : Connected to target on host '127.0.0.1' and port '3121'.
19:48:49 INFO  : Jtag cable 'Digilent Zed 210248B78019' is selected.
19:48:49 INFO  : 'jtag frequency' command is executed.
19:48:49 INFO  : Sourcing of 'C:/Users/aamalik3/Desktop/ICAP_Readback/RISC_Preemption/RISC_Preemption.sdk/design_1_wrapper_hw_platform_0/ps7_init.tcl' is done.
19:48:49 INFO  : Context for 'APU' is selected.
19:48:49 INFO  : Hardware design information is loaded from 'C:/Users/aamalik3/Desktop/ICAP_Readback/RISC_Preemption/RISC_Preemption.sdk/design_1_wrapper_hw_platform_0/system.hdf'.
19:48:49 INFO  : 'configparams force-mem-access 1' command is executed.
19:48:49 INFO  : Context for 'APU' is selected.
19:48:49 INFO  : 'stop' command is executed.
19:48:49 INFO  : 'ps7_init' command is executed.
19:48:49 INFO  : 'ps7_post_config' command is executed.
19:48:49 INFO  : Context for processor 'ps7_cortexa9_0' is selected.
19:48:49 INFO  : Processor reset is completed for 'ps7_cortexa9_0'.
19:48:49 INFO  : Context for processor 'ps7_cortexa9_0' is selected.
19:48:49 INFO  : The application 'C:/Users/aamalik3/Desktop/ICAP_Readback/RISC_Preemption/RISC_Preemption.sdk/risc_aes_ctr/Debug/risc_aes_ctr.elf' is downloaded to processor 'ps7_cortexa9_0'.
19:48:49 INFO  : 'configparams force-mem-access 0' command is executed.
19:48:49 INFO  : ----------------XSDB Script----------------
connect -url tcp:127.0.0.1:3121
source C:/Users/aamalik3/Desktop/ICAP_Readback/RISC_Preemption/RISC_Preemption.sdk/design_1_wrapper_hw_platform_0/ps7_init.tcl
targets -set -nocase -filter {name =~"APU*" && jtag_cable_name =~ "Digilent Zed 210248B78019"} -index 0
loadhw -hw C:/Users/aamalik3/Desktop/ICAP_Readback/RISC_Preemption/RISC_Preemption.sdk/design_1_wrapper_hw_platform_0/system.hdf -mem-ranges [list {0x40000000 0xbfffffff}]
configparams force-mem-access 1
targets -set -nocase -filter {name =~"APU*" && jtag_cable_name =~ "Digilent Zed 210248B78019"} -index 0
stop
ps7_init
ps7_post_config
targets -set -nocase -filter {name =~ "ARM*#0" && jtag_cable_name =~ "Digilent Zed 210248B78019"} -index 0
rst -processor
targets -set -nocase -filter {name =~ "ARM*#0" && jtag_cable_name =~ "Digilent Zed 210248B78019"} -index 0
dow C:/Users/aamalik3/Desktop/ICAP_Readback/RISC_Preemption/RISC_Preemption.sdk/risc_aes_ctr/Debug/risc_aes_ctr.elf
configparams force-mem-access 0
----------------End of Script----------------

19:48:49 INFO  : Memory regions updated for context APU
19:48:49 INFO  : Context for processor 'ps7_cortexa9_0' is selected.
19:48:49 INFO  : 'con' command is executed.
19:48:49 INFO  : ----------------XSDB Script (After Launch)----------------
targets -set -nocase -filter {name =~ "ARM*#0" && jtag_cable_name =~ "Digilent Zed 210248B78019"} -index 0
con
----------------End of Script----------------

19:48:49 INFO  : Launch script is exported to file 'C:\Users\aamalik3\Desktop\ICAP_Readback\RISC_Preemption\RISC_Preemption.sdk\.sdk\launch_scripts\xilinx_c-c++_application_(system_debugger)\system_debugger_using_debug_risc_aes_ctr.elf_on_local.tcl'
19:49:45 INFO  : Connected to target on host '127.0.0.1' and port '3121'.
19:49:45 INFO  : 'targets -set -filter {jtag_cable_name =~ "Digilent Zed 210248B78019" && level==0} -index 1' command is executed.
19:49:47 INFO  : FPGA configured successfully with bitstream "C:/Users/aamalik3/Desktop/ICAP_Readback/RISC_Preemption/RISC_AES.bit"
19:49:50 ERROR : (XSDB Server)Context does not support memory read. Unsupported command

19:49:52 INFO  : Disconnected from the channel tcfchan#21.
19:49:53 INFO  : 'targets -set -filter {jtag_cable_name =~ "Digilent Zed 210248B78019" && level==0} -index 1' command is executed.
19:49:53 INFO  : 'fpga -state' command is executed.
19:49:53 INFO  : Connected to target on host '127.0.0.1' and port '3121'.
19:49:53 INFO  : Jtag cable 'Digilent Zed 210248B78019' is selected.
19:49:53 INFO  : 'jtag frequency' command is executed.
19:49:53 INFO  : Sourcing of 'C:/Users/aamalik3/Desktop/ICAP_Readback/RISC_Preemption/RISC_Preemption.sdk/design_1_wrapper_hw_platform_0/ps7_init.tcl' is done.
19:49:53 INFO  : Context for 'APU' is selected.
19:49:53 INFO  : Hardware design information is loaded from 'C:/Users/aamalik3/Desktop/ICAP_Readback/RISC_Preemption/RISC_Preemption.sdk/design_1_wrapper_hw_platform_0/system.hdf'.
19:49:53 INFO  : 'configparams force-mem-access 1' command is executed.
19:49:53 INFO  : Context for 'APU' is selected.
19:49:53 INFO  : 'stop' command is executed.
19:49:54 INFO  : 'ps7_init' command is executed.
19:49:54 INFO  : 'ps7_post_config' command is executed.
19:49:54 INFO  : Context for processor 'ps7_cortexa9_0' is selected.
19:49:54 INFO  : Processor reset is completed for 'ps7_cortexa9_0'.
19:49:54 INFO  : Context for processor 'ps7_cortexa9_0' is selected.
19:49:54 INFO  : The application 'C:/Users/aamalik3/Desktop/ICAP_Readback/RISC_Preemption/RISC_Preemption.sdk/risc_aes_ctr/Debug/risc_aes_ctr.elf' is downloaded to processor 'ps7_cortexa9_0'.
19:49:54 INFO  : 'configparams force-mem-access 0' command is executed.
19:49:54 INFO  : ----------------XSDB Script----------------
connect -url tcp:127.0.0.1:3121
source C:/Users/aamalik3/Desktop/ICAP_Readback/RISC_Preemption/RISC_Preemption.sdk/design_1_wrapper_hw_platform_0/ps7_init.tcl
targets -set -nocase -filter {name =~"APU*" && jtag_cable_name =~ "Digilent Zed 210248B78019"} -index 0
loadhw -hw C:/Users/aamalik3/Desktop/ICAP_Readback/RISC_Preemption/RISC_Preemption.sdk/design_1_wrapper_hw_platform_0/system.hdf -mem-ranges [list {0x40000000 0xbfffffff}]
configparams force-mem-access 1
targets -set -nocase -filter {name =~"APU*" && jtag_cable_name =~ "Digilent Zed 210248B78019"} -index 0
stop
ps7_init
ps7_post_config
targets -set -nocase -filter {name =~ "ARM*#0" && jtag_cable_name =~ "Digilent Zed 210248B78019"} -index 0
rst -processor
targets -set -nocase -filter {name =~ "ARM*#0" && jtag_cable_name =~ "Digilent Zed 210248B78019"} -index 0
dow C:/Users/aamalik3/Desktop/ICAP_Readback/RISC_Preemption/RISC_Preemption.sdk/risc_aes_ctr/Debug/risc_aes_ctr.elf
configparams force-mem-access 0
----------------End of Script----------------

19:49:54 INFO  : Memory regions updated for context APU
19:49:54 INFO  : Context for processor 'ps7_cortexa9_0' is selected.
19:49:54 INFO  : 'con' command is executed.
19:49:54 INFO  : ----------------XSDB Script (After Launch)----------------
targets -set -nocase -filter {name =~ "ARM*#0" && jtag_cable_name =~ "Digilent Zed 210248B78019"} -index 0
con
----------------End of Script----------------

19:49:54 INFO  : Launch script is exported to file 'C:\Users\aamalik3\Desktop\ICAP_Readback\RISC_Preemption\RISC_Preemption.sdk\.sdk\launch_scripts\xilinx_c-c++_application_(system_debugger)\system_debugger_using_debug_risc_aes_ctr.elf_on_local.tcl'
19:59:26 INFO  : Connected to target on host '127.0.0.1' and port '3121'.
19:59:27 INFO  : 'targets -set -filter {jtag_cable_name =~ "Digilent Zed 210248B78019" && level==0} -index 1' command is executed.
19:59:27 INFO  : FPGA configured successfully with bitstream "C:/Users/aamalik3/Desktop/ICAP_Readback/RISC_Preemption/RISC_AES_pblock_risc_partial.bit"
20:01:22 INFO  : Connected to target on host '127.0.0.1' and port '3121'.
20:01:22 INFO  : 'targets -set -filter {jtag_cable_name =~ "Digilent Zed 210248B78019" && level==0} -index 1' command is executed.
20:01:23 INFO  : FPGA configured successfully with bitstream "C:/Users/aamalik3/Desktop/ICAP_Readback/RISC_Preemption/RISC_AES_pblock_risc_partial.bit"
20:01:33 INFO  : Connected to target on host '127.0.0.1' and port '3121'.
20:01:33 INFO  : 'targets -set -filter {jtag_cable_name =~ "Digilent Zed 210248B78019" && level==0} -index 1' command is executed.
20:01:34 INFO  : FPGA configured successfully with bitstream "C:/Users/aamalik3/Desktop/ICAP_Readback/RISC_Preemption/RISC_AES_FAR_pblock_risc_partial.bit"
20:01:43 INFO  : Connected to target on host '127.0.0.1' and port '3121'.
20:01:43 INFO  : 'targets -set -filter {jtag_cable_name =~ "Digilent Zed 210248B78019" && level==0} -index 1' command is executed.
20:01:44 INFO  : FPGA configured successfully with bitstream "C:/Users/aamalik3/Desktop/ICAP_Readback/RISC_Preemption/RISC_AES_pblock_risc_partial.bit"
20:01:52 INFO  : Connected to target on host '127.0.0.1' and port '3121'.
20:01:52 INFO  : 'targets -set -filter {jtag_cable_name =~ "Digilent Zed 210248B78019" && level==0} -index 1' command is executed.
20:01:55 INFO  : FPGA configured successfully with bitstream "C:/Users/aamalik3/Desktop/ICAP_Readback/RISC_Preemption/RISC_AES.bit"
20:03:33 INFO  : Connected to target on host '127.0.0.1' and port '3121'.
20:03:33 INFO  : 'targets -set -filter {jtag_cable_name =~ "Digilent Zed 210248B78019" && level==0} -index 1' command is executed.
20:03:34 INFO  : FPGA configured successfully with bitstream "C:/Users/aamalik3/Desktop/ICAP_Readback/RISC_Preemption/RISC_AES_pblock_risc_partial.bit"
20:07:58 INFO  : Connected to target on host '127.0.0.1' and port '3121'.
20:07:58 INFO  : 'targets -set -filter {jtag_cable_name =~ "Digilent Zed 210248B78019" && level==0} -index 1' command is executed.
20:07:59 INFO  : FPGA configured successfully with bitstream "C:/Users/aamalik3/Desktop/ICAP_Readback/RISC_Preemption/RISC_AES_pblock_risc_partial.bit"
20:16:33 INFO  : Connected to target on host '127.0.0.1' and port '3121'.
20:16:33 INFO  : 'targets -set -filter {jtag_cable_name =~ "Digilent Zed 210248B78019" && level==0} -index 1' command is executed.
20:16:34 INFO  : FPGA configured successfully with bitstream "C:/Users/aamalik3/Desktop/ICAP_Readback/RISC_Preemption/RISC_AES_pblock_risc_partial.bit"
20:49:42 INFO  : Connected to target on host '127.0.0.1' and port '3121'.
20:49:42 INFO  : 'targets -set -filter {jtag_cable_name =~ "Digilent Zed 210248B78019" && level==0} -index 1' command is executed.
20:49:44 INFO  : FPGA configured successfully with bitstream "C:/Users/aamalik3/Desktop/ICAP_Readback/RISC_Preemption/RISC_AES.bit"
20:49:47 INFO  : Disconnected from the channel tcfchan#22.
20:49:48 INFO  : 'targets -set -filter {jtag_cable_name =~ "Digilent Zed 210248B78019" && level==0} -index 1' command is executed.
20:49:48 INFO  : 'fpga -state' command is executed.
20:49:48 INFO  : Connected to target on host '127.0.0.1' and port '3121'.
20:49:48 INFO  : Jtag cable 'Digilent Zed 210248B78019' is selected.
20:49:48 INFO  : 'jtag frequency' command is executed.
20:49:48 INFO  : Sourcing of 'C:/Users/aamalik3/Desktop/ICAP_Readback/RISC_Preemption/RISC_Preemption.sdk/design_1_wrapper_hw_platform_0/ps7_init.tcl' is done.
20:49:48 INFO  : Context for 'APU' is selected.
20:49:48 INFO  : Hardware design information is loaded from 'C:/Users/aamalik3/Desktop/ICAP_Readback/RISC_Preemption/RISC_Preemption.sdk/design_1_wrapper_hw_platform_0/system.hdf'.
20:49:48 INFO  : 'configparams force-mem-access 1' command is executed.
20:49:48 INFO  : Context for 'APU' is selected.
20:49:48 INFO  : 'stop' command is executed.
20:49:48 INFO  : 'ps7_init' command is executed.
20:49:48 INFO  : 'ps7_post_config' command is executed.
20:49:48 INFO  : Context for processor 'ps7_cortexa9_0' is selected.
20:49:48 INFO  : Processor reset is completed for 'ps7_cortexa9_0'.
20:49:48 INFO  : Context for processor 'ps7_cortexa9_0' is selected.
20:49:48 INFO  : The application 'C:/Users/aamalik3/Desktop/ICAP_Readback/RISC_Preemption/RISC_Preemption.sdk/risc_aes_ctr/Debug/risc_aes_ctr.elf' is downloaded to processor 'ps7_cortexa9_0'.
20:49:48 INFO  : 'configparams force-mem-access 0' command is executed.
20:49:48 INFO  : ----------------XSDB Script----------------
connect -url tcp:127.0.0.1:3121
source C:/Users/aamalik3/Desktop/ICAP_Readback/RISC_Preemption/RISC_Preemption.sdk/design_1_wrapper_hw_platform_0/ps7_init.tcl
targets -set -nocase -filter {name =~"APU*" && jtag_cable_name =~ "Digilent Zed 210248B78019"} -index 0
loadhw -hw C:/Users/aamalik3/Desktop/ICAP_Readback/RISC_Preemption/RISC_Preemption.sdk/design_1_wrapper_hw_platform_0/system.hdf -mem-ranges [list {0x40000000 0xbfffffff}]
configparams force-mem-access 1
targets -set -nocase -filter {name =~"APU*" && jtag_cable_name =~ "Digilent Zed 210248B78019"} -index 0
stop
ps7_init
ps7_post_config
targets -set -nocase -filter {name =~ "ARM*#0" && jtag_cable_name =~ "Digilent Zed 210248B78019"} -index 0
rst -processor
targets -set -nocase -filter {name =~ "ARM*#0" && jtag_cable_name =~ "Digilent Zed 210248B78019"} -index 0
dow C:/Users/aamalik3/Desktop/ICAP_Readback/RISC_Preemption/RISC_Preemption.sdk/risc_aes_ctr/Debug/risc_aes_ctr.elf
configparams force-mem-access 0
----------------End of Script----------------

20:49:49 INFO  : Memory regions updated for context APU
20:49:49 INFO  : Context for processor 'ps7_cortexa9_0' is selected.
20:49:49 INFO  : 'con' command is executed.
20:49:49 INFO  : ----------------XSDB Script (After Launch)----------------
targets -set -nocase -filter {name =~ "ARM*#0" && jtag_cable_name =~ "Digilent Zed 210248B78019"} -index 0
con
----------------End of Script----------------

20:49:49 INFO  : Launch script is exported to file 'C:\Users\aamalik3\Desktop\ICAP_Readback\RISC_Preemption\RISC_Preemption.sdk\.sdk\launch_scripts\xilinx_c-c++_application_(system_debugger)\system_debugger_using_debug_risc_aes_ctr.elf_on_local.tcl'
20:59:19 INFO  : Connected to target on host '127.0.0.1' and port '3121'.
20:59:19 INFO  : 'targets -set -filter {jtag_cable_name =~ "Digilent Zed 210248B78019" && level==0} -index 1' command is executed.
20:59:20 INFO  : FPGA configured successfully with bitstream "C:/Users/aamalik3/Desktop/ICAP_Readback/RISC_Preemption/RISC_AES_pblock_risc_partial.bit"
21:02:04 ERROR : (XSDB Server)Context does not support memory read. Unsupported command

21:05:10 INFO  : Connected to target on host '127.0.0.1' and port '3121'.
21:05:10 INFO  : 'targets -set -filter {jtag_cable_name =~ "Digilent Zed 210248B78019" && level==0} -index 1' command is executed.
21:05:11 INFO  : FPGA configured successfully with bitstream "C:/Users/aamalik3/Desktop/ICAP_Readback/RISC_Preemption/RISC_AES_pblock_risc_partial.bit"
21:19:37 INFO  : Disconnected from the channel tcfchan#23.
21:19:38 INFO  : 'targets -set -filter {jtag_cable_name =~ "Digilent Zed 210248B78019" && level==0} -index 1' command is executed.
21:19:38 INFO  : 'fpga -state' command is executed.
21:19:38 INFO  : Connected to target on host '127.0.0.1' and port '3121'.
21:19:38 INFO  : Jtag cable 'Digilent Zed 210248B78019' is selected.
21:19:39 INFO  : 'jtag frequency' command is executed.
21:19:39 INFO  : Sourcing of 'C:/Users/aamalik3/Desktop/ICAP_Readback/RISC_Preemption/RISC_Preemption.sdk/design_1_wrapper_hw_platform_0/ps7_init.tcl' is done.
21:19:39 INFO  : Context for 'APU' is selected.
21:19:39 INFO  : Hardware design information is loaded from 'C:/Users/aamalik3/Desktop/ICAP_Readback/RISC_Preemption/RISC_Preemption.sdk/design_1_wrapper_hw_platform_0/system.hdf'.
21:19:39 INFO  : 'configparams force-mem-access 1' command is executed.
21:19:39 INFO  : Context for 'APU' is selected.
21:19:39 INFO  : 'stop' command is executed.
21:19:39 INFO  : 'ps7_init' command is executed.
21:19:39 INFO  : 'ps7_post_config' command is executed.
21:19:39 INFO  : Context for processor 'ps7_cortexa9_0' is selected.
21:19:39 INFO  : Processor reset is completed for 'ps7_cortexa9_0'.
21:19:39 INFO  : Context for processor 'ps7_cortexa9_0' is selected.
21:19:39 INFO  : The application 'C:/Users/aamalik3/Desktop/ICAP_Readback/RISC_Preemption/RISC_Preemption.sdk/risc_aes_ctr/Debug/risc_aes_ctr.elf' is downloaded to processor 'ps7_cortexa9_0'.
21:19:39 INFO  : 'configparams force-mem-access 0' command is executed.
21:19:39 INFO  : ----------------XSDB Script----------------
connect -url tcp:127.0.0.1:3121
source C:/Users/aamalik3/Desktop/ICAP_Readback/RISC_Preemption/RISC_Preemption.sdk/design_1_wrapper_hw_platform_0/ps7_init.tcl
targets -set -nocase -filter {name =~"APU*" && jtag_cable_name =~ "Digilent Zed 210248B78019"} -index 0
loadhw -hw C:/Users/aamalik3/Desktop/ICAP_Readback/RISC_Preemption/RISC_Preemption.sdk/design_1_wrapper_hw_platform_0/system.hdf -mem-ranges [list {0x40000000 0xbfffffff}]
configparams force-mem-access 1
targets -set -nocase -filter {name =~"APU*" && jtag_cable_name =~ "Digilent Zed 210248B78019"} -index 0
stop
ps7_init
ps7_post_config
targets -set -nocase -filter {name =~ "ARM*#0" && jtag_cable_name =~ "Digilent Zed 210248B78019"} -index 0
rst -processor
targets -set -nocase -filter {name =~ "ARM*#0" && jtag_cable_name =~ "Digilent Zed 210248B78019"} -index 0
dow C:/Users/aamalik3/Desktop/ICAP_Readback/RISC_Preemption/RISC_Preemption.sdk/risc_aes_ctr/Debug/risc_aes_ctr.elf
configparams force-mem-access 0
----------------End of Script----------------

21:19:39 INFO  : Memory regions updated for context APU
21:19:39 INFO  : Context for processor 'ps7_cortexa9_0' is selected.
21:19:39 INFO  : 'con' command is executed.
21:19:39 INFO  : ----------------XSDB Script (After Launch)----------------
targets -set -nocase -filter {name =~ "ARM*#0" && jtag_cable_name =~ "Digilent Zed 210248B78019"} -index 0
con
----------------End of Script----------------

21:19:39 INFO  : Launch script is exported to file 'C:\Users\aamalik3\Desktop\ICAP_Readback\RISC_Preemption\RISC_Preemption.sdk\.sdk\launch_scripts\xilinx_c-c++_application_(system_debugger)\system_debugger_using_debug_risc_aes_ctr.elf_on_local.tcl'
21:20:03 INFO  : Disconnected from the channel tcfchan#24.
21:20:04 INFO  : 'targets -set -filter {jtag_cable_name =~ "Digilent Zed 210248B78019" && level==0} -index 1' command is executed.
21:20:04 INFO  : 'fpga -state' command is executed.
21:20:04 INFO  : Connected to target on host '127.0.0.1' and port '3121'.
21:20:04 INFO  : Jtag cable 'Digilent Zed 210248B78019' is selected.
21:20:04 INFO  : 'jtag frequency' command is executed.
21:20:04 INFO  : Sourcing of 'C:/Users/aamalik3/Desktop/ICAP_Readback/RISC_Preemption/RISC_Preemption.sdk/design_1_wrapper_hw_platform_0/ps7_init.tcl' is done.
21:20:04 INFO  : Context for 'APU' is selected.
21:20:04 INFO  : Hardware design information is loaded from 'C:/Users/aamalik3/Desktop/ICAP_Readback/RISC_Preemption/RISC_Preemption.sdk/design_1_wrapper_hw_platform_0/system.hdf'.
21:20:04 INFO  : 'configparams force-mem-access 1' command is executed.
21:20:04 INFO  : Context for 'APU' is selected.
21:20:04 INFO  : 'stop' command is executed.
21:20:05 INFO  : 'ps7_init' command is executed.
21:20:05 INFO  : 'ps7_post_config' command is executed.
21:20:05 INFO  : Context for processor 'ps7_cortexa9_0' is selected.
21:20:05 INFO  : Processor reset is completed for 'ps7_cortexa9_0'.
21:20:05 INFO  : Context for processor 'ps7_cortexa9_0' is selected.
21:20:05 INFO  : The application 'C:/Users/aamalik3/Desktop/ICAP_Readback/RISC_Preemption/RISC_Preemption.sdk/risc_aes_ctr/Debug/risc_aes_ctr.elf' is downloaded to processor 'ps7_cortexa9_0'.
21:20:05 INFO  : 'configparams force-mem-access 0' command is executed.
21:20:05 INFO  : ----------------XSDB Script----------------
connect -url tcp:127.0.0.1:3121
source C:/Users/aamalik3/Desktop/ICAP_Readback/RISC_Preemption/RISC_Preemption.sdk/design_1_wrapper_hw_platform_0/ps7_init.tcl
targets -set -nocase -filter {name =~"APU*" && jtag_cable_name =~ "Digilent Zed 210248B78019"} -index 0
loadhw -hw C:/Users/aamalik3/Desktop/ICAP_Readback/RISC_Preemption/RISC_Preemption.sdk/design_1_wrapper_hw_platform_0/system.hdf -mem-ranges [list {0x40000000 0xbfffffff}]
configparams force-mem-access 1
targets -set -nocase -filter {name =~"APU*" && jtag_cable_name =~ "Digilent Zed 210248B78019"} -index 0
stop
ps7_init
ps7_post_config
targets -set -nocase -filter {name =~ "ARM*#0" && jtag_cable_name =~ "Digilent Zed 210248B78019"} -index 0
rst -processor
targets -set -nocase -filter {name =~ "ARM*#0" && jtag_cable_name =~ "Digilent Zed 210248B78019"} -index 0
dow C:/Users/aamalik3/Desktop/ICAP_Readback/RISC_Preemption/RISC_Preemption.sdk/risc_aes_ctr/Debug/risc_aes_ctr.elf
configparams force-mem-access 0
----------------End of Script----------------

21:20:05 INFO  : Memory regions updated for context APU
21:20:05 INFO  : Context for processor 'ps7_cortexa9_0' is selected.
21:20:05 INFO  : 'con' command is executed.
21:20:05 INFO  : ----------------XSDB Script (After Launch)----------------
targets -set -nocase -filter {name =~ "ARM*#0" && jtag_cable_name =~ "Digilent Zed 210248B78019"} -index 0
con
----------------End of Script----------------

21:20:05 INFO  : Launch script is exported to file 'C:\Users\aamalik3\Desktop\ICAP_Readback\RISC_Preemption\RISC_Preemption.sdk\.sdk\launch_scripts\xilinx_c-c++_application_(system_debugger)\system_debugger_using_debug_risc_aes_ctr.elf_on_local.tcl'
21:20:38 INFO  : Disconnected from the channel tcfchan#25.
21:20:39 INFO  : 'targets -set -filter {jtag_cable_name =~ "Digilent Zed 210248B78019" && level==0} -index 1' command is executed.
21:20:40 INFO  : 'fpga -state' command is executed.
21:20:40 INFO  : Connected to target on host '127.0.0.1' and port '3121'.
21:20:40 INFO  : Jtag cable 'Digilent Zed 210248B78019' is selected.
21:20:40 INFO  : 'jtag frequency' command is executed.
21:20:40 INFO  : Sourcing of 'C:/Users/aamalik3/Desktop/ICAP_Readback/RISC_Preemption/RISC_Preemption.sdk/design_1_wrapper_hw_platform_0/ps7_init.tcl' is done.
21:20:40 INFO  : Context for 'APU' is selected.
21:20:40 INFO  : Hardware design information is loaded from 'C:/Users/aamalik3/Desktop/ICAP_Readback/RISC_Preemption/RISC_Preemption.sdk/design_1_wrapper_hw_platform_0/system.hdf'.
21:20:40 INFO  : 'configparams force-mem-access 1' command is executed.
21:20:40 INFO  : Context for 'APU' is selected.
21:20:40 INFO  : 'stop' command is executed.
21:20:40 INFO  : 'ps7_init' command is executed.
21:20:40 INFO  : 'ps7_post_config' command is executed.
21:20:40 INFO  : Context for processor 'ps7_cortexa9_0' is selected.
21:20:40 INFO  : Processor reset is completed for 'ps7_cortexa9_0'.
21:20:40 INFO  : Context for processor 'ps7_cortexa9_0' is selected.
21:20:40 INFO  : The application 'C:/Users/aamalik3/Desktop/ICAP_Readback/RISC_Preemption/RISC_Preemption.sdk/risc_aes_ctr/Debug/risc_aes_ctr.elf' is downloaded to processor 'ps7_cortexa9_0'.
21:20:40 INFO  : 'configparams force-mem-access 0' command is executed.
21:20:40 INFO  : ----------------XSDB Script----------------
connect -url tcp:127.0.0.1:3121
source C:/Users/aamalik3/Desktop/ICAP_Readback/RISC_Preemption/RISC_Preemption.sdk/design_1_wrapper_hw_platform_0/ps7_init.tcl
targets -set -nocase -filter {name =~"APU*" && jtag_cable_name =~ "Digilent Zed 210248B78019"} -index 0
loadhw -hw C:/Users/aamalik3/Desktop/ICAP_Readback/RISC_Preemption/RISC_Preemption.sdk/design_1_wrapper_hw_platform_0/system.hdf -mem-ranges [list {0x40000000 0xbfffffff}]
configparams force-mem-access 1
targets -set -nocase -filter {name =~"APU*" && jtag_cable_name =~ "Digilent Zed 210248B78019"} -index 0
stop
ps7_init
ps7_post_config
targets -set -nocase -filter {name =~ "ARM*#0" && jtag_cable_name =~ "Digilent Zed 210248B78019"} -index 0
rst -processor
targets -set -nocase -filter {name =~ "ARM*#0" && jtag_cable_name =~ "Digilent Zed 210248B78019"} -index 0
dow C:/Users/aamalik3/Desktop/ICAP_Readback/RISC_Preemption/RISC_Preemption.sdk/risc_aes_ctr/Debug/risc_aes_ctr.elf
configparams force-mem-access 0
----------------End of Script----------------

21:20:40 INFO  : Memory regions updated for context APU
21:20:40 INFO  : Context for processor 'ps7_cortexa9_0' is selected.
21:20:40 INFO  : 'con' command is executed.
21:20:40 INFO  : ----------------XSDB Script (After Launch)----------------
targets -set -nocase -filter {name =~ "ARM*#0" && jtag_cable_name =~ "Digilent Zed 210248B78019"} -index 0
con
----------------End of Script----------------

21:20:40 INFO  : Launch script is exported to file 'C:\Users\aamalik3\Desktop\ICAP_Readback\RISC_Preemption\RISC_Preemption.sdk\.sdk\launch_scripts\xilinx_c-c++_application_(system_debugger)\system_debugger_using_debug_risc_aes_ctr.elf_on_local.tcl'
21:20:53 INFO  : Disconnected from the channel tcfchan#26.
21:20:54 INFO  : 'targets -set -filter {jtag_cable_name =~ "Digilent Zed 210248B78019" && level==0} -index 1' command is executed.
21:20:55 INFO  : 'fpga -state' command is executed.
21:20:55 INFO  : Connected to target on host '127.0.0.1' and port '3121'.
21:20:55 INFO  : Jtag cable 'Digilent Zed 210248B78019' is selected.
21:20:55 INFO  : 'jtag frequency' command is executed.
21:20:55 INFO  : Sourcing of 'C:/Users/aamalik3/Desktop/ICAP_Readback/RISC_Preemption/RISC_Preemption.sdk/design_1_wrapper_hw_platform_0/ps7_init.tcl' is done.
21:20:55 INFO  : Context for 'APU' is selected.
21:20:55 INFO  : Hardware design information is loaded from 'C:/Users/aamalik3/Desktop/ICAP_Readback/RISC_Preemption/RISC_Preemption.sdk/design_1_wrapper_hw_platform_0/system.hdf'.
21:20:55 INFO  : 'configparams force-mem-access 1' command is executed.
21:20:55 INFO  : Context for 'APU' is selected.
21:20:55 INFO  : 'stop' command is executed.
21:20:55 INFO  : 'ps7_init' command is executed.
21:20:55 INFO  : 'ps7_post_config' command is executed.
21:20:55 INFO  : Context for processor 'ps7_cortexa9_0' is selected.
21:20:55 INFO  : Processor reset is completed for 'ps7_cortexa9_0'.
21:20:55 INFO  : Context for processor 'ps7_cortexa9_0' is selected.
21:20:55 INFO  : The application 'C:/Users/aamalik3/Desktop/ICAP_Readback/RISC_Preemption/RISC_Preemption.sdk/risc_aes_ctr/Debug/risc_aes_ctr.elf' is downloaded to processor 'ps7_cortexa9_0'.
21:20:55 INFO  : 'configparams force-mem-access 0' command is executed.
21:20:55 INFO  : ----------------XSDB Script----------------
connect -url tcp:127.0.0.1:3121
source C:/Users/aamalik3/Desktop/ICAP_Readback/RISC_Preemption/RISC_Preemption.sdk/design_1_wrapper_hw_platform_0/ps7_init.tcl
targets -set -nocase -filter {name =~"APU*" && jtag_cable_name =~ "Digilent Zed 210248B78019"} -index 0
loadhw -hw C:/Users/aamalik3/Desktop/ICAP_Readback/RISC_Preemption/RISC_Preemption.sdk/design_1_wrapper_hw_platform_0/system.hdf -mem-ranges [list {0x40000000 0xbfffffff}]
configparams force-mem-access 1
targets -set -nocase -filter {name =~"APU*" && jtag_cable_name =~ "Digilent Zed 210248B78019"} -index 0
stop
ps7_init
ps7_post_config
targets -set -nocase -filter {name =~ "ARM*#0" && jtag_cable_name =~ "Digilent Zed 210248B78019"} -index 0
rst -processor
targets -set -nocase -filter {name =~ "ARM*#0" && jtag_cable_name =~ "Digilent Zed 210248B78019"} -index 0
dow C:/Users/aamalik3/Desktop/ICAP_Readback/RISC_Preemption/RISC_Preemption.sdk/risc_aes_ctr/Debug/risc_aes_ctr.elf
configparams force-mem-access 0
----------------End of Script----------------

21:20:55 INFO  : Memory regions updated for context APU
21:20:55 INFO  : Context for processor 'ps7_cortexa9_0' is selected.
21:20:55 INFO  : 'con' command is executed.
21:20:55 INFO  : ----------------XSDB Script (After Launch)----------------
targets -set -nocase -filter {name =~ "ARM*#0" && jtag_cable_name =~ "Digilent Zed 210248B78019"} -index 0
con
----------------End of Script----------------

21:20:55 INFO  : Launch script is exported to file 'C:\Users\aamalik3\Desktop\ICAP_Readback\RISC_Preemption\RISC_Preemption.sdk\.sdk\launch_scripts\xilinx_c-c++_application_(system_debugger)\system_debugger_using_debug_risc_aes_ctr.elf_on_local.tcl'
21:22:55 INFO  : Disconnected from the channel tcfchan#27.
21:22:56 INFO  : 'targets -set -filter {jtag_cable_name =~ "Digilent Zed 210248B78019" && level==0} -index 1' command is executed.
21:22:56 INFO  : 'fpga -state' command is executed.
21:22:56 INFO  : Connected to target on host '127.0.0.1' and port '3121'.
21:22:56 INFO  : Jtag cable 'Digilent Zed 210248B78019' is selected.
21:22:56 INFO  : 'jtag frequency' command is executed.
21:22:56 INFO  : Sourcing of 'C:/Users/aamalik3/Desktop/ICAP_Readback/RISC_Preemption/RISC_Preemption.sdk/design_1_wrapper_hw_platform_0/ps7_init.tcl' is done.
21:22:56 INFO  : Context for 'APU' is selected.
21:22:56 INFO  : Hardware design information is loaded from 'C:/Users/aamalik3/Desktop/ICAP_Readback/RISC_Preemption/RISC_Preemption.sdk/design_1_wrapper_hw_platform_0/system.hdf'.
21:22:56 INFO  : 'configparams force-mem-access 1' command is executed.
21:22:56 INFO  : Context for 'APU' is selected.
21:22:56 INFO  : 'stop' command is executed.
21:22:57 INFO  : 'ps7_init' command is executed.
21:22:57 INFO  : 'ps7_post_config' command is executed.
21:22:57 INFO  : Context for processor 'ps7_cortexa9_0' is selected.
21:22:57 INFO  : Processor reset is completed for 'ps7_cortexa9_0'.
21:22:57 INFO  : Context for processor 'ps7_cortexa9_0' is selected.
21:22:57 INFO  : The application 'C:/Users/aamalik3/Desktop/ICAP_Readback/RISC_Preemption/RISC_Preemption.sdk/risc_aes_ctr/Debug/risc_aes_ctr.elf' is downloaded to processor 'ps7_cortexa9_0'.
21:22:57 INFO  : 'configparams force-mem-access 0' command is executed.
21:22:57 INFO  : ----------------XSDB Script----------------
connect -url tcp:127.0.0.1:3121
source C:/Users/aamalik3/Desktop/ICAP_Readback/RISC_Preemption/RISC_Preemption.sdk/design_1_wrapper_hw_platform_0/ps7_init.tcl
targets -set -nocase -filter {name =~"APU*" && jtag_cable_name =~ "Digilent Zed 210248B78019"} -index 0
loadhw -hw C:/Users/aamalik3/Desktop/ICAP_Readback/RISC_Preemption/RISC_Preemption.sdk/design_1_wrapper_hw_platform_0/system.hdf -mem-ranges [list {0x40000000 0xbfffffff}]
configparams force-mem-access 1
targets -set -nocase -filter {name =~"APU*" && jtag_cable_name =~ "Digilent Zed 210248B78019"} -index 0
stop
ps7_init
ps7_post_config
targets -set -nocase -filter {name =~ "ARM*#0" && jtag_cable_name =~ "Digilent Zed 210248B78019"} -index 0
rst -processor
targets -set -nocase -filter {name =~ "ARM*#0" && jtag_cable_name =~ "Digilent Zed 210248B78019"} -index 0
dow C:/Users/aamalik3/Desktop/ICAP_Readback/RISC_Preemption/RISC_Preemption.sdk/risc_aes_ctr/Debug/risc_aes_ctr.elf
configparams force-mem-access 0
----------------End of Script----------------

21:22:57 INFO  : Memory regions updated for context APU
21:22:57 INFO  : Context for processor 'ps7_cortexa9_0' is selected.
21:22:57 INFO  : 'con' command is executed.
21:22:57 INFO  : ----------------XSDB Script (After Launch)----------------
targets -set -nocase -filter {name =~ "ARM*#0" && jtag_cable_name =~ "Digilent Zed 210248B78019"} -index 0
con
----------------End of Script----------------

21:22:57 INFO  : Launch script is exported to file 'C:\Users\aamalik3\Desktop\ICAP_Readback\RISC_Preemption\RISC_Preemption.sdk\.sdk\launch_scripts\xilinx_c-c++_application_(system_debugger)\system_debugger_using_debug_risc_aes_ctr.elf_on_local.tcl'
21:23:33 INFO  : Disconnected from the channel tcfchan#28.
21:23:34 INFO  : 'targets -set -filter {jtag_cable_name =~ "Digilent Zed 210248B78019" && level==0} -index 1' command is executed.
21:23:34 INFO  : 'fpga -state' command is executed.
21:23:34 INFO  : Connected to target on host '127.0.0.1' and port '3121'.
21:23:34 INFO  : Jtag cable 'Digilent Zed 210248B78019' is selected.
21:23:34 INFO  : 'jtag frequency' command is executed.
21:23:34 INFO  : Sourcing of 'C:/Users/aamalik3/Desktop/ICAP_Readback/RISC_Preemption/RISC_Preemption.sdk/design_1_wrapper_hw_platform_0/ps7_init.tcl' is done.
21:23:34 INFO  : Context for 'APU' is selected.
21:23:34 INFO  : Hardware design information is loaded from 'C:/Users/aamalik3/Desktop/ICAP_Readback/RISC_Preemption/RISC_Preemption.sdk/design_1_wrapper_hw_platform_0/system.hdf'.
21:23:34 INFO  : 'configparams force-mem-access 1' command is executed.
21:23:34 INFO  : Context for 'APU' is selected.
21:23:34 INFO  : 'stop' command is executed.
21:23:35 INFO  : 'ps7_init' command is executed.
21:23:35 INFO  : 'ps7_post_config' command is executed.
21:23:35 INFO  : Context for processor 'ps7_cortexa9_0' is selected.
21:23:35 INFO  : Processor reset is completed for 'ps7_cortexa9_0'.
21:23:35 INFO  : Context for processor 'ps7_cortexa9_0' is selected.
21:23:35 INFO  : The application 'C:/Users/aamalik3/Desktop/ICAP_Readback/RISC_Preemption/RISC_Preemption.sdk/risc_aes_ctr/Debug/risc_aes_ctr.elf' is downloaded to processor 'ps7_cortexa9_0'.
21:23:35 INFO  : 'configparams force-mem-access 0' command is executed.
21:23:35 INFO  : ----------------XSDB Script----------------
connect -url tcp:127.0.0.1:3121
source C:/Users/aamalik3/Desktop/ICAP_Readback/RISC_Preemption/RISC_Preemption.sdk/design_1_wrapper_hw_platform_0/ps7_init.tcl
targets -set -nocase -filter {name =~"APU*" && jtag_cable_name =~ "Digilent Zed 210248B78019"} -index 0
loadhw -hw C:/Users/aamalik3/Desktop/ICAP_Readback/RISC_Preemption/RISC_Preemption.sdk/design_1_wrapper_hw_platform_0/system.hdf -mem-ranges [list {0x40000000 0xbfffffff}]
configparams force-mem-access 1
targets -set -nocase -filter {name =~"APU*" && jtag_cable_name =~ "Digilent Zed 210248B78019"} -index 0
stop
ps7_init
ps7_post_config
targets -set -nocase -filter {name =~ "ARM*#0" && jtag_cable_name =~ "Digilent Zed 210248B78019"} -index 0
rst -processor
targets -set -nocase -filter {name =~ "ARM*#0" && jtag_cable_name =~ "Digilent Zed 210248B78019"} -index 0
dow C:/Users/aamalik3/Desktop/ICAP_Readback/RISC_Preemption/RISC_Preemption.sdk/risc_aes_ctr/Debug/risc_aes_ctr.elf
configparams force-mem-access 0
----------------End of Script----------------

21:23:35 INFO  : Memory regions updated for context APU
21:23:35 INFO  : Context for processor 'ps7_cortexa9_0' is selected.
21:23:35 INFO  : 'con' command is executed.
21:23:35 INFO  : ----------------XSDB Script (After Launch)----------------
targets -set -nocase -filter {name =~ "ARM*#0" && jtag_cable_name =~ "Digilent Zed 210248B78019"} -index 0
con
----------------End of Script----------------

21:23:35 INFO  : Launch script is exported to file 'C:\Users\aamalik3\Desktop\ICAP_Readback\RISC_Preemption\RISC_Preemption.sdk\.sdk\launch_scripts\xilinx_c-c++_application_(system_debugger)\system_debugger_using_debug_risc_aes_ctr.elf_on_local.tcl'
21:24:25 INFO  : Disconnected from the channel tcfchan#29.
21:24:26 INFO  : 'targets -set -filter {jtag_cable_name =~ "Digilent Zed 210248B78019" && level==0} -index 1' command is executed.
21:24:26 INFO  : 'fpga -state' command is executed.
21:24:26 INFO  : Connected to target on host '127.0.0.1' and port '3121'.
21:24:26 INFO  : Jtag cable 'Digilent Zed 210248B78019' is selected.
21:24:26 INFO  : 'jtag frequency' command is executed.
21:24:26 INFO  : Sourcing of 'C:/Users/aamalik3/Desktop/ICAP_Readback/RISC_Preemption/RISC_Preemption.sdk/design_1_wrapper_hw_platform_0/ps7_init.tcl' is done.
21:24:26 INFO  : Context for 'APU' is selected.
21:24:26 INFO  : Hardware design information is loaded from 'C:/Users/aamalik3/Desktop/ICAP_Readback/RISC_Preemption/RISC_Preemption.sdk/design_1_wrapper_hw_platform_0/system.hdf'.
21:24:26 INFO  : 'configparams force-mem-access 1' command is executed.
21:24:26 INFO  : Context for 'APU' is selected.
21:24:26 INFO  : 'stop' command is executed.
21:24:26 INFO  : 'ps7_init' command is executed.
21:24:26 INFO  : 'ps7_post_config' command is executed.
21:24:26 INFO  : Context for processor 'ps7_cortexa9_0' is selected.
21:24:26 INFO  : Processor reset is completed for 'ps7_cortexa9_0'.
21:24:26 INFO  : Context for processor 'ps7_cortexa9_0' is selected.
21:24:27 INFO  : The application 'C:/Users/aamalik3/Desktop/ICAP_Readback/RISC_Preemption/RISC_Preemption.sdk/risc_aes_ctr/Debug/risc_aes_ctr.elf' is downloaded to processor 'ps7_cortexa9_0'.
21:24:27 INFO  : 'configparams force-mem-access 0' command is executed.
21:24:27 INFO  : ----------------XSDB Script----------------
connect -url tcp:127.0.0.1:3121
source C:/Users/aamalik3/Desktop/ICAP_Readback/RISC_Preemption/RISC_Preemption.sdk/design_1_wrapper_hw_platform_0/ps7_init.tcl
targets -set -nocase -filter {name =~"APU*" && jtag_cable_name =~ "Digilent Zed 210248B78019"} -index 0
loadhw -hw C:/Users/aamalik3/Desktop/ICAP_Readback/RISC_Preemption/RISC_Preemption.sdk/design_1_wrapper_hw_platform_0/system.hdf -mem-ranges [list {0x40000000 0xbfffffff}]
configparams force-mem-access 1
targets -set -nocase -filter {name =~"APU*" && jtag_cable_name =~ "Digilent Zed 210248B78019"} -index 0
stop
ps7_init
ps7_post_config
targets -set -nocase -filter {name =~ "ARM*#0" && jtag_cable_name =~ "Digilent Zed 210248B78019"} -index 0
rst -processor
targets -set -nocase -filter {name =~ "ARM*#0" && jtag_cable_name =~ "Digilent Zed 210248B78019"} -index 0
dow C:/Users/aamalik3/Desktop/ICAP_Readback/RISC_Preemption/RISC_Preemption.sdk/risc_aes_ctr/Debug/risc_aes_ctr.elf
configparams force-mem-access 0
----------------End of Script----------------

21:24:27 INFO  : Memory regions updated for context APU
21:24:27 INFO  : Context for processor 'ps7_cortexa9_0' is selected.
21:24:27 INFO  : 'con' command is executed.
21:24:27 INFO  : ----------------XSDB Script (After Launch)----------------
targets -set -nocase -filter {name =~ "ARM*#0" && jtag_cable_name =~ "Digilent Zed 210248B78019"} -index 0
con
----------------End of Script----------------

21:24:27 INFO  : Launch script is exported to file 'C:\Users\aamalik3\Desktop\ICAP_Readback\RISC_Preemption\RISC_Preemption.sdk\.sdk\launch_scripts\xilinx_c-c++_application_(system_debugger)\system_debugger_using_debug_risc_aes_ctr.elf_on_local.tcl'
21:26:49 INFO  : Disconnected from the channel tcfchan#30.
21:26:50 INFO  : 'targets -set -filter {jtag_cable_name =~ "Digilent Zed 210248B78019" && level==0} -index 1' command is executed.
21:26:50 INFO  : 'fpga -state' command is executed.
21:26:50 INFO  : Connected to target on host '127.0.0.1' and port '3121'.
21:26:51 INFO  : Jtag cable 'Digilent Zed 210248B78019' is selected.
21:26:51 INFO  : 'jtag frequency' command is executed.
21:26:51 INFO  : Sourcing of 'C:/Users/aamalik3/Desktop/ICAP_Readback/RISC_Preemption/RISC_Preemption.sdk/design_1_wrapper_hw_platform_0/ps7_init.tcl' is done.
21:26:51 INFO  : Context for 'APU' is selected.
21:26:51 INFO  : Hardware design information is loaded from 'C:/Users/aamalik3/Desktop/ICAP_Readback/RISC_Preemption/RISC_Preemption.sdk/design_1_wrapper_hw_platform_0/system.hdf'.
21:26:51 INFO  : 'configparams force-mem-access 1' command is executed.
21:26:51 INFO  : Context for 'APU' is selected.
21:26:51 INFO  : 'stop' command is executed.
21:26:51 INFO  : 'ps7_init' command is executed.
21:26:51 INFO  : 'ps7_post_config' command is executed.
21:26:51 INFO  : Context for processor 'ps7_cortexa9_0' is selected.
21:26:51 INFO  : Processor reset is completed for 'ps7_cortexa9_0'.
21:26:51 INFO  : Context for processor 'ps7_cortexa9_0' is selected.
21:26:51 INFO  : The application 'C:/Users/aamalik3/Desktop/ICAP_Readback/RISC_Preemption/RISC_Preemption.sdk/risc_aes_ctr/Debug/risc_aes_ctr.elf' is downloaded to processor 'ps7_cortexa9_0'.
21:26:51 INFO  : 'configparams force-mem-access 0' command is executed.
21:26:51 INFO  : ----------------XSDB Script----------------
connect -url tcp:127.0.0.1:3121
source C:/Users/aamalik3/Desktop/ICAP_Readback/RISC_Preemption/RISC_Preemption.sdk/design_1_wrapper_hw_platform_0/ps7_init.tcl
targets -set -nocase -filter {name =~"APU*" && jtag_cable_name =~ "Digilent Zed 210248B78019"} -index 0
loadhw -hw C:/Users/aamalik3/Desktop/ICAP_Readback/RISC_Preemption/RISC_Preemption.sdk/design_1_wrapper_hw_platform_0/system.hdf -mem-ranges [list {0x40000000 0xbfffffff}]
configparams force-mem-access 1
targets -set -nocase -filter {name =~"APU*" && jtag_cable_name =~ "Digilent Zed 210248B78019"} -index 0
stop
ps7_init
ps7_post_config
targets -set -nocase -filter {name =~ "ARM*#0" && jtag_cable_name =~ "Digilent Zed 210248B78019"} -index 0
rst -processor
targets -set -nocase -filter {name =~ "ARM*#0" && jtag_cable_name =~ "Digilent Zed 210248B78019"} -index 0
dow C:/Users/aamalik3/Desktop/ICAP_Readback/RISC_Preemption/RISC_Preemption.sdk/risc_aes_ctr/Debug/risc_aes_ctr.elf
configparams force-mem-access 0
----------------End of Script----------------

21:26:51 INFO  : Memory regions updated for context APU
21:26:52 INFO  : Context for processor 'ps7_cortexa9_0' is selected.
21:26:52 INFO  : 'con' command is executed.
21:26:52 INFO  : ----------------XSDB Script (After Launch)----------------
targets -set -nocase -filter {name =~ "ARM*#0" && jtag_cable_name =~ "Digilent Zed 210248B78019"} -index 0
con
----------------End of Script----------------

21:26:52 INFO  : Launch script is exported to file 'C:\Users\aamalik3\Desktop\ICAP_Readback\RISC_Preemption\RISC_Preemption.sdk\.sdk\launch_scripts\xilinx_c-c++_application_(system_debugger)\system_debugger_using_debug_risc_aes_ctr.elf_on_local.tcl'
21:27:00 INFO  : Disconnected from the channel tcfchan#31.
21:27:01 INFO  : 'targets -set -filter {jtag_cable_name =~ "Digilent Zed 210248B78019" && level==0} -index 1' command is executed.
21:27:01 INFO  : 'fpga -state' command is executed.
21:27:01 INFO  : Connected to target on host '127.0.0.1' and port '3121'.
21:27:01 INFO  : Jtag cable 'Digilent Zed 210248B78019' is selected.
21:27:01 INFO  : 'jtag frequency' command is executed.
21:27:01 INFO  : Sourcing of 'C:/Users/aamalik3/Desktop/ICAP_Readback/RISC_Preemption/RISC_Preemption.sdk/design_1_wrapper_hw_platform_0/ps7_init.tcl' is done.
21:27:01 INFO  : Context for 'APU' is selected.
21:27:01 INFO  : Hardware design information is loaded from 'C:/Users/aamalik3/Desktop/ICAP_Readback/RISC_Preemption/RISC_Preemption.sdk/design_1_wrapper_hw_platform_0/system.hdf'.
21:27:01 INFO  : 'configparams force-mem-access 1' command is executed.
21:27:01 INFO  : Context for 'APU' is selected.
21:27:01 INFO  : 'stop' command is executed.
21:27:01 INFO  : 'ps7_init' command is executed.
21:27:01 INFO  : 'ps7_post_config' command is executed.
21:27:01 INFO  : Context for processor 'ps7_cortexa9_0' is selected.
21:27:01 INFO  : Processor reset is completed for 'ps7_cortexa9_0'.
21:27:01 INFO  : Context for processor 'ps7_cortexa9_0' is selected.
21:27:02 INFO  : The application 'C:/Users/aamalik3/Desktop/ICAP_Readback/RISC_Preemption/RISC_Preemption.sdk/risc_aes_ctr/Debug/risc_aes_ctr.elf' is downloaded to processor 'ps7_cortexa9_0'.
21:27:02 INFO  : 'configparams force-mem-access 0' command is executed.
21:27:02 INFO  : ----------------XSDB Script----------------
connect -url tcp:127.0.0.1:3121
source C:/Users/aamalik3/Desktop/ICAP_Readback/RISC_Preemption/RISC_Preemption.sdk/design_1_wrapper_hw_platform_0/ps7_init.tcl
targets -set -nocase -filter {name =~"APU*" && jtag_cable_name =~ "Digilent Zed 210248B78019"} -index 0
loadhw -hw C:/Users/aamalik3/Desktop/ICAP_Readback/RISC_Preemption/RISC_Preemption.sdk/design_1_wrapper_hw_platform_0/system.hdf -mem-ranges [list {0x40000000 0xbfffffff}]
configparams force-mem-access 1
targets -set -nocase -filter {name =~"APU*" && jtag_cable_name =~ "Digilent Zed 210248B78019"} -index 0
stop
ps7_init
ps7_post_config
targets -set -nocase -filter {name =~ "ARM*#0" && jtag_cable_name =~ "Digilent Zed 210248B78019"} -index 0
rst -processor
targets -set -nocase -filter {name =~ "ARM*#0" && jtag_cable_name =~ "Digilent Zed 210248B78019"} -index 0
dow C:/Users/aamalik3/Desktop/ICAP_Readback/RISC_Preemption/RISC_Preemption.sdk/risc_aes_ctr/Debug/risc_aes_ctr.elf
configparams force-mem-access 0
----------------End of Script----------------

21:27:02 INFO  : Memory regions updated for context APU
21:27:02 INFO  : Context for processor 'ps7_cortexa9_0' is selected.
21:27:02 INFO  : 'con' command is executed.
21:27:02 INFO  : ----------------XSDB Script (After Launch)----------------
targets -set -nocase -filter {name =~ "ARM*#0" && jtag_cable_name =~ "Digilent Zed 210248B78019"} -index 0
con
----------------End of Script----------------

21:27:02 INFO  : Launch script is exported to file 'C:\Users\aamalik3\Desktop\ICAP_Readback\RISC_Preemption\RISC_Preemption.sdk\.sdk\launch_scripts\xilinx_c-c++_application_(system_debugger)\system_debugger_using_debug_risc_aes_ctr.elf_on_local.tcl'
21:27:31 INFO  : Disconnected from the channel tcfchan#32.
21:27:32 INFO  : 'targets -set -filter {jtag_cable_name =~ "Digilent Zed 210248B78019" && level==0} -index 1' command is executed.
21:27:32 INFO  : 'fpga -state' command is executed.
21:27:32 INFO  : Connected to target on host '127.0.0.1' and port '3121'.
21:27:32 INFO  : Jtag cable 'Digilent Zed 210248B78019' is selected.
21:27:32 INFO  : 'jtag frequency' command is executed.
21:27:32 INFO  : Sourcing of 'C:/Users/aamalik3/Desktop/ICAP_Readback/RISC_Preemption/RISC_Preemption.sdk/design_1_wrapper_hw_platform_0/ps7_init.tcl' is done.
21:27:32 INFO  : Context for 'APU' is selected.
21:27:32 INFO  : Hardware design information is loaded from 'C:/Users/aamalik3/Desktop/ICAP_Readback/RISC_Preemption/RISC_Preemption.sdk/design_1_wrapper_hw_platform_0/system.hdf'.
21:27:32 INFO  : 'configparams force-mem-access 1' command is executed.
21:27:32 INFO  : Context for 'APU' is selected.
21:27:32 INFO  : 'stop' command is executed.
21:27:32 INFO  : 'ps7_init' command is executed.
21:27:32 INFO  : 'ps7_post_config' command is executed.
21:27:32 INFO  : Context for processor 'ps7_cortexa9_0' is selected.
21:27:33 INFO  : Processor reset is completed for 'ps7_cortexa9_0'.
21:27:33 INFO  : Context for processor 'ps7_cortexa9_0' is selected.
21:27:33 INFO  : The application 'C:/Users/aamalik3/Desktop/ICAP_Readback/RISC_Preemption/RISC_Preemption.sdk/risc_aes_ctr/Debug/risc_aes_ctr.elf' is downloaded to processor 'ps7_cortexa9_0'.
21:27:33 INFO  : 'configparams force-mem-access 0' command is executed.
21:27:33 INFO  : ----------------XSDB Script----------------
connect -url tcp:127.0.0.1:3121
source C:/Users/aamalik3/Desktop/ICAP_Readback/RISC_Preemption/RISC_Preemption.sdk/design_1_wrapper_hw_platform_0/ps7_init.tcl
targets -set -nocase -filter {name =~"APU*" && jtag_cable_name =~ "Digilent Zed 210248B78019"} -index 0
loadhw -hw C:/Users/aamalik3/Desktop/ICAP_Readback/RISC_Preemption/RISC_Preemption.sdk/design_1_wrapper_hw_platform_0/system.hdf -mem-ranges [list {0x40000000 0xbfffffff}]
configparams force-mem-access 1
targets -set -nocase -filter {name =~"APU*" && jtag_cable_name =~ "Digilent Zed 210248B78019"} -index 0
stop
ps7_init
ps7_post_config
targets -set -nocase -filter {name =~ "ARM*#0" && jtag_cable_name =~ "Digilent Zed 210248B78019"} -index 0
rst -processor
targets -set -nocase -filter {name =~ "ARM*#0" && jtag_cable_name =~ "Digilent Zed 210248B78019"} -index 0
dow C:/Users/aamalik3/Desktop/ICAP_Readback/RISC_Preemption/RISC_Preemption.sdk/risc_aes_ctr/Debug/risc_aes_ctr.elf
configparams force-mem-access 0
----------------End of Script----------------

21:27:33 INFO  : Memory regions updated for context APU
21:27:33 INFO  : Context for processor 'ps7_cortexa9_0' is selected.
21:27:33 INFO  : 'con' command is executed.
21:27:33 INFO  : ----------------XSDB Script (After Launch)----------------
targets -set -nocase -filter {name =~ "ARM*#0" && jtag_cable_name =~ "Digilent Zed 210248B78019"} -index 0
con
----------------End of Script----------------

21:27:33 INFO  : Launch script is exported to file 'C:\Users\aamalik3\Desktop\ICAP_Readback\RISC_Preemption\RISC_Preemption.sdk\.sdk\launch_scripts\xilinx_c-c++_application_(system_debugger)\system_debugger_using_debug_risc_aes_ctr.elf_on_local.tcl'
21:28:04 INFO  : Disconnected from the channel tcfchan#33.
21:30:03 INFO  : 'targets -set -filter {jtag_cable_name =~ "Digilent Zed 210248B78019" && level==0} -index 1' command is executed.
21:30:03 INFO  : 'fpga -state' command is executed.
21:30:03 INFO  : Connected to target on host '127.0.0.1' and port '3121'.
21:30:03 INFO  : Jtag cable 'Digilent Zed 210248B78019' is selected.
21:30:03 INFO  : 'jtag frequency' command is executed.
21:30:03 INFO  : Sourcing of 'C:/Users/aamalik3/Desktop/ICAP_Readback/RISC_Preemption/RISC_Preemption.sdk/design_1_wrapper_hw_platform_0/ps7_init.tcl' is done.
21:30:03 INFO  : Context for 'APU' is selected.
21:30:03 INFO  : Hardware design information is loaded from 'C:/Users/aamalik3/Desktop/ICAP_Readback/RISC_Preemption/RISC_Preemption.sdk/design_1_wrapper_hw_platform_0/system.hdf'.
21:30:03 INFO  : 'configparams force-mem-access 1' command is executed.
21:30:03 INFO  : Context for 'APU' is selected.
21:30:03 INFO  : 'stop' command is executed.
21:30:03 INFO  : 'ps7_init' command is executed.
21:30:03 INFO  : 'ps7_post_config' command is executed.
21:30:03 INFO  : Context for processor 'ps7_cortexa9_0' is selected.
21:30:03 INFO  : Processor reset is completed for 'ps7_cortexa9_0'.
21:30:03 INFO  : Context for processor 'ps7_cortexa9_0' is selected.
21:30:04 INFO  : The application 'C:/Users/aamalik3/Desktop/ICAP_Readback/RISC_Preemption/RISC_Preemption.sdk/risc_aes_ctr/Debug/risc_aes_ctr.elf' is downloaded to processor 'ps7_cortexa9_0'.
21:30:04 INFO  : 'configparams force-mem-access 0' command is executed.
21:30:04 INFO  : ----------------XSDB Script----------------
connect -url tcp:127.0.0.1:3121
source C:/Users/aamalik3/Desktop/ICAP_Readback/RISC_Preemption/RISC_Preemption.sdk/design_1_wrapper_hw_platform_0/ps7_init.tcl
targets -set -nocase -filter {name =~"APU*" && jtag_cable_name =~ "Digilent Zed 210248B78019"} -index 0
loadhw -hw C:/Users/aamalik3/Desktop/ICAP_Readback/RISC_Preemption/RISC_Preemption.sdk/design_1_wrapper_hw_platform_0/system.hdf -mem-ranges [list {0x40000000 0xbfffffff}]
configparams force-mem-access 1
targets -set -nocase -filter {name =~"APU*" && jtag_cable_name =~ "Digilent Zed 210248B78019"} -index 0
stop
ps7_init
ps7_post_config
targets -set -nocase -filter {name =~ "ARM*#0" && jtag_cable_name =~ "Digilent Zed 210248B78019"} -index 0
rst -processor
targets -set -nocase -filter {name =~ "ARM*#0" && jtag_cable_name =~ "Digilent Zed 210248B78019"} -index 0
dow C:/Users/aamalik3/Desktop/ICAP_Readback/RISC_Preemption/RISC_Preemption.sdk/risc_aes_ctr/Debug/risc_aes_ctr.elf
configparams force-mem-access 0
----------------End of Script----------------

21:30:04 INFO  : Memory regions updated for context APU
21:30:04 INFO  : Context for processor 'ps7_cortexa9_0' is selected.
21:30:04 INFO  : 'con' command is executed.
21:30:04 INFO  : ----------------XSDB Script (After Launch)----------------
targets -set -nocase -filter {name =~ "ARM*#0" && jtag_cable_name =~ "Digilent Zed 210248B78019"} -index 0
con
----------------End of Script----------------

21:30:04 INFO  : Launch script is exported to file 'C:\Users\aamalik3\Desktop\ICAP_Readback\RISC_Preemption\RISC_Preemption.sdk\.sdk\launch_scripts\xilinx_c-c++_application_(system_debugger)\system_debugger_using_debug_risc_aes_ctr.elf_on_local.tcl'
21:30:36 INFO  : Disconnected from the channel tcfchan#34.
21:30:37 INFO  : 'targets -set -filter {jtag_cable_name =~ "Digilent Zed 210248B78019" && level==0} -index 1' command is executed.
21:30:37 INFO  : 'fpga -state' command is executed.
21:30:37 INFO  : Connected to target on host '127.0.0.1' and port '3121'.
21:30:37 INFO  : Jtag cable 'Digilent Zed 210248B78019' is selected.
21:30:37 INFO  : 'jtag frequency' command is executed.
21:30:37 INFO  : Sourcing of 'C:/Users/aamalik3/Desktop/ICAP_Readback/RISC_Preemption/RISC_Preemption.sdk/design_1_wrapper_hw_platform_0/ps7_init.tcl' is done.
21:30:37 INFO  : Context for 'APU' is selected.
21:30:37 INFO  : Hardware design information is loaded from 'C:/Users/aamalik3/Desktop/ICAP_Readback/RISC_Preemption/RISC_Preemption.sdk/design_1_wrapper_hw_platform_0/system.hdf'.
21:30:37 INFO  : 'configparams force-mem-access 1' command is executed.
21:30:37 INFO  : Context for 'APU' is selected.
21:30:37 INFO  : 'stop' command is executed.
21:30:38 INFO  : 'ps7_init' command is executed.
21:30:38 INFO  : 'ps7_post_config' command is executed.
21:30:38 INFO  : Context for processor 'ps7_cortexa9_0' is selected.
21:30:38 INFO  : Processor reset is completed for 'ps7_cortexa9_0'.
21:30:38 INFO  : Context for processor 'ps7_cortexa9_0' is selected.
21:30:38 INFO  : The application 'C:/Users/aamalik3/Desktop/ICAP_Readback/RISC_Preemption/RISC_Preemption.sdk/risc_aes_ctr/Debug/risc_aes_ctr.elf' is downloaded to processor 'ps7_cortexa9_0'.
21:30:38 INFO  : 'configparams force-mem-access 0' command is executed.
21:30:38 INFO  : ----------------XSDB Script----------------
connect -url tcp:127.0.0.1:3121
source C:/Users/aamalik3/Desktop/ICAP_Readback/RISC_Preemption/RISC_Preemption.sdk/design_1_wrapper_hw_platform_0/ps7_init.tcl
targets -set -nocase -filter {name =~"APU*" && jtag_cable_name =~ "Digilent Zed 210248B78019"} -index 0
loadhw -hw C:/Users/aamalik3/Desktop/ICAP_Readback/RISC_Preemption/RISC_Preemption.sdk/design_1_wrapper_hw_platform_0/system.hdf -mem-ranges [list {0x40000000 0xbfffffff}]
configparams force-mem-access 1
targets -set -nocase -filter {name =~"APU*" && jtag_cable_name =~ "Digilent Zed 210248B78019"} -index 0
stop
ps7_init
ps7_post_config
targets -set -nocase -filter {name =~ "ARM*#0" && jtag_cable_name =~ "Digilent Zed 210248B78019"} -index 0
rst -processor
targets -set -nocase -filter {name =~ "ARM*#0" && jtag_cable_name =~ "Digilent Zed 210248B78019"} -index 0
dow C:/Users/aamalik3/Desktop/ICAP_Readback/RISC_Preemption/RISC_Preemption.sdk/risc_aes_ctr/Debug/risc_aes_ctr.elf
configparams force-mem-access 0
----------------End of Script----------------

21:30:38 INFO  : Memory regions updated for context APU
21:30:38 INFO  : Context for processor 'ps7_cortexa9_0' is selected.
21:30:38 INFO  : 'con' command is executed.
21:30:38 INFO  : ----------------XSDB Script (After Launch)----------------
targets -set -nocase -filter {name =~ "ARM*#0" && jtag_cable_name =~ "Digilent Zed 210248B78019"} -index 0
con
----------------End of Script----------------

21:30:38 INFO  : Launch script is exported to file 'C:\Users\aamalik3\Desktop\ICAP_Readback\RISC_Preemption\RISC_Preemption.sdk\.sdk\launch_scripts\xilinx_c-c++_application_(system_debugger)\system_debugger_using_debug_risc_aes_ctr.elf_on_local.tcl'
21:30:45 INFO  : Disconnected from the channel tcfchan#35.
21:30:46 INFO  : 'targets -set -filter {jtag_cable_name =~ "Digilent Zed 210248B78019" && level==0} -index 1' command is executed.
21:30:46 INFO  : 'fpga -state' command is executed.
21:30:46 INFO  : Connected to target on host '127.0.0.1' and port '3121'.
21:30:46 INFO  : Jtag cable 'Digilent Zed 210248B78019' is selected.
21:30:46 INFO  : 'jtag frequency' command is executed.
21:30:46 INFO  : Sourcing of 'C:/Users/aamalik3/Desktop/ICAP_Readback/RISC_Preemption/RISC_Preemption.sdk/design_1_wrapper_hw_platform_0/ps7_init.tcl' is done.
21:30:46 INFO  : Context for 'APU' is selected.
21:30:46 INFO  : Hardware design information is loaded from 'C:/Users/aamalik3/Desktop/ICAP_Readback/RISC_Preemption/RISC_Preemption.sdk/design_1_wrapper_hw_platform_0/system.hdf'.
21:30:46 INFO  : 'configparams force-mem-access 1' command is executed.
21:30:46 INFO  : Context for 'APU' is selected.
21:30:46 INFO  : 'stop' command is executed.
21:30:47 INFO  : 'ps7_init' command is executed.
21:30:47 INFO  : 'ps7_post_config' command is executed.
21:30:47 INFO  : Context for processor 'ps7_cortexa9_0' is selected.
21:30:47 INFO  : Processor reset is completed for 'ps7_cortexa9_0'.
21:30:47 INFO  : Context for processor 'ps7_cortexa9_0' is selected.
21:30:47 INFO  : The application 'C:/Users/aamalik3/Desktop/ICAP_Readback/RISC_Preemption/RISC_Preemption.sdk/risc_aes_ctr/Debug/risc_aes_ctr.elf' is downloaded to processor 'ps7_cortexa9_0'.
21:30:47 INFO  : 'configparams force-mem-access 0' command is executed.
21:30:47 INFO  : ----------------XSDB Script----------------
connect -url tcp:127.0.0.1:3121
source C:/Users/aamalik3/Desktop/ICAP_Readback/RISC_Preemption/RISC_Preemption.sdk/design_1_wrapper_hw_platform_0/ps7_init.tcl
targets -set -nocase -filter {name =~"APU*" && jtag_cable_name =~ "Digilent Zed 210248B78019"} -index 0
loadhw -hw C:/Users/aamalik3/Desktop/ICAP_Readback/RISC_Preemption/RISC_Preemption.sdk/design_1_wrapper_hw_platform_0/system.hdf -mem-ranges [list {0x40000000 0xbfffffff}]
configparams force-mem-access 1
targets -set -nocase -filter {name =~"APU*" && jtag_cable_name =~ "Digilent Zed 210248B78019"} -index 0
stop
ps7_init
ps7_post_config
targets -set -nocase -filter {name =~ "ARM*#0" && jtag_cable_name =~ "Digilent Zed 210248B78019"} -index 0
rst -processor
targets -set -nocase -filter {name =~ "ARM*#0" && jtag_cable_name =~ "Digilent Zed 210248B78019"} -index 0
dow C:/Users/aamalik3/Desktop/ICAP_Readback/RISC_Preemption/RISC_Preemption.sdk/risc_aes_ctr/Debug/risc_aes_ctr.elf
configparams force-mem-access 0
----------------End of Script----------------

21:30:47 INFO  : Memory regions updated for context APU
21:30:47 INFO  : Context for processor 'ps7_cortexa9_0' is selected.
21:30:47 INFO  : 'con' command is executed.
21:30:47 INFO  : ----------------XSDB Script (After Launch)----------------
targets -set -nocase -filter {name =~ "ARM*#0" && jtag_cable_name =~ "Digilent Zed 210248B78019"} -index 0
con
----------------End of Script----------------

21:30:47 INFO  : Launch script is exported to file 'C:\Users\aamalik3\Desktop\ICAP_Readback\RISC_Preemption\RISC_Preemption.sdk\.sdk\launch_scripts\xilinx_c-c++_application_(system_debugger)\system_debugger_using_debug_risc_aes_ctr.elf_on_local.tcl'
21:32:35 INFO  : Disconnected from the channel tcfchan#36.
21:32:36 INFO  : 'targets -set -filter {jtag_cable_name =~ "Digilent Zed 210248B78019" && level==0} -index 1' command is executed.
21:32:36 INFO  : 'fpga -state' command is executed.
21:32:36 INFO  : Connected to target on host '127.0.0.1' and port '3121'.
21:32:36 INFO  : Jtag cable 'Digilent Zed 210248B78019' is selected.
21:32:36 INFO  : 'jtag frequency' command is executed.
21:32:36 INFO  : Sourcing of 'C:/Users/aamalik3/Desktop/ICAP_Readback/RISC_Preemption/RISC_Preemption.sdk/design_1_wrapper_hw_platform_0/ps7_init.tcl' is done.
21:32:36 INFO  : Context for 'APU' is selected.
21:32:36 INFO  : Hardware design information is loaded from 'C:/Users/aamalik3/Desktop/ICAP_Readback/RISC_Preemption/RISC_Preemption.sdk/design_1_wrapper_hw_platform_0/system.hdf'.
21:32:36 INFO  : 'configparams force-mem-access 1' command is executed.
21:32:36 INFO  : Context for 'APU' is selected.
21:32:36 INFO  : 'stop' command is executed.
21:32:36 INFO  : 'ps7_init' command is executed.
21:32:36 INFO  : 'ps7_post_config' command is executed.
21:32:36 INFO  : Context for processor 'ps7_cortexa9_0' is selected.
21:32:36 INFO  : Processor reset is completed for 'ps7_cortexa9_0'.
21:32:36 INFO  : Context for processor 'ps7_cortexa9_0' is selected.
21:32:37 INFO  : The application 'C:/Users/aamalik3/Desktop/ICAP_Readback/RISC_Preemption/RISC_Preemption.sdk/risc_aes_ctr/Debug/risc_aes_ctr.elf' is downloaded to processor 'ps7_cortexa9_0'.
21:32:37 INFO  : 'configparams force-mem-access 0' command is executed.
21:32:37 INFO  : ----------------XSDB Script----------------
connect -url tcp:127.0.0.1:3121
source C:/Users/aamalik3/Desktop/ICAP_Readback/RISC_Preemption/RISC_Preemption.sdk/design_1_wrapper_hw_platform_0/ps7_init.tcl
targets -set -nocase -filter {name =~"APU*" && jtag_cable_name =~ "Digilent Zed 210248B78019"} -index 0
loadhw -hw C:/Users/aamalik3/Desktop/ICAP_Readback/RISC_Preemption/RISC_Preemption.sdk/design_1_wrapper_hw_platform_0/system.hdf -mem-ranges [list {0x40000000 0xbfffffff}]
configparams force-mem-access 1
targets -set -nocase -filter {name =~"APU*" && jtag_cable_name =~ "Digilent Zed 210248B78019"} -index 0
stop
ps7_init
ps7_post_config
targets -set -nocase -filter {name =~ "ARM*#0" && jtag_cable_name =~ "Digilent Zed 210248B78019"} -index 0
rst -processor
targets -set -nocase -filter {name =~ "ARM*#0" && jtag_cable_name =~ "Digilent Zed 210248B78019"} -index 0
dow C:/Users/aamalik3/Desktop/ICAP_Readback/RISC_Preemption/RISC_Preemption.sdk/risc_aes_ctr/Debug/risc_aes_ctr.elf
configparams force-mem-access 0
----------------End of Script----------------

21:32:37 INFO  : Memory regions updated for context APU
21:32:37 INFO  : Context for processor 'ps7_cortexa9_0' is selected.
21:32:37 INFO  : 'con' command is executed.
21:32:37 INFO  : ----------------XSDB Script (After Launch)----------------
targets -set -nocase -filter {name =~ "ARM*#0" && jtag_cable_name =~ "Digilent Zed 210248B78019"} -index 0
con
----------------End of Script----------------

21:32:37 INFO  : Launch script is exported to file 'C:\Users\aamalik3\Desktop\ICAP_Readback\RISC_Preemption\RISC_Preemption.sdk\.sdk\launch_scripts\xilinx_c-c++_application_(system_debugger)\system_debugger_using_debug_risc_aes_ctr.elf_on_local.tcl'
21:32:53 INFO  : Disconnected from the channel tcfchan#37.
21:32:54 INFO  : 'targets -set -filter {jtag_cable_name =~ "Digilent Zed 210248B78019" && level==0} -index 1' command is executed.
21:32:54 INFO  : 'fpga -state' command is executed.
21:32:54 INFO  : Connected to target on host '127.0.0.1' and port '3121'.
21:32:55 INFO  : Jtag cable 'Digilent Zed 210248B78019' is selected.
21:32:55 INFO  : 'jtag frequency' command is executed.
21:32:55 INFO  : Sourcing of 'C:/Users/aamalik3/Desktop/ICAP_Readback/RISC_Preemption/RISC_Preemption.sdk/design_1_wrapper_hw_platform_0/ps7_init.tcl' is done.
21:32:55 INFO  : Context for 'APU' is selected.
21:32:55 INFO  : Hardware design information is loaded from 'C:/Users/aamalik3/Desktop/ICAP_Readback/RISC_Preemption/RISC_Preemption.sdk/design_1_wrapper_hw_platform_0/system.hdf'.
21:32:55 INFO  : 'configparams force-mem-access 1' command is executed.
21:32:55 INFO  : Context for 'APU' is selected.
21:32:55 INFO  : 'stop' command is executed.
21:32:55 INFO  : 'ps7_init' command is executed.
21:32:55 INFO  : 'ps7_post_config' command is executed.
21:32:55 INFO  : Context for processor 'ps7_cortexa9_0' is selected.
21:32:55 INFO  : Processor reset is completed for 'ps7_cortexa9_0'.
21:32:55 INFO  : Context for processor 'ps7_cortexa9_0' is selected.
21:32:55 INFO  : The application 'C:/Users/aamalik3/Desktop/ICAP_Readback/RISC_Preemption/RISC_Preemption.sdk/risc_aes_ctr/Debug/risc_aes_ctr.elf' is downloaded to processor 'ps7_cortexa9_0'.
21:32:55 INFO  : 'configparams force-mem-access 0' command is executed.
21:32:55 INFO  : ----------------XSDB Script----------------
connect -url tcp:127.0.0.1:3121
source C:/Users/aamalik3/Desktop/ICAP_Readback/RISC_Preemption/RISC_Preemption.sdk/design_1_wrapper_hw_platform_0/ps7_init.tcl
targets -set -nocase -filter {name =~"APU*" && jtag_cable_name =~ "Digilent Zed 210248B78019"} -index 0
loadhw -hw C:/Users/aamalik3/Desktop/ICAP_Readback/RISC_Preemption/RISC_Preemption.sdk/design_1_wrapper_hw_platform_0/system.hdf -mem-ranges [list {0x40000000 0xbfffffff}]
configparams force-mem-access 1
targets -set -nocase -filter {name =~"APU*" && jtag_cable_name =~ "Digilent Zed 210248B78019"} -index 0
stop
ps7_init
ps7_post_config
targets -set -nocase -filter {name =~ "ARM*#0" && jtag_cable_name =~ "Digilent Zed 210248B78019"} -index 0
rst -processor
targets -set -nocase -filter {name =~ "ARM*#0" && jtag_cable_name =~ "Digilent Zed 210248B78019"} -index 0
dow C:/Users/aamalik3/Desktop/ICAP_Readback/RISC_Preemption/RISC_Preemption.sdk/risc_aes_ctr/Debug/risc_aes_ctr.elf
configparams force-mem-access 0
----------------End of Script----------------

21:32:56 INFO  : Memory regions updated for context APU
21:32:56 INFO  : Context for processor 'ps7_cortexa9_0' is selected.
21:32:56 INFO  : 'con' command is executed.
21:32:56 INFO  : ----------------XSDB Script (After Launch)----------------
targets -set -nocase -filter {name =~ "ARM*#0" && jtag_cable_name =~ "Digilent Zed 210248B78019"} -index 0
con
----------------End of Script----------------

21:32:56 INFO  : Launch script is exported to file 'C:\Users\aamalik3\Desktop\ICAP_Readback\RISC_Preemption\RISC_Preemption.sdk\.sdk\launch_scripts\xilinx_c-c++_application_(system_debugger)\system_debugger_using_debug_risc_aes_ctr.elf_on_local.tcl'
21:35:40 INFO  : Disconnected from the channel tcfchan#38.
21:35:41 INFO  : 'targets -set -filter {jtag_cable_name =~ "Digilent Zed 210248B78019" && level==0} -index 1' command is executed.
21:35:41 INFO  : 'fpga -state' command is executed.
21:35:41 INFO  : Connected to target on host '127.0.0.1' and port '3121'.
21:35:41 INFO  : Jtag cable 'Digilent Zed 210248B78019' is selected.
21:35:41 INFO  : 'jtag frequency' command is executed.
21:35:41 INFO  : Sourcing of 'C:/Users/aamalik3/Desktop/ICAP_Readback/RISC_Preemption/RISC_Preemption.sdk/design_1_wrapper_hw_platform_0/ps7_init.tcl' is done.
21:35:41 INFO  : Context for 'APU' is selected.
21:35:41 INFO  : Hardware design information is loaded from 'C:/Users/aamalik3/Desktop/ICAP_Readback/RISC_Preemption/RISC_Preemption.sdk/design_1_wrapper_hw_platform_0/system.hdf'.
21:35:41 INFO  : 'configparams force-mem-access 1' command is executed.
21:35:41 INFO  : Context for 'APU' is selected.
21:35:41 INFO  : 'stop' command is executed.
21:35:42 INFO  : 'ps7_init' command is executed.
21:35:42 INFO  : 'ps7_post_config' command is executed.
21:35:42 INFO  : Context for processor 'ps7_cortexa9_0' is selected.
21:35:42 INFO  : Processor reset is completed for 'ps7_cortexa9_0'.
21:35:42 INFO  : Context for processor 'ps7_cortexa9_0' is selected.
21:35:42 INFO  : The application 'C:/Users/aamalik3/Desktop/ICAP_Readback/RISC_Preemption/RISC_Preemption.sdk/risc_aes_ctr/Debug/risc_aes_ctr.elf' is downloaded to processor 'ps7_cortexa9_0'.
21:35:42 INFO  : 'configparams force-mem-access 0' command is executed.
21:35:42 INFO  : ----------------XSDB Script----------------
connect -url tcp:127.0.0.1:3121
source C:/Users/aamalik3/Desktop/ICAP_Readback/RISC_Preemption/RISC_Preemption.sdk/design_1_wrapper_hw_platform_0/ps7_init.tcl
targets -set -nocase -filter {name =~"APU*" && jtag_cable_name =~ "Digilent Zed 210248B78019"} -index 0
loadhw -hw C:/Users/aamalik3/Desktop/ICAP_Readback/RISC_Preemption/RISC_Preemption.sdk/design_1_wrapper_hw_platform_0/system.hdf -mem-ranges [list {0x40000000 0xbfffffff}]
configparams force-mem-access 1
targets -set -nocase -filter {name =~"APU*" && jtag_cable_name =~ "Digilent Zed 210248B78019"} -index 0
stop
ps7_init
ps7_post_config
targets -set -nocase -filter {name =~ "ARM*#0" && jtag_cable_name =~ "Digilent Zed 210248B78019"} -index 0
rst -processor
targets -set -nocase -filter {name =~ "ARM*#0" && jtag_cable_name =~ "Digilent Zed 210248B78019"} -index 0
dow C:/Users/aamalik3/Desktop/ICAP_Readback/RISC_Preemption/RISC_Preemption.sdk/risc_aes_ctr/Debug/risc_aes_ctr.elf
configparams force-mem-access 0
----------------End of Script----------------

21:35:42 INFO  : Memory regions updated for context APU
21:35:42 INFO  : Context for processor 'ps7_cortexa9_0' is selected.
21:35:42 INFO  : 'con' command is executed.
21:35:42 INFO  : ----------------XSDB Script (After Launch)----------------
targets -set -nocase -filter {name =~ "ARM*#0" && jtag_cable_name =~ "Digilent Zed 210248B78019"} -index 0
con
----------------End of Script----------------

21:35:42 INFO  : Launch script is exported to file 'C:\Users\aamalik3\Desktop\ICAP_Readback\RISC_Preemption\RISC_Preemption.sdk\.sdk\launch_scripts\xilinx_c-c++_application_(system_debugger)\system_debugger_using_debug_risc_aes_ctr.elf_on_local.tcl'
21:36:03 INFO  : Disconnected from the channel tcfchan#39.
21:36:04 INFO  : 'targets -set -filter {jtag_cable_name =~ "Digilent Zed 210248B78019" && level==0} -index 1' command is executed.
21:36:04 INFO  : 'fpga -state' command is executed.
21:36:04 INFO  : Connected to target on host '127.0.0.1' and port '3121'.
21:36:04 INFO  : Jtag cable 'Digilent Zed 210248B78019' is selected.
21:36:04 INFO  : 'jtag frequency' command is executed.
21:36:04 INFO  : Sourcing of 'C:/Users/aamalik3/Desktop/ICAP_Readback/RISC_Preemption/RISC_Preemption.sdk/design_1_wrapper_hw_platform_0/ps7_init.tcl' is done.
21:36:04 INFO  : Context for 'APU' is selected.
21:36:04 INFO  : Hardware design information is loaded from 'C:/Users/aamalik3/Desktop/ICAP_Readback/RISC_Preemption/RISC_Preemption.sdk/design_1_wrapper_hw_platform_0/system.hdf'.
21:36:04 INFO  : 'configparams force-mem-access 1' command is executed.
21:36:04 INFO  : Context for 'APU' is selected.
21:36:04 INFO  : 'stop' command is executed.
21:36:04 INFO  : 'ps7_init' command is executed.
21:36:04 INFO  : 'ps7_post_config' command is executed.
21:36:04 INFO  : Context for processor 'ps7_cortexa9_0' is selected.
21:36:04 INFO  : Processor reset is completed for 'ps7_cortexa9_0'.
21:36:04 INFO  : Context for processor 'ps7_cortexa9_0' is selected.
21:36:04 INFO  : The application 'C:/Users/aamalik3/Desktop/ICAP_Readback/RISC_Preemption/RISC_Preemption.sdk/risc_aes_ctr/Debug/risc_aes_ctr.elf' is downloaded to processor 'ps7_cortexa9_0'.
21:36:04 INFO  : 'configparams force-mem-access 0' command is executed.
21:36:04 INFO  : ----------------XSDB Script----------------
connect -url tcp:127.0.0.1:3121
source C:/Users/aamalik3/Desktop/ICAP_Readback/RISC_Preemption/RISC_Preemption.sdk/design_1_wrapper_hw_platform_0/ps7_init.tcl
targets -set -nocase -filter {name =~"APU*" && jtag_cable_name =~ "Digilent Zed 210248B78019"} -index 0
loadhw -hw C:/Users/aamalik3/Desktop/ICAP_Readback/RISC_Preemption/RISC_Preemption.sdk/design_1_wrapper_hw_platform_0/system.hdf -mem-ranges [list {0x40000000 0xbfffffff}]
configparams force-mem-access 1
targets -set -nocase -filter {name =~"APU*" && jtag_cable_name =~ "Digilent Zed 210248B78019"} -index 0
stop
ps7_init
ps7_post_config
targets -set -nocase -filter {name =~ "ARM*#0" && jtag_cable_name =~ "Digilent Zed 210248B78019"} -index 0
rst -processor
targets -set -nocase -filter {name =~ "ARM*#0" && jtag_cable_name =~ "Digilent Zed 210248B78019"} -index 0
dow C:/Users/aamalik3/Desktop/ICAP_Readback/RISC_Preemption/RISC_Preemption.sdk/risc_aes_ctr/Debug/risc_aes_ctr.elf
configparams force-mem-access 0
----------------End of Script----------------

21:36:04 INFO  : Memory regions updated for context APU
21:36:05 INFO  : Context for processor 'ps7_cortexa9_0' is selected.
21:36:05 INFO  : 'con' command is executed.
21:36:05 INFO  : ----------------XSDB Script (After Launch)----------------
targets -set -nocase -filter {name =~ "ARM*#0" && jtag_cable_name =~ "Digilent Zed 210248B78019"} -index 0
con
----------------End of Script----------------

21:36:05 INFO  : Launch script is exported to file 'C:\Users\aamalik3\Desktop\ICAP_Readback\RISC_Preemption\RISC_Preemption.sdk\.sdk\launch_scripts\xilinx_c-c++_application_(system_debugger)\system_debugger_using_debug_risc_aes_ctr.elf_on_local.tcl'
21:37:18 INFO  : Disconnected from the channel tcfchan#40.
21:37:19 INFO  : 'targets -set -filter {jtag_cable_name =~ "Digilent Zed 210248B78019" && level==0} -index 1' command is executed.
21:37:19 INFO  : 'fpga -state' command is executed.
21:37:19 INFO  : Connected to target on host '127.0.0.1' and port '3121'.
21:37:20 INFO  : Jtag cable 'Digilent Zed 210248B78019' is selected.
21:37:20 INFO  : 'jtag frequency' command is executed.
21:37:20 INFO  : Sourcing of 'C:/Users/aamalik3/Desktop/ICAP_Readback/RISC_Preemption/RISC_Preemption.sdk/design_1_wrapper_hw_platform_0/ps7_init.tcl' is done.
21:37:20 INFO  : Context for 'APU' is selected.
21:37:20 INFO  : Hardware design information is loaded from 'C:/Users/aamalik3/Desktop/ICAP_Readback/RISC_Preemption/RISC_Preemption.sdk/design_1_wrapper_hw_platform_0/system.hdf'.
21:37:20 INFO  : 'configparams force-mem-access 1' command is executed.
21:37:20 INFO  : Context for 'APU' is selected.
21:37:20 INFO  : 'stop' command is executed.
21:37:20 INFO  : 'ps7_init' command is executed.
21:37:20 INFO  : 'ps7_post_config' command is executed.
21:37:20 INFO  : Context for processor 'ps7_cortexa9_0' is selected.
21:37:20 INFO  : Processor reset is completed for 'ps7_cortexa9_0'.
21:37:20 INFO  : Context for processor 'ps7_cortexa9_0' is selected.
21:37:20 INFO  : The application 'C:/Users/aamalik3/Desktop/ICAP_Readback/RISC_Preemption/RISC_Preemption.sdk/risc_aes_ctr/Debug/risc_aes_ctr.elf' is downloaded to processor 'ps7_cortexa9_0'.
21:37:20 INFO  : 'configparams force-mem-access 0' command is executed.
21:37:20 INFO  : ----------------XSDB Script----------------
connect -url tcp:127.0.0.1:3121
source C:/Users/aamalik3/Desktop/ICAP_Readback/RISC_Preemption/RISC_Preemption.sdk/design_1_wrapper_hw_platform_0/ps7_init.tcl
targets -set -nocase -filter {name =~"APU*" && jtag_cable_name =~ "Digilent Zed 210248B78019"} -index 0
loadhw -hw C:/Users/aamalik3/Desktop/ICAP_Readback/RISC_Preemption/RISC_Preemption.sdk/design_1_wrapper_hw_platform_0/system.hdf -mem-ranges [list {0x40000000 0xbfffffff}]
configparams force-mem-access 1
targets -set -nocase -filter {name =~"APU*" && jtag_cable_name =~ "Digilent Zed 210248B78019"} -index 0
stop
ps7_init
ps7_post_config
targets -set -nocase -filter {name =~ "ARM*#0" && jtag_cable_name =~ "Digilent Zed 210248B78019"} -index 0
rst -processor
targets -set -nocase -filter {name =~ "ARM*#0" && jtag_cable_name =~ "Digilent Zed 210248B78019"} -index 0
dow C:/Users/aamalik3/Desktop/ICAP_Readback/RISC_Preemption/RISC_Preemption.sdk/risc_aes_ctr/Debug/risc_aes_ctr.elf
configparams force-mem-access 0
----------------End of Script----------------

21:37:20 INFO  : Memory regions updated for context APU
21:37:20 INFO  : Context for processor 'ps7_cortexa9_0' is selected.
21:37:20 INFO  : 'con' command is executed.
21:37:20 INFO  : ----------------XSDB Script (After Launch)----------------
targets -set -nocase -filter {name =~ "ARM*#0" && jtag_cable_name =~ "Digilent Zed 210248B78019"} -index 0
con
----------------End of Script----------------

21:37:20 INFO  : Launch script is exported to file 'C:\Users\aamalik3\Desktop\ICAP_Readback\RISC_Preemption\RISC_Preemption.sdk\.sdk\launch_scripts\xilinx_c-c++_application_(system_debugger)\system_debugger_using_debug_risc_aes_ctr.elf_on_local.tcl'
21:37:28 INFO  : Disconnected from the channel tcfchan#41.
21:37:29 INFO  : 'targets -set -filter {jtag_cable_name =~ "Digilent Zed 210248B78019" && level==0} -index 1' command is executed.
21:37:29 INFO  : 'fpga -state' command is executed.
21:37:29 INFO  : Connected to target on host '127.0.0.1' and port '3121'.
21:37:29 INFO  : Jtag cable 'Digilent Zed 210248B78019' is selected.
21:37:29 INFO  : 'jtag frequency' command is executed.
21:37:29 INFO  : Sourcing of 'C:/Users/aamalik3/Desktop/ICAP_Readback/RISC_Preemption/RISC_Preemption.sdk/design_1_wrapper_hw_platform_0/ps7_init.tcl' is done.
21:37:29 INFO  : Context for 'APU' is selected.
21:37:29 INFO  : Hardware design information is loaded from 'C:/Users/aamalik3/Desktop/ICAP_Readback/RISC_Preemption/RISC_Preemption.sdk/design_1_wrapper_hw_platform_0/system.hdf'.
21:37:29 INFO  : 'configparams force-mem-access 1' command is executed.
21:37:29 INFO  : Context for 'APU' is selected.
21:37:29 INFO  : 'stop' command is executed.
21:37:29 INFO  : 'ps7_init' command is executed.
21:37:29 INFO  : 'ps7_post_config' command is executed.
21:37:29 INFO  : Context for processor 'ps7_cortexa9_0' is selected.
21:37:29 INFO  : Processor reset is completed for 'ps7_cortexa9_0'.
21:37:29 INFO  : Context for processor 'ps7_cortexa9_0' is selected.
21:37:30 INFO  : The application 'C:/Users/aamalik3/Desktop/ICAP_Readback/RISC_Preemption/RISC_Preemption.sdk/risc_aes_ctr/Debug/risc_aes_ctr.elf' is downloaded to processor 'ps7_cortexa9_0'.
21:37:30 INFO  : 'configparams force-mem-access 0' command is executed.
21:37:30 INFO  : ----------------XSDB Script----------------
connect -url tcp:127.0.0.1:3121
source C:/Users/aamalik3/Desktop/ICAP_Readback/RISC_Preemption/RISC_Preemption.sdk/design_1_wrapper_hw_platform_0/ps7_init.tcl
targets -set -nocase -filter {name =~"APU*" && jtag_cable_name =~ "Digilent Zed 210248B78019"} -index 0
loadhw -hw C:/Users/aamalik3/Desktop/ICAP_Readback/RISC_Preemption/RISC_Preemption.sdk/design_1_wrapper_hw_platform_0/system.hdf -mem-ranges [list {0x40000000 0xbfffffff}]
configparams force-mem-access 1
targets -set -nocase -filter {name =~"APU*" && jtag_cable_name =~ "Digilent Zed 210248B78019"} -index 0
stop
ps7_init
ps7_post_config
targets -set -nocase -filter {name =~ "ARM*#0" && jtag_cable_name =~ "Digilent Zed 210248B78019"} -index 0
rst -processor
targets -set -nocase -filter {name =~ "ARM*#0" && jtag_cable_name =~ "Digilent Zed 210248B78019"} -index 0
dow C:/Users/aamalik3/Desktop/ICAP_Readback/RISC_Preemption/RISC_Preemption.sdk/risc_aes_ctr/Debug/risc_aes_ctr.elf
configparams force-mem-access 0
----------------End of Script----------------

21:37:30 INFO  : Memory regions updated for context APU
21:37:30 INFO  : Context for processor 'ps7_cortexa9_0' is selected.
21:37:30 INFO  : 'con' command is executed.
21:37:30 INFO  : ----------------XSDB Script (After Launch)----------------
targets -set -nocase -filter {name =~ "ARM*#0" && jtag_cable_name =~ "Digilent Zed 210248B78019"} -index 0
con
----------------End of Script----------------

21:37:30 INFO  : Launch script is exported to file 'C:\Users\aamalik3\Desktop\ICAP_Readback\RISC_Preemption\RISC_Preemption.sdk\.sdk\launch_scripts\xilinx_c-c++_application_(system_debugger)\system_debugger_using_debug_risc_aes_ctr.elf_on_local.tcl'
21:45:45 INFO  : Disconnected from the channel tcfchan#42.
21:45:46 INFO  : 'targets -set -filter {jtag_cable_name =~ "Digilent Zed 210248B78019" && level==0} -index 1' command is executed.
21:45:46 INFO  : 'fpga -state' command is executed.
21:45:46 INFO  : Connected to target on host '127.0.0.1' and port '3121'.
21:45:46 INFO  : Jtag cable 'Digilent Zed 210248B78019' is selected.
21:45:46 INFO  : 'jtag frequency' command is executed.
21:45:46 INFO  : Sourcing of 'C:/Users/aamalik3/Desktop/ICAP_Readback/RISC_Preemption/RISC_Preemption.sdk/design_1_wrapper_hw_platform_0/ps7_init.tcl' is done.
21:45:46 INFO  : Context for 'APU' is selected.
21:45:46 INFO  : Hardware design information is loaded from 'C:/Users/aamalik3/Desktop/ICAP_Readback/RISC_Preemption/RISC_Preemption.sdk/design_1_wrapper_hw_platform_0/system.hdf'.
21:45:46 INFO  : 'configparams force-mem-access 1' command is executed.
21:45:46 INFO  : Context for 'APU' is selected.
21:45:46 INFO  : 'stop' command is executed.
21:45:46 INFO  : 'ps7_init' command is executed.
21:45:46 INFO  : 'ps7_post_config' command is executed.
21:45:46 INFO  : Context for processor 'ps7_cortexa9_0' is selected.
21:45:47 INFO  : Processor reset is completed for 'ps7_cortexa9_0'.
21:45:47 INFO  : Context for processor 'ps7_cortexa9_0' is selected.
21:45:47 INFO  : The application 'C:/Users/aamalik3/Desktop/ICAP_Readback/RISC_Preemption/RISC_Preemption.sdk/risc_aes_ctr/Debug/risc_aes_ctr.elf' is downloaded to processor 'ps7_cortexa9_0'.
21:45:47 INFO  : 'configparams force-mem-access 0' command is executed.
21:45:47 INFO  : ----------------XSDB Script----------------
connect -url tcp:127.0.0.1:3121
source C:/Users/aamalik3/Desktop/ICAP_Readback/RISC_Preemption/RISC_Preemption.sdk/design_1_wrapper_hw_platform_0/ps7_init.tcl
targets -set -nocase -filter {name =~"APU*" && jtag_cable_name =~ "Digilent Zed 210248B78019"} -index 0
loadhw -hw C:/Users/aamalik3/Desktop/ICAP_Readback/RISC_Preemption/RISC_Preemption.sdk/design_1_wrapper_hw_platform_0/system.hdf -mem-ranges [list {0x40000000 0xbfffffff}]
configparams force-mem-access 1
targets -set -nocase -filter {name =~"APU*" && jtag_cable_name =~ "Digilent Zed 210248B78019"} -index 0
stop
ps7_init
ps7_post_config
targets -set -nocase -filter {name =~ "ARM*#0" && jtag_cable_name =~ "Digilent Zed 210248B78019"} -index 0
rst -processor
targets -set -nocase -filter {name =~ "ARM*#0" && jtag_cable_name =~ "Digilent Zed 210248B78019"} -index 0
dow C:/Users/aamalik3/Desktop/ICAP_Readback/RISC_Preemption/RISC_Preemption.sdk/risc_aes_ctr/Debug/risc_aes_ctr.elf
configparams force-mem-access 0
----------------End of Script----------------

21:45:47 INFO  : Memory regions updated for context APU
21:45:47 INFO  : Context for processor 'ps7_cortexa9_0' is selected.
21:45:47 INFO  : 'con' command is executed.
21:45:47 INFO  : ----------------XSDB Script (After Launch)----------------
targets -set -nocase -filter {name =~ "ARM*#0" && jtag_cable_name =~ "Digilent Zed 210248B78019"} -index 0
con
----------------End of Script----------------

21:45:47 INFO  : Launch script is exported to file 'C:\Users\aamalik3\Desktop\ICAP_Readback\RISC_Preemption\RISC_Preemption.sdk\.sdk\launch_scripts\xilinx_c-c++_application_(system_debugger)\system_debugger_using_debug_risc_aes_ctr.elf_on_local.tcl'
22:10:36 INFO  : Disconnected from the channel tcfchan#43.
22:10:37 INFO  : 'targets -set -filter {jtag_cable_name =~ "Digilent Zed 210248B78019" && level==0} -index 1' command is executed.
22:10:37 INFO  : 'fpga -state' command is executed.
22:10:37 INFO  : Connected to target on host '127.0.0.1' and port '3121'.
22:10:38 INFO  : Jtag cable 'Digilent Zed 210248B78019' is selected.
22:10:38 INFO  : 'jtag frequency' command is executed.
22:10:38 INFO  : Sourcing of 'C:/Users/aamalik3/Desktop/ICAP_Readback/RISC_Preemption/RISC_Preemption.sdk/design_1_wrapper_hw_platform_0/ps7_init.tcl' is done.
22:10:38 INFO  : Context for 'APU' is selected.
22:10:38 INFO  : Hardware design information is loaded from 'C:/Users/aamalik3/Desktop/ICAP_Readback/RISC_Preemption/RISC_Preemption.sdk/design_1_wrapper_hw_platform_0/system.hdf'.
22:10:38 INFO  : 'configparams force-mem-access 1' command is executed.
22:10:38 INFO  : Context for 'APU' is selected.
22:10:38 INFO  : 'stop' command is executed.
22:10:38 INFO  : 'ps7_init' command is executed.
22:10:38 INFO  : 'ps7_post_config' command is executed.
22:10:38 INFO  : Context for processor 'ps7_cortexa9_0' is selected.
22:10:38 INFO  : Processor reset is completed for 'ps7_cortexa9_0'.
22:10:38 INFO  : Context for processor 'ps7_cortexa9_0' is selected.
22:10:39 INFO  : The application 'C:/Users/aamalik3/Desktop/ICAP_Readback/RISC_Preemption/RISC_Preemption.sdk/risc_aes_ctr/Debug/risc_aes_ctr.elf' is downloaded to processor 'ps7_cortexa9_0'.
22:10:39 INFO  : 'configparams force-mem-access 0' command is executed.
22:10:39 INFO  : ----------------XSDB Script----------------
connect -url tcp:127.0.0.1:3121
source C:/Users/aamalik3/Desktop/ICAP_Readback/RISC_Preemption/RISC_Preemption.sdk/design_1_wrapper_hw_platform_0/ps7_init.tcl
targets -set -nocase -filter {name =~"APU*" && jtag_cable_name =~ "Digilent Zed 210248B78019"} -index 0
loadhw -hw C:/Users/aamalik3/Desktop/ICAP_Readback/RISC_Preemption/RISC_Preemption.sdk/design_1_wrapper_hw_platform_0/system.hdf -mem-ranges [list {0x40000000 0xbfffffff}]
configparams force-mem-access 1
targets -set -nocase -filter {name =~"APU*" && jtag_cable_name =~ "Digilent Zed 210248B78019"} -index 0
stop
ps7_init
ps7_post_config
targets -set -nocase -filter {name =~ "ARM*#0" && jtag_cable_name =~ "Digilent Zed 210248B78019"} -index 0
rst -processor
targets -set -nocase -filter {name =~ "ARM*#0" && jtag_cable_name =~ "Digilent Zed 210248B78019"} -index 0
dow C:/Users/aamalik3/Desktop/ICAP_Readback/RISC_Preemption/RISC_Preemption.sdk/risc_aes_ctr/Debug/risc_aes_ctr.elf
configparams force-mem-access 0
----------------End of Script----------------

22:10:39 INFO  : Memory regions updated for context APU
22:10:39 INFO  : Context for processor 'ps7_cortexa9_0' is selected.
22:10:39 INFO  : 'con' command is executed.
22:10:39 INFO  : ----------------XSDB Script (After Launch)----------------
targets -set -nocase -filter {name =~ "ARM*#0" && jtag_cable_name =~ "Digilent Zed 210248B78019"} -index 0
con
----------------End of Script----------------

22:10:39 INFO  : Launch script is exported to file 'C:\Users\aamalik3\Desktop\ICAP_Readback\RISC_Preemption\RISC_Preemption.sdk\.sdk\launch_scripts\xilinx_c-c++_application_(system_debugger)\system_debugger_using_debug_risc_aes_ctr.elf_on_local.tcl'
22:43:14 INFO  : Connected to target on host '127.0.0.1' and port '3121'.
22:43:14 INFO  : 'targets -set -filter {jtag_cable_name =~ "Digilent Zed 210248B78019" && level==0} -index 1' command is executed.
22:43:16 INFO  : FPGA configured successfully with bitstream "C:/Users/aamalik3/Desktop/ICAP_Readback/RISC_Preemption/RISC_AES.bit"
22:55:12 INFO  : Disconnected from the channel tcfchan#44.
22:55:13 INFO  : 'targets -set -filter {jtag_cable_name =~ "Digilent Zed 210248B78019" && level==0} -index 1' command is executed.
22:55:14 INFO  : 'fpga -state' command is executed.
22:55:14 INFO  : Connected to target on host '127.0.0.1' and port '3121'.
22:55:14 INFO  : Jtag cable 'Digilent Zed 210248B78019' is selected.
22:55:14 INFO  : 'jtag frequency' command is executed.
22:55:14 INFO  : Sourcing of 'C:/Users/aamalik3/Desktop/ICAP_Readback/RISC_Preemption/RISC_Preemption.sdk/design_1_wrapper_hw_platform_0/ps7_init.tcl' is done.
22:55:14 INFO  : Context for 'APU' is selected.
22:55:14 INFO  : Hardware design information is loaded from 'C:/Users/aamalik3/Desktop/ICAP_Readback/RISC_Preemption/RISC_Preemption.sdk/design_1_wrapper_hw_platform_0/system.hdf'.
22:55:14 INFO  : 'configparams force-mem-access 1' command is executed.
22:55:14 INFO  : Context for 'APU' is selected.
22:55:14 INFO  : 'stop' command is executed.
22:55:14 INFO  : 'ps7_init' command is executed.
22:55:14 INFO  : 'ps7_post_config' command is executed.
22:55:14 INFO  : Context for processor 'ps7_cortexa9_0' is selected.
22:55:14 INFO  : Processor reset is completed for 'ps7_cortexa9_0'.
22:55:14 INFO  : Context for processor 'ps7_cortexa9_0' is selected.
22:55:14 INFO  : The application 'C:/Users/aamalik3/Desktop/ICAP_Readback/RISC_Preemption/RISC_Preemption.sdk/risc_aes_ctr/Debug/risc_aes_ctr.elf' is downloaded to processor 'ps7_cortexa9_0'.
22:55:14 INFO  : 'configparams force-mem-access 0' command is executed.
22:55:14 INFO  : ----------------XSDB Script----------------
connect -url tcp:127.0.0.1:3121
source C:/Users/aamalik3/Desktop/ICAP_Readback/RISC_Preemption/RISC_Preemption.sdk/design_1_wrapper_hw_platform_0/ps7_init.tcl
targets -set -nocase -filter {name =~"APU*" && jtag_cable_name =~ "Digilent Zed 210248B78019"} -index 0
loadhw -hw C:/Users/aamalik3/Desktop/ICAP_Readback/RISC_Preemption/RISC_Preemption.sdk/design_1_wrapper_hw_platform_0/system.hdf -mem-ranges [list {0x40000000 0xbfffffff}]
configparams force-mem-access 1
targets -set -nocase -filter {name =~"APU*" && jtag_cable_name =~ "Digilent Zed 210248B78019"} -index 0
stop
ps7_init
ps7_post_config
targets -set -nocase -filter {name =~ "ARM*#0" && jtag_cable_name =~ "Digilent Zed 210248B78019"} -index 0
rst -processor
targets -set -nocase -filter {name =~ "ARM*#0" && jtag_cable_name =~ "Digilent Zed 210248B78019"} -index 0
dow C:/Users/aamalik3/Desktop/ICAP_Readback/RISC_Preemption/RISC_Preemption.sdk/risc_aes_ctr/Debug/risc_aes_ctr.elf
configparams force-mem-access 0
----------------End of Script----------------

22:55:14 INFO  : Memory regions updated for context APU
22:55:14 INFO  : Context for processor 'ps7_cortexa9_0' is selected.
22:55:15 INFO  : 'con' command is executed.
22:55:15 INFO  : ----------------XSDB Script (After Launch)----------------
targets -set -nocase -filter {name =~ "ARM*#0" && jtag_cable_name =~ "Digilent Zed 210248B78019"} -index 0
con
----------------End of Script----------------

22:55:15 INFO  : Launch script is exported to file 'C:\Users\aamalik3\Desktop\ICAP_Readback\RISC_Preemption\RISC_Preemption.sdk\.sdk\launch_scripts\xilinx_c-c++_application_(system_debugger)\system_debugger_using_debug_risc_aes_ctr.elf_on_local.tcl'
22:56:07 INFO  : Disconnected from the channel tcfchan#45.
22:56:08 INFO  : 'targets -set -filter {jtag_cable_name =~ "Digilent Zed 210248B78019" && level==0} -index 1' command is executed.
22:56:08 INFO  : 'fpga -state' command is executed.
22:56:08 INFO  : Connected to target on host '127.0.0.1' and port '3121'.
22:56:09 INFO  : Jtag cable 'Digilent Zed 210248B78019' is selected.
22:56:09 INFO  : 'jtag frequency' command is executed.
22:56:09 INFO  : Sourcing of 'C:/Users/aamalik3/Desktop/ICAP_Readback/RISC_Preemption/RISC_Preemption.sdk/design_1_wrapper_hw_platform_0/ps7_init.tcl' is done.
22:56:09 INFO  : Context for 'APU' is selected.
22:56:09 INFO  : Hardware design information is loaded from 'C:/Users/aamalik3/Desktop/ICAP_Readback/RISC_Preemption/RISC_Preemption.sdk/design_1_wrapper_hw_platform_0/system.hdf'.
22:56:09 INFO  : 'configparams force-mem-access 1' command is executed.
22:56:09 INFO  : Context for 'APU' is selected.
22:56:09 INFO  : 'stop' command is executed.
22:56:09 INFO  : 'ps7_init' command is executed.
22:56:09 INFO  : 'ps7_post_config' command is executed.
22:56:09 INFO  : Context for processor 'ps7_cortexa9_0' is selected.
22:56:09 INFO  : Processor reset is completed for 'ps7_cortexa9_0'.
22:56:09 INFO  : Context for processor 'ps7_cortexa9_0' is selected.
22:56:09 INFO  : The application 'C:/Users/aamalik3/Desktop/ICAP_Readback/RISC_Preemption/RISC_Preemption.sdk/risc_aes_ctr/Debug/risc_aes_ctr.elf' is downloaded to processor 'ps7_cortexa9_0'.
22:56:09 INFO  : 'configparams force-mem-access 0' command is executed.
22:56:09 INFO  : ----------------XSDB Script----------------
connect -url tcp:127.0.0.1:3121
source C:/Users/aamalik3/Desktop/ICAP_Readback/RISC_Preemption/RISC_Preemption.sdk/design_1_wrapper_hw_platform_0/ps7_init.tcl
targets -set -nocase -filter {name =~"APU*" && jtag_cable_name =~ "Digilent Zed 210248B78019"} -index 0
loadhw -hw C:/Users/aamalik3/Desktop/ICAP_Readback/RISC_Preemption/RISC_Preemption.sdk/design_1_wrapper_hw_platform_0/system.hdf -mem-ranges [list {0x40000000 0xbfffffff}]
configparams force-mem-access 1
targets -set -nocase -filter {name =~"APU*" && jtag_cable_name =~ "Digilent Zed 210248B78019"} -index 0
stop
ps7_init
ps7_post_config
targets -set -nocase -filter {name =~ "ARM*#0" && jtag_cable_name =~ "Digilent Zed 210248B78019"} -index 0
rst -processor
targets -set -nocase -filter {name =~ "ARM*#0" && jtag_cable_name =~ "Digilent Zed 210248B78019"} -index 0
dow C:/Users/aamalik3/Desktop/ICAP_Readback/RISC_Preemption/RISC_Preemption.sdk/risc_aes_ctr/Debug/risc_aes_ctr.elf
configparams force-mem-access 0
----------------End of Script----------------

22:56:09 INFO  : Memory regions updated for context APU
22:56:09 INFO  : Context for processor 'ps7_cortexa9_0' is selected.
22:56:09 INFO  : 'con' command is executed.
22:56:09 INFO  : ----------------XSDB Script (After Launch)----------------
targets -set -nocase -filter {name =~ "ARM*#0" && jtag_cable_name =~ "Digilent Zed 210248B78019"} -index 0
con
----------------End of Script----------------

22:56:09 INFO  : Launch script is exported to file 'C:\Users\aamalik3\Desktop\ICAP_Readback\RISC_Preemption\RISC_Preemption.sdk\.sdk\launch_scripts\xilinx_c-c++_application_(system_debugger)\system_debugger_using_debug_risc_aes_ctr.elf_on_local.tcl'
10:40:44 INFO  : Connected to target on host '127.0.0.1' and port '3121'.
10:40:44 INFO  : 'targets -set -filter {jtag_cable_name =~ "Digilent Zed 210248B78019" && level==0} -index 1' command is executed.
10:40:46 INFO  : FPGA configured successfully with bitstream "C:/Users/aamalik3/Desktop/ICAP_Readback/RISC_Preemption/RISC_AES.bit"
10:40:51 INFO  : Disconnected from the channel tcfchan#46.
10:40:52 INFO  : 'targets -set -filter {jtag_cable_name =~ "Digilent Zed 210248B78019" && level==0} -index 1' command is executed.
10:40:52 INFO  : 'fpga -state' command is executed.
10:40:52 INFO  : Connected to target on host '127.0.0.1' and port '3121'.
10:40:52 INFO  : Jtag cable 'Digilent Zed 210248B78019' is selected.
10:40:52 INFO  : 'jtag frequency' command is executed.
10:40:52 INFO  : Sourcing of 'C:/Users/aamalik3/Desktop/ICAP_Readback/RISC_Preemption/RISC_Preemption.sdk/design_1_wrapper_hw_platform_0/ps7_init.tcl' is done.
10:40:52 INFO  : Context for 'APU' is selected.
10:40:52 INFO  : Hardware design information is loaded from 'C:/Users/aamalik3/Desktop/ICAP_Readback/RISC_Preemption/RISC_Preemption.sdk/design_1_wrapper_hw_platform_0/system.hdf'.
10:40:52 INFO  : 'configparams force-mem-access 1' command is executed.
10:40:52 INFO  : Context for 'APU' is selected.
10:40:52 INFO  : 'stop' command is executed.
10:40:53 INFO  : 'ps7_init' command is executed.
10:40:53 INFO  : 'ps7_post_config' command is executed.
10:40:53 INFO  : Context for processor 'ps7_cortexa9_0' is selected.
10:40:53 INFO  : Processor reset is completed for 'ps7_cortexa9_0'.
10:40:53 INFO  : Context for processor 'ps7_cortexa9_0' is selected.
10:40:53 INFO  : The application 'C:/Users/aamalik3/Desktop/ICAP_Readback/RISC_Preemption/RISC_Preemption.sdk/risc_aes_ctr/Debug/risc_aes_ctr.elf' is downloaded to processor 'ps7_cortexa9_0'.
10:40:53 INFO  : 'configparams force-mem-access 0' command is executed.
10:40:53 INFO  : ----------------XSDB Script----------------
connect -url tcp:127.0.0.1:3121
source C:/Users/aamalik3/Desktop/ICAP_Readback/RISC_Preemption/RISC_Preemption.sdk/design_1_wrapper_hw_platform_0/ps7_init.tcl
targets -set -nocase -filter {name =~"APU*" && jtag_cable_name =~ "Digilent Zed 210248B78019"} -index 0
loadhw -hw C:/Users/aamalik3/Desktop/ICAP_Readback/RISC_Preemption/RISC_Preemption.sdk/design_1_wrapper_hw_platform_0/system.hdf -mem-ranges [list {0x40000000 0xbfffffff}]
configparams force-mem-access 1
targets -set -nocase -filter {name =~"APU*" && jtag_cable_name =~ "Digilent Zed 210248B78019"} -index 0
stop
ps7_init
ps7_post_config
targets -set -nocase -filter {name =~ "ARM*#0" && jtag_cable_name =~ "Digilent Zed 210248B78019"} -index 0
rst -processor
targets -set -nocase -filter {name =~ "ARM*#0" && jtag_cable_name =~ "Digilent Zed 210248B78019"} -index 0
dow C:/Users/aamalik3/Desktop/ICAP_Readback/RISC_Preemption/RISC_Preemption.sdk/risc_aes_ctr/Debug/risc_aes_ctr.elf
configparams force-mem-access 0
----------------End of Script----------------

10:40:53 INFO  : Memory regions updated for context APU
10:40:53 INFO  : Context for processor 'ps7_cortexa9_0' is selected.
10:40:53 INFO  : 'con' command is executed.
10:40:53 INFO  : ----------------XSDB Script (After Launch)----------------
targets -set -nocase -filter {name =~ "ARM*#0" && jtag_cable_name =~ "Digilent Zed 210248B78019"} -index 0
con
----------------End of Script----------------

10:40:53 INFO  : Launch script is exported to file 'C:\Users\aamalik3\Desktop\ICAP_Readback\RISC_Preemption\RISC_Preemption.sdk\.sdk\launch_scripts\xilinx_c-c++_application_(system_debugger)\system_debugger_using_debug_risc_aes_ctr.elf_on_local.tcl'
10:58:02 INFO  : Disconnected from the channel tcfchan#47.
10:58:03 INFO  : 'targets -set -filter {jtag_cable_name =~ "Digilent Zed 210248B78019" && level==0} -index 1' command is executed.
10:58:03 INFO  : 'fpga -state' command is executed.
10:58:03 INFO  : Connected to target on host '127.0.0.1' and port '3121'.
10:58:03 INFO  : Jtag cable 'Digilent Zed 210248B78019' is selected.
10:58:03 INFO  : 'jtag frequency' command is executed.
10:58:03 INFO  : Sourcing of 'C:/Users/aamalik3/Desktop/ICAP_Readback/RISC_Preemption/RISC_Preemption.sdk/design_1_wrapper_hw_platform_0/ps7_init.tcl' is done.
10:58:03 INFO  : Context for 'APU' is selected.
10:58:03 INFO  : Hardware design information is loaded from 'C:/Users/aamalik3/Desktop/ICAP_Readback/RISC_Preemption/RISC_Preemption.sdk/design_1_wrapper_hw_platform_0/system.hdf'.
10:58:03 INFO  : 'configparams force-mem-access 1' command is executed.
10:58:03 INFO  : Context for 'APU' is selected.
10:58:03 INFO  : 'stop' command is executed.
10:58:03 INFO  : 'ps7_init' command is executed.
10:58:03 INFO  : 'ps7_post_config' command is executed.
10:58:03 INFO  : Context for processor 'ps7_cortexa9_0' is selected.
10:58:03 INFO  : Processor reset is completed for 'ps7_cortexa9_0'.
10:58:03 INFO  : Context for processor 'ps7_cortexa9_0' is selected.
10:58:03 INFO  : The application 'C:/Users/aamalik3/Desktop/ICAP_Readback/RISC_Preemption/RISC_Preemption.sdk/risc_aes_ctr/Debug/risc_aes_ctr.elf' is downloaded to processor 'ps7_cortexa9_0'.
10:58:03 INFO  : 'configparams force-mem-access 0' command is executed.
10:58:03 INFO  : ----------------XSDB Script----------------
connect -url tcp:127.0.0.1:3121
source C:/Users/aamalik3/Desktop/ICAP_Readback/RISC_Preemption/RISC_Preemption.sdk/design_1_wrapper_hw_platform_0/ps7_init.tcl
targets -set -nocase -filter {name =~"APU*" && jtag_cable_name =~ "Digilent Zed 210248B78019"} -index 0
loadhw -hw C:/Users/aamalik3/Desktop/ICAP_Readback/RISC_Preemption/RISC_Preemption.sdk/design_1_wrapper_hw_platform_0/system.hdf -mem-ranges [list {0x40000000 0xbfffffff}]
configparams force-mem-access 1
targets -set -nocase -filter {name =~"APU*" && jtag_cable_name =~ "Digilent Zed 210248B78019"} -index 0
stop
ps7_init
ps7_post_config
targets -set -nocase -filter {name =~ "ARM*#0" && jtag_cable_name =~ "Digilent Zed 210248B78019"} -index 0
rst -processor
targets -set -nocase -filter {name =~ "ARM*#0" && jtag_cable_name =~ "Digilent Zed 210248B78019"} -index 0
dow C:/Users/aamalik3/Desktop/ICAP_Readback/RISC_Preemption/RISC_Preemption.sdk/risc_aes_ctr/Debug/risc_aes_ctr.elf
configparams force-mem-access 0
----------------End of Script----------------

10:58:03 INFO  : Memory regions updated for context APU
10:58:04 INFO  : Context for processor 'ps7_cortexa9_0' is selected.
10:58:04 INFO  : 'con' command is executed.
10:58:04 INFO  : ----------------XSDB Script (After Launch)----------------
targets -set -nocase -filter {name =~ "ARM*#0" && jtag_cable_name =~ "Digilent Zed 210248B78019"} -index 0
con
----------------End of Script----------------

10:58:04 INFO  : Launch script is exported to file 'C:\Users\aamalik3\Desktop\ICAP_Readback\RISC_Preemption\RISC_Preemption.sdk\.sdk\launch_scripts\xilinx_c-c++_application_(system_debugger)\system_debugger_using_debug_risc_aes_ctr.elf_on_local.tcl'
13:16:33 INFO  : Connected to target on host '127.0.0.1' and port '3121'.
13:16:33 INFO  : 'targets -set -filter {jtag_cable_name =~ "Digilent Zed 210248B78019" && level==0} -index 1' command is executed.
13:16:36 INFO  : FPGA configured successfully with bitstream "C:/Users/aamalik3/Desktop/ICAP_Readback/RISC_Preemption/RISC_AES.bit"
13:16:48 INFO  : Connected to target on host '127.0.0.1' and port '3121'.
13:16:50 INFO  : 'targets -set -filter {jtag_cable_name =~ "Digilent Zed 210248B78019" && level==0} -index 1' command is executed.
13:16:53 INFO  : FPGA configured successfully with bitstream "C:/Users/aamalik3/Desktop/ICAP_Readback/RISC_Preemption/RISC_AES.bit"
13:16:56 INFO  : Disconnected from the channel tcfchan#48.
13:16:57 INFO  : 'targets -set -filter {jtag_cable_name =~ "Digilent Zed 210248B78019" && level==0} -index 1' command is executed.
13:16:57 INFO  : 'fpga -state' command is executed.
13:16:57 INFO  : Connected to target on host '127.0.0.1' and port '3121'.
13:16:57 INFO  : Jtag cable 'Digilent Zed 210248B78019' is selected.
13:16:57 INFO  : 'jtag frequency' command is executed.
13:16:58 INFO  : Sourcing of 'C:/Users/aamalik3/Desktop/ICAP_Readback/RISC_Preemption/RISC_Preemption.sdk/design_1_wrapper_hw_platform_0/ps7_init.tcl' is done.
13:16:58 INFO  : Context for 'APU' is selected.
13:16:58 INFO  : Hardware design information is loaded from 'C:/Users/aamalik3/Desktop/ICAP_Readback/RISC_Preemption/RISC_Preemption.sdk/design_1_wrapper_hw_platform_0/system.hdf'.
13:16:58 INFO  : 'configparams force-mem-access 1' command is executed.
13:16:58 INFO  : Context for 'APU' is selected.
13:16:58 INFO  : 'stop' command is executed.
13:16:58 INFO  : 'ps7_init' command is executed.
13:16:58 INFO  : 'ps7_post_config' command is executed.
13:16:59 INFO  : Context for processor 'ps7_cortexa9_0' is selected.
13:16:59 INFO  : Processor reset is completed for 'ps7_cortexa9_0'.
13:16:59 INFO  : Context for processor 'ps7_cortexa9_0' is selected.
13:16:59 INFO  : The application 'C:/Users/aamalik3/Desktop/ICAP_Readback/RISC_Preemption/RISC_Preemption.sdk/risc_aes_ctr/Debug/risc_aes_ctr.elf' is downloaded to processor 'ps7_cortexa9_0'.
13:16:59 INFO  : 'configparams force-mem-access 0' command is executed.
13:16:59 INFO  : ----------------XSDB Script----------------
connect -url tcp:127.0.0.1:3121
source C:/Users/aamalik3/Desktop/ICAP_Readback/RISC_Preemption/RISC_Preemption.sdk/design_1_wrapper_hw_platform_0/ps7_init.tcl
targets -set -nocase -filter {name =~"APU*" && jtag_cable_name =~ "Digilent Zed 210248B78019"} -index 0
loadhw -hw C:/Users/aamalik3/Desktop/ICAP_Readback/RISC_Preemption/RISC_Preemption.sdk/design_1_wrapper_hw_platform_0/system.hdf -mem-ranges [list {0x40000000 0xbfffffff}]
configparams force-mem-access 1
targets -set -nocase -filter {name =~"APU*" && jtag_cable_name =~ "Digilent Zed 210248B78019"} -index 0
stop
ps7_init
ps7_post_config
targets -set -nocase -filter {name =~ "ARM*#0" && jtag_cable_name =~ "Digilent Zed 210248B78019"} -index 0
rst -processor
targets -set -nocase -filter {name =~ "ARM*#0" && jtag_cable_name =~ "Digilent Zed 210248B78019"} -index 0
dow C:/Users/aamalik3/Desktop/ICAP_Readback/RISC_Preemption/RISC_Preemption.sdk/risc_aes_ctr/Debug/risc_aes_ctr.elf
configparams force-mem-access 0
----------------End of Script----------------

13:16:59 INFO  : Memory regions updated for context APU
13:16:59 INFO  : Context for processor 'ps7_cortexa9_0' is selected.
13:16:59 INFO  : 'con' command is executed.
13:16:59 INFO  : ----------------XSDB Script (After Launch)----------------
targets -set -nocase -filter {name =~ "ARM*#0" && jtag_cable_name =~ "Digilent Zed 210248B78019"} -index 0
con
----------------End of Script----------------

13:16:59 INFO  : Launch script is exported to file 'C:\Users\aamalik3\Desktop\ICAP_Readback\RISC_Preemption\RISC_Preemption.sdk\.sdk\launch_scripts\xilinx_c-c++_application_(system_debugger)\system_debugger_using_debug_risc_aes_ctr.elf_on_local.tcl'
13:18:35 INFO  : Disconnected from the channel tcfchan#49.
13:18:36 INFO  : 'targets -set -filter {jtag_cable_name =~ "Digilent Zed 210248B78019" && level==0} -index 1' command is executed.
13:18:36 INFO  : 'fpga -state' command is executed.
13:18:40 INFO  : Memory regions updated for context APU
13:18:42 INFO  : Connected to target on host '127.0.0.1' and port '3121'.
13:18:42 INFO  : 'targets -set -filter {jtag_cable_name =~ "Digilent Zed 210248B78019" && level==0} -index 1' command is executed.
13:18:45 INFO  : FPGA configured successfully with bitstream "C:/Users/aamalik3/Desktop/ICAP_Readback/RISC_Preemption/RISC_AES.bit"
13:18:47 INFO  : 'targets -set -filter {jtag_cable_name =~ "Digilent Zed 210248B78019" && level==0} -index 1' command is executed.
13:18:47 INFO  : 'fpga -state' command is executed.
13:18:47 INFO  : Connected to target on host '127.0.0.1' and port '3121'.
13:18:47 INFO  : Jtag cable 'Digilent Zed 210248B78019' is selected.
13:18:47 INFO  : 'jtag frequency' command is executed.
13:18:47 INFO  : Sourcing of 'C:/Users/aamalik3/Desktop/ICAP_Readback/RISC_Preemption/RISC_Preemption.sdk/design_1_wrapper_hw_platform_0/ps7_init.tcl' is done.
13:18:47 INFO  : Context for 'APU' is selected.
13:18:47 INFO  : Hardware design information is loaded from 'C:/Users/aamalik3/Desktop/ICAP_Readback/RISC_Preemption/RISC_Preemption.sdk/design_1_wrapper_hw_platform_0/system.hdf'.
13:18:47 INFO  : 'configparams force-mem-access 1' command is executed.
13:18:47 INFO  : Context for 'APU' is selected.
13:18:47 INFO  : 'stop' command is executed.
13:18:48 INFO  : 'ps7_init' command is executed.
13:18:48 INFO  : 'ps7_post_config' command is executed.
13:18:48 INFO  : Context for processor 'ps7_cortexa9_0' is selected.
13:18:48 INFO  : Processor reset is completed for 'ps7_cortexa9_0'.
13:18:48 INFO  : Context for processor 'ps7_cortexa9_0' is selected.
13:18:49 INFO  : The application 'C:/Users/aamalik3/Desktop/ICAP_Readback/RISC_Preemption/RISC_Preemption.sdk/risc_aes_ctr/Debug/risc_aes_ctr.elf' is downloaded to processor 'ps7_cortexa9_0'.
13:18:49 INFO  : 'configparams force-mem-access 0' command is executed.
13:18:49 INFO  : ----------------XSDB Script----------------
connect -url tcp:127.0.0.1:3121
source C:/Users/aamalik3/Desktop/ICAP_Readback/RISC_Preemption/RISC_Preemption.sdk/design_1_wrapper_hw_platform_0/ps7_init.tcl
targets -set -nocase -filter {name =~"APU*" && jtag_cable_name =~ "Digilent Zed 210248B78019"} -index 0
loadhw -hw C:/Users/aamalik3/Desktop/ICAP_Readback/RISC_Preemption/RISC_Preemption.sdk/design_1_wrapper_hw_platform_0/system.hdf -mem-ranges [list {0x40000000 0xbfffffff}]
configparams force-mem-access 1
targets -set -nocase -filter {name =~"APU*" && jtag_cable_name =~ "Digilent Zed 210248B78019"} -index 0
stop
ps7_init
ps7_post_config
targets -set -nocase -filter {name =~ "ARM*#0" && jtag_cable_name =~ "Digilent Zed 210248B78019"} -index 0
rst -processor
targets -set -nocase -filter {name =~ "ARM*#0" && jtag_cable_name =~ "Digilent Zed 210248B78019"} -index 0
dow C:/Users/aamalik3/Desktop/ICAP_Readback/RISC_Preemption/RISC_Preemption.sdk/risc_aes_ctr/Debug/risc_aes_ctr.elf
configparams force-mem-access 0
----------------End of Script----------------

13:18:49 INFO  : Memory regions updated for context APU
13:18:49 INFO  : Context for processor 'ps7_cortexa9_0' is selected.
13:18:49 INFO  : 'con' command is executed.
13:18:49 INFO  : ----------------XSDB Script (After Launch)----------------
targets -set -nocase -filter {name =~ "ARM*#0" && jtag_cable_name =~ "Digilent Zed 210248B78019"} -index 0
con
----------------End of Script----------------

13:18:49 INFO  : Launch script is exported to file 'C:\Users\aamalik3\Desktop\ICAP_Readback\RISC_Preemption\RISC_Preemption.sdk\.sdk\launch_scripts\xilinx_c-c++_application_(system_debugger)\system_debugger_using_debug_risc_aes_ctr.elf_on_local.tcl'
13:19:34 INFO  : Disconnected from the channel tcfchan#50.
13:19:35 INFO  : 'targets -set -filter {jtag_cable_name =~ "Digilent Zed 210248B78019" && level==0} -index 1' command is executed.
13:19:35 INFO  : 'fpga -state' command is executed.
13:19:35 INFO  : Connected to target on host '127.0.0.1' and port '3121'.
13:19:35 INFO  : Jtag cable 'Digilent Zed 210248B78019' is selected.
13:19:35 INFO  : 'jtag frequency' command is executed.
13:19:35 INFO  : Sourcing of 'C:/Users/aamalik3/Desktop/ICAP_Readback/RISC_Preemption/RISC_Preemption.sdk/design_1_wrapper_hw_platform_0/ps7_init.tcl' is done.
13:19:35 INFO  : Context for 'APU' is selected.
13:19:36 INFO  : Hardware design information is loaded from 'C:/Users/aamalik3/Desktop/ICAP_Readback/RISC_Preemption/RISC_Preemption.sdk/design_1_wrapper_hw_platform_0/system.hdf'.
13:19:36 INFO  : 'configparams force-mem-access 1' command is executed.
13:19:36 INFO  : Context for 'APU' is selected.
13:19:36 INFO  : 'stop' command is executed.
13:19:36 INFO  : 'ps7_init' command is executed.
13:19:36 INFO  : 'ps7_post_config' command is executed.
13:19:37 INFO  : Context for processor 'ps7_cortexa9_0' is selected.
13:19:37 INFO  : Processor reset is completed for 'ps7_cortexa9_0'.
13:19:37 INFO  : Context for processor 'ps7_cortexa9_0' is selected.
13:19:37 INFO  : The application 'C:/Users/aamalik3/Desktop/ICAP_Readback/RISC_Preemption/RISC_Preemption.sdk/risc_aes_ctr/Debug/risc_aes_ctr.elf' is downloaded to processor 'ps7_cortexa9_0'.
13:19:37 INFO  : 'configparams force-mem-access 0' command is executed.
13:19:37 INFO  : ----------------XSDB Script----------------
connect -url tcp:127.0.0.1:3121
source C:/Users/aamalik3/Desktop/ICAP_Readback/RISC_Preemption/RISC_Preemption.sdk/design_1_wrapper_hw_platform_0/ps7_init.tcl
targets -set -nocase -filter {name =~"APU*" && jtag_cable_name =~ "Digilent Zed 210248B78019"} -index 0
loadhw -hw C:/Users/aamalik3/Desktop/ICAP_Readback/RISC_Preemption/RISC_Preemption.sdk/design_1_wrapper_hw_platform_0/system.hdf -mem-ranges [list {0x40000000 0xbfffffff}]
configparams force-mem-access 1
targets -set -nocase -filter {name =~"APU*" && jtag_cable_name =~ "Digilent Zed 210248B78019"} -index 0
stop
ps7_init
ps7_post_config
targets -set -nocase -filter {name =~ "ARM*#0" && jtag_cable_name =~ "Digilent Zed 210248B78019"} -index 0
rst -processor
targets -set -nocase -filter {name =~ "ARM*#0" && jtag_cable_name =~ "Digilent Zed 210248B78019"} -index 0
dow C:/Users/aamalik3/Desktop/ICAP_Readback/RISC_Preemption/RISC_Preemption.sdk/risc_aes_ctr/Debug/risc_aes_ctr.elf
configparams force-mem-access 0
----------------End of Script----------------

13:19:37 INFO  : Memory regions updated for context APU
13:19:37 INFO  : Context for processor 'ps7_cortexa9_0' is selected.
13:19:37 INFO  : 'con' command is executed.
13:19:37 INFO  : ----------------XSDB Script (After Launch)----------------
targets -set -nocase -filter {name =~ "ARM*#0" && jtag_cable_name =~ "Digilent Zed 210248B78019"} -index 0
con
----------------End of Script----------------

13:19:37 INFO  : Launch script is exported to file 'C:\Users\aamalik3\Desktop\ICAP_Readback\RISC_Preemption\RISC_Preemption.sdk\.sdk\launch_scripts\xilinx_c-c++_application_(system_debugger)\system_debugger_using_debug_risc_aes_ctr.elf_on_local.tcl'
13:24:23 INFO  : Connected to target on host '127.0.0.1' and port '3121'.
13:24:26 INFO  : 'targets -set -filter {jtag_cable_name =~ "Digilent Zed 210248B78019" && level==0} -index 1' command is executed.
13:24:28 INFO  : FPGA configured successfully with bitstream "C:/Users/aamalik3/Desktop/ICAP_Readback/RISC_Preemption/RISC_AES.bit"
13:24:30 INFO  : Disconnected from the channel tcfchan#51.
13:24:31 INFO  : 'targets -set -filter {jtag_cable_name =~ "Digilent Zed 210248B78019" && level==0} -index 1' command is executed.
13:24:31 INFO  : 'fpga -state' command is executed.
13:24:31 INFO  : Connected to target on host '127.0.0.1' and port '3121'.
13:24:31 INFO  : Jtag cable 'Digilent Zed 210248B78019' is selected.
13:24:31 INFO  : 'jtag frequency' command is executed.
13:24:31 INFO  : Sourcing of 'C:/Users/aamalik3/Desktop/ICAP_Readback/RISC_Preemption/RISC_Preemption.sdk/design_1_wrapper_hw_platform_0/ps7_init.tcl' is done.
13:24:31 INFO  : Context for 'APU' is selected.
13:24:31 INFO  : Hardware design information is loaded from 'C:/Users/aamalik3/Desktop/ICAP_Readback/RISC_Preemption/RISC_Preemption.sdk/design_1_wrapper_hw_platform_0/system.hdf'.
13:24:31 INFO  : 'configparams force-mem-access 1' command is executed.
13:24:31 INFO  : Context for 'APU' is selected.
13:24:31 INFO  : 'stop' command is executed.
13:24:32 INFO  : 'ps7_init' command is executed.
13:24:32 INFO  : 'ps7_post_config' command is executed.
13:24:32 INFO  : Context for processor 'ps7_cortexa9_0' is selected.
13:24:32 INFO  : Processor reset is completed for 'ps7_cortexa9_0'.
13:24:32 INFO  : Context for processor 'ps7_cortexa9_0' is selected.
13:24:32 INFO  : The application 'C:/Users/aamalik3/Desktop/ICAP_Readback/RISC_Preemption/RISC_Preemption.sdk/risc_aes_ctr/Debug/risc_aes_ctr.elf' is downloaded to processor 'ps7_cortexa9_0'.
13:24:32 INFO  : 'configparams force-mem-access 0' command is executed.
13:24:32 INFO  : ----------------XSDB Script----------------
connect -url tcp:127.0.0.1:3121
source C:/Users/aamalik3/Desktop/ICAP_Readback/RISC_Preemption/RISC_Preemption.sdk/design_1_wrapper_hw_platform_0/ps7_init.tcl
targets -set -nocase -filter {name =~"APU*" && jtag_cable_name =~ "Digilent Zed 210248B78019"} -index 0
loadhw -hw C:/Users/aamalik3/Desktop/ICAP_Readback/RISC_Preemption/RISC_Preemption.sdk/design_1_wrapper_hw_platform_0/system.hdf -mem-ranges [list {0x40000000 0xbfffffff}]
configparams force-mem-access 1
targets -set -nocase -filter {name =~"APU*" && jtag_cable_name =~ "Digilent Zed 210248B78019"} -index 0
stop
ps7_init
ps7_post_config
targets -set -nocase -filter {name =~ "ARM*#0" && jtag_cable_name =~ "Digilent Zed 210248B78019"} -index 0
rst -processor
targets -set -nocase -filter {name =~ "ARM*#0" && jtag_cable_name =~ "Digilent Zed 210248B78019"} -index 0
dow C:/Users/aamalik3/Desktop/ICAP_Readback/RISC_Preemption/RISC_Preemption.sdk/risc_aes_ctr/Debug/risc_aes_ctr.elf
configparams force-mem-access 0
----------------End of Script----------------

13:24:32 INFO  : Memory regions updated for context APU
13:24:32 INFO  : Context for processor 'ps7_cortexa9_0' is selected.
13:24:32 INFO  : 'con' command is executed.
13:24:32 INFO  : ----------------XSDB Script (After Launch)----------------
targets -set -nocase -filter {name =~ "ARM*#0" && jtag_cable_name =~ "Digilent Zed 210248B78019"} -index 0
con
----------------End of Script----------------

13:24:32 INFO  : Launch script is exported to file 'C:\Users\aamalik3\Desktop\ICAP_Readback\RISC_Preemption\RISC_Preemption.sdk\.sdk\launch_scripts\xilinx_c-c++_application_(system_debugger)\system_debugger_using_debug_risc_aes_ctr.elf_on_local.tcl'
13:29:52 INFO  : Connected to target on host '127.0.0.1' and port '3121'.
13:29:52 INFO  : 'targets -set -filter {jtag_cable_name =~ "Digilent Zed 210248B78019" && level==0} -index 1' command is executed.
13:29:54 INFO  : FPGA configured successfully with bitstream "C:/Users/aamalik3/Desktop/ICAP_Readback/RISC_Preemption/RISC_AES.bit"
13:30:05 INFO  : Connected to target on host '127.0.0.1' and port '3121'.
13:30:05 INFO  : 'targets -set -filter {jtag_cable_name =~ "Digilent Zed 210248B78019" && level==0} -index 1' command is executed.
13:30:07 INFO  : FPGA configured successfully with bitstream "C:/Users/aamalik3/Desktop/ICAP_Readback/RISC_Preemption/RISC_AES.bit"
13:30:09 INFO  : Disconnected from the channel tcfchan#52.
13:30:10 INFO  : 'targets -set -filter {jtag_cable_name =~ "Digilent Zed 210248B78019" && level==0} -index 1' command is executed.
13:30:10 INFO  : 'fpga -state' command is executed.
13:30:10 INFO  : Connected to target on host '127.0.0.1' and port '3121'.
13:30:11 INFO  : Jtag cable 'Digilent Zed 210248B78019' is selected.
13:30:11 INFO  : 'jtag frequency' command is executed.
13:30:11 INFO  : Sourcing of 'C:/Users/aamalik3/Desktop/ICAP_Readback/RISC_Preemption/RISC_Preemption.sdk/design_1_wrapper_hw_platform_0/ps7_init.tcl' is done.
13:30:11 INFO  : Context for 'APU' is selected.
13:30:11 INFO  : Hardware design information is loaded from 'C:/Users/aamalik3/Desktop/ICAP_Readback/RISC_Preemption/RISC_Preemption.sdk/design_1_wrapper_hw_platform_0/system.hdf'.
13:30:11 INFO  : 'configparams force-mem-access 1' command is executed.
13:30:11 INFO  : Context for 'APU' is selected.
13:30:11 INFO  : 'stop' command is executed.
13:30:11 INFO  : 'ps7_init' command is executed.
13:30:11 INFO  : 'ps7_post_config' command is executed.
13:30:11 INFO  : Context for processor 'ps7_cortexa9_0' is selected.
13:30:11 INFO  : Processor reset is completed for 'ps7_cortexa9_0'.
13:30:11 INFO  : Context for processor 'ps7_cortexa9_0' is selected.
13:30:12 INFO  : The application 'C:/Users/aamalik3/Desktop/ICAP_Readback/RISC_Preemption/RISC_Preemption.sdk/risc_aes_ctr/Debug/risc_aes_ctr.elf' is downloaded to processor 'ps7_cortexa9_0'.
13:30:12 INFO  : 'configparams force-mem-access 0' command is executed.
13:30:12 INFO  : ----------------XSDB Script----------------
connect -url tcp:127.0.0.1:3121
source C:/Users/aamalik3/Desktop/ICAP_Readback/RISC_Preemption/RISC_Preemption.sdk/design_1_wrapper_hw_platform_0/ps7_init.tcl
targets -set -nocase -filter {name =~"APU*" && jtag_cable_name =~ "Digilent Zed 210248B78019"} -index 0
loadhw -hw C:/Users/aamalik3/Desktop/ICAP_Readback/RISC_Preemption/RISC_Preemption.sdk/design_1_wrapper_hw_platform_0/system.hdf -mem-ranges [list {0x40000000 0xbfffffff}]
configparams force-mem-access 1
targets -set -nocase -filter {name =~"APU*" && jtag_cable_name =~ "Digilent Zed 210248B78019"} -index 0
stop
ps7_init
ps7_post_config
targets -set -nocase -filter {name =~ "ARM*#0" && jtag_cable_name =~ "Digilent Zed 210248B78019"} -index 0
rst -processor
targets -set -nocase -filter {name =~ "ARM*#0" && jtag_cable_name =~ "Digilent Zed 210248B78019"} -index 0
dow C:/Users/aamalik3/Desktop/ICAP_Readback/RISC_Preemption/RISC_Preemption.sdk/risc_aes_ctr/Debug/risc_aes_ctr.elf
configparams force-mem-access 0
----------------End of Script----------------

13:30:12 INFO  : Memory regions updated for context APU
13:30:12 INFO  : Context for processor 'ps7_cortexa9_0' is selected.
13:30:12 INFO  : 'con' command is executed.
13:30:12 INFO  : ----------------XSDB Script (After Launch)----------------
targets -set -nocase -filter {name =~ "ARM*#0" && jtag_cable_name =~ "Digilent Zed 210248B78019"} -index 0
con
----------------End of Script----------------

13:30:12 INFO  : Launch script is exported to file 'C:\Users\aamalik3\Desktop\ICAP_Readback\RISC_Preemption\RISC_Preemption.sdk\.sdk\launch_scripts\xilinx_c-c++_application_(system_debugger)\system_debugger_using_debug_risc_aes_ctr.elf_on_local.tcl'
13:37:09 INFO  : Connected to target on host '127.0.0.1' and port '3121'.
13:37:09 INFO  : 'targets -set -filter {jtag_cable_name =~ "Digilent Zed 210248B78019" && level==0} -index 1' command is executed.
13:37:12 INFO  : FPGA configured successfully with bitstream "C:/Users/aamalik3/Desktop/ICAP_Readback/RISC_Preemption/RISC_AES.bit"
13:37:15 INFO  : Disconnected from the channel tcfchan#53.
13:37:16 INFO  : 'targets -set -filter {jtag_cable_name =~ "Digilent Zed 210248B78019" && level==0} -index 1' command is executed.
13:37:16 INFO  : 'fpga -state' command is executed.
13:37:16 INFO  : Connected to target on host '127.0.0.1' and port '3121'.
13:37:17 INFO  : Jtag cable 'Digilent Zed 210248B78019' is selected.
13:37:17 INFO  : 'jtag frequency' command is executed.
13:37:17 INFO  : Sourcing of 'C:/Users/aamalik3/Desktop/ICAP_Readback/RISC_Preemption/RISC_Preemption.sdk/design_1_wrapper_hw_platform_0/ps7_init.tcl' is done.
13:37:17 INFO  : Context for 'APU' is selected.
13:37:17 INFO  : Hardware design information is loaded from 'C:/Users/aamalik3/Desktop/ICAP_Readback/RISC_Preemption/RISC_Preemption.sdk/design_1_wrapper_hw_platform_0/system.hdf'.
13:37:17 INFO  : 'configparams force-mem-access 1' command is executed.
13:37:17 INFO  : Context for 'APU' is selected.
13:37:17 INFO  : 'stop' command is executed.
13:37:17 INFO  : 'ps7_init' command is executed.
13:37:17 INFO  : 'ps7_post_config' command is executed.
13:37:17 INFO  : Context for processor 'ps7_cortexa9_0' is selected.
13:37:17 INFO  : Processor reset is completed for 'ps7_cortexa9_0'.
13:37:17 INFO  : Context for processor 'ps7_cortexa9_0' is selected.
13:37:17 INFO  : The application 'C:/Users/aamalik3/Desktop/ICAP_Readback/RISC_Preemption/RISC_Preemption.sdk/risc_aes_ctr/Debug/risc_aes_ctr.elf' is downloaded to processor 'ps7_cortexa9_0'.
13:37:17 INFO  : 'configparams force-mem-access 0' command is executed.
13:37:17 INFO  : ----------------XSDB Script----------------
connect -url tcp:127.0.0.1:3121
source C:/Users/aamalik3/Desktop/ICAP_Readback/RISC_Preemption/RISC_Preemption.sdk/design_1_wrapper_hw_platform_0/ps7_init.tcl
targets -set -nocase -filter {name =~"APU*" && jtag_cable_name =~ "Digilent Zed 210248B78019"} -index 0
loadhw -hw C:/Users/aamalik3/Desktop/ICAP_Readback/RISC_Preemption/RISC_Preemption.sdk/design_1_wrapper_hw_platform_0/system.hdf -mem-ranges [list {0x40000000 0xbfffffff}]
configparams force-mem-access 1
targets -set -nocase -filter {name =~"APU*" && jtag_cable_name =~ "Digilent Zed 210248B78019"} -index 0
stop
ps7_init
ps7_post_config
targets -set -nocase -filter {name =~ "ARM*#0" && jtag_cable_name =~ "Digilent Zed 210248B78019"} -index 0
rst -processor
targets -set -nocase -filter {name =~ "ARM*#0" && jtag_cable_name =~ "Digilent Zed 210248B78019"} -index 0
dow C:/Users/aamalik3/Desktop/ICAP_Readback/RISC_Preemption/RISC_Preemption.sdk/risc_aes_ctr/Debug/risc_aes_ctr.elf
configparams force-mem-access 0
----------------End of Script----------------

13:37:17 INFO  : Memory regions updated for context APU
13:37:17 INFO  : Context for processor 'ps7_cortexa9_0' is selected.
13:37:17 INFO  : 'con' command is executed.
13:37:17 INFO  : ----------------XSDB Script (After Launch)----------------
targets -set -nocase -filter {name =~ "ARM*#0" && jtag_cable_name =~ "Digilent Zed 210248B78019"} -index 0
con
----------------End of Script----------------

13:37:17 INFO  : Launch script is exported to file 'C:\Users\aamalik3\Desktop\ICAP_Readback\RISC_Preemption\RISC_Preemption.sdk\.sdk\launch_scripts\xilinx_c-c++_application_(system_debugger)\system_debugger_using_debug_risc_aes_ctr.elf_on_local.tcl'
13:38:36 INFO  : Disconnected from the channel tcfchan#54.
13:38:38 INFO  : 'targets -set -filter {jtag_cable_name =~ "Digilent Zed 210248B78019" && level==0} -index 1' command is executed.
13:38:38 INFO  : 'fpga -state' command is executed.
13:38:38 INFO  : Connected to target on host '127.0.0.1' and port '3121'.
13:38:38 INFO  : Jtag cable 'Digilent Zed 210248B78019' is selected.
13:38:38 INFO  : 'jtag frequency' command is executed.
13:38:38 INFO  : Sourcing of 'C:/Users/aamalik3/Desktop/ICAP_Readback/RISC_Preemption/RISC_Preemption.sdk/design_1_wrapper_hw_platform_0/ps7_init.tcl' is done.
13:38:38 INFO  : Context for 'APU' is selected.
13:38:38 INFO  : Hardware design information is loaded from 'C:/Users/aamalik3/Desktop/ICAP_Readback/RISC_Preemption/RISC_Preemption.sdk/design_1_wrapper_hw_platform_0/system.hdf'.
13:38:38 INFO  : 'configparams force-mem-access 1' command is executed.
13:38:38 INFO  : Context for 'APU' is selected.
13:38:38 INFO  : 'stop' command is executed.
13:38:38 INFO  : 'ps7_init' command is executed.
13:38:38 INFO  : 'ps7_post_config' command is executed.
13:38:38 INFO  : Context for processor 'ps7_cortexa9_0' is selected.
13:38:38 INFO  : Processor reset is completed for 'ps7_cortexa9_0'.
13:38:38 INFO  : Context for processor 'ps7_cortexa9_0' is selected.
13:38:39 INFO  : The application 'C:/Users/aamalik3/Desktop/ICAP_Readback/RISC_Preemption/RISC_Preemption.sdk/risc_aes_ctr/Debug/risc_aes_ctr.elf' is downloaded to processor 'ps7_cortexa9_0'.
13:38:39 INFO  : 'configparams force-mem-access 0' command is executed.
13:38:39 INFO  : ----------------XSDB Script----------------
connect -url tcp:127.0.0.1:3121
source C:/Users/aamalik3/Desktop/ICAP_Readback/RISC_Preemption/RISC_Preemption.sdk/design_1_wrapper_hw_platform_0/ps7_init.tcl
targets -set -nocase -filter {name =~"APU*" && jtag_cable_name =~ "Digilent Zed 210248B78019"} -index 0
loadhw -hw C:/Users/aamalik3/Desktop/ICAP_Readback/RISC_Preemption/RISC_Preemption.sdk/design_1_wrapper_hw_platform_0/system.hdf -mem-ranges [list {0x40000000 0xbfffffff}]
configparams force-mem-access 1
targets -set -nocase -filter {name =~"APU*" && jtag_cable_name =~ "Digilent Zed 210248B78019"} -index 0
stop
ps7_init
ps7_post_config
targets -set -nocase -filter {name =~ "ARM*#0" && jtag_cable_name =~ "Digilent Zed 210248B78019"} -index 0
rst -processor
targets -set -nocase -filter {name =~ "ARM*#0" && jtag_cable_name =~ "Digilent Zed 210248B78019"} -index 0
dow C:/Users/aamalik3/Desktop/ICAP_Readback/RISC_Preemption/RISC_Preemption.sdk/risc_aes_ctr/Debug/risc_aes_ctr.elf
configparams force-mem-access 0
----------------End of Script----------------

13:38:39 INFO  : Memory regions updated for context APU
13:38:39 INFO  : Context for processor 'ps7_cortexa9_0' is selected.
13:38:39 INFO  : 'con' command is executed.
13:38:39 INFO  : ----------------XSDB Script (After Launch)----------------
targets -set -nocase -filter {name =~ "ARM*#0" && jtag_cable_name =~ "Digilent Zed 210248B78019"} -index 0
con
----------------End of Script----------------

13:38:39 INFO  : Launch script is exported to file 'C:\Users\aamalik3\Desktop\ICAP_Readback\RISC_Preemption\RISC_Preemption.sdk\.sdk\launch_scripts\xilinx_c-c++_application_(system_debugger)\system_debugger_using_debug_risc_aes_ctr.elf_on_local.tcl'
13:44:34 INFO  : Disconnected from the channel tcfchan#55.
13:44:35 INFO  : 'targets -set -filter {jtag_cable_name =~ "Digilent Zed 210248B78019" && level==0} -index 1' command is executed.
13:44:35 INFO  : 'fpga -state' command is executed.
13:44:35 INFO  : Connected to target on host '127.0.0.1' and port '3121'.
13:44:35 INFO  : Jtag cable 'Digilent Zed 210248B78019' is selected.
13:44:35 INFO  : 'jtag frequency' command is executed.
13:44:35 INFO  : Sourcing of 'C:/Users/aamalik3/Desktop/ICAP_Readback/RISC_Preemption/RISC_Preemption.sdk/design_1_wrapper_hw_platform_0/ps7_init.tcl' is done.
13:44:35 INFO  : Context for 'APU' is selected.
13:44:35 INFO  : Hardware design information is loaded from 'C:/Users/aamalik3/Desktop/ICAP_Readback/RISC_Preemption/RISC_Preemption.sdk/design_1_wrapper_hw_platform_0/system.hdf'.
13:44:35 INFO  : 'configparams force-mem-access 1' command is executed.
13:44:35 INFO  : Context for 'APU' is selected.
13:44:35 INFO  : 'stop' command is executed.
13:44:35 INFO  : 'ps7_init' command is executed.
13:44:35 INFO  : 'ps7_post_config' command is executed.
13:44:36 INFO  : Context for processor 'ps7_cortexa9_0' is selected.
13:44:36 INFO  : Processor reset is completed for 'ps7_cortexa9_0'.
13:44:36 INFO  : Context for processor 'ps7_cortexa9_0' is selected.
13:44:36 INFO  : The application 'C:/Users/aamalik3/Desktop/ICAP_Readback/RISC_Preemption/RISC_Preemption.sdk/risc_aes_ctr/Debug/risc_aes_ctr.elf' is downloaded to processor 'ps7_cortexa9_0'.
13:44:36 INFO  : 'configparams force-mem-access 0' command is executed.
13:44:36 INFO  : ----------------XSDB Script----------------
connect -url tcp:127.0.0.1:3121
source C:/Users/aamalik3/Desktop/ICAP_Readback/RISC_Preemption/RISC_Preemption.sdk/design_1_wrapper_hw_platform_0/ps7_init.tcl
targets -set -nocase -filter {name =~"APU*" && jtag_cable_name =~ "Digilent Zed 210248B78019"} -index 0
loadhw -hw C:/Users/aamalik3/Desktop/ICAP_Readback/RISC_Preemption/RISC_Preemption.sdk/design_1_wrapper_hw_platform_0/system.hdf -mem-ranges [list {0x40000000 0xbfffffff}]
configparams force-mem-access 1
targets -set -nocase -filter {name =~"APU*" && jtag_cable_name =~ "Digilent Zed 210248B78019"} -index 0
stop
ps7_init
ps7_post_config
targets -set -nocase -filter {name =~ "ARM*#0" && jtag_cable_name =~ "Digilent Zed 210248B78019"} -index 0
rst -processor
targets -set -nocase -filter {name =~ "ARM*#0" && jtag_cable_name =~ "Digilent Zed 210248B78019"} -index 0
dow C:/Users/aamalik3/Desktop/ICAP_Readback/RISC_Preemption/RISC_Preemption.sdk/risc_aes_ctr/Debug/risc_aes_ctr.elf
configparams force-mem-access 0
----------------End of Script----------------

13:44:36 INFO  : Memory regions updated for context APU
13:44:36 INFO  : Context for processor 'ps7_cortexa9_0' is selected.
13:44:36 INFO  : 'con' command is executed.
13:44:36 INFO  : ----------------XSDB Script (After Launch)----------------
targets -set -nocase -filter {name =~ "ARM*#0" && jtag_cable_name =~ "Digilent Zed 210248B78019"} -index 0
con
----------------End of Script----------------

13:44:36 INFO  : Launch script is exported to file 'C:\Users\aamalik3\Desktop\ICAP_Readback\RISC_Preemption\RISC_Preemption.sdk\.sdk\launch_scripts\xilinx_c-c++_application_(system_debugger)\system_debugger_using_debug_risc_aes_ctr.elf_on_local.tcl'
14:27:16 INFO  : Disconnected from the channel tcfchan#56.
14:27:17 INFO  : 'targets -set -filter {jtag_cable_name =~ "Digilent Zed 210248B78019" && level==0} -index 1' command is executed.
14:27:17 INFO  : 'fpga -state' command is executed.
14:27:17 INFO  : Connected to target on host '127.0.0.1' and port '3121'.
14:27:18 INFO  : Jtag cable 'Digilent Zed 210248B78019' is selected.
14:27:18 INFO  : 'jtag frequency' command is executed.
14:27:18 INFO  : Sourcing of 'C:/Users/aamalik3/Desktop/ICAP_Readback/RISC_Preemption/RISC_Preemption.sdk/design_1_wrapper_hw_platform_0/ps7_init.tcl' is done.
14:27:18 INFO  : Context for 'APU' is selected.
14:27:18 INFO  : Hardware design information is loaded from 'C:/Users/aamalik3/Desktop/ICAP_Readback/RISC_Preemption/RISC_Preemption.sdk/design_1_wrapper_hw_platform_0/system.hdf'.
14:27:18 INFO  : 'configparams force-mem-access 1' command is executed.
14:27:18 INFO  : Context for 'APU' is selected.
14:27:18 INFO  : 'stop' command is executed.
14:27:18 INFO  : 'ps7_init' command is executed.
14:27:18 INFO  : 'ps7_post_config' command is executed.
14:27:18 INFO  : Context for processor 'ps7_cortexa9_0' is selected.
14:27:18 INFO  : Processor reset is completed for 'ps7_cortexa9_0'.
14:27:18 INFO  : Context for processor 'ps7_cortexa9_0' is selected.
14:27:19 INFO  : The application 'C:/Users/aamalik3/Desktop/ICAP_Readback/RISC_Preemption/RISC_Preemption.sdk/risc_aes_ctr/Debug/risc_aes_ctr.elf' is downloaded to processor 'ps7_cortexa9_0'.
14:27:19 INFO  : 'configparams force-mem-access 0' command is executed.
14:27:19 INFO  : ----------------XSDB Script----------------
connect -url tcp:127.0.0.1:3121
source C:/Users/aamalik3/Desktop/ICAP_Readback/RISC_Preemption/RISC_Preemption.sdk/design_1_wrapper_hw_platform_0/ps7_init.tcl
targets -set -nocase -filter {name =~"APU*" && jtag_cable_name =~ "Digilent Zed 210248B78019"} -index 0
loadhw -hw C:/Users/aamalik3/Desktop/ICAP_Readback/RISC_Preemption/RISC_Preemption.sdk/design_1_wrapper_hw_platform_0/system.hdf -mem-ranges [list {0x40000000 0xbfffffff}]
configparams force-mem-access 1
targets -set -nocase -filter {name =~"APU*" && jtag_cable_name =~ "Digilent Zed 210248B78019"} -index 0
stop
ps7_init
ps7_post_config
targets -set -nocase -filter {name =~ "ARM*#0" && jtag_cable_name =~ "Digilent Zed 210248B78019"} -index 0
rst -processor
targets -set -nocase -filter {name =~ "ARM*#0" && jtag_cable_name =~ "Digilent Zed 210248B78019"} -index 0
dow C:/Users/aamalik3/Desktop/ICAP_Readback/RISC_Preemption/RISC_Preemption.sdk/risc_aes_ctr/Debug/risc_aes_ctr.elf
configparams force-mem-access 0
----------------End of Script----------------

14:27:19 INFO  : Memory regions updated for context APU
14:27:19 INFO  : Context for processor 'ps7_cortexa9_0' is selected.
14:27:19 INFO  : 'con' command is executed.
14:27:19 INFO  : ----------------XSDB Script (After Launch)----------------
targets -set -nocase -filter {name =~ "ARM*#0" && jtag_cable_name =~ "Digilent Zed 210248B78019"} -index 0
con
----------------End of Script----------------

14:27:19 INFO  : Launch script is exported to file 'C:\Users\aamalik3\Desktop\ICAP_Readback\RISC_Preemption\RISC_Preemption.sdk\.sdk\launch_scripts\xilinx_c-c++_application_(system_debugger)\system_debugger_using_debug_risc_aes_ctr.elf_on_local.tcl'
14:27:44 INFO  : Disconnected from the channel tcfchan#57.
14:27:45 INFO  : 'targets -set -filter {jtag_cable_name =~ "Digilent Zed 210248B78019" && level==0} -index 1' command is executed.
14:27:45 INFO  : 'fpga -state' command is executed.
14:27:45 INFO  : Connected to target on host '127.0.0.1' and port '3121'.
14:27:45 INFO  : Jtag cable 'Digilent Zed 210248B78019' is selected.
14:27:45 INFO  : 'jtag frequency' command is executed.
14:27:45 INFO  : Sourcing of 'C:/Users/aamalik3/Desktop/ICAP_Readback/RISC_Preemption/RISC_Preemption.sdk/design_1_wrapper_hw_platform_0/ps7_init.tcl' is done.
14:27:45 INFO  : Context for 'APU' is selected.
14:27:45 INFO  : Hardware design information is loaded from 'C:/Users/aamalik3/Desktop/ICAP_Readback/RISC_Preemption/RISC_Preemption.sdk/design_1_wrapper_hw_platform_0/system.hdf'.
14:27:45 INFO  : 'configparams force-mem-access 1' command is executed.
14:27:45 INFO  : Context for 'APU' is selected.
14:27:45 INFO  : 'stop' command is executed.
14:27:45 INFO  : 'ps7_init' command is executed.
14:27:45 INFO  : 'ps7_post_config' command is executed.
14:27:45 INFO  : Context for processor 'ps7_cortexa9_0' is selected.
14:27:45 INFO  : Processor reset is completed for 'ps7_cortexa9_0'.
14:27:45 INFO  : Context for processor 'ps7_cortexa9_0' is selected.
14:27:46 INFO  : The application 'C:/Users/aamalik3/Desktop/ICAP_Readback/RISC_Preemption/RISC_Preemption.sdk/risc_aes_ctr/Debug/risc_aes_ctr.elf' is downloaded to processor 'ps7_cortexa9_0'.
14:27:46 INFO  : 'configparams force-mem-access 0' command is executed.
14:27:46 INFO  : ----------------XSDB Script----------------
connect -url tcp:127.0.0.1:3121
source C:/Users/aamalik3/Desktop/ICAP_Readback/RISC_Preemption/RISC_Preemption.sdk/design_1_wrapper_hw_platform_0/ps7_init.tcl
targets -set -nocase -filter {name =~"APU*" && jtag_cable_name =~ "Digilent Zed 210248B78019"} -index 0
loadhw -hw C:/Users/aamalik3/Desktop/ICAP_Readback/RISC_Preemption/RISC_Preemption.sdk/design_1_wrapper_hw_platform_0/system.hdf -mem-ranges [list {0x40000000 0xbfffffff}]
configparams force-mem-access 1
targets -set -nocase -filter {name =~"APU*" && jtag_cable_name =~ "Digilent Zed 210248B78019"} -index 0
stop
ps7_init
ps7_post_config
targets -set -nocase -filter {name =~ "ARM*#0" && jtag_cable_name =~ "Digilent Zed 210248B78019"} -index 0
rst -processor
targets -set -nocase -filter {name =~ "ARM*#0" && jtag_cable_name =~ "Digilent Zed 210248B78019"} -index 0
dow C:/Users/aamalik3/Desktop/ICAP_Readback/RISC_Preemption/RISC_Preemption.sdk/risc_aes_ctr/Debug/risc_aes_ctr.elf
configparams force-mem-access 0
----------------End of Script----------------

14:27:46 INFO  : Memory regions updated for context APU
14:27:46 INFO  : Context for processor 'ps7_cortexa9_0' is selected.
14:27:46 INFO  : 'con' command is executed.
14:27:46 INFO  : ----------------XSDB Script (After Launch)----------------
targets -set -nocase -filter {name =~ "ARM*#0" && jtag_cable_name =~ "Digilent Zed 210248B78019"} -index 0
con
----------------End of Script----------------

14:27:46 INFO  : Launch script is exported to file 'C:\Users\aamalik3\Desktop\ICAP_Readback\RISC_Preemption\RISC_Preemption.sdk\.sdk\launch_scripts\xilinx_c-c++_application_(system_debugger)\system_debugger_using_debug_risc_aes_ctr.elf_on_local.tcl'
14:29:02 INFO  : Disconnected from the channel tcfchan#58.
14:29:03 INFO  : 'targets -set -filter {jtag_cable_name =~ "Digilent Zed 210248B78019" && level==0} -index 1' command is executed.
14:29:03 INFO  : 'fpga -state' command is executed.
14:29:03 INFO  : Connected to target on host '127.0.0.1' and port '3121'.
14:29:04 INFO  : Jtag cable 'Digilent Zed 210248B78019' is selected.
14:29:04 INFO  : 'jtag frequency' command is executed.
14:29:04 INFO  : Sourcing of 'C:/Users/aamalik3/Desktop/ICAP_Readback/RISC_Preemption/RISC_Preemption.sdk/design_1_wrapper_hw_platform_0/ps7_init.tcl' is done.
14:29:04 INFO  : Context for 'APU' is selected.
14:29:04 INFO  : Hardware design information is loaded from 'C:/Users/aamalik3/Desktop/ICAP_Readback/RISC_Preemption/RISC_Preemption.sdk/design_1_wrapper_hw_platform_0/system.hdf'.
14:29:04 INFO  : 'configparams force-mem-access 1' command is executed.
14:29:04 INFO  : Context for 'APU' is selected.
14:29:04 INFO  : 'stop' command is executed.
14:29:04 INFO  : 'ps7_init' command is executed.
14:29:04 INFO  : 'ps7_post_config' command is executed.
14:29:04 INFO  : Context for processor 'ps7_cortexa9_0' is selected.
14:29:04 INFO  : Processor reset is completed for 'ps7_cortexa9_0'.
14:29:04 INFO  : Context for processor 'ps7_cortexa9_0' is selected.
14:29:05 INFO  : The application 'C:/Users/aamalik3/Desktop/ICAP_Readback/RISC_Preemption/RISC_Preemption.sdk/risc_aes_ctr/Debug/risc_aes_ctr.elf' is downloaded to processor 'ps7_cortexa9_0'.
14:29:05 INFO  : 'configparams force-mem-access 0' command is executed.
14:29:05 INFO  : ----------------XSDB Script----------------
connect -url tcp:127.0.0.1:3121
source C:/Users/aamalik3/Desktop/ICAP_Readback/RISC_Preemption/RISC_Preemption.sdk/design_1_wrapper_hw_platform_0/ps7_init.tcl
targets -set -nocase -filter {name =~"APU*" && jtag_cable_name =~ "Digilent Zed 210248B78019"} -index 0
loadhw -hw C:/Users/aamalik3/Desktop/ICAP_Readback/RISC_Preemption/RISC_Preemption.sdk/design_1_wrapper_hw_platform_0/system.hdf -mem-ranges [list {0x40000000 0xbfffffff}]
configparams force-mem-access 1
targets -set -nocase -filter {name =~"APU*" && jtag_cable_name =~ "Digilent Zed 210248B78019"} -index 0
stop
ps7_init
ps7_post_config
targets -set -nocase -filter {name =~ "ARM*#0" && jtag_cable_name =~ "Digilent Zed 210248B78019"} -index 0
rst -processor
targets -set -nocase -filter {name =~ "ARM*#0" && jtag_cable_name =~ "Digilent Zed 210248B78019"} -index 0
dow C:/Users/aamalik3/Desktop/ICAP_Readback/RISC_Preemption/RISC_Preemption.sdk/risc_aes_ctr/Debug/risc_aes_ctr.elf
configparams force-mem-access 0
----------------End of Script----------------

14:29:05 INFO  : Memory regions updated for context APU
14:29:05 INFO  : Context for processor 'ps7_cortexa9_0' is selected.
14:29:05 INFO  : 'con' command is executed.
14:29:05 INFO  : ----------------XSDB Script (After Launch)----------------
targets -set -nocase -filter {name =~ "ARM*#0" && jtag_cable_name =~ "Digilent Zed 210248B78019"} -index 0
con
----------------End of Script----------------

14:29:05 INFO  : Launch script is exported to file 'C:\Users\aamalik3\Desktop\ICAP_Readback\RISC_Preemption\RISC_Preemption.sdk\.sdk\launch_scripts\xilinx_c-c++_application_(system_debugger)\system_debugger_using_debug_risc_aes_ctr.elf_on_local.tcl'
14:29:16 INFO  : Disconnected from the channel tcfchan#59.
14:29:17 INFO  : 'targets -set -filter {jtag_cable_name =~ "Digilent Zed 210248B78019" && level==0} -index 1' command is executed.
14:29:17 INFO  : 'fpga -state' command is executed.
14:29:17 INFO  : Connected to target on host '127.0.0.1' and port '3121'.
14:29:17 INFO  : Jtag cable 'Digilent Zed 210248B78019' is selected.
14:29:17 INFO  : 'jtag frequency' command is executed.
14:29:17 INFO  : Sourcing of 'C:/Users/aamalik3/Desktop/ICAP_Readback/RISC_Preemption/RISC_Preemption.sdk/design_1_wrapper_hw_platform_0/ps7_init.tcl' is done.
14:29:17 INFO  : Context for 'APU' is selected.
14:29:17 INFO  : Hardware design information is loaded from 'C:/Users/aamalik3/Desktop/ICAP_Readback/RISC_Preemption/RISC_Preemption.sdk/design_1_wrapper_hw_platform_0/system.hdf'.
14:29:17 INFO  : 'configparams force-mem-access 1' command is executed.
14:29:17 INFO  : Context for 'APU' is selected.
14:29:17 INFO  : 'stop' command is executed.
14:29:17 INFO  : 'ps7_init' command is executed.
14:29:17 INFO  : 'ps7_post_config' command is executed.
14:29:17 INFO  : Context for processor 'ps7_cortexa9_0' is selected.
14:29:17 INFO  : Processor reset is completed for 'ps7_cortexa9_0'.
14:29:17 INFO  : Context for processor 'ps7_cortexa9_0' is selected.
14:29:18 INFO  : The application 'C:/Users/aamalik3/Desktop/ICAP_Readback/RISC_Preemption/RISC_Preemption.sdk/risc_aes_ctr/Debug/risc_aes_ctr.elf' is downloaded to processor 'ps7_cortexa9_0'.
14:29:18 INFO  : 'configparams force-mem-access 0' command is executed.
14:29:18 INFO  : ----------------XSDB Script----------------
connect -url tcp:127.0.0.1:3121
source C:/Users/aamalik3/Desktop/ICAP_Readback/RISC_Preemption/RISC_Preemption.sdk/design_1_wrapper_hw_platform_0/ps7_init.tcl
targets -set -nocase -filter {name =~"APU*" && jtag_cable_name =~ "Digilent Zed 210248B78019"} -index 0
loadhw -hw C:/Users/aamalik3/Desktop/ICAP_Readback/RISC_Preemption/RISC_Preemption.sdk/design_1_wrapper_hw_platform_0/system.hdf -mem-ranges [list {0x40000000 0xbfffffff}]
configparams force-mem-access 1
targets -set -nocase -filter {name =~"APU*" && jtag_cable_name =~ "Digilent Zed 210248B78019"} -index 0
stop
ps7_init
ps7_post_config
targets -set -nocase -filter {name =~ "ARM*#0" && jtag_cable_name =~ "Digilent Zed 210248B78019"} -index 0
rst -processor
targets -set -nocase -filter {name =~ "ARM*#0" && jtag_cable_name =~ "Digilent Zed 210248B78019"} -index 0
dow C:/Users/aamalik3/Desktop/ICAP_Readback/RISC_Preemption/RISC_Preemption.sdk/risc_aes_ctr/Debug/risc_aes_ctr.elf
configparams force-mem-access 0
----------------End of Script----------------

14:29:18 INFO  : Memory regions updated for context APU
14:29:18 INFO  : Context for processor 'ps7_cortexa9_0' is selected.
14:29:18 INFO  : 'con' command is executed.
14:29:18 INFO  : ----------------XSDB Script (After Launch)----------------
targets -set -nocase -filter {name =~ "ARM*#0" && jtag_cable_name =~ "Digilent Zed 210248B78019"} -index 0
con
----------------End of Script----------------

14:29:18 INFO  : Launch script is exported to file 'C:\Users\aamalik3\Desktop\ICAP_Readback\RISC_Preemption\RISC_Preemption.sdk\.sdk\launch_scripts\xilinx_c-c++_application_(system_debugger)\system_debugger_using_debug_risc_aes_ctr.elf_on_local.tcl'
14:29:24 INFO  : Disconnected from the channel tcfchan#60.
14:29:25 INFO  : 'targets -set -filter {jtag_cable_name =~ "Digilent Zed 210248B78019" && level==0} -index 1' command is executed.
14:29:25 INFO  : 'fpga -state' command is executed.
14:29:25 INFO  : Connected to target on host '127.0.0.1' and port '3121'.
14:29:25 INFO  : Jtag cable 'Digilent Zed 210248B78019' is selected.
14:29:25 INFO  : 'jtag frequency' command is executed.
14:29:25 INFO  : Sourcing of 'C:/Users/aamalik3/Desktop/ICAP_Readback/RISC_Preemption/RISC_Preemption.sdk/design_1_wrapper_hw_platform_0/ps7_init.tcl' is done.
14:29:25 INFO  : Context for 'APU' is selected.
14:29:25 INFO  : Hardware design information is loaded from 'C:/Users/aamalik3/Desktop/ICAP_Readback/RISC_Preemption/RISC_Preemption.sdk/design_1_wrapper_hw_platform_0/system.hdf'.
14:29:25 INFO  : 'configparams force-mem-access 1' command is executed.
14:29:25 INFO  : Context for 'APU' is selected.
14:29:25 INFO  : 'stop' command is executed.
14:29:26 INFO  : 'ps7_init' command is executed.
14:29:26 INFO  : 'ps7_post_config' command is executed.
14:29:26 INFO  : Context for processor 'ps7_cortexa9_0' is selected.
14:29:26 INFO  : Processor reset is completed for 'ps7_cortexa9_0'.
14:29:26 INFO  : Context for processor 'ps7_cortexa9_0' is selected.
14:29:26 INFO  : The application 'C:/Users/aamalik3/Desktop/ICAP_Readback/RISC_Preemption/RISC_Preemption.sdk/risc_aes_ctr/Debug/risc_aes_ctr.elf' is downloaded to processor 'ps7_cortexa9_0'.
14:29:26 INFO  : 'configparams force-mem-access 0' command is executed.
14:29:26 INFO  : ----------------XSDB Script----------------
connect -url tcp:127.0.0.1:3121
source C:/Users/aamalik3/Desktop/ICAP_Readback/RISC_Preemption/RISC_Preemption.sdk/design_1_wrapper_hw_platform_0/ps7_init.tcl
targets -set -nocase -filter {name =~"APU*" && jtag_cable_name =~ "Digilent Zed 210248B78019"} -index 0
loadhw -hw C:/Users/aamalik3/Desktop/ICAP_Readback/RISC_Preemption/RISC_Preemption.sdk/design_1_wrapper_hw_platform_0/system.hdf -mem-ranges [list {0x40000000 0xbfffffff}]
configparams force-mem-access 1
targets -set -nocase -filter {name =~"APU*" && jtag_cable_name =~ "Digilent Zed 210248B78019"} -index 0
stop
ps7_init
ps7_post_config
targets -set -nocase -filter {name =~ "ARM*#0" && jtag_cable_name =~ "Digilent Zed 210248B78019"} -index 0
rst -processor
targets -set -nocase -filter {name =~ "ARM*#0" && jtag_cable_name =~ "Digilent Zed 210248B78019"} -index 0
dow C:/Users/aamalik3/Desktop/ICAP_Readback/RISC_Preemption/RISC_Preemption.sdk/risc_aes_ctr/Debug/risc_aes_ctr.elf
configparams force-mem-access 0
----------------End of Script----------------

14:29:26 INFO  : Memory regions updated for context APU
14:29:26 INFO  : Context for processor 'ps7_cortexa9_0' is selected.
14:29:26 INFO  : 'con' command is executed.
14:29:26 INFO  : ----------------XSDB Script (After Launch)----------------
targets -set -nocase -filter {name =~ "ARM*#0" && jtag_cable_name =~ "Digilent Zed 210248B78019"} -index 0
con
----------------End of Script----------------

14:29:26 INFO  : Launch script is exported to file 'C:\Users\aamalik3\Desktop\ICAP_Readback\RISC_Preemption\RISC_Preemption.sdk\.sdk\launch_scripts\xilinx_c-c++_application_(system_debugger)\system_debugger_using_debug_risc_aes_ctr.elf_on_local.tcl'
14:30:01 INFO  : Disconnected from the channel tcfchan#61.
14:30:02 INFO  : 'targets -set -filter {jtag_cable_name =~ "Digilent Zed 210248B78019" && level==0} -index 1' command is executed.
14:30:02 INFO  : 'fpga -state' command is executed.
14:30:02 INFO  : Connected to target on host '127.0.0.1' and port '3121'.
14:30:02 INFO  : Jtag cable 'Digilent Zed 210248B78019' is selected.
14:30:02 INFO  : 'jtag frequency' command is executed.
14:30:02 INFO  : Sourcing of 'C:/Users/aamalik3/Desktop/ICAP_Readback/RISC_Preemption/RISC_Preemption.sdk/design_1_wrapper_hw_platform_0/ps7_init.tcl' is done.
14:30:02 INFO  : Context for 'APU' is selected.
14:30:02 INFO  : Hardware design information is loaded from 'C:/Users/aamalik3/Desktop/ICAP_Readback/RISC_Preemption/RISC_Preemption.sdk/design_1_wrapper_hw_platform_0/system.hdf'.
14:30:02 INFO  : 'configparams force-mem-access 1' command is executed.
14:30:02 INFO  : Context for 'APU' is selected.
14:30:02 INFO  : 'stop' command is executed.
14:30:02 INFO  : 'ps7_init' command is executed.
14:30:02 INFO  : 'ps7_post_config' command is executed.
14:30:02 INFO  : Context for processor 'ps7_cortexa9_0' is selected.
14:30:02 INFO  : Processor reset is completed for 'ps7_cortexa9_0'.
14:30:02 INFO  : Context for processor 'ps7_cortexa9_0' is selected.
14:30:03 INFO  : The application 'C:/Users/aamalik3/Desktop/ICAP_Readback/RISC_Preemption/RISC_Preemption.sdk/risc_aes_ctr/Debug/risc_aes_ctr.elf' is downloaded to processor 'ps7_cortexa9_0'.
14:30:03 INFO  : 'configparams force-mem-access 0' command is executed.
14:30:03 INFO  : ----------------XSDB Script----------------
connect -url tcp:127.0.0.1:3121
source C:/Users/aamalik3/Desktop/ICAP_Readback/RISC_Preemption/RISC_Preemption.sdk/design_1_wrapper_hw_platform_0/ps7_init.tcl
targets -set -nocase -filter {name =~"APU*" && jtag_cable_name =~ "Digilent Zed 210248B78019"} -index 0
loadhw -hw C:/Users/aamalik3/Desktop/ICAP_Readback/RISC_Preemption/RISC_Preemption.sdk/design_1_wrapper_hw_platform_0/system.hdf -mem-ranges [list {0x40000000 0xbfffffff}]
configparams force-mem-access 1
targets -set -nocase -filter {name =~"APU*" && jtag_cable_name =~ "Digilent Zed 210248B78019"} -index 0
stop
ps7_init
ps7_post_config
targets -set -nocase -filter {name =~ "ARM*#0" && jtag_cable_name =~ "Digilent Zed 210248B78019"} -index 0
rst -processor
targets -set -nocase -filter {name =~ "ARM*#0" && jtag_cable_name =~ "Digilent Zed 210248B78019"} -index 0
dow C:/Users/aamalik3/Desktop/ICAP_Readback/RISC_Preemption/RISC_Preemption.sdk/risc_aes_ctr/Debug/risc_aes_ctr.elf
configparams force-mem-access 0
----------------End of Script----------------

14:30:03 INFO  : Memory regions updated for context APU
14:30:03 INFO  : Context for processor 'ps7_cortexa9_0' is selected.
14:30:03 INFO  : 'con' command is executed.
14:30:03 INFO  : ----------------XSDB Script (After Launch)----------------
targets -set -nocase -filter {name =~ "ARM*#0" && jtag_cable_name =~ "Digilent Zed 210248B78019"} -index 0
con
----------------End of Script----------------

14:30:03 INFO  : Launch script is exported to file 'C:\Users\aamalik3\Desktop\ICAP_Readback\RISC_Preemption\RISC_Preemption.sdk\.sdk\launch_scripts\xilinx_c-c++_application_(system_debugger)\system_debugger_using_debug_risc_aes_ctr.elf_on_local.tcl'
14:30:22 INFO  : Disconnected from the channel tcfchan#62.
14:30:23 INFO  : 'targets -set -filter {jtag_cable_name =~ "Digilent Zed 210248B78019" && level==0} -index 1' command is executed.
14:30:24 INFO  : 'fpga -state' command is executed.
14:30:24 INFO  : Connected to target on host '127.0.0.1' and port '3121'.
14:30:24 INFO  : Jtag cable 'Digilent Zed 210248B78019' is selected.
14:30:24 INFO  : 'jtag frequency' command is executed.
14:30:24 INFO  : Sourcing of 'C:/Users/aamalik3/Desktop/ICAP_Readback/RISC_Preemption/RISC_Preemption.sdk/design_1_wrapper_hw_platform_0/ps7_init.tcl' is done.
14:30:24 INFO  : Context for 'APU' is selected.
14:30:24 INFO  : Hardware design information is loaded from 'C:/Users/aamalik3/Desktop/ICAP_Readback/RISC_Preemption/RISC_Preemption.sdk/design_1_wrapper_hw_platform_0/system.hdf'.
14:30:24 INFO  : 'configparams force-mem-access 1' command is executed.
14:30:24 INFO  : Context for 'APU' is selected.
14:30:24 INFO  : 'stop' command is executed.
14:30:24 INFO  : 'ps7_init' command is executed.
14:30:24 INFO  : 'ps7_post_config' command is executed.
14:30:24 INFO  : Context for processor 'ps7_cortexa9_0' is selected.
14:30:24 INFO  : Processor reset is completed for 'ps7_cortexa9_0'.
14:30:24 INFO  : Context for processor 'ps7_cortexa9_0' is selected.
14:30:25 INFO  : The application 'C:/Users/aamalik3/Desktop/ICAP_Readback/RISC_Preemption/RISC_Preemption.sdk/risc_aes_ctr/Debug/risc_aes_ctr.elf' is downloaded to processor 'ps7_cortexa9_0'.
14:30:25 INFO  : 'configparams force-mem-access 0' command is executed.
14:30:25 INFO  : ----------------XSDB Script----------------
connect -url tcp:127.0.0.1:3121
source C:/Users/aamalik3/Desktop/ICAP_Readback/RISC_Preemption/RISC_Preemption.sdk/design_1_wrapper_hw_platform_0/ps7_init.tcl
targets -set -nocase -filter {name =~"APU*" && jtag_cable_name =~ "Digilent Zed 210248B78019"} -index 0
loadhw -hw C:/Users/aamalik3/Desktop/ICAP_Readback/RISC_Preemption/RISC_Preemption.sdk/design_1_wrapper_hw_platform_0/system.hdf -mem-ranges [list {0x40000000 0xbfffffff}]
configparams force-mem-access 1
targets -set -nocase -filter {name =~"APU*" && jtag_cable_name =~ "Digilent Zed 210248B78019"} -index 0
stop
ps7_init
ps7_post_config
targets -set -nocase -filter {name =~ "ARM*#0" && jtag_cable_name =~ "Digilent Zed 210248B78019"} -index 0
rst -processor
targets -set -nocase -filter {name =~ "ARM*#0" && jtag_cable_name =~ "Digilent Zed 210248B78019"} -index 0
dow C:/Users/aamalik3/Desktop/ICAP_Readback/RISC_Preemption/RISC_Preemption.sdk/risc_aes_ctr/Debug/risc_aes_ctr.elf
configparams force-mem-access 0
----------------End of Script----------------

14:30:25 INFO  : Memory regions updated for context APU
14:30:25 INFO  : Context for processor 'ps7_cortexa9_0' is selected.
14:30:25 INFO  : 'con' command is executed.
14:30:25 INFO  : ----------------XSDB Script (After Launch)----------------
targets -set -nocase -filter {name =~ "ARM*#0" && jtag_cable_name =~ "Digilent Zed 210248B78019"} -index 0
con
----------------End of Script----------------

14:30:25 INFO  : Launch script is exported to file 'C:\Users\aamalik3\Desktop\ICAP_Readback\RISC_Preemption\RISC_Preemption.sdk\.sdk\launch_scripts\xilinx_c-c++_application_(system_debugger)\system_debugger_using_debug_risc_aes_ctr.elf_on_local.tcl'
14:30:33 INFO  : Disconnected from the channel tcfchan#63.
14:30:34 INFO  : 'targets -set -filter {jtag_cable_name =~ "Digilent Zed 210248B78019" && level==0} -index 1' command is executed.
14:30:34 INFO  : 'fpga -state' command is executed.
14:30:34 INFO  : Connected to target on host '127.0.0.1' and port '3121'.
14:30:34 INFO  : Jtag cable 'Digilent Zed 210248B78019' is selected.
14:30:34 INFO  : 'jtag frequency' command is executed.
14:30:34 INFO  : Sourcing of 'C:/Users/aamalik3/Desktop/ICAP_Readback/RISC_Preemption/RISC_Preemption.sdk/design_1_wrapper_hw_platform_0/ps7_init.tcl' is done.
14:30:34 INFO  : Context for 'APU' is selected.
14:30:34 INFO  : Hardware design information is loaded from 'C:/Users/aamalik3/Desktop/ICAP_Readback/RISC_Preemption/RISC_Preemption.sdk/design_1_wrapper_hw_platform_0/system.hdf'.
14:30:34 INFO  : 'configparams force-mem-access 1' command is executed.
14:30:34 INFO  : Context for 'APU' is selected.
14:30:34 INFO  : 'stop' command is executed.
14:30:35 INFO  : 'ps7_init' command is executed.
14:30:35 INFO  : 'ps7_post_config' command is executed.
14:30:35 INFO  : Context for processor 'ps7_cortexa9_0' is selected.
14:30:35 INFO  : Processor reset is completed for 'ps7_cortexa9_0'.
14:30:35 INFO  : Context for processor 'ps7_cortexa9_0' is selected.
14:30:35 INFO  : The application 'C:/Users/aamalik3/Desktop/ICAP_Readback/RISC_Preemption/RISC_Preemption.sdk/risc_aes_ctr/Debug/risc_aes_ctr.elf' is downloaded to processor 'ps7_cortexa9_0'.
14:30:35 INFO  : 'configparams force-mem-access 0' command is executed.
14:30:35 INFO  : ----------------XSDB Script----------------
connect -url tcp:127.0.0.1:3121
source C:/Users/aamalik3/Desktop/ICAP_Readback/RISC_Preemption/RISC_Preemption.sdk/design_1_wrapper_hw_platform_0/ps7_init.tcl
targets -set -nocase -filter {name =~"APU*" && jtag_cable_name =~ "Digilent Zed 210248B78019"} -index 0
loadhw -hw C:/Users/aamalik3/Desktop/ICAP_Readback/RISC_Preemption/RISC_Preemption.sdk/design_1_wrapper_hw_platform_0/system.hdf -mem-ranges [list {0x40000000 0xbfffffff}]
configparams force-mem-access 1
targets -set -nocase -filter {name =~"APU*" && jtag_cable_name =~ "Digilent Zed 210248B78019"} -index 0
stop
ps7_init
ps7_post_config
targets -set -nocase -filter {name =~ "ARM*#0" && jtag_cable_name =~ "Digilent Zed 210248B78019"} -index 0
rst -processor
targets -set -nocase -filter {name =~ "ARM*#0" && jtag_cable_name =~ "Digilent Zed 210248B78019"} -index 0
dow C:/Users/aamalik3/Desktop/ICAP_Readback/RISC_Preemption/RISC_Preemption.sdk/risc_aes_ctr/Debug/risc_aes_ctr.elf
configparams force-mem-access 0
----------------End of Script----------------

14:30:35 INFO  : Memory regions updated for context APU
14:30:35 INFO  : Context for processor 'ps7_cortexa9_0' is selected.
14:30:35 INFO  : 'con' command is executed.
14:30:35 INFO  : ----------------XSDB Script (After Launch)----------------
targets -set -nocase -filter {name =~ "ARM*#0" && jtag_cable_name =~ "Digilent Zed 210248B78019"} -index 0
con
----------------End of Script----------------

14:30:35 INFO  : Launch script is exported to file 'C:\Users\aamalik3\Desktop\ICAP_Readback\RISC_Preemption\RISC_Preemption.sdk\.sdk\launch_scripts\xilinx_c-c++_application_(system_debugger)\system_debugger_using_debug_risc_aes_ctr.elf_on_local.tcl'
14:31:06 INFO  : Disconnected from the channel tcfchan#64.
14:31:07 INFO  : 'targets -set -filter {jtag_cable_name =~ "Digilent Zed 210248B78019" && level==0} -index 1' command is executed.
14:31:07 INFO  : 'fpga -state' command is executed.
14:31:07 INFO  : Connected to target on host '127.0.0.1' and port '3121'.
14:31:08 INFO  : Jtag cable 'Digilent Zed 210248B78019' is selected.
14:31:08 INFO  : 'jtag frequency' command is executed.
14:31:08 INFO  : Sourcing of 'C:/Users/aamalik3/Desktop/ICAP_Readback/RISC_Preemption/RISC_Preemption.sdk/design_1_wrapper_hw_platform_0/ps7_init.tcl' is done.
14:31:08 INFO  : Context for 'APU' is selected.
14:31:08 INFO  : Hardware design information is loaded from 'C:/Users/aamalik3/Desktop/ICAP_Readback/RISC_Preemption/RISC_Preemption.sdk/design_1_wrapper_hw_platform_0/system.hdf'.
14:31:08 INFO  : 'configparams force-mem-access 1' command is executed.
14:31:08 INFO  : Context for 'APU' is selected.
14:31:08 INFO  : 'stop' command is executed.
14:31:08 INFO  : 'ps7_init' command is executed.
14:31:08 INFO  : 'ps7_post_config' command is executed.
14:31:08 INFO  : Context for processor 'ps7_cortexa9_0' is selected.
14:31:08 INFO  : Processor reset is completed for 'ps7_cortexa9_0'.
14:31:08 INFO  : Context for processor 'ps7_cortexa9_0' is selected.
14:31:09 INFO  : The application 'C:/Users/aamalik3/Desktop/ICAP_Readback/RISC_Preemption/RISC_Preemption.sdk/risc_aes_ctr/Debug/risc_aes_ctr.elf' is downloaded to processor 'ps7_cortexa9_0'.
14:31:09 INFO  : 'configparams force-mem-access 0' command is executed.
14:31:09 INFO  : ----------------XSDB Script----------------
connect -url tcp:127.0.0.1:3121
source C:/Users/aamalik3/Desktop/ICAP_Readback/RISC_Preemption/RISC_Preemption.sdk/design_1_wrapper_hw_platform_0/ps7_init.tcl
targets -set -nocase -filter {name =~"APU*" && jtag_cable_name =~ "Digilent Zed 210248B78019"} -index 0
loadhw -hw C:/Users/aamalik3/Desktop/ICAP_Readback/RISC_Preemption/RISC_Preemption.sdk/design_1_wrapper_hw_platform_0/system.hdf -mem-ranges [list {0x40000000 0xbfffffff}]
configparams force-mem-access 1
targets -set -nocase -filter {name =~"APU*" && jtag_cable_name =~ "Digilent Zed 210248B78019"} -index 0
stop
ps7_init
ps7_post_config
targets -set -nocase -filter {name =~ "ARM*#0" && jtag_cable_name =~ "Digilent Zed 210248B78019"} -index 0
rst -processor
targets -set -nocase -filter {name =~ "ARM*#0" && jtag_cable_name =~ "Digilent Zed 210248B78019"} -index 0
dow C:/Users/aamalik3/Desktop/ICAP_Readback/RISC_Preemption/RISC_Preemption.sdk/risc_aes_ctr/Debug/risc_aes_ctr.elf
configparams force-mem-access 0
----------------End of Script----------------

14:31:09 INFO  : Memory regions updated for context APU
14:31:09 INFO  : Context for processor 'ps7_cortexa9_0' is selected.
14:31:09 INFO  : 'con' command is executed.
14:31:09 INFO  : ----------------XSDB Script (After Launch)----------------
targets -set -nocase -filter {name =~ "ARM*#0" && jtag_cable_name =~ "Digilent Zed 210248B78019"} -index 0
con
----------------End of Script----------------

14:31:09 INFO  : Launch script is exported to file 'C:\Users\aamalik3\Desktop\ICAP_Readback\RISC_Preemption\RISC_Preemption.sdk\.sdk\launch_scripts\xilinx_c-c++_application_(system_debugger)\system_debugger_using_debug_risc_aes_ctr.elf_on_local.tcl'
14:31:20 INFO  : Disconnected from the channel tcfchan#65.
14:31:21 INFO  : 'targets -set -filter {jtag_cable_name =~ "Digilent Zed 210248B78019" && level==0} -index 1' command is executed.
14:31:21 INFO  : 'fpga -state' command is executed.
14:31:21 INFO  : Connected to target on host '127.0.0.1' and port '3121'.
14:31:21 INFO  : Jtag cable 'Digilent Zed 210248B78019' is selected.
14:31:21 INFO  : 'jtag frequency' command is executed.
14:31:21 INFO  : Sourcing of 'C:/Users/aamalik3/Desktop/ICAP_Readback/RISC_Preemption/RISC_Preemption.sdk/design_1_wrapper_hw_platform_0/ps7_init.tcl' is done.
14:31:21 INFO  : Context for 'APU' is selected.
14:31:21 INFO  : Hardware design information is loaded from 'C:/Users/aamalik3/Desktop/ICAP_Readback/RISC_Preemption/RISC_Preemption.sdk/design_1_wrapper_hw_platform_0/system.hdf'.
14:31:21 INFO  : 'configparams force-mem-access 1' command is executed.
14:31:21 INFO  : Context for 'APU' is selected.
14:31:21 INFO  : 'stop' command is executed.
14:31:21 INFO  : 'ps7_init' command is executed.
14:31:21 INFO  : 'ps7_post_config' command is executed.
14:31:21 INFO  : Context for processor 'ps7_cortexa9_0' is selected.
14:31:22 INFO  : Processor reset is completed for 'ps7_cortexa9_0'.
14:31:22 INFO  : Context for processor 'ps7_cortexa9_0' is selected.
14:31:22 INFO  : The application 'C:/Users/aamalik3/Desktop/ICAP_Readback/RISC_Preemption/RISC_Preemption.sdk/risc_aes_ctr/Debug/risc_aes_ctr.elf' is downloaded to processor 'ps7_cortexa9_0'.
14:31:22 INFO  : 'configparams force-mem-access 0' command is executed.
14:31:22 INFO  : ----------------XSDB Script----------------
connect -url tcp:127.0.0.1:3121
source C:/Users/aamalik3/Desktop/ICAP_Readback/RISC_Preemption/RISC_Preemption.sdk/design_1_wrapper_hw_platform_0/ps7_init.tcl
targets -set -nocase -filter {name =~"APU*" && jtag_cable_name =~ "Digilent Zed 210248B78019"} -index 0
loadhw -hw C:/Users/aamalik3/Desktop/ICAP_Readback/RISC_Preemption/RISC_Preemption.sdk/design_1_wrapper_hw_platform_0/system.hdf -mem-ranges [list {0x40000000 0xbfffffff}]
configparams force-mem-access 1
targets -set -nocase -filter {name =~"APU*" && jtag_cable_name =~ "Digilent Zed 210248B78019"} -index 0
stop
ps7_init
ps7_post_config
targets -set -nocase -filter {name =~ "ARM*#0" && jtag_cable_name =~ "Digilent Zed 210248B78019"} -index 0
rst -processor
targets -set -nocase -filter {name =~ "ARM*#0" && jtag_cable_name =~ "Digilent Zed 210248B78019"} -index 0
dow C:/Users/aamalik3/Desktop/ICAP_Readback/RISC_Preemption/RISC_Preemption.sdk/risc_aes_ctr/Debug/risc_aes_ctr.elf
configparams force-mem-access 0
----------------End of Script----------------

14:31:22 INFO  : Memory regions updated for context APU
14:31:22 INFO  : Context for processor 'ps7_cortexa9_0' is selected.
14:31:22 INFO  : 'con' command is executed.
14:31:22 INFO  : ----------------XSDB Script (After Launch)----------------
targets -set -nocase -filter {name =~ "ARM*#0" && jtag_cable_name =~ "Digilent Zed 210248B78019"} -index 0
con
----------------End of Script----------------

14:31:22 INFO  : Launch script is exported to file 'C:\Users\aamalik3\Desktop\ICAP_Readback\RISC_Preemption\RISC_Preemption.sdk\.sdk\launch_scripts\xilinx_c-c++_application_(system_debugger)\system_debugger_using_debug_risc_aes_ctr.elf_on_local.tcl'
14:31:29 INFO  : Disconnected from the channel tcfchan#66.
14:31:30 INFO  : 'targets -set -filter {jtag_cable_name =~ "Digilent Zed 210248B78019" && level==0} -index 1' command is executed.
14:31:30 INFO  : 'fpga -state' command is executed.
14:31:30 INFO  : Connected to target on host '127.0.0.1' and port '3121'.
14:31:30 INFO  : Jtag cable 'Digilent Zed 210248B78019' is selected.
14:31:30 INFO  : 'jtag frequency' command is executed.
14:31:30 INFO  : Sourcing of 'C:/Users/aamalik3/Desktop/ICAP_Readback/RISC_Preemption/RISC_Preemption.sdk/design_1_wrapper_hw_platform_0/ps7_init.tcl' is done.
14:31:30 INFO  : Context for 'APU' is selected.
14:31:30 INFO  : Hardware design information is loaded from 'C:/Users/aamalik3/Desktop/ICAP_Readback/RISC_Preemption/RISC_Preemption.sdk/design_1_wrapper_hw_platform_0/system.hdf'.
14:31:30 INFO  : 'configparams force-mem-access 1' command is executed.
14:31:30 INFO  : Context for 'APU' is selected.
14:31:30 INFO  : 'stop' command is executed.
14:31:31 INFO  : 'ps7_init' command is executed.
14:31:31 INFO  : 'ps7_post_config' command is executed.
14:31:31 INFO  : Context for processor 'ps7_cortexa9_0' is selected.
14:31:31 INFO  : Processor reset is completed for 'ps7_cortexa9_0'.
14:31:31 INFO  : Context for processor 'ps7_cortexa9_0' is selected.
14:31:31 INFO  : The application 'C:/Users/aamalik3/Desktop/ICAP_Readback/RISC_Preemption/RISC_Preemption.sdk/risc_aes_ctr/Debug/risc_aes_ctr.elf' is downloaded to processor 'ps7_cortexa9_0'.
14:31:31 INFO  : 'configparams force-mem-access 0' command is executed.
14:31:31 INFO  : ----------------XSDB Script----------------
connect -url tcp:127.0.0.1:3121
source C:/Users/aamalik3/Desktop/ICAP_Readback/RISC_Preemption/RISC_Preemption.sdk/design_1_wrapper_hw_platform_0/ps7_init.tcl
targets -set -nocase -filter {name =~"APU*" && jtag_cable_name =~ "Digilent Zed 210248B78019"} -index 0
loadhw -hw C:/Users/aamalik3/Desktop/ICAP_Readback/RISC_Preemption/RISC_Preemption.sdk/design_1_wrapper_hw_platform_0/system.hdf -mem-ranges [list {0x40000000 0xbfffffff}]
configparams force-mem-access 1
targets -set -nocase -filter {name =~"APU*" && jtag_cable_name =~ "Digilent Zed 210248B78019"} -index 0
stop
ps7_init
ps7_post_config
targets -set -nocase -filter {name =~ "ARM*#0" && jtag_cable_name =~ "Digilent Zed 210248B78019"} -index 0
rst -processor
targets -set -nocase -filter {name =~ "ARM*#0" && jtag_cable_name =~ "Digilent Zed 210248B78019"} -index 0
dow C:/Users/aamalik3/Desktop/ICAP_Readback/RISC_Preemption/RISC_Preemption.sdk/risc_aes_ctr/Debug/risc_aes_ctr.elf
configparams force-mem-access 0
----------------End of Script----------------

14:31:31 INFO  : Memory regions updated for context APU
14:31:31 INFO  : Context for processor 'ps7_cortexa9_0' is selected.
14:31:31 INFO  : 'con' command is executed.
14:31:31 INFO  : ----------------XSDB Script (After Launch)----------------
targets -set -nocase -filter {name =~ "ARM*#0" && jtag_cable_name =~ "Digilent Zed 210248B78019"} -index 0
con
----------------End of Script----------------

14:31:31 INFO  : Launch script is exported to file 'C:\Users\aamalik3\Desktop\ICAP_Readback\RISC_Preemption\RISC_Preemption.sdk\.sdk\launch_scripts\xilinx_c-c++_application_(system_debugger)\system_debugger_using_debug_risc_aes_ctr.elf_on_local.tcl'
15:01:01 INFO  : Connected to target on host '127.0.0.1' and port '3121'.
15:01:01 INFO  : 'targets -set -filter {jtag_cable_name =~ "Digilent Zed 210248B78019" && level==0} -index 1' command is executed.
15:01:04 INFO  : FPGA configured successfully with bitstream "C:/Users/aamalik3/Desktop/ICAP_Readback/RISC_Preemption/With_delay_No_CRC/RISC_AES.bit"
15:42:04 INFO  : Connected to target on host '127.0.0.1' and port '3121'.
15:42:04 INFO  : 'targets -set -filter {jtag_cable_name =~ "Digilent Zed 210248B78019" && level==0} -index 1' command is executed.
15:42:07 INFO  : FPGA configured successfully with bitstream "C:/Users/aamalik3/Desktop/ICAP_Readback/RISC_Preemption/Zero_Delay_No_CRC/RISC_AES_0_delay.bit"
15:42:08 INFO  : Disconnected from the channel tcfchan#67.
15:42:10 INFO  : 'targets -set -filter {jtag_cable_name =~ "Digilent Zed 210248B78019" && level==0} -index 1' command is executed.
15:42:10 INFO  : 'fpga -state' command is executed.
15:42:10 INFO  : Connected to target on host '127.0.0.1' and port '3121'.
15:42:10 INFO  : Jtag cable 'Digilent Zed 210248B78019' is selected.
15:42:10 INFO  : 'jtag frequency' command is executed.
15:42:10 INFO  : Sourcing of 'C:/Users/aamalik3/Desktop/ICAP_Readback/RISC_Preemption/RISC_Preemption.sdk/design_1_wrapper_hw_platform_0/ps7_init.tcl' is done.
15:42:10 INFO  : Context for 'APU' is selected.
15:42:10 INFO  : Hardware design information is loaded from 'C:/Users/aamalik3/Desktop/ICAP_Readback/RISC_Preemption/RISC_Preemption.sdk/design_1_wrapper_hw_platform_0/system.hdf'.
15:42:10 INFO  : 'configparams force-mem-access 1' command is executed.
15:42:10 INFO  : Context for 'APU' is selected.
15:42:10 INFO  : 'stop' command is executed.
15:42:10 INFO  : 'ps7_init' command is executed.
15:42:10 INFO  : 'ps7_post_config' command is executed.
15:42:10 INFO  : Context for processor 'ps7_cortexa9_0' is selected.
15:42:10 INFO  : Processor reset is completed for 'ps7_cortexa9_0'.
15:42:10 INFO  : Context for processor 'ps7_cortexa9_0' is selected.
15:42:10 INFO  : The application 'C:/Users/aamalik3/Desktop/ICAP_Readback/RISC_Preemption/RISC_Preemption.sdk/risc_aes_ctr/Debug/risc_aes_ctr.elf' is downloaded to processor 'ps7_cortexa9_0'.
15:42:10 INFO  : 'configparams force-mem-access 0' command is executed.
15:42:10 INFO  : ----------------XSDB Script----------------
connect -url tcp:127.0.0.1:3121
source C:/Users/aamalik3/Desktop/ICAP_Readback/RISC_Preemption/RISC_Preemption.sdk/design_1_wrapper_hw_platform_0/ps7_init.tcl
targets -set -nocase -filter {name =~"APU*" && jtag_cable_name =~ "Digilent Zed 210248B78019"} -index 0
loadhw -hw C:/Users/aamalik3/Desktop/ICAP_Readback/RISC_Preemption/RISC_Preemption.sdk/design_1_wrapper_hw_platform_0/system.hdf -mem-ranges [list {0x40000000 0xbfffffff}]
configparams force-mem-access 1
targets -set -nocase -filter {name =~"APU*" && jtag_cable_name =~ "Digilent Zed 210248B78019"} -index 0
stop
ps7_init
ps7_post_config
targets -set -nocase -filter {name =~ "ARM*#0" && jtag_cable_name =~ "Digilent Zed 210248B78019"} -index 0
rst -processor
targets -set -nocase -filter {name =~ "ARM*#0" && jtag_cable_name =~ "Digilent Zed 210248B78019"} -index 0
dow C:/Users/aamalik3/Desktop/ICAP_Readback/RISC_Preemption/RISC_Preemption.sdk/risc_aes_ctr/Debug/risc_aes_ctr.elf
configparams force-mem-access 0
----------------End of Script----------------

15:42:10 INFO  : Memory regions updated for context APU
15:42:10 INFO  : Context for processor 'ps7_cortexa9_0' is selected.
15:42:10 INFO  : 'con' command is executed.
15:42:10 INFO  : ----------------XSDB Script (After Launch)----------------
targets -set -nocase -filter {name =~ "ARM*#0" && jtag_cable_name =~ "Digilent Zed 210248B78019"} -index 0
con
----------------End of Script----------------

15:42:10 INFO  : Launch script is exported to file 'C:\Users\aamalik3\Desktop\ICAP_Readback\RISC_Preemption\RISC_Preemption.sdk\.sdk\launch_scripts\xilinx_c-c++_application_(system_debugger)\system_debugger_using_debug_risc_aes_ctr.elf_on_local.tcl'
15:42:22 INFO  : Disconnected from the channel tcfchan#68.
15:42:23 INFO  : 'targets -set -filter {jtag_cable_name =~ "Digilent Zed 210248B78019" && level==0} -index 1' command is executed.
15:42:23 INFO  : 'fpga -state' command is executed.
15:42:23 INFO  : Connected to target on host '127.0.0.1' and port '3121'.
15:42:23 INFO  : Jtag cable 'Digilent Zed 210248B78019' is selected.
15:42:23 INFO  : 'jtag frequency' command is executed.
15:42:23 INFO  : Sourcing of 'C:/Users/aamalik3/Desktop/ICAP_Readback/RISC_Preemption/RISC_Preemption.sdk/design_1_wrapper_hw_platform_0/ps7_init.tcl' is done.
15:42:23 INFO  : Context for 'APU' is selected.
15:42:23 INFO  : Hardware design information is loaded from 'C:/Users/aamalik3/Desktop/ICAP_Readback/RISC_Preemption/RISC_Preemption.sdk/design_1_wrapper_hw_platform_0/system.hdf'.
15:42:23 INFO  : 'configparams force-mem-access 1' command is executed.
15:42:23 INFO  : Context for 'APU' is selected.
15:42:23 INFO  : 'stop' command is executed.
15:42:24 INFO  : 'ps7_init' command is executed.
15:42:24 INFO  : 'ps7_post_config' command is executed.
15:42:24 INFO  : Context for processor 'ps7_cortexa9_0' is selected.
15:42:24 INFO  : Processor reset is completed for 'ps7_cortexa9_0'.
15:42:24 INFO  : Context for processor 'ps7_cortexa9_0' is selected.
15:42:24 INFO  : The application 'C:/Users/aamalik3/Desktop/ICAP_Readback/RISC_Preemption/RISC_Preemption.sdk/risc_aes_ctr/Debug/risc_aes_ctr.elf' is downloaded to processor 'ps7_cortexa9_0'.
15:42:24 INFO  : 'configparams force-mem-access 0' command is executed.
15:42:24 INFO  : ----------------XSDB Script----------------
connect -url tcp:127.0.0.1:3121
source C:/Users/aamalik3/Desktop/ICAP_Readback/RISC_Preemption/RISC_Preemption.sdk/design_1_wrapper_hw_platform_0/ps7_init.tcl
targets -set -nocase -filter {name =~"APU*" && jtag_cable_name =~ "Digilent Zed 210248B78019"} -index 0
loadhw -hw C:/Users/aamalik3/Desktop/ICAP_Readback/RISC_Preemption/RISC_Preemption.sdk/design_1_wrapper_hw_platform_0/system.hdf -mem-ranges [list {0x40000000 0xbfffffff}]
configparams force-mem-access 1
targets -set -nocase -filter {name =~"APU*" && jtag_cable_name =~ "Digilent Zed 210248B78019"} -index 0
stop
ps7_init
ps7_post_config
targets -set -nocase -filter {name =~ "ARM*#0" && jtag_cable_name =~ "Digilent Zed 210248B78019"} -index 0
rst -processor
targets -set -nocase -filter {name =~ "ARM*#0" && jtag_cable_name =~ "Digilent Zed 210248B78019"} -index 0
dow C:/Users/aamalik3/Desktop/ICAP_Readback/RISC_Preemption/RISC_Preemption.sdk/risc_aes_ctr/Debug/risc_aes_ctr.elf
configparams force-mem-access 0
----------------End of Script----------------

15:42:24 INFO  : Memory regions updated for context APU
15:42:24 INFO  : Context for processor 'ps7_cortexa9_0' is selected.
15:42:24 INFO  : 'con' command is executed.
15:42:24 INFO  : ----------------XSDB Script (After Launch)----------------
targets -set -nocase -filter {name =~ "ARM*#0" && jtag_cable_name =~ "Digilent Zed 210248B78019"} -index 0
con
----------------End of Script----------------

15:42:24 INFO  : Launch script is exported to file 'C:\Users\aamalik3\Desktop\ICAP_Readback\RISC_Preemption\RISC_Preemption.sdk\.sdk\launch_scripts\xilinx_c-c++_application_(system_debugger)\system_debugger_using_debug_risc_aes_ctr.elf_on_local.tcl'
15:46:22 INFO  : Disconnected from the channel tcfchan#69.
15:46:23 INFO  : 'targets -set -filter {jtag_cable_name =~ "Digilent Zed 210248B78019" && level==0} -index 1' command is executed.
15:46:23 INFO  : 'fpga -state' command is executed.
15:46:23 INFO  : Connected to target on host '127.0.0.1' and port '3121'.
15:46:23 INFO  : Jtag cable 'Digilent Zed 210248B78019' is selected.
15:46:23 INFO  : 'jtag frequency' command is executed.
15:46:23 INFO  : Sourcing of 'C:/Users/aamalik3/Desktop/ICAP_Readback/RISC_Preemption/RISC_Preemption.sdk/design_1_wrapper_hw_platform_0/ps7_init.tcl' is done.
15:46:23 INFO  : Context for 'APU' is selected.
15:46:23 INFO  : Hardware design information is loaded from 'C:/Users/aamalik3/Desktop/ICAP_Readback/RISC_Preemption/RISC_Preemption.sdk/design_1_wrapper_hw_platform_0/system.hdf'.
15:46:23 INFO  : 'configparams force-mem-access 1' command is executed.
15:46:23 INFO  : Context for 'APU' is selected.
15:46:23 INFO  : 'stop' command is executed.
15:46:24 INFO  : 'ps7_init' command is executed.
15:46:24 INFO  : 'ps7_post_config' command is executed.
15:46:24 INFO  : Context for processor 'ps7_cortexa9_0' is selected.
15:46:24 INFO  : Processor reset is completed for 'ps7_cortexa9_0'.
15:46:24 INFO  : Context for processor 'ps7_cortexa9_0' is selected.
15:46:24 INFO  : The application 'C:/Users/aamalik3/Desktop/ICAP_Readback/RISC_Preemption/RISC_Preemption.sdk/risc_aes_ctr/Debug/risc_aes_ctr.elf' is downloaded to processor 'ps7_cortexa9_0'.
15:46:24 INFO  : 'configparams force-mem-access 0' command is executed.
15:46:24 INFO  : ----------------XSDB Script----------------
connect -url tcp:127.0.0.1:3121
source C:/Users/aamalik3/Desktop/ICAP_Readback/RISC_Preemption/RISC_Preemption.sdk/design_1_wrapper_hw_platform_0/ps7_init.tcl
targets -set -nocase -filter {name =~"APU*" && jtag_cable_name =~ "Digilent Zed 210248B78019"} -index 0
loadhw -hw C:/Users/aamalik3/Desktop/ICAP_Readback/RISC_Preemption/RISC_Preemption.sdk/design_1_wrapper_hw_platform_0/system.hdf -mem-ranges [list {0x40000000 0xbfffffff}]
configparams force-mem-access 1
targets -set -nocase -filter {name =~"APU*" && jtag_cable_name =~ "Digilent Zed 210248B78019"} -index 0
stop
ps7_init
ps7_post_config
targets -set -nocase -filter {name =~ "ARM*#0" && jtag_cable_name =~ "Digilent Zed 210248B78019"} -index 0
rst -processor
targets -set -nocase -filter {name =~ "ARM*#0" && jtag_cable_name =~ "Digilent Zed 210248B78019"} -index 0
dow C:/Users/aamalik3/Desktop/ICAP_Readback/RISC_Preemption/RISC_Preemption.sdk/risc_aes_ctr/Debug/risc_aes_ctr.elf
configparams force-mem-access 0
----------------End of Script----------------

15:46:24 INFO  : Memory regions updated for context APU
15:46:24 INFO  : Context for processor 'ps7_cortexa9_0' is selected.
15:46:24 INFO  : 'con' command is executed.
15:46:24 INFO  : ----------------XSDB Script (After Launch)----------------
targets -set -nocase -filter {name =~ "ARM*#0" && jtag_cable_name =~ "Digilent Zed 210248B78019"} -index 0
con
----------------End of Script----------------

15:46:24 INFO  : Launch script is exported to file 'C:\Users\aamalik3\Desktop\ICAP_Readback\RISC_Preemption\RISC_Preemption.sdk\.sdk\launch_scripts\xilinx_c-c++_application_(system_debugger)\system_debugger_using_debug_risc_aes_ctr.elf_on_local.tcl'
15:47:26 INFO  : Connected to target on host '127.0.0.1' and port '3121'.
15:47:26 INFO  : 'targets -set -filter {jtag_cable_name =~ "Digilent Zed 210248B78019" && level==0} -index 1' command is executed.
15:47:29 INFO  : FPGA configured successfully with bitstream "C:/Users/aamalik3/Desktop/ICAP_Readback/RISC_Preemption/Zero_Delay_No_CRC/RISC_AES_0_delay.bit"
15:47:31 INFO  : Disconnected from the channel tcfchan#70.
15:47:32 INFO  : 'targets -set -filter {jtag_cable_name =~ "Digilent Zed 210248B78019" && level==0} -index 1' command is executed.
15:47:32 INFO  : 'fpga -state' command is executed.
15:47:32 INFO  : Connected to target on host '127.0.0.1' and port '3121'.
15:47:32 INFO  : Jtag cable 'Digilent Zed 210248B78019' is selected.
15:47:32 INFO  : 'jtag frequency' command is executed.
15:47:32 INFO  : Sourcing of 'C:/Users/aamalik3/Desktop/ICAP_Readback/RISC_Preemption/RISC_Preemption.sdk/design_1_wrapper_hw_platform_0/ps7_init.tcl' is done.
15:47:32 INFO  : Context for 'APU' is selected.
15:47:33 INFO  : Hardware design information is loaded from 'C:/Users/aamalik3/Desktop/ICAP_Readback/RISC_Preemption/RISC_Preemption.sdk/design_1_wrapper_hw_platform_0/system.hdf'.
15:47:33 INFO  : 'configparams force-mem-access 1' command is executed.
15:47:33 INFO  : Context for 'APU' is selected.
15:47:33 INFO  : 'stop' command is executed.
15:47:33 INFO  : 'ps7_init' command is executed.
15:47:33 INFO  : 'ps7_post_config' command is executed.
15:47:33 INFO  : Context for processor 'ps7_cortexa9_0' is selected.
15:47:33 INFO  : Processor reset is completed for 'ps7_cortexa9_0'.
15:47:33 INFO  : Context for processor 'ps7_cortexa9_0' is selected.
15:47:34 INFO  : The application 'C:/Users/aamalik3/Desktop/ICAP_Readback/RISC_Preemption/RISC_Preemption.sdk/risc_aes_ctr/Debug/risc_aes_ctr.elf' is downloaded to processor 'ps7_cortexa9_0'.
15:47:34 INFO  : 'configparams force-mem-access 0' command is executed.
15:47:34 INFO  : ----------------XSDB Script----------------
connect -url tcp:127.0.0.1:3121
source C:/Users/aamalik3/Desktop/ICAP_Readback/RISC_Preemption/RISC_Preemption.sdk/design_1_wrapper_hw_platform_0/ps7_init.tcl
targets -set -nocase -filter {name =~"APU*" && jtag_cable_name =~ "Digilent Zed 210248B78019"} -index 0
loadhw -hw C:/Users/aamalik3/Desktop/ICAP_Readback/RISC_Preemption/RISC_Preemption.sdk/design_1_wrapper_hw_platform_0/system.hdf -mem-ranges [list {0x40000000 0xbfffffff}]
configparams force-mem-access 1
targets -set -nocase -filter {name =~"APU*" && jtag_cable_name =~ "Digilent Zed 210248B78019"} -index 0
stop
ps7_init
ps7_post_config
targets -set -nocase -filter {name =~ "ARM*#0" && jtag_cable_name =~ "Digilent Zed 210248B78019"} -index 0
rst -processor
targets -set -nocase -filter {name =~ "ARM*#0" && jtag_cable_name =~ "Digilent Zed 210248B78019"} -index 0
dow C:/Users/aamalik3/Desktop/ICAP_Readback/RISC_Preemption/RISC_Preemption.sdk/risc_aes_ctr/Debug/risc_aes_ctr.elf
configparams force-mem-access 0
----------------End of Script----------------

15:47:34 INFO  : Memory regions updated for context APU
15:47:34 INFO  : Context for processor 'ps7_cortexa9_0' is selected.
15:47:34 INFO  : 'con' command is executed.
15:47:34 INFO  : ----------------XSDB Script (After Launch)----------------
targets -set -nocase -filter {name =~ "ARM*#0" && jtag_cable_name =~ "Digilent Zed 210248B78019"} -index 0
con
----------------End of Script----------------

15:47:34 INFO  : Launch script is exported to file 'C:\Users\aamalik3\Desktop\ICAP_Readback\RISC_Preemption\RISC_Preemption.sdk\.sdk\launch_scripts\xilinx_c-c++_application_(system_debugger)\system_debugger_using_debug_risc_aes_ctr.elf_on_local.tcl'
16:05:20 INFO  : Connected to target on host '127.0.0.1' and port '3121'.
16:05:20 INFO  : 'targets -set -filter {jtag_cable_name =~ "Digilent Zed 210248B78019" && level==0} -index 1' command is executed.
16:05:22 INFO  : FPGA configured successfully with bitstream "C:/Users/aamalik3/Desktop/ICAP_Readback/RISC_Preemption/Zero_Delay_No_CRC/RISC_AES_0_delay.bit"
16:05:24 INFO  : Disconnected from the channel tcfchan#71.
16:05:25 INFO  : 'targets -set -filter {jtag_cable_name =~ "Digilent Zed 210248B78019" && level==0} -index 1' command is executed.
16:05:25 INFO  : 'fpga -state' command is executed.
16:05:25 INFO  : Connected to target on host '127.0.0.1' and port '3121'.
16:05:25 INFO  : Jtag cable 'Digilent Zed 210248B78019' is selected.
16:05:25 INFO  : 'jtag frequency' command is executed.
16:05:25 INFO  : Sourcing of 'C:/Users/aamalik3/Desktop/ICAP_Readback/RISC_Preemption/RISC_Preemption.sdk/design_1_wrapper_hw_platform_0/ps7_init.tcl' is done.
16:05:25 INFO  : Context for 'APU' is selected.
16:05:25 INFO  : Hardware design information is loaded from 'C:/Users/aamalik3/Desktop/ICAP_Readback/RISC_Preemption/RISC_Preemption.sdk/design_1_wrapper_hw_platform_0/system.hdf'.
16:05:25 INFO  : 'configparams force-mem-access 1' command is executed.
16:05:25 INFO  : Context for 'APU' is selected.
16:05:25 INFO  : 'stop' command is executed.
16:05:26 INFO  : 'ps7_init' command is executed.
16:05:26 INFO  : 'ps7_post_config' command is executed.
16:05:26 INFO  : Context for processor 'ps7_cortexa9_0' is selected.
16:05:26 INFO  : Processor reset is completed for 'ps7_cortexa9_0'.
16:05:26 INFO  : Context for processor 'ps7_cortexa9_0' is selected.
16:05:26 INFO  : The application 'C:/Users/aamalik3/Desktop/ICAP_Readback/RISC_Preemption/RISC_Preemption.sdk/risc_aes_ctr/Debug/risc_aes_ctr.elf' is downloaded to processor 'ps7_cortexa9_0'.
16:05:26 INFO  : 'configparams force-mem-access 0' command is executed.
16:05:26 INFO  : ----------------XSDB Script----------------
connect -url tcp:127.0.0.1:3121
source C:/Users/aamalik3/Desktop/ICAP_Readback/RISC_Preemption/RISC_Preemption.sdk/design_1_wrapper_hw_platform_0/ps7_init.tcl
targets -set -nocase -filter {name =~"APU*" && jtag_cable_name =~ "Digilent Zed 210248B78019"} -index 0
loadhw -hw C:/Users/aamalik3/Desktop/ICAP_Readback/RISC_Preemption/RISC_Preemption.sdk/design_1_wrapper_hw_platform_0/system.hdf -mem-ranges [list {0x40000000 0xbfffffff}]
configparams force-mem-access 1
targets -set -nocase -filter {name =~"APU*" && jtag_cable_name =~ "Digilent Zed 210248B78019"} -index 0
stop
ps7_init
ps7_post_config
targets -set -nocase -filter {name =~ "ARM*#0" && jtag_cable_name =~ "Digilent Zed 210248B78019"} -index 0
rst -processor
targets -set -nocase -filter {name =~ "ARM*#0" && jtag_cable_name =~ "Digilent Zed 210248B78019"} -index 0
dow C:/Users/aamalik3/Desktop/ICAP_Readback/RISC_Preemption/RISC_Preemption.sdk/risc_aes_ctr/Debug/risc_aes_ctr.elf
configparams force-mem-access 0
----------------End of Script----------------

16:05:26 INFO  : Memory regions updated for context APU
16:05:26 INFO  : Context for processor 'ps7_cortexa9_0' is selected.
16:05:26 INFO  : 'con' command is executed.
16:05:26 INFO  : ----------------XSDB Script (After Launch)----------------
targets -set -nocase -filter {name =~ "ARM*#0" && jtag_cable_name =~ "Digilent Zed 210248B78019"} -index 0
con
----------------End of Script----------------

16:05:26 INFO  : Launch script is exported to file 'C:\Users\aamalik3\Desktop\ICAP_Readback\RISC_Preemption\RISC_Preemption.sdk\.sdk\launch_scripts\xilinx_c-c++_application_(system_debugger)\system_debugger_using_debug_risc_aes_ctr.elf_on_local.tcl'
16:15:18 INFO  : Disconnected from the channel tcfchan#72.
16:15:19 INFO  : 'targets -set -filter {jtag_cable_name =~ "Digilent Zed 210248B78019" && level==0} -index 1' command is executed.
16:15:19 INFO  : 'fpga -state' command is executed.
16:15:19 INFO  : Connected to target on host '127.0.0.1' and port '3121'.
16:15:19 INFO  : Jtag cable 'Digilent Zed 210248B78019' is selected.
16:15:19 INFO  : 'jtag frequency' command is executed.
16:15:19 INFO  : Sourcing of 'C:/Users/aamalik3/Desktop/ICAP_Readback/RISC_Preemption/RISC_Preemption.sdk/design_1_wrapper_hw_platform_0/ps7_init.tcl' is done.
16:15:19 INFO  : Context for 'APU' is selected.
16:15:19 INFO  : Hardware design information is loaded from 'C:/Users/aamalik3/Desktop/ICAP_Readback/RISC_Preemption/RISC_Preemption.sdk/design_1_wrapper_hw_platform_0/system.hdf'.
16:15:19 INFO  : 'configparams force-mem-access 1' command is executed.
16:15:19 INFO  : Context for 'APU' is selected.
16:15:19 INFO  : 'stop' command is executed.
16:15:20 INFO  : 'ps7_init' command is executed.
16:15:20 INFO  : 'ps7_post_config' command is executed.
16:15:20 INFO  : Context for processor 'ps7_cortexa9_0' is selected.
16:15:20 INFO  : Processor reset is completed for 'ps7_cortexa9_0'.
16:15:20 INFO  : Context for processor 'ps7_cortexa9_0' is selected.
16:15:20 INFO  : The application 'C:/Users/aamalik3/Desktop/ICAP_Readback/RISC_Preemption/RISC_Preemption.sdk/risc_aes_ctr/Debug/risc_aes_ctr.elf' is downloaded to processor 'ps7_cortexa9_0'.
16:15:20 INFO  : 'configparams force-mem-access 0' command is executed.
16:15:20 INFO  : ----------------XSDB Script----------------
connect -url tcp:127.0.0.1:3121
source C:/Users/aamalik3/Desktop/ICAP_Readback/RISC_Preemption/RISC_Preemption.sdk/design_1_wrapper_hw_platform_0/ps7_init.tcl
targets -set -nocase -filter {name =~"APU*" && jtag_cable_name =~ "Digilent Zed 210248B78019"} -index 0
loadhw -hw C:/Users/aamalik3/Desktop/ICAP_Readback/RISC_Preemption/RISC_Preemption.sdk/design_1_wrapper_hw_platform_0/system.hdf -mem-ranges [list {0x40000000 0xbfffffff}]
configparams force-mem-access 1
targets -set -nocase -filter {name =~"APU*" && jtag_cable_name =~ "Digilent Zed 210248B78019"} -index 0
stop
ps7_init
ps7_post_config
targets -set -nocase -filter {name =~ "ARM*#0" && jtag_cable_name =~ "Digilent Zed 210248B78019"} -index 0
rst -processor
targets -set -nocase -filter {name =~ "ARM*#0" && jtag_cable_name =~ "Digilent Zed 210248B78019"} -index 0
dow C:/Users/aamalik3/Desktop/ICAP_Readback/RISC_Preemption/RISC_Preemption.sdk/risc_aes_ctr/Debug/risc_aes_ctr.elf
configparams force-mem-access 0
----------------End of Script----------------

16:15:20 INFO  : Memory regions updated for context APU
16:15:20 INFO  : Context for processor 'ps7_cortexa9_0' is selected.
16:15:20 INFO  : 'con' command is executed.
16:15:20 INFO  : ----------------XSDB Script (After Launch)----------------
targets -set -nocase -filter {name =~ "ARM*#0" && jtag_cable_name =~ "Digilent Zed 210248B78019"} -index 0
con
----------------End of Script----------------

16:15:20 INFO  : Launch script is exported to file 'C:\Users\aamalik3\Desktop\ICAP_Readback\RISC_Preemption\RISC_Preemption.sdk\.sdk\launch_scripts\xilinx_c-c++_application_(system_debugger)\system_debugger_using_debug_risc_aes_ctr.elf_on_local.tcl'
16:23:41 INFO  : Connected to target on host '127.0.0.1' and port '3121'.
16:23:41 INFO  : 'targets -set -filter {jtag_cable_name =~ "Digilent Zed 210248B78019" && level==0} -index 1' command is executed.
16:23:44 INFO  : FPGA configured successfully with bitstream "C:/Users/aamalik3/Desktop/ICAP_Readback/RISC_Preemption/Zero_Delay_No_CRC/RISC_AES_0_delay.bit"
16:23:49 INFO  : Disconnected from the channel tcfchan#73.
16:23:50 INFO  : 'targets -set -filter {jtag_cable_name =~ "Digilent Zed 210248B78019" && level==0} -index 1' command is executed.
16:23:50 INFO  : 'fpga -state' command is executed.
16:23:50 INFO  : Connected to target on host '127.0.0.1' and port '3121'.
16:23:50 INFO  : Jtag cable 'Digilent Zed 210248B78019' is selected.
16:23:50 INFO  : 'jtag frequency' command is executed.
16:23:50 INFO  : Sourcing of 'C:/Users/aamalik3/Desktop/ICAP_Readback/RISC_Preemption/RISC_Preemption.sdk/design_1_wrapper_hw_platform_0/ps7_init.tcl' is done.
16:23:50 INFO  : Context for 'APU' is selected.
16:23:50 INFO  : Hardware design information is loaded from 'C:/Users/aamalik3/Desktop/ICAP_Readback/RISC_Preemption/RISC_Preemption.sdk/design_1_wrapper_hw_platform_0/system.hdf'.
16:23:50 INFO  : 'configparams force-mem-access 1' command is executed.
16:23:50 INFO  : Context for 'APU' is selected.
16:23:50 INFO  : 'stop' command is executed.
16:23:51 INFO  : 'ps7_init' command is executed.
16:23:51 INFO  : 'ps7_post_config' command is executed.
16:23:51 INFO  : Context for processor 'ps7_cortexa9_0' is selected.
16:23:51 INFO  : Processor reset is completed for 'ps7_cortexa9_0'.
16:23:51 INFO  : Context for processor 'ps7_cortexa9_0' is selected.
16:23:51 INFO  : The application 'C:/Users/aamalik3/Desktop/ICAP_Readback/RISC_Preemption/RISC_Preemption.sdk/risc_aes_ctr/Debug/risc_aes_ctr.elf' is downloaded to processor 'ps7_cortexa9_0'.
16:23:51 INFO  : 'configparams force-mem-access 0' command is executed.
16:23:51 INFO  : ----------------XSDB Script----------------
connect -url tcp:127.0.0.1:3121
source C:/Users/aamalik3/Desktop/ICAP_Readback/RISC_Preemption/RISC_Preemption.sdk/design_1_wrapper_hw_platform_0/ps7_init.tcl
targets -set -nocase -filter {name =~"APU*" && jtag_cable_name =~ "Digilent Zed 210248B78019"} -index 0
loadhw -hw C:/Users/aamalik3/Desktop/ICAP_Readback/RISC_Preemption/RISC_Preemption.sdk/design_1_wrapper_hw_platform_0/system.hdf -mem-ranges [list {0x40000000 0xbfffffff}]
configparams force-mem-access 1
targets -set -nocase -filter {name =~"APU*" && jtag_cable_name =~ "Digilent Zed 210248B78019"} -index 0
stop
ps7_init
ps7_post_config
targets -set -nocase -filter {name =~ "ARM*#0" && jtag_cable_name =~ "Digilent Zed 210248B78019"} -index 0
rst -processor
targets -set -nocase -filter {name =~ "ARM*#0" && jtag_cable_name =~ "Digilent Zed 210248B78019"} -index 0
dow C:/Users/aamalik3/Desktop/ICAP_Readback/RISC_Preemption/RISC_Preemption.sdk/risc_aes_ctr/Debug/risc_aes_ctr.elf
configparams force-mem-access 0
----------------End of Script----------------

16:23:51 INFO  : Memory regions updated for context APU
16:23:51 INFO  : Context for processor 'ps7_cortexa9_0' is selected.
16:23:51 INFO  : 'con' command is executed.
16:23:51 INFO  : ----------------XSDB Script (After Launch)----------------
targets -set -nocase -filter {name =~ "ARM*#0" && jtag_cable_name =~ "Digilent Zed 210248B78019"} -index 0
con
----------------End of Script----------------

16:23:51 INFO  : Launch script is exported to file 'C:\Users\aamalik3\Desktop\ICAP_Readback\RISC_Preemption\RISC_Preemption.sdk\.sdk\launch_scripts\xilinx_c-c++_application_(system_debugger)\system_debugger_using_debug_risc_aes_ctr.elf_on_local.tcl'
16:30:32 INFO  : Disconnected from the channel tcfchan#74.
16:30:33 INFO  : 'targets -set -filter {jtag_cable_name =~ "Digilent Zed 210248B78019" && level==0} -index 1' command is executed.
16:30:33 INFO  : 'fpga -state' command is executed.
16:30:33 INFO  : Connected to target on host '127.0.0.1' and port '3121'.
16:30:33 INFO  : Jtag cable 'Digilent Zed 210248B78019' is selected.
16:30:33 INFO  : 'jtag frequency' command is executed.
16:30:33 INFO  : Sourcing of 'C:/Users/aamalik3/Desktop/ICAP_Readback/RISC_Preemption/RISC_Preemption.sdk/design_1_wrapper_hw_platform_0/ps7_init.tcl' is done.
16:30:33 INFO  : Context for 'APU' is selected.
16:30:33 INFO  : Hardware design information is loaded from 'C:/Users/aamalik3/Desktop/ICAP_Readback/RISC_Preemption/RISC_Preemption.sdk/design_1_wrapper_hw_platform_0/system.hdf'.
16:30:33 INFO  : 'configparams force-mem-access 1' command is executed.
16:30:33 INFO  : Context for 'APU' is selected.
16:30:33 INFO  : 'stop' command is executed.
16:30:33 INFO  : 'ps7_init' command is executed.
16:30:33 INFO  : 'ps7_post_config' command is executed.
16:30:33 INFO  : Context for processor 'ps7_cortexa9_0' is selected.
16:30:34 INFO  : Processor reset is completed for 'ps7_cortexa9_0'.
16:30:34 INFO  : Context for processor 'ps7_cortexa9_0' is selected.
16:30:34 INFO  : The application 'C:/Users/aamalik3/Desktop/ICAP_Readback/RISC_Preemption/RISC_Preemption.sdk/risc_aes_ctr/Debug/risc_aes_ctr.elf' is downloaded to processor 'ps7_cortexa9_0'.
16:30:34 INFO  : 'configparams force-mem-access 0' command is executed.
16:30:34 INFO  : ----------------XSDB Script----------------
connect -url tcp:127.0.0.1:3121
source C:/Users/aamalik3/Desktop/ICAP_Readback/RISC_Preemption/RISC_Preemption.sdk/design_1_wrapper_hw_platform_0/ps7_init.tcl
targets -set -nocase -filter {name =~"APU*" && jtag_cable_name =~ "Digilent Zed 210248B78019"} -index 0
loadhw -hw C:/Users/aamalik3/Desktop/ICAP_Readback/RISC_Preemption/RISC_Preemption.sdk/design_1_wrapper_hw_platform_0/system.hdf -mem-ranges [list {0x40000000 0xbfffffff}]
configparams force-mem-access 1
targets -set -nocase -filter {name =~"APU*" && jtag_cable_name =~ "Digilent Zed 210248B78019"} -index 0
stop
ps7_init
ps7_post_config
targets -set -nocase -filter {name =~ "ARM*#0" && jtag_cable_name =~ "Digilent Zed 210248B78019"} -index 0
rst -processor
targets -set -nocase -filter {name =~ "ARM*#0" && jtag_cable_name =~ "Digilent Zed 210248B78019"} -index 0
dow C:/Users/aamalik3/Desktop/ICAP_Readback/RISC_Preemption/RISC_Preemption.sdk/risc_aes_ctr/Debug/risc_aes_ctr.elf
configparams force-mem-access 0
----------------End of Script----------------

16:30:34 INFO  : Memory regions updated for context APU
16:30:34 INFO  : Context for processor 'ps7_cortexa9_0' is selected.
16:30:34 INFO  : 'con' command is executed.
16:30:34 INFO  : ----------------XSDB Script (After Launch)----------------
targets -set -nocase -filter {name =~ "ARM*#0" && jtag_cable_name =~ "Digilent Zed 210248B78019"} -index 0
con
----------------End of Script----------------

16:30:34 INFO  : Launch script is exported to file 'C:\Users\aamalik3\Desktop\ICAP_Readback\RISC_Preemption\RISC_Preemption.sdk\.sdk\launch_scripts\xilinx_c-c++_application_(system_debugger)\system_debugger_using_debug_risc_aes_ctr.elf_on_local.tcl'
16:31:15 INFO  : Disconnected from the channel tcfchan#75.
16:31:16 INFO  : 'targets -set -filter {jtag_cable_name =~ "Digilent Zed 210248B78019" && level==0} -index 1' command is executed.
16:31:16 INFO  : 'fpga -state' command is executed.
16:31:16 INFO  : Connected to target on host '127.0.0.1' and port '3121'.
16:31:16 INFO  : Jtag cable 'Digilent Zed 210248B78019' is selected.
16:31:16 INFO  : 'jtag frequency' command is executed.
16:31:16 INFO  : Sourcing of 'C:/Users/aamalik3/Desktop/ICAP_Readback/RISC_Preemption/RISC_Preemption.sdk/design_1_wrapper_hw_platform_0/ps7_init.tcl' is done.
16:31:16 INFO  : Context for 'APU' is selected.
16:31:16 INFO  : Hardware design information is loaded from 'C:/Users/aamalik3/Desktop/ICAP_Readback/RISC_Preemption/RISC_Preemption.sdk/design_1_wrapper_hw_platform_0/system.hdf'.
16:31:16 INFO  : 'configparams force-mem-access 1' command is executed.
16:31:16 INFO  : Context for 'APU' is selected.
16:31:17 INFO  : 'stop' command is executed.
16:31:17 INFO  : 'ps7_init' command is executed.
16:31:17 INFO  : 'ps7_post_config' command is executed.
16:31:17 INFO  : Context for processor 'ps7_cortexa9_0' is selected.
16:31:17 INFO  : Processor reset is completed for 'ps7_cortexa9_0'.
16:31:17 INFO  : Context for processor 'ps7_cortexa9_0' is selected.
16:31:18 INFO  : The application 'C:/Users/aamalik3/Desktop/ICAP_Readback/RISC_Preemption/RISC_Preemption.sdk/risc_aes_ctr/Debug/risc_aes_ctr.elf' is downloaded to processor 'ps7_cortexa9_0'.
16:31:18 INFO  : 'configparams force-mem-access 0' command is executed.
16:31:18 INFO  : ----------------XSDB Script----------------
connect -url tcp:127.0.0.1:3121
source C:/Users/aamalik3/Desktop/ICAP_Readback/RISC_Preemption/RISC_Preemption.sdk/design_1_wrapper_hw_platform_0/ps7_init.tcl
targets -set -nocase -filter {name =~"APU*" && jtag_cable_name =~ "Digilent Zed 210248B78019"} -index 0
loadhw -hw C:/Users/aamalik3/Desktop/ICAP_Readback/RISC_Preemption/RISC_Preemption.sdk/design_1_wrapper_hw_platform_0/system.hdf -mem-ranges [list {0x40000000 0xbfffffff}]
configparams force-mem-access 1
targets -set -nocase -filter {name =~"APU*" && jtag_cable_name =~ "Digilent Zed 210248B78019"} -index 0
stop
ps7_init
ps7_post_config
targets -set -nocase -filter {name =~ "ARM*#0" && jtag_cable_name =~ "Digilent Zed 210248B78019"} -index 0
rst -processor
targets -set -nocase -filter {name =~ "ARM*#0" && jtag_cable_name =~ "Digilent Zed 210248B78019"} -index 0
dow C:/Users/aamalik3/Desktop/ICAP_Readback/RISC_Preemption/RISC_Preemption.sdk/risc_aes_ctr/Debug/risc_aes_ctr.elf
configparams force-mem-access 0
----------------End of Script----------------

16:31:18 INFO  : Memory regions updated for context APU
16:31:18 INFO  : Context for processor 'ps7_cortexa9_0' is selected.
16:31:18 INFO  : 'con' command is executed.
16:31:18 INFO  : ----------------XSDB Script (After Launch)----------------
targets -set -nocase -filter {name =~ "ARM*#0" && jtag_cable_name =~ "Digilent Zed 210248B78019"} -index 0
con
----------------End of Script----------------

16:31:18 INFO  : Launch script is exported to file 'C:\Users\aamalik3\Desktop\ICAP_Readback\RISC_Preemption\RISC_Preemption.sdk\.sdk\launch_scripts\xilinx_c-c++_application_(system_debugger)\system_debugger_using_debug_risc_aes_ctr.elf_on_local.tcl'
16:38:39 INFO  : Disconnected from the channel tcfchan#76.
16:38:40 INFO  : 'targets -set -filter {jtag_cable_name =~ "Digilent Zed 210248B78019" && level==0} -index 1' command is executed.
16:38:40 INFO  : 'fpga -state' command is executed.
16:38:40 INFO  : Connected to target on host '127.0.0.1' and port '3121'.
16:38:40 INFO  : Jtag cable 'Digilent Zed 210248B78019' is selected.
16:38:40 INFO  : 'jtag frequency' command is executed.
16:38:40 INFO  : Sourcing of 'C:/Users/aamalik3/Desktop/ICAP_Readback/RISC_Preemption/RISC_Preemption.sdk/design_1_wrapper_hw_platform_0/ps7_init.tcl' is done.
16:38:40 INFO  : Context for 'APU' is selected.
16:38:40 INFO  : Hardware design information is loaded from 'C:/Users/aamalik3/Desktop/ICAP_Readback/RISC_Preemption/RISC_Preemption.sdk/design_1_wrapper_hw_platform_0/system.hdf'.
16:38:40 INFO  : 'configparams force-mem-access 1' command is executed.
16:38:40 INFO  : Context for 'APU' is selected.
16:38:40 INFO  : 'stop' command is executed.
16:38:41 INFO  : 'ps7_init' command is executed.
16:38:41 INFO  : 'ps7_post_config' command is executed.
16:38:41 INFO  : Context for processor 'ps7_cortexa9_0' is selected.
16:38:41 INFO  : Processor reset is completed for 'ps7_cortexa9_0'.
16:38:41 INFO  : Context for processor 'ps7_cortexa9_0' is selected.
16:38:41 INFO  : The application 'C:/Users/aamalik3/Desktop/ICAP_Readback/RISC_Preemption/RISC_Preemption.sdk/risc_aes_ctr/Debug/risc_aes_ctr.elf' is downloaded to processor 'ps7_cortexa9_0'.
16:38:41 INFO  : 'configparams force-mem-access 0' command is executed.
16:38:41 INFO  : ----------------XSDB Script----------------
connect -url tcp:127.0.0.1:3121
source C:/Users/aamalik3/Desktop/ICAP_Readback/RISC_Preemption/RISC_Preemption.sdk/design_1_wrapper_hw_platform_0/ps7_init.tcl
targets -set -nocase -filter {name =~"APU*" && jtag_cable_name =~ "Digilent Zed 210248B78019"} -index 0
loadhw -hw C:/Users/aamalik3/Desktop/ICAP_Readback/RISC_Preemption/RISC_Preemption.sdk/design_1_wrapper_hw_platform_0/system.hdf -mem-ranges [list {0x40000000 0xbfffffff}]
configparams force-mem-access 1
targets -set -nocase -filter {name =~"APU*" && jtag_cable_name =~ "Digilent Zed 210248B78019"} -index 0
stop
ps7_init
ps7_post_config
targets -set -nocase -filter {name =~ "ARM*#0" && jtag_cable_name =~ "Digilent Zed 210248B78019"} -index 0
rst -processor
targets -set -nocase -filter {name =~ "ARM*#0" && jtag_cable_name =~ "Digilent Zed 210248B78019"} -index 0
dow C:/Users/aamalik3/Desktop/ICAP_Readback/RISC_Preemption/RISC_Preemption.sdk/risc_aes_ctr/Debug/risc_aes_ctr.elf
configparams force-mem-access 0
----------------End of Script----------------

16:38:41 INFO  : Memory regions updated for context APU
16:38:41 INFO  : Context for processor 'ps7_cortexa9_0' is selected.
16:38:41 INFO  : 'con' command is executed.
16:38:41 INFO  : ----------------XSDB Script (After Launch)----------------
targets -set -nocase -filter {name =~ "ARM*#0" && jtag_cable_name =~ "Digilent Zed 210248B78019"} -index 0
con
----------------End of Script----------------

16:38:41 INFO  : Launch script is exported to file 'C:\Users\aamalik3\Desktop\ICAP_Readback\RISC_Preemption\RISC_Preemption.sdk\.sdk\launch_scripts\xilinx_c-c++_application_(system_debugger)\system_debugger_using_debug_risc_aes_ctr.elf_on_local.tcl'
16:39:39 INFO  : Disconnected from the channel tcfchan#77.
16:39:41 INFO  : 'targets -set -filter {jtag_cable_name =~ "Digilent Zed 210248B78019" && level==0} -index 1' command is executed.
16:39:41 INFO  : 'fpga -state' command is executed.
16:39:41 INFO  : Connected to target on host '127.0.0.1' and port '3121'.
16:39:41 INFO  : Jtag cable 'Digilent Zed 210248B78019' is selected.
16:39:41 INFO  : 'jtag frequency' command is executed.
16:39:41 INFO  : Sourcing of 'C:/Users/aamalik3/Desktop/ICAP_Readback/RISC_Preemption/RISC_Preemption.sdk/design_1_wrapper_hw_platform_0/ps7_init.tcl' is done.
16:39:41 INFO  : Context for 'APU' is selected.
16:39:41 INFO  : Hardware design information is loaded from 'C:/Users/aamalik3/Desktop/ICAP_Readback/RISC_Preemption/RISC_Preemption.sdk/design_1_wrapper_hw_platform_0/system.hdf'.
16:39:41 INFO  : 'configparams force-mem-access 1' command is executed.
16:39:41 INFO  : Context for 'APU' is selected.
16:39:41 INFO  : 'stop' command is executed.
16:39:41 INFO  : 'ps7_init' command is executed.
16:39:41 INFO  : 'ps7_post_config' command is executed.
16:39:41 INFO  : Context for processor 'ps7_cortexa9_0' is selected.
16:39:41 INFO  : Processor reset is completed for 'ps7_cortexa9_0'.
16:39:41 INFO  : Context for processor 'ps7_cortexa9_0' is selected.
16:39:42 INFO  : The application 'C:/Users/aamalik3/Desktop/ICAP_Readback/RISC_Preemption/RISC_Preemption.sdk/risc_aes_ctr/Debug/risc_aes_ctr.elf' is downloaded to processor 'ps7_cortexa9_0'.
16:39:42 INFO  : 'configparams force-mem-access 0' command is executed.
16:39:42 INFO  : ----------------XSDB Script----------------
connect -url tcp:127.0.0.1:3121
source C:/Users/aamalik3/Desktop/ICAP_Readback/RISC_Preemption/RISC_Preemption.sdk/design_1_wrapper_hw_platform_0/ps7_init.tcl
targets -set -nocase -filter {name =~"APU*" && jtag_cable_name =~ "Digilent Zed 210248B78019"} -index 0
loadhw -hw C:/Users/aamalik3/Desktop/ICAP_Readback/RISC_Preemption/RISC_Preemption.sdk/design_1_wrapper_hw_platform_0/system.hdf -mem-ranges [list {0x40000000 0xbfffffff}]
configparams force-mem-access 1
targets -set -nocase -filter {name =~"APU*" && jtag_cable_name =~ "Digilent Zed 210248B78019"} -index 0
stop
ps7_init
ps7_post_config
targets -set -nocase -filter {name =~ "ARM*#0" && jtag_cable_name =~ "Digilent Zed 210248B78019"} -index 0
rst -processor
targets -set -nocase -filter {name =~ "ARM*#0" && jtag_cable_name =~ "Digilent Zed 210248B78019"} -index 0
dow C:/Users/aamalik3/Desktop/ICAP_Readback/RISC_Preemption/RISC_Preemption.sdk/risc_aes_ctr/Debug/risc_aes_ctr.elf
configparams force-mem-access 0
----------------End of Script----------------

16:39:42 INFO  : Memory regions updated for context APU
16:39:42 INFO  : Context for processor 'ps7_cortexa9_0' is selected.
16:39:42 INFO  : 'con' command is executed.
16:39:42 INFO  : ----------------XSDB Script (After Launch)----------------
targets -set -nocase -filter {name =~ "ARM*#0" && jtag_cable_name =~ "Digilent Zed 210248B78019"} -index 0
con
----------------End of Script----------------

16:39:42 INFO  : Launch script is exported to file 'C:\Users\aamalik3\Desktop\ICAP_Readback\RISC_Preemption\RISC_Preemption.sdk\.sdk\launch_scripts\xilinx_c-c++_application_(system_debugger)\system_debugger_using_debug_risc_aes_ctr.elf_on_local.tcl'
16:41:41 INFO  : Disconnected from the channel tcfchan#78.
16:41:42 INFO  : 'targets -set -filter {jtag_cable_name =~ "Digilent Zed 210248B78019" && level==0} -index 1' command is executed.
16:41:42 INFO  : 'fpga -state' command is executed.
16:41:42 INFO  : Connected to target on host '127.0.0.1' and port '3121'.
16:41:42 INFO  : Jtag cable 'Digilent Zed 210248B78019' is selected.
16:41:42 INFO  : 'jtag frequency' command is executed.
16:41:42 INFO  : Sourcing of 'C:/Users/aamalik3/Desktop/ICAP_Readback/RISC_Preemption/RISC_Preemption.sdk/design_1_wrapper_hw_platform_0/ps7_init.tcl' is done.
16:41:42 INFO  : Context for 'APU' is selected.
16:41:42 INFO  : Hardware design information is loaded from 'C:/Users/aamalik3/Desktop/ICAP_Readback/RISC_Preemption/RISC_Preemption.sdk/design_1_wrapper_hw_platform_0/system.hdf'.
16:41:42 INFO  : 'configparams force-mem-access 1' command is executed.
16:41:42 INFO  : Context for 'APU' is selected.
16:41:43 INFO  : 'stop' command is executed.
16:41:43 INFO  : 'ps7_init' command is executed.
16:41:43 INFO  : 'ps7_post_config' command is executed.
16:41:43 INFO  : Context for processor 'ps7_cortexa9_0' is selected.
16:41:43 INFO  : Processor reset is completed for 'ps7_cortexa9_0'.
16:41:43 INFO  : Context for processor 'ps7_cortexa9_0' is selected.
16:41:44 INFO  : The application 'C:/Users/aamalik3/Desktop/ICAP_Readback/RISC_Preemption/RISC_Preemption.sdk/risc_aes_ctr/Debug/risc_aes_ctr.elf' is downloaded to processor 'ps7_cortexa9_0'.
16:41:44 INFO  : 'configparams force-mem-access 0' command is executed.
16:41:44 INFO  : ----------------XSDB Script----------------
connect -url tcp:127.0.0.1:3121
source C:/Users/aamalik3/Desktop/ICAP_Readback/RISC_Preemption/RISC_Preemption.sdk/design_1_wrapper_hw_platform_0/ps7_init.tcl
targets -set -nocase -filter {name =~"APU*" && jtag_cable_name =~ "Digilent Zed 210248B78019"} -index 0
loadhw -hw C:/Users/aamalik3/Desktop/ICAP_Readback/RISC_Preemption/RISC_Preemption.sdk/design_1_wrapper_hw_platform_0/system.hdf -mem-ranges [list {0x40000000 0xbfffffff}]
configparams force-mem-access 1
targets -set -nocase -filter {name =~"APU*" && jtag_cable_name =~ "Digilent Zed 210248B78019"} -index 0
stop
ps7_init
ps7_post_config
targets -set -nocase -filter {name =~ "ARM*#0" && jtag_cable_name =~ "Digilent Zed 210248B78019"} -index 0
rst -processor
targets -set -nocase -filter {name =~ "ARM*#0" && jtag_cable_name =~ "Digilent Zed 210248B78019"} -index 0
dow C:/Users/aamalik3/Desktop/ICAP_Readback/RISC_Preemption/RISC_Preemption.sdk/risc_aes_ctr/Debug/risc_aes_ctr.elf
configparams force-mem-access 0
----------------End of Script----------------

16:41:44 INFO  : Memory regions updated for context APU
16:41:44 INFO  : Context for processor 'ps7_cortexa9_0' is selected.
16:41:44 INFO  : 'con' command is executed.
16:41:44 INFO  : ----------------XSDB Script (After Launch)----------------
targets -set -nocase -filter {name =~ "ARM*#0" && jtag_cable_name =~ "Digilent Zed 210248B78019"} -index 0
con
----------------End of Script----------------

16:41:44 INFO  : Launch script is exported to file 'C:\Users\aamalik3\Desktop\ICAP_Readback\RISC_Preemption\RISC_Preemption.sdk\.sdk\launch_scripts\xilinx_c-c++_application_(system_debugger)\system_debugger_using_debug_risc_aes_ctr.elf_on_local.tcl'
16:42:42 INFO  : Disconnected from the channel tcfchan#79.
16:42:43 INFO  : 'targets -set -filter {jtag_cable_name =~ "Digilent Zed 210248B78019" && level==0} -index 1' command is executed.
16:42:43 INFO  : 'fpga -state' command is executed.
16:42:43 INFO  : Connected to target on host '127.0.0.1' and port '3121'.
16:42:43 INFO  : Jtag cable 'Digilent Zed 210248B78019' is selected.
16:42:43 INFO  : 'jtag frequency' command is executed.
16:42:43 INFO  : Sourcing of 'C:/Users/aamalik3/Desktop/ICAP_Readback/RISC_Preemption/RISC_Preemption.sdk/design_1_wrapper_hw_platform_0/ps7_init.tcl' is done.
16:42:43 INFO  : Context for 'APU' is selected.
16:42:43 INFO  : Hardware design information is loaded from 'C:/Users/aamalik3/Desktop/ICAP_Readback/RISC_Preemption/RISC_Preemption.sdk/design_1_wrapper_hw_platform_0/system.hdf'.
16:42:43 INFO  : 'configparams force-mem-access 1' command is executed.
16:42:43 INFO  : Context for 'APU' is selected.
16:42:43 INFO  : 'stop' command is executed.
16:42:44 INFO  : 'ps7_init' command is executed.
16:42:44 INFO  : 'ps7_post_config' command is executed.
16:42:44 INFO  : Context for processor 'ps7_cortexa9_0' is selected.
16:42:44 INFO  : Processor reset is completed for 'ps7_cortexa9_0'.
16:42:44 INFO  : Context for processor 'ps7_cortexa9_0' is selected.
16:42:44 INFO  : The application 'C:/Users/aamalik3/Desktop/ICAP_Readback/RISC_Preemption/RISC_Preemption.sdk/risc_aes_ctr/Debug/risc_aes_ctr.elf' is downloaded to processor 'ps7_cortexa9_0'.
16:42:44 INFO  : 'configparams force-mem-access 0' command is executed.
16:42:44 INFO  : ----------------XSDB Script----------------
connect -url tcp:127.0.0.1:3121
source C:/Users/aamalik3/Desktop/ICAP_Readback/RISC_Preemption/RISC_Preemption.sdk/design_1_wrapper_hw_platform_0/ps7_init.tcl
targets -set -nocase -filter {name =~"APU*" && jtag_cable_name =~ "Digilent Zed 210248B78019"} -index 0
loadhw -hw C:/Users/aamalik3/Desktop/ICAP_Readback/RISC_Preemption/RISC_Preemption.sdk/design_1_wrapper_hw_platform_0/system.hdf -mem-ranges [list {0x40000000 0xbfffffff}]
configparams force-mem-access 1
targets -set -nocase -filter {name =~"APU*" && jtag_cable_name =~ "Digilent Zed 210248B78019"} -index 0
stop
ps7_init
ps7_post_config
targets -set -nocase -filter {name =~ "ARM*#0" && jtag_cable_name =~ "Digilent Zed 210248B78019"} -index 0
rst -processor
targets -set -nocase -filter {name =~ "ARM*#0" && jtag_cable_name =~ "Digilent Zed 210248B78019"} -index 0
dow C:/Users/aamalik3/Desktop/ICAP_Readback/RISC_Preemption/RISC_Preemption.sdk/risc_aes_ctr/Debug/risc_aes_ctr.elf
configparams force-mem-access 0
----------------End of Script----------------

16:42:44 INFO  : Memory regions updated for context APU
16:42:44 INFO  : Context for processor 'ps7_cortexa9_0' is selected.
16:42:44 INFO  : 'con' command is executed.
16:42:44 INFO  : ----------------XSDB Script (After Launch)----------------
targets -set -nocase -filter {name =~ "ARM*#0" && jtag_cable_name =~ "Digilent Zed 210248B78019"} -index 0
con
----------------End of Script----------------

16:42:44 INFO  : Launch script is exported to file 'C:\Users\aamalik3\Desktop\ICAP_Readback\RISC_Preemption\RISC_Preemption.sdk\.sdk\launch_scripts\xilinx_c-c++_application_(system_debugger)\system_debugger_using_debug_risc_aes_ctr.elf_on_local.tcl'
16:45:40 INFO  : Connected to target on host '127.0.0.1' and port '3121'.
16:45:40 INFO  : 'targets -set -filter {jtag_cable_name =~ "Digilent Zed 210248B78019" && level==0} -index 1' command is executed.
16:45:43 INFO  : FPGA configured successfully with bitstream "C:/Users/aamalik3/Desktop/ICAP_Readback/RISC_Preemption/With_delay_No_CRC/RISC_AES.bit"
16:45:55 INFO  : Disconnected from the channel tcfchan#80.
16:45:56 INFO  : 'targets -set -filter {jtag_cable_name =~ "Digilent Zed 210248B78019" && level==0} -index 1' command is executed.
16:45:56 INFO  : 'fpga -state' command is executed.
16:45:56 INFO  : Connected to target on host '127.0.0.1' and port '3121'.
16:45:56 INFO  : Jtag cable 'Digilent Zed 210248B78019' is selected.
16:45:56 INFO  : 'jtag frequency' command is executed.
16:45:56 INFO  : Sourcing of 'C:/Users/aamalik3/Desktop/ICAP_Readback/RISC_Preemption/RISC_Preemption.sdk/design_1_wrapper_hw_platform_0/ps7_init.tcl' is done.
16:45:56 INFO  : Context for 'APU' is selected.
16:45:56 INFO  : Hardware design information is loaded from 'C:/Users/aamalik3/Desktop/ICAP_Readback/RISC_Preemption/RISC_Preemption.sdk/design_1_wrapper_hw_platform_0/system.hdf'.
16:45:56 INFO  : 'configparams force-mem-access 1' command is executed.
16:45:56 INFO  : Context for 'APU' is selected.
16:45:56 INFO  : 'stop' command is executed.
16:45:57 INFO  : 'ps7_init' command is executed.
16:45:57 INFO  : 'ps7_post_config' command is executed.
16:45:57 INFO  : Context for processor 'ps7_cortexa9_0' is selected.
16:45:57 INFO  : Processor reset is completed for 'ps7_cortexa9_0'.
16:45:57 INFO  : Context for processor 'ps7_cortexa9_0' is selected.
16:45:57 INFO  : The application 'C:/Users/aamalik3/Desktop/ICAP_Readback/RISC_Preemption/RISC_Preemption.sdk/risc_aes_ctr/Debug/risc_aes_ctr.elf' is downloaded to processor 'ps7_cortexa9_0'.
16:45:57 INFO  : 'configparams force-mem-access 0' command is executed.
16:45:57 INFO  : ----------------XSDB Script----------------
connect -url tcp:127.0.0.1:3121
source C:/Users/aamalik3/Desktop/ICAP_Readback/RISC_Preemption/RISC_Preemption.sdk/design_1_wrapper_hw_platform_0/ps7_init.tcl
targets -set -nocase -filter {name =~"APU*" && jtag_cable_name =~ "Digilent Zed 210248B78019"} -index 0
loadhw -hw C:/Users/aamalik3/Desktop/ICAP_Readback/RISC_Preemption/RISC_Preemption.sdk/design_1_wrapper_hw_platform_0/system.hdf -mem-ranges [list {0x40000000 0xbfffffff}]
configparams force-mem-access 1
targets -set -nocase -filter {name =~"APU*" && jtag_cable_name =~ "Digilent Zed 210248B78019"} -index 0
stop
ps7_init
ps7_post_config
targets -set -nocase -filter {name =~ "ARM*#0" && jtag_cable_name =~ "Digilent Zed 210248B78019"} -index 0
rst -processor
targets -set -nocase -filter {name =~ "ARM*#0" && jtag_cable_name =~ "Digilent Zed 210248B78019"} -index 0
dow C:/Users/aamalik3/Desktop/ICAP_Readback/RISC_Preemption/RISC_Preemption.sdk/risc_aes_ctr/Debug/risc_aes_ctr.elf
configparams force-mem-access 0
----------------End of Script----------------

16:45:57 INFO  : Memory regions updated for context APU
16:45:57 INFO  : Context for processor 'ps7_cortexa9_0' is selected.
16:45:57 INFO  : 'con' command is executed.
16:45:57 INFO  : ----------------XSDB Script (After Launch)----------------
targets -set -nocase -filter {name =~ "ARM*#0" && jtag_cable_name =~ "Digilent Zed 210248B78019"} -index 0
con
----------------End of Script----------------

16:45:57 INFO  : Launch script is exported to file 'C:\Users\aamalik3\Desktop\ICAP_Readback\RISC_Preemption\RISC_Preemption.sdk\.sdk\launch_scripts\xilinx_c-c++_application_(system_debugger)\system_debugger_using_debug_risc_aes_ctr.elf_on_local.tcl'
16:47:38 INFO  : Disconnected from the channel tcfchan#81.
16:47:39 INFO  : 'targets -set -filter {jtag_cable_name =~ "Digilent Zed 210248B78019" && level==0} -index 1' command is executed.
16:47:39 INFO  : 'fpga -state' command is executed.
16:47:39 INFO  : Connected to target on host '127.0.0.1' and port '3121'.
16:47:39 INFO  : Jtag cable 'Digilent Zed 210248B78019' is selected.
16:47:39 INFO  : 'jtag frequency' command is executed.
16:47:39 INFO  : Sourcing of 'C:/Users/aamalik3/Desktop/ICAP_Readback/RISC_Preemption/RISC_Preemption.sdk/design_1_wrapper_hw_platform_0/ps7_init.tcl' is done.
16:47:39 INFO  : Context for 'APU' is selected.
16:47:39 INFO  : Hardware design information is loaded from 'C:/Users/aamalik3/Desktop/ICAP_Readback/RISC_Preemption/RISC_Preemption.sdk/design_1_wrapper_hw_platform_0/system.hdf'.
16:47:39 INFO  : 'configparams force-mem-access 1' command is executed.
16:47:39 INFO  : Context for 'APU' is selected.
16:47:39 INFO  : 'stop' command is executed.
16:47:40 INFO  : 'ps7_init' command is executed.
16:47:40 INFO  : 'ps7_post_config' command is executed.
16:47:40 INFO  : Context for processor 'ps7_cortexa9_0' is selected.
16:47:40 INFO  : Processor reset is completed for 'ps7_cortexa9_0'.
16:47:40 INFO  : Context for processor 'ps7_cortexa9_0' is selected.
16:47:40 INFO  : The application 'C:/Users/aamalik3/Desktop/ICAP_Readback/RISC_Preemption/RISC_Preemption.sdk/risc_aes_ctr/Debug/risc_aes_ctr.elf' is downloaded to processor 'ps7_cortexa9_0'.
16:47:40 INFO  : 'configparams force-mem-access 0' command is executed.
16:47:40 INFO  : ----------------XSDB Script----------------
connect -url tcp:127.0.0.1:3121
source C:/Users/aamalik3/Desktop/ICAP_Readback/RISC_Preemption/RISC_Preemption.sdk/design_1_wrapper_hw_platform_0/ps7_init.tcl
targets -set -nocase -filter {name =~"APU*" && jtag_cable_name =~ "Digilent Zed 210248B78019"} -index 0
loadhw -hw C:/Users/aamalik3/Desktop/ICAP_Readback/RISC_Preemption/RISC_Preemption.sdk/design_1_wrapper_hw_platform_0/system.hdf -mem-ranges [list {0x40000000 0xbfffffff}]
configparams force-mem-access 1
targets -set -nocase -filter {name =~"APU*" && jtag_cable_name =~ "Digilent Zed 210248B78019"} -index 0
stop
ps7_init
ps7_post_config
targets -set -nocase -filter {name =~ "ARM*#0" && jtag_cable_name =~ "Digilent Zed 210248B78019"} -index 0
rst -processor
targets -set -nocase -filter {name =~ "ARM*#0" && jtag_cable_name =~ "Digilent Zed 210248B78019"} -index 0
dow C:/Users/aamalik3/Desktop/ICAP_Readback/RISC_Preemption/RISC_Preemption.sdk/risc_aes_ctr/Debug/risc_aes_ctr.elf
configparams force-mem-access 0
----------------End of Script----------------

16:47:40 INFO  : Memory regions updated for context APU
16:47:40 INFO  : Context for processor 'ps7_cortexa9_0' is selected.
16:47:41 INFO  : 'con' command is executed.
16:47:41 INFO  : ----------------XSDB Script (After Launch)----------------
targets -set -nocase -filter {name =~ "ARM*#0" && jtag_cable_name =~ "Digilent Zed 210248B78019"} -index 0
con
----------------End of Script----------------

16:47:41 INFO  : Launch script is exported to file 'C:\Users\aamalik3\Desktop\ICAP_Readback\RISC_Preemption\RISC_Preemption.sdk\.sdk\launch_scripts\xilinx_c-c++_application_(system_debugger)\system_debugger_using_debug_risc_aes_ctr.elf_on_local.tcl'
16:57:15 INFO  : Connected to target on host '127.0.0.1' and port '3121'.
16:57:15 INFO  : 'targets -set -filter {jtag_cable_name =~ "Digilent Zed 210248B78019" && level==0} -index 1' command is executed.
16:57:18 INFO  : FPGA configured successfully with bitstream "C:/Users/aamalik3/Desktop/ICAP_Readback/RISC_Preemption/With_delay_No_CRC/RISC_AES.bit"
16:57:20 INFO  : Disconnected from the channel tcfchan#82.
16:57:21 INFO  : 'targets -set -filter {jtag_cable_name =~ "Digilent Zed 210248B78019" && level==0} -index 1' command is executed.
16:57:21 INFO  : 'fpga -state' command is executed.
16:57:21 INFO  : Connected to target on host '127.0.0.1' and port '3121'.
16:57:22 INFO  : Jtag cable 'Digilent Zed 210248B78019' is selected.
16:57:22 INFO  : 'jtag frequency' command is executed.
16:57:22 INFO  : Sourcing of 'C:/Users/aamalik3/Desktop/ICAP_Readback/RISC_Preemption/RISC_Preemption.sdk/design_1_wrapper_hw_platform_0/ps7_init.tcl' is done.
16:57:22 INFO  : Context for 'APU' is selected.
16:57:22 INFO  : Hardware design information is loaded from 'C:/Users/aamalik3/Desktop/ICAP_Readback/RISC_Preemption/RISC_Preemption.sdk/design_1_wrapper_hw_platform_0/system.hdf'.
16:57:22 INFO  : 'configparams force-mem-access 1' command is executed.
16:57:22 INFO  : Context for 'APU' is selected.
16:57:22 INFO  : 'stop' command is executed.
16:57:22 INFO  : 'ps7_init' command is executed.
16:57:22 INFO  : 'ps7_post_config' command is executed.
16:57:22 INFO  : Context for processor 'ps7_cortexa9_0' is selected.
16:57:22 INFO  : Processor reset is completed for 'ps7_cortexa9_0'.
16:57:22 INFO  : Context for processor 'ps7_cortexa9_0' is selected.
16:57:23 INFO  : The application 'C:/Users/aamalik3/Desktop/ICAP_Readback/RISC_Preemption/RISC_Preemption.sdk/risc_aes_ctr/Debug/risc_aes_ctr.elf' is downloaded to processor 'ps7_cortexa9_0'.
16:57:23 INFO  : 'configparams force-mem-access 0' command is executed.
16:57:23 INFO  : ----------------XSDB Script----------------
connect -url tcp:127.0.0.1:3121
source C:/Users/aamalik3/Desktop/ICAP_Readback/RISC_Preemption/RISC_Preemption.sdk/design_1_wrapper_hw_platform_0/ps7_init.tcl
targets -set -nocase -filter {name =~"APU*" && jtag_cable_name =~ "Digilent Zed 210248B78019"} -index 0
loadhw -hw C:/Users/aamalik3/Desktop/ICAP_Readback/RISC_Preemption/RISC_Preemption.sdk/design_1_wrapper_hw_platform_0/system.hdf -mem-ranges [list {0x40000000 0xbfffffff}]
configparams force-mem-access 1
targets -set -nocase -filter {name =~"APU*" && jtag_cable_name =~ "Digilent Zed 210248B78019"} -index 0
stop
ps7_init
ps7_post_config
targets -set -nocase -filter {name =~ "ARM*#0" && jtag_cable_name =~ "Digilent Zed 210248B78019"} -index 0
rst -processor
targets -set -nocase -filter {name =~ "ARM*#0" && jtag_cable_name =~ "Digilent Zed 210248B78019"} -index 0
dow C:/Users/aamalik3/Desktop/ICAP_Readback/RISC_Preemption/RISC_Preemption.sdk/risc_aes_ctr/Debug/risc_aes_ctr.elf
configparams force-mem-access 0
----------------End of Script----------------

16:57:23 INFO  : Memory regions updated for context APU
16:57:23 INFO  : Context for processor 'ps7_cortexa9_0' is selected.
16:57:23 INFO  : 'con' command is executed.
16:57:23 INFO  : ----------------XSDB Script (After Launch)----------------
targets -set -nocase -filter {name =~ "ARM*#0" && jtag_cable_name =~ "Digilent Zed 210248B78019"} -index 0
con
----------------End of Script----------------

16:57:23 INFO  : Launch script is exported to file 'C:\Users\aamalik3\Desktop\ICAP_Readback\RISC_Preemption\RISC_Preemption.sdk\.sdk\launch_scripts\xilinx_c-c++_application_(system_debugger)\system_debugger_using_debug_risc_aes_ctr.elf_on_local.tcl'
17:05:51 INFO  : Connected to target on host '127.0.0.1' and port '3121'.
17:05:51 INFO  : 'targets -set -filter {jtag_cable_name =~ "Digilent Zed 210248B78019" && level==0} -index 1' command is executed.
17:05:53 INFO  : FPGA configured successfully with bitstream "C:/Users/aamalik3/Desktop/ICAP_Readback/RISC_Preemption/With_delay_No_CRC/RISC_AES.bit"
17:11:48 INFO  : Disconnected from the channel tcfchan#83.
17:11:49 INFO  : 'targets -set -filter {jtag_cable_name =~ "Digilent Zed 210248B78019" && level==0} -index 1' command is executed.
17:11:49 INFO  : 'fpga -state' command is executed.
17:11:49 INFO  : Connected to target on host '127.0.0.1' and port '3121'.
17:11:49 INFO  : Jtag cable 'Digilent Zed 210248B78019' is selected.
17:11:49 INFO  : 'jtag frequency' command is executed.
17:11:49 INFO  : Sourcing of 'C:/Users/aamalik3/Desktop/ICAP_Readback/RISC_Preemption/RISC_Preemption.sdk/design_1_wrapper_hw_platform_0/ps7_init.tcl' is done.
17:11:49 INFO  : Context for 'APU' is selected.
17:11:49 INFO  : Hardware design information is loaded from 'C:/Users/aamalik3/Desktop/ICAP_Readback/RISC_Preemption/RISC_Preemption.sdk/design_1_wrapper_hw_platform_0/system.hdf'.
17:11:49 INFO  : 'configparams force-mem-access 1' command is executed.
17:11:49 INFO  : Context for 'APU' is selected.
17:11:49 INFO  : 'stop' command is executed.
17:11:50 INFO  : 'ps7_init' command is executed.
17:11:50 INFO  : 'ps7_post_config' command is executed.
17:11:50 INFO  : Context for processor 'ps7_cortexa9_0' is selected.
17:11:50 INFO  : Processor reset is completed for 'ps7_cortexa9_0'.
17:11:50 INFO  : Context for processor 'ps7_cortexa9_0' is selected.
17:11:50 INFO  : The application 'C:/Users/aamalik3/Desktop/ICAP_Readback/RISC_Preemption/RISC_Preemption.sdk/risc_aes_ctr/Debug/risc_aes_ctr.elf' is downloaded to processor 'ps7_cortexa9_0'.
17:11:50 INFO  : 'configparams force-mem-access 0' command is executed.
17:11:50 INFO  : ----------------XSDB Script----------------
connect -url tcp:127.0.0.1:3121
source C:/Users/aamalik3/Desktop/ICAP_Readback/RISC_Preemption/RISC_Preemption.sdk/design_1_wrapper_hw_platform_0/ps7_init.tcl
targets -set -nocase -filter {name =~"APU*" && jtag_cable_name =~ "Digilent Zed 210248B78019"} -index 0
loadhw -hw C:/Users/aamalik3/Desktop/ICAP_Readback/RISC_Preemption/RISC_Preemption.sdk/design_1_wrapper_hw_platform_0/system.hdf -mem-ranges [list {0x40000000 0xbfffffff}]
configparams force-mem-access 1
targets -set -nocase -filter {name =~"APU*" && jtag_cable_name =~ "Digilent Zed 210248B78019"} -index 0
stop
ps7_init
ps7_post_config
targets -set -nocase -filter {name =~ "ARM*#0" && jtag_cable_name =~ "Digilent Zed 210248B78019"} -index 0
rst -processor
targets -set -nocase -filter {name =~ "ARM*#0" && jtag_cable_name =~ "Digilent Zed 210248B78019"} -index 0
dow C:/Users/aamalik3/Desktop/ICAP_Readback/RISC_Preemption/RISC_Preemption.sdk/risc_aes_ctr/Debug/risc_aes_ctr.elf
configparams force-mem-access 0
----------------End of Script----------------

17:11:50 INFO  : Memory regions updated for context APU
17:11:50 INFO  : Context for processor 'ps7_cortexa9_0' is selected.
17:11:50 INFO  : 'con' command is executed.
17:11:50 INFO  : ----------------XSDB Script (After Launch)----------------
targets -set -nocase -filter {name =~ "ARM*#0" && jtag_cable_name =~ "Digilent Zed 210248B78019"} -index 0
con
----------------End of Script----------------

17:11:50 INFO  : Launch script is exported to file 'C:\Users\aamalik3\Desktop\ICAP_Readback\RISC_Preemption\RISC_Preemption.sdk\.sdk\launch_scripts\xilinx_c-c++_application_(system_debugger)\system_debugger_using_debug_risc_aes_ctr.elf_on_local.tcl'
17:17:03 INFO  : Disconnected from the channel tcfchan#84.
17:17:04 INFO  : 'targets -set -filter {jtag_cable_name =~ "Digilent Zed 210248B78019" && level==0} -index 1' command is executed.
17:17:04 INFO  : 'fpga -state' command is executed.
17:17:04 INFO  : Connected to target on host '127.0.0.1' and port '3121'.
17:17:04 INFO  : Jtag cable 'Digilent Zed 210248B78019' is selected.
17:17:04 INFO  : 'jtag frequency' command is executed.
17:17:04 INFO  : Sourcing of 'C:/Users/aamalik3/Desktop/ICAP_Readback/RISC_Preemption/RISC_Preemption.sdk/design_1_wrapper_hw_platform_0/ps7_init.tcl' is done.
17:17:04 INFO  : Context for 'APU' is selected.
17:17:04 INFO  : Hardware design information is loaded from 'C:/Users/aamalik3/Desktop/ICAP_Readback/RISC_Preemption/RISC_Preemption.sdk/design_1_wrapper_hw_platform_0/system.hdf'.
17:17:04 INFO  : 'configparams force-mem-access 1' command is executed.
17:17:04 INFO  : Context for 'APU' is selected.
17:17:04 INFO  : 'stop' command is executed.
17:17:04 INFO  : 'ps7_init' command is executed.
17:17:04 INFO  : 'ps7_post_config' command is executed.
17:17:04 INFO  : Context for processor 'ps7_cortexa9_0' is selected.
17:17:04 INFO  : Processor reset is completed for 'ps7_cortexa9_0'.
17:17:04 INFO  : Context for processor 'ps7_cortexa9_0' is selected.
17:17:05 INFO  : The application 'C:/Users/aamalik3/Desktop/ICAP_Readback/RISC_Preemption/RISC_Preemption.sdk/risc_aes_ctr/Debug/risc_aes_ctr.elf' is downloaded to processor 'ps7_cortexa9_0'.
17:17:05 INFO  : 'configparams force-mem-access 0' command is executed.
17:17:05 INFO  : ----------------XSDB Script----------------
connect -url tcp:127.0.0.1:3121
source C:/Users/aamalik3/Desktop/ICAP_Readback/RISC_Preemption/RISC_Preemption.sdk/design_1_wrapper_hw_platform_0/ps7_init.tcl
targets -set -nocase -filter {name =~"APU*" && jtag_cable_name =~ "Digilent Zed 210248B78019"} -index 0
loadhw -hw C:/Users/aamalik3/Desktop/ICAP_Readback/RISC_Preemption/RISC_Preemption.sdk/design_1_wrapper_hw_platform_0/system.hdf -mem-ranges [list {0x40000000 0xbfffffff}]
configparams force-mem-access 1
targets -set -nocase -filter {name =~"APU*" && jtag_cable_name =~ "Digilent Zed 210248B78019"} -index 0
stop
ps7_init
ps7_post_config
targets -set -nocase -filter {name =~ "ARM*#0" && jtag_cable_name =~ "Digilent Zed 210248B78019"} -index 0
rst -processor
targets -set -nocase -filter {name =~ "ARM*#0" && jtag_cable_name =~ "Digilent Zed 210248B78019"} -index 0
dow C:/Users/aamalik3/Desktop/ICAP_Readback/RISC_Preemption/RISC_Preemption.sdk/risc_aes_ctr/Debug/risc_aes_ctr.elf
configparams force-mem-access 0
----------------End of Script----------------

17:17:05 INFO  : Memory regions updated for context APU
17:17:05 INFO  : Context for processor 'ps7_cortexa9_0' is selected.
17:17:05 INFO  : 'con' command is executed.
17:17:05 INFO  : ----------------XSDB Script (After Launch)----------------
targets -set -nocase -filter {name =~ "ARM*#0" && jtag_cable_name =~ "Digilent Zed 210248B78019"} -index 0
con
----------------End of Script----------------

17:17:05 INFO  : Launch script is exported to file 'C:\Users\aamalik3\Desktop\ICAP_Readback\RISC_Preemption\RISC_Preemption.sdk\.sdk\launch_scripts\xilinx_c-c++_application_(system_debugger)\system_debugger_using_debug_risc_aes_ctr.elf_on_local.tcl'
17:21:08 INFO  : Disconnected from the channel tcfchan#85.
17:21:09 INFO  : 'targets -set -filter {jtag_cable_name =~ "Digilent Zed 210248B78019" && level==0} -index 1' command is executed.
17:21:09 INFO  : 'fpga -state' command is executed.
17:21:09 INFO  : Connected to target on host '127.0.0.1' and port '3121'.
17:21:09 INFO  : Jtag cable 'Digilent Zed 210248B78019' is selected.
17:21:09 INFO  : 'jtag frequency' command is executed.
17:21:09 INFO  : Sourcing of 'C:/Users/aamalik3/Desktop/ICAP_Readback/RISC_Preemption/RISC_Preemption.sdk/design_1_wrapper_hw_platform_0/ps7_init.tcl' is done.
17:21:09 INFO  : Context for 'APU' is selected.
17:21:09 INFO  : Hardware design information is loaded from 'C:/Users/aamalik3/Desktop/ICAP_Readback/RISC_Preemption/RISC_Preemption.sdk/design_1_wrapper_hw_platform_0/system.hdf'.
17:21:09 INFO  : 'configparams force-mem-access 1' command is executed.
17:21:09 INFO  : Context for 'APU' is selected.
17:21:09 INFO  : 'stop' command is executed.
17:21:09 INFO  : 'ps7_init' command is executed.
17:21:09 INFO  : 'ps7_post_config' command is executed.
17:21:09 INFO  : Context for processor 'ps7_cortexa9_0' is selected.
17:21:09 INFO  : Processor reset is completed for 'ps7_cortexa9_0'.
17:21:09 INFO  : Context for processor 'ps7_cortexa9_0' is selected.
17:21:10 INFO  : The application 'C:/Users/aamalik3/Desktop/ICAP_Readback/RISC_Preemption/RISC_Preemption.sdk/risc_aes_ctr/Debug/risc_aes_ctr.elf' is downloaded to processor 'ps7_cortexa9_0'.
17:21:10 INFO  : 'configparams force-mem-access 0' command is executed.
17:21:10 INFO  : ----------------XSDB Script----------------
connect -url tcp:127.0.0.1:3121
source C:/Users/aamalik3/Desktop/ICAP_Readback/RISC_Preemption/RISC_Preemption.sdk/design_1_wrapper_hw_platform_0/ps7_init.tcl
targets -set -nocase -filter {name =~"APU*" && jtag_cable_name =~ "Digilent Zed 210248B78019"} -index 0
loadhw -hw C:/Users/aamalik3/Desktop/ICAP_Readback/RISC_Preemption/RISC_Preemption.sdk/design_1_wrapper_hw_platform_0/system.hdf -mem-ranges [list {0x40000000 0xbfffffff}]
configparams force-mem-access 1
targets -set -nocase -filter {name =~"APU*" && jtag_cable_name =~ "Digilent Zed 210248B78019"} -index 0
stop
ps7_init
ps7_post_config
targets -set -nocase -filter {name =~ "ARM*#0" && jtag_cable_name =~ "Digilent Zed 210248B78019"} -index 0
rst -processor
targets -set -nocase -filter {name =~ "ARM*#0" && jtag_cable_name =~ "Digilent Zed 210248B78019"} -index 0
dow C:/Users/aamalik3/Desktop/ICAP_Readback/RISC_Preemption/RISC_Preemption.sdk/risc_aes_ctr/Debug/risc_aes_ctr.elf
configparams force-mem-access 0
----------------End of Script----------------

17:21:10 INFO  : Memory regions updated for context APU
17:21:10 INFO  : Context for processor 'ps7_cortexa9_0' is selected.
17:21:10 INFO  : 'con' command is executed.
17:21:10 INFO  : ----------------XSDB Script (After Launch)----------------
targets -set -nocase -filter {name =~ "ARM*#0" && jtag_cable_name =~ "Digilent Zed 210248B78019"} -index 0
con
----------------End of Script----------------

17:21:10 INFO  : Launch script is exported to file 'C:\Users\aamalik3\Desktop\ICAP_Readback\RISC_Preemption\RISC_Preemption.sdk\.sdk\launch_scripts\xilinx_c-c++_application_(system_debugger)\system_debugger_using_debug_risc_aes_ctr.elf_on_local.tcl'
17:25:15 INFO  : Disconnected from the channel tcfchan#86.
17:25:16 INFO  : 'targets -set -filter {jtag_cable_name =~ "Digilent Zed 210248B78019" && level==0} -index 1' command is executed.
17:25:16 INFO  : 'fpga -state' command is executed.
17:25:16 INFO  : Connected to target on host '127.0.0.1' and port '3121'.
17:25:16 INFO  : Jtag cable 'Digilent Zed 210248B78019' is selected.
17:25:16 INFO  : 'jtag frequency' command is executed.
17:25:16 INFO  : Sourcing of 'C:/Users/aamalik3/Desktop/ICAP_Readback/RISC_Preemption/RISC_Preemption.sdk/design_1_wrapper_hw_platform_0/ps7_init.tcl' is done.
17:25:16 INFO  : Context for 'APU' is selected.
17:25:16 INFO  : Hardware design information is loaded from 'C:/Users/aamalik3/Desktop/ICAP_Readback/RISC_Preemption/RISC_Preemption.sdk/design_1_wrapper_hw_platform_0/system.hdf'.
17:25:16 INFO  : 'configparams force-mem-access 1' command is executed.
17:25:16 INFO  : Context for 'APU' is selected.
17:25:16 INFO  : 'stop' command is executed.
17:25:17 INFO  : 'ps7_init' command is executed.
17:25:17 INFO  : 'ps7_post_config' command is executed.
17:25:17 INFO  : Context for processor 'ps7_cortexa9_0' is selected.
17:25:17 INFO  : Processor reset is completed for 'ps7_cortexa9_0'.
17:25:17 INFO  : Context for processor 'ps7_cortexa9_0' is selected.
17:25:17 INFO  : The application 'C:/Users/aamalik3/Desktop/ICAP_Readback/RISC_Preemption/RISC_Preemption.sdk/risc_aes_ctr/Debug/risc_aes_ctr.elf' is downloaded to processor 'ps7_cortexa9_0'.
17:25:17 INFO  : 'configparams force-mem-access 0' command is executed.
17:25:17 INFO  : ----------------XSDB Script----------------
connect -url tcp:127.0.0.1:3121
source C:/Users/aamalik3/Desktop/ICAP_Readback/RISC_Preemption/RISC_Preemption.sdk/design_1_wrapper_hw_platform_0/ps7_init.tcl
targets -set -nocase -filter {name =~"APU*" && jtag_cable_name =~ "Digilent Zed 210248B78019"} -index 0
loadhw -hw C:/Users/aamalik3/Desktop/ICAP_Readback/RISC_Preemption/RISC_Preemption.sdk/design_1_wrapper_hw_platform_0/system.hdf -mem-ranges [list {0x40000000 0xbfffffff}]
configparams force-mem-access 1
targets -set -nocase -filter {name =~"APU*" && jtag_cable_name =~ "Digilent Zed 210248B78019"} -index 0
stop
ps7_init
ps7_post_config
targets -set -nocase -filter {name =~ "ARM*#0" && jtag_cable_name =~ "Digilent Zed 210248B78019"} -index 0
rst -processor
targets -set -nocase -filter {name =~ "ARM*#0" && jtag_cable_name =~ "Digilent Zed 210248B78019"} -index 0
dow C:/Users/aamalik3/Desktop/ICAP_Readback/RISC_Preemption/RISC_Preemption.sdk/risc_aes_ctr/Debug/risc_aes_ctr.elf
configparams force-mem-access 0
----------------End of Script----------------

17:25:17 INFO  : Memory regions updated for context APU
17:25:18 INFO  : Context for processor 'ps7_cortexa9_0' is selected.
17:25:18 INFO  : 'con' command is executed.
17:25:18 INFO  : ----------------XSDB Script (After Launch)----------------
targets -set -nocase -filter {name =~ "ARM*#0" && jtag_cable_name =~ "Digilent Zed 210248B78019"} -index 0
con
----------------End of Script----------------

17:25:18 INFO  : Launch script is exported to file 'C:\Users\aamalik3\Desktop\ICAP_Readback\RISC_Preemption\RISC_Preemption.sdk\.sdk\launch_scripts\xilinx_c-c++_application_(system_debugger)\system_debugger_using_debug_risc_aes_ctr.elf_on_local.tcl'
17:26:48 INFO  : Disconnected from the channel tcfchan#87.
17:26:49 INFO  : 'targets -set -filter {jtag_cable_name =~ "Digilent Zed 210248B78019" && level==0} -index 1' command is executed.
17:26:49 INFO  : 'fpga -state' command is executed.
17:26:49 INFO  : Connected to target on host '127.0.0.1' and port '3121'.
17:26:49 INFO  : Jtag cable 'Digilent Zed 210248B78019' is selected.
17:26:49 INFO  : 'jtag frequency' command is executed.
17:26:49 INFO  : Sourcing of 'C:/Users/aamalik3/Desktop/ICAP_Readback/RISC_Preemption/RISC_Preemption.sdk/design_1_wrapper_hw_platform_0/ps7_init.tcl' is done.
17:26:49 INFO  : Context for 'APU' is selected.
17:26:49 INFO  : Hardware design information is loaded from 'C:/Users/aamalik3/Desktop/ICAP_Readback/RISC_Preemption/RISC_Preemption.sdk/design_1_wrapper_hw_platform_0/system.hdf'.
17:26:49 INFO  : 'configparams force-mem-access 1' command is executed.
17:26:49 INFO  : Context for 'APU' is selected.
17:26:49 INFO  : 'stop' command is executed.
17:26:49 INFO  : 'ps7_init' command is executed.
17:26:49 INFO  : 'ps7_post_config' command is executed.
17:26:49 INFO  : Context for processor 'ps7_cortexa9_0' is selected.
17:26:50 INFO  : Processor reset is completed for 'ps7_cortexa9_0'.
17:26:50 INFO  : Context for processor 'ps7_cortexa9_0' is selected.
17:26:50 INFO  : The application 'C:/Users/aamalik3/Desktop/ICAP_Readback/RISC_Preemption/RISC_Preemption.sdk/risc_aes_ctr/Debug/risc_aes_ctr.elf' is downloaded to processor 'ps7_cortexa9_0'.
17:26:50 INFO  : 'configparams force-mem-access 0' command is executed.
17:26:50 INFO  : ----------------XSDB Script----------------
connect -url tcp:127.0.0.1:3121
source C:/Users/aamalik3/Desktop/ICAP_Readback/RISC_Preemption/RISC_Preemption.sdk/design_1_wrapper_hw_platform_0/ps7_init.tcl
targets -set -nocase -filter {name =~"APU*" && jtag_cable_name =~ "Digilent Zed 210248B78019"} -index 0
loadhw -hw C:/Users/aamalik3/Desktop/ICAP_Readback/RISC_Preemption/RISC_Preemption.sdk/design_1_wrapper_hw_platform_0/system.hdf -mem-ranges [list {0x40000000 0xbfffffff}]
configparams force-mem-access 1
targets -set -nocase -filter {name =~"APU*" && jtag_cable_name =~ "Digilent Zed 210248B78019"} -index 0
stop
ps7_init
ps7_post_config
targets -set -nocase -filter {name =~ "ARM*#0" && jtag_cable_name =~ "Digilent Zed 210248B78019"} -index 0
rst -processor
targets -set -nocase -filter {name =~ "ARM*#0" && jtag_cable_name =~ "Digilent Zed 210248B78019"} -index 0
dow C:/Users/aamalik3/Desktop/ICAP_Readback/RISC_Preemption/RISC_Preemption.sdk/risc_aes_ctr/Debug/risc_aes_ctr.elf
configparams force-mem-access 0
----------------End of Script----------------

17:26:50 INFO  : Memory regions updated for context APU
17:26:50 INFO  : Context for processor 'ps7_cortexa9_0' is selected.
17:26:50 INFO  : 'con' command is executed.
17:26:50 INFO  : ----------------XSDB Script (After Launch)----------------
targets -set -nocase -filter {name =~ "ARM*#0" && jtag_cable_name =~ "Digilent Zed 210248B78019"} -index 0
con
----------------End of Script----------------

17:26:50 INFO  : Launch script is exported to file 'C:\Users\aamalik3\Desktop\ICAP_Readback\RISC_Preemption\RISC_Preemption.sdk\.sdk\launch_scripts\xilinx_c-c++_application_(system_debugger)\system_debugger_using_debug_risc_aes_ctr.elf_on_local.tcl'
17:27:37 INFO  : Disconnected from the channel tcfchan#88.
17:27:38 INFO  : 'targets -set -filter {jtag_cable_name =~ "Digilent Zed 210248B78019" && level==0} -index 1' command is executed.
17:27:38 INFO  : 'fpga -state' command is executed.
17:27:38 INFO  : Connected to target on host '127.0.0.1' and port '3121'.
17:27:38 INFO  : Jtag cable 'Digilent Zed 210248B78019' is selected.
17:27:38 INFO  : 'jtag frequency' command is executed.
17:27:38 INFO  : Sourcing of 'C:/Users/aamalik3/Desktop/ICAP_Readback/RISC_Preemption/RISC_Preemption.sdk/design_1_wrapper_hw_platform_0/ps7_init.tcl' is done.
17:27:38 INFO  : Context for 'APU' is selected.
17:27:38 INFO  : Hardware design information is loaded from 'C:/Users/aamalik3/Desktop/ICAP_Readback/RISC_Preemption/RISC_Preemption.sdk/design_1_wrapper_hw_platform_0/system.hdf'.
17:27:38 INFO  : 'configparams force-mem-access 1' command is executed.
17:27:38 INFO  : Context for 'APU' is selected.
17:27:38 INFO  : 'stop' command is executed.
17:27:39 INFO  : 'ps7_init' command is executed.
17:27:39 INFO  : 'ps7_post_config' command is executed.
17:27:39 INFO  : Context for processor 'ps7_cortexa9_0' is selected.
17:27:39 INFO  : Processor reset is completed for 'ps7_cortexa9_0'.
17:27:39 INFO  : Context for processor 'ps7_cortexa9_0' is selected.
17:27:39 INFO  : The application 'C:/Users/aamalik3/Desktop/ICAP_Readback/RISC_Preemption/RISC_Preemption.sdk/risc_aes_ctr/Debug/risc_aes_ctr.elf' is downloaded to processor 'ps7_cortexa9_0'.
17:27:39 INFO  : 'configparams force-mem-access 0' command is executed.
17:27:39 INFO  : ----------------XSDB Script----------------
connect -url tcp:127.0.0.1:3121
source C:/Users/aamalik3/Desktop/ICAP_Readback/RISC_Preemption/RISC_Preemption.sdk/design_1_wrapper_hw_platform_0/ps7_init.tcl
targets -set -nocase -filter {name =~"APU*" && jtag_cable_name =~ "Digilent Zed 210248B78019"} -index 0
loadhw -hw C:/Users/aamalik3/Desktop/ICAP_Readback/RISC_Preemption/RISC_Preemption.sdk/design_1_wrapper_hw_platform_0/system.hdf -mem-ranges [list {0x40000000 0xbfffffff}]
configparams force-mem-access 1
targets -set -nocase -filter {name =~"APU*" && jtag_cable_name =~ "Digilent Zed 210248B78019"} -index 0
stop
ps7_init
ps7_post_config
targets -set -nocase -filter {name =~ "ARM*#0" && jtag_cable_name =~ "Digilent Zed 210248B78019"} -index 0
rst -processor
targets -set -nocase -filter {name =~ "ARM*#0" && jtag_cable_name =~ "Digilent Zed 210248B78019"} -index 0
dow C:/Users/aamalik3/Desktop/ICAP_Readback/RISC_Preemption/RISC_Preemption.sdk/risc_aes_ctr/Debug/risc_aes_ctr.elf
configparams force-mem-access 0
----------------End of Script----------------

17:27:39 INFO  : Memory regions updated for context APU
17:27:39 INFO  : Context for processor 'ps7_cortexa9_0' is selected.
17:27:39 INFO  : 'con' command is executed.
17:27:39 INFO  : ----------------XSDB Script (After Launch)----------------
targets -set -nocase -filter {name =~ "ARM*#0" && jtag_cable_name =~ "Digilent Zed 210248B78019"} -index 0
con
----------------End of Script----------------

17:27:39 INFO  : Launch script is exported to file 'C:\Users\aamalik3\Desktop\ICAP_Readback\RISC_Preemption\RISC_Preemption.sdk\.sdk\launch_scripts\xilinx_c-c++_application_(system_debugger)\system_debugger_using_debug_risc_aes_ctr.elf_on_local.tcl'
17:28:32 INFO  : Disconnected from the channel tcfchan#89.
17:28:33 INFO  : 'targets -set -filter {jtag_cable_name =~ "Digilent Zed 210248B78019" && level==0} -index 1' command is executed.
17:28:33 INFO  : 'fpga -state' command is executed.
17:28:33 INFO  : Connected to target on host '127.0.0.1' and port '3121'.
17:28:33 INFO  : Jtag cable 'Digilent Zed 210248B78019' is selected.
17:28:33 INFO  : 'jtag frequency' command is executed.
17:28:33 INFO  : Sourcing of 'C:/Users/aamalik3/Desktop/ICAP_Readback/RISC_Preemption/RISC_Preemption.sdk/design_1_wrapper_hw_platform_0/ps7_init.tcl' is done.
17:28:33 INFO  : Context for 'APU' is selected.
17:28:33 INFO  : Hardware design information is loaded from 'C:/Users/aamalik3/Desktop/ICAP_Readback/RISC_Preemption/RISC_Preemption.sdk/design_1_wrapper_hw_platform_0/system.hdf'.
17:28:33 INFO  : 'configparams force-mem-access 1' command is executed.
17:28:33 INFO  : Context for 'APU' is selected.
17:28:33 INFO  : 'stop' command is executed.
17:28:34 INFO  : 'ps7_init' command is executed.
17:28:34 INFO  : 'ps7_post_config' command is executed.
17:28:34 INFO  : Context for processor 'ps7_cortexa9_0' is selected.
17:28:34 INFO  : Processor reset is completed for 'ps7_cortexa9_0'.
17:28:34 INFO  : Context for processor 'ps7_cortexa9_0' is selected.
17:28:34 INFO  : The application 'C:/Users/aamalik3/Desktop/ICAP_Readback/RISC_Preemption/RISC_Preemption.sdk/risc_aes_ctr/Debug/risc_aes_ctr.elf' is downloaded to processor 'ps7_cortexa9_0'.
17:28:34 INFO  : 'configparams force-mem-access 0' command is executed.
17:28:34 INFO  : ----------------XSDB Script----------------
connect -url tcp:127.0.0.1:3121
source C:/Users/aamalik3/Desktop/ICAP_Readback/RISC_Preemption/RISC_Preemption.sdk/design_1_wrapper_hw_platform_0/ps7_init.tcl
targets -set -nocase -filter {name =~"APU*" && jtag_cable_name =~ "Digilent Zed 210248B78019"} -index 0
loadhw -hw C:/Users/aamalik3/Desktop/ICAP_Readback/RISC_Preemption/RISC_Preemption.sdk/design_1_wrapper_hw_platform_0/system.hdf -mem-ranges [list {0x40000000 0xbfffffff}]
configparams force-mem-access 1
targets -set -nocase -filter {name =~"APU*" && jtag_cable_name =~ "Digilent Zed 210248B78019"} -index 0
stop
ps7_init
ps7_post_config
targets -set -nocase -filter {name =~ "ARM*#0" && jtag_cable_name =~ "Digilent Zed 210248B78019"} -index 0
rst -processor
targets -set -nocase -filter {name =~ "ARM*#0" && jtag_cable_name =~ "Digilent Zed 210248B78019"} -index 0
dow C:/Users/aamalik3/Desktop/ICAP_Readback/RISC_Preemption/RISC_Preemption.sdk/risc_aes_ctr/Debug/risc_aes_ctr.elf
configparams force-mem-access 0
----------------End of Script----------------

17:28:34 INFO  : Memory regions updated for context APU
17:28:34 INFO  : Context for processor 'ps7_cortexa9_0' is selected.
17:28:34 INFO  : 'con' command is executed.
17:28:34 INFO  : ----------------XSDB Script (After Launch)----------------
targets -set -nocase -filter {name =~ "ARM*#0" && jtag_cable_name =~ "Digilent Zed 210248B78019"} -index 0
con
----------------End of Script----------------

17:28:34 INFO  : Launch script is exported to file 'C:\Users\aamalik3\Desktop\ICAP_Readback\RISC_Preemption\RISC_Preemption.sdk\.sdk\launch_scripts\xilinx_c-c++_application_(system_debugger)\system_debugger_using_debug_risc_aes_ctr.elf_on_local.tcl'
17:31:27 INFO  : Disconnected from the channel tcfchan#90.
17:31:28 INFO  : 'targets -set -filter {jtag_cable_name =~ "Digilent Zed 210248B78019" && level==0} -index 1' command is executed.
17:31:28 INFO  : 'fpga -state' command is executed.
17:31:28 INFO  : Connected to target on host '127.0.0.1' and port '3121'.
17:31:29 INFO  : Jtag cable 'Digilent Zed 210248B78019' is selected.
17:31:29 INFO  : 'jtag frequency' command is executed.
17:31:29 INFO  : Sourcing of 'C:/Users/aamalik3/Desktop/ICAP_Readback/RISC_Preemption/RISC_Preemption.sdk/design_1_wrapper_hw_platform_0/ps7_init.tcl' is done.
17:31:29 INFO  : Context for 'APU' is selected.
17:31:29 INFO  : Hardware design information is loaded from 'C:/Users/aamalik3/Desktop/ICAP_Readback/RISC_Preemption/RISC_Preemption.sdk/design_1_wrapper_hw_platform_0/system.hdf'.
17:31:29 INFO  : 'configparams force-mem-access 1' command is executed.
17:31:29 INFO  : Context for 'APU' is selected.
17:31:29 INFO  : 'stop' command is executed.
17:31:29 INFO  : 'ps7_init' command is executed.
17:31:29 INFO  : 'ps7_post_config' command is executed.
17:31:29 INFO  : Context for processor 'ps7_cortexa9_0' is selected.
17:31:29 INFO  : Processor reset is completed for 'ps7_cortexa9_0'.
17:31:29 INFO  : Context for processor 'ps7_cortexa9_0' is selected.
17:31:30 INFO  : The application 'C:/Users/aamalik3/Desktop/ICAP_Readback/RISC_Preemption/RISC_Preemption.sdk/risc_aes_ctr/Debug/risc_aes_ctr.elf' is downloaded to processor 'ps7_cortexa9_0'.
17:31:30 INFO  : 'configparams force-mem-access 0' command is executed.
17:31:30 INFO  : ----------------XSDB Script----------------
connect -url tcp:127.0.0.1:3121
source C:/Users/aamalik3/Desktop/ICAP_Readback/RISC_Preemption/RISC_Preemption.sdk/design_1_wrapper_hw_platform_0/ps7_init.tcl
targets -set -nocase -filter {name =~"APU*" && jtag_cable_name =~ "Digilent Zed 210248B78019"} -index 0
loadhw -hw C:/Users/aamalik3/Desktop/ICAP_Readback/RISC_Preemption/RISC_Preemption.sdk/design_1_wrapper_hw_platform_0/system.hdf -mem-ranges [list {0x40000000 0xbfffffff}]
configparams force-mem-access 1
targets -set -nocase -filter {name =~"APU*" && jtag_cable_name =~ "Digilent Zed 210248B78019"} -index 0
stop
ps7_init
ps7_post_config
targets -set -nocase -filter {name =~ "ARM*#0" && jtag_cable_name =~ "Digilent Zed 210248B78019"} -index 0
rst -processor
targets -set -nocase -filter {name =~ "ARM*#0" && jtag_cable_name =~ "Digilent Zed 210248B78019"} -index 0
dow C:/Users/aamalik3/Desktop/ICAP_Readback/RISC_Preemption/RISC_Preemption.sdk/risc_aes_ctr/Debug/risc_aes_ctr.elf
configparams force-mem-access 0
----------------End of Script----------------

17:31:30 INFO  : Memory regions updated for context APU
17:31:30 INFO  : Context for processor 'ps7_cortexa9_0' is selected.
17:31:30 INFO  : 'con' command is executed.
17:31:30 INFO  : ----------------XSDB Script (After Launch)----------------
targets -set -nocase -filter {name =~ "ARM*#0" && jtag_cable_name =~ "Digilent Zed 210248B78019"} -index 0
con
----------------End of Script----------------

17:31:30 INFO  : Launch script is exported to file 'C:\Users\aamalik3\Desktop\ICAP_Readback\RISC_Preemption\RISC_Preemption.sdk\.sdk\launch_scripts\xilinx_c-c++_application_(system_debugger)\system_debugger_using_debug_risc_aes_ctr.elf_on_local.tcl'
17:31:53 INFO  : Disconnected from the channel tcfchan#91.
17:31:54 INFO  : 'targets -set -filter {jtag_cable_name =~ "Digilent Zed 210248B78019" && level==0} -index 1' command is executed.
17:31:54 INFO  : 'fpga -state' command is executed.
17:31:54 INFO  : Connected to target on host '127.0.0.1' and port '3121'.
17:31:54 INFO  : Jtag cable 'Digilent Zed 210248B78019' is selected.
17:31:54 INFO  : 'jtag frequency' command is executed.
17:31:54 INFO  : Sourcing of 'C:/Users/aamalik3/Desktop/ICAP_Readback/RISC_Preemption/RISC_Preemption.sdk/design_1_wrapper_hw_platform_0/ps7_init.tcl' is done.
17:31:54 INFO  : Context for 'APU' is selected.
17:31:54 INFO  : Hardware design information is loaded from 'C:/Users/aamalik3/Desktop/ICAP_Readback/RISC_Preemption/RISC_Preemption.sdk/design_1_wrapper_hw_platform_0/system.hdf'.
17:31:54 INFO  : 'configparams force-mem-access 1' command is executed.
17:31:54 INFO  : Context for 'APU' is selected.
17:31:54 INFO  : 'stop' command is executed.
17:31:54 INFO  : 'ps7_init' command is executed.
17:31:54 INFO  : 'ps7_post_config' command is executed.
17:31:55 INFO  : Context for processor 'ps7_cortexa9_0' is selected.
17:31:55 INFO  : Processor reset is completed for 'ps7_cortexa9_0'.
17:31:55 INFO  : Context for processor 'ps7_cortexa9_0' is selected.
17:31:55 INFO  : The application 'C:/Users/aamalik3/Desktop/ICAP_Readback/RISC_Preemption/RISC_Preemption.sdk/risc_aes_ctr/Debug/risc_aes_ctr.elf' is downloaded to processor 'ps7_cortexa9_0'.
17:31:55 INFO  : 'configparams force-mem-access 0' command is executed.
17:31:55 INFO  : ----------------XSDB Script----------------
connect -url tcp:127.0.0.1:3121
source C:/Users/aamalik3/Desktop/ICAP_Readback/RISC_Preemption/RISC_Preemption.sdk/design_1_wrapper_hw_platform_0/ps7_init.tcl
targets -set -nocase -filter {name =~"APU*" && jtag_cable_name =~ "Digilent Zed 210248B78019"} -index 0
loadhw -hw C:/Users/aamalik3/Desktop/ICAP_Readback/RISC_Preemption/RISC_Preemption.sdk/design_1_wrapper_hw_platform_0/system.hdf -mem-ranges [list {0x40000000 0xbfffffff}]
configparams force-mem-access 1
targets -set -nocase -filter {name =~"APU*" && jtag_cable_name =~ "Digilent Zed 210248B78019"} -index 0
stop
ps7_init
ps7_post_config
targets -set -nocase -filter {name =~ "ARM*#0" && jtag_cable_name =~ "Digilent Zed 210248B78019"} -index 0
rst -processor
targets -set -nocase -filter {name =~ "ARM*#0" && jtag_cable_name =~ "Digilent Zed 210248B78019"} -index 0
dow C:/Users/aamalik3/Desktop/ICAP_Readback/RISC_Preemption/RISC_Preemption.sdk/risc_aes_ctr/Debug/risc_aes_ctr.elf
configparams force-mem-access 0
----------------End of Script----------------

17:31:55 INFO  : Memory regions updated for context APU
17:31:55 INFO  : Context for processor 'ps7_cortexa9_0' is selected.
17:31:55 INFO  : 'con' command is executed.
17:31:55 INFO  : ----------------XSDB Script (After Launch)----------------
targets -set -nocase -filter {name =~ "ARM*#0" && jtag_cable_name =~ "Digilent Zed 210248B78019"} -index 0
con
----------------End of Script----------------

17:31:55 INFO  : Launch script is exported to file 'C:\Users\aamalik3\Desktop\ICAP_Readback\RISC_Preemption\RISC_Preemption.sdk\.sdk\launch_scripts\xilinx_c-c++_application_(system_debugger)\system_debugger_using_debug_risc_aes_ctr.elf_on_local.tcl'
17:35:38 INFO  : Disconnected from the channel tcfchan#92.
17:35:39 INFO  : 'targets -set -filter {jtag_cable_name =~ "Digilent Zed 210248B78019" && level==0} -index 1' command is executed.
17:35:39 INFO  : 'fpga -state' command is executed.
17:35:39 INFO  : Connected to target on host '127.0.0.1' and port '3121'.
17:35:39 INFO  : Jtag cable 'Digilent Zed 210248B78019' is selected.
17:35:39 INFO  : 'jtag frequency' command is executed.
17:35:39 INFO  : Sourcing of 'C:/Users/aamalik3/Desktop/ICAP_Readback/RISC_Preemption/RISC_Preemption.sdk/design_1_wrapper_hw_platform_0/ps7_init.tcl' is done.
17:35:39 INFO  : Context for 'APU' is selected.
17:35:39 INFO  : Hardware design information is loaded from 'C:/Users/aamalik3/Desktop/ICAP_Readback/RISC_Preemption/RISC_Preemption.sdk/design_1_wrapper_hw_platform_0/system.hdf'.
17:35:39 INFO  : 'configparams force-mem-access 1' command is executed.
17:35:39 INFO  : Context for 'APU' is selected.
17:35:39 INFO  : 'stop' command is executed.
17:35:40 INFO  : 'ps7_init' command is executed.
17:35:40 INFO  : 'ps7_post_config' command is executed.
17:35:40 INFO  : Context for processor 'ps7_cortexa9_0' is selected.
17:35:40 INFO  : Processor reset is completed for 'ps7_cortexa9_0'.
17:35:40 INFO  : Context for processor 'ps7_cortexa9_0' is selected.
17:35:40 INFO  : The application 'C:/Users/aamalik3/Desktop/ICAP_Readback/RISC_Preemption/RISC_Preemption.sdk/risc_aes_ctr/Debug/risc_aes_ctr.elf' is downloaded to processor 'ps7_cortexa9_0'.
17:35:40 INFO  : 'configparams force-mem-access 0' command is executed.
17:35:40 INFO  : ----------------XSDB Script----------------
connect -url tcp:127.0.0.1:3121
source C:/Users/aamalik3/Desktop/ICAP_Readback/RISC_Preemption/RISC_Preemption.sdk/design_1_wrapper_hw_platform_0/ps7_init.tcl
targets -set -nocase -filter {name =~"APU*" && jtag_cable_name =~ "Digilent Zed 210248B78019"} -index 0
loadhw -hw C:/Users/aamalik3/Desktop/ICAP_Readback/RISC_Preemption/RISC_Preemption.sdk/design_1_wrapper_hw_platform_0/system.hdf -mem-ranges [list {0x40000000 0xbfffffff}]
configparams force-mem-access 1
targets -set -nocase -filter {name =~"APU*" && jtag_cable_name =~ "Digilent Zed 210248B78019"} -index 0
stop
ps7_init
ps7_post_config
targets -set -nocase -filter {name =~ "ARM*#0" && jtag_cable_name =~ "Digilent Zed 210248B78019"} -index 0
rst -processor
targets -set -nocase -filter {name =~ "ARM*#0" && jtag_cable_name =~ "Digilent Zed 210248B78019"} -index 0
dow C:/Users/aamalik3/Desktop/ICAP_Readback/RISC_Preemption/RISC_Preemption.sdk/risc_aes_ctr/Debug/risc_aes_ctr.elf
configparams force-mem-access 0
----------------End of Script----------------

17:35:40 INFO  : Memory regions updated for context APU
17:35:40 INFO  : Context for processor 'ps7_cortexa9_0' is selected.
17:35:40 INFO  : 'con' command is executed.
17:35:40 INFO  : ----------------XSDB Script (After Launch)----------------
targets -set -nocase -filter {name =~ "ARM*#0" && jtag_cable_name =~ "Digilent Zed 210248B78019"} -index 0
con
----------------End of Script----------------

17:35:40 INFO  : Launch script is exported to file 'C:\Users\aamalik3\Desktop\ICAP_Readback\RISC_Preemption\RISC_Preemption.sdk\.sdk\launch_scripts\xilinx_c-c++_application_(system_debugger)\system_debugger_using_debug_risc_aes_ctr.elf_on_local.tcl'
17:36:22 INFO  : Disconnected from the channel tcfchan#93.
17:36:23 INFO  : 'targets -set -filter {jtag_cable_name =~ "Digilent Zed 210248B78019" && level==0} -index 1' command is executed.
17:36:23 INFO  : 'fpga -state' command is executed.
17:36:23 INFO  : Connected to target on host '127.0.0.1' and port '3121'.
17:36:23 INFO  : Jtag cable 'Digilent Zed 210248B78019' is selected.
17:36:23 INFO  : 'jtag frequency' command is executed.
17:36:23 INFO  : Sourcing of 'C:/Users/aamalik3/Desktop/ICAP_Readback/RISC_Preemption/RISC_Preemption.sdk/design_1_wrapper_hw_platform_0/ps7_init.tcl' is done.
17:36:23 INFO  : Context for 'APU' is selected.
17:36:23 INFO  : Hardware design information is loaded from 'C:/Users/aamalik3/Desktop/ICAP_Readback/RISC_Preemption/RISC_Preemption.sdk/design_1_wrapper_hw_platform_0/system.hdf'.
17:36:23 INFO  : 'configparams force-mem-access 1' command is executed.
17:36:23 INFO  : Context for 'APU' is selected.
17:36:23 INFO  : 'stop' command is executed.
17:36:24 INFO  : 'ps7_init' command is executed.
17:36:24 INFO  : 'ps7_post_config' command is executed.
17:36:24 INFO  : Context for processor 'ps7_cortexa9_0' is selected.
17:36:24 INFO  : Processor reset is completed for 'ps7_cortexa9_0'.
17:36:24 INFO  : Context for processor 'ps7_cortexa9_0' is selected.
17:36:24 INFO  : The application 'C:/Users/aamalik3/Desktop/ICAP_Readback/RISC_Preemption/RISC_Preemption.sdk/risc_aes_ctr/Debug/risc_aes_ctr.elf' is downloaded to processor 'ps7_cortexa9_0'.
17:36:24 INFO  : 'configparams force-mem-access 0' command is executed.
17:36:24 INFO  : ----------------XSDB Script----------------
connect -url tcp:127.0.0.1:3121
source C:/Users/aamalik3/Desktop/ICAP_Readback/RISC_Preemption/RISC_Preemption.sdk/design_1_wrapper_hw_platform_0/ps7_init.tcl
targets -set -nocase -filter {name =~"APU*" && jtag_cable_name =~ "Digilent Zed 210248B78019"} -index 0
loadhw -hw C:/Users/aamalik3/Desktop/ICAP_Readback/RISC_Preemption/RISC_Preemption.sdk/design_1_wrapper_hw_platform_0/system.hdf -mem-ranges [list {0x40000000 0xbfffffff}]
configparams force-mem-access 1
targets -set -nocase -filter {name =~"APU*" && jtag_cable_name =~ "Digilent Zed 210248B78019"} -index 0
stop
ps7_init
ps7_post_config
targets -set -nocase -filter {name =~ "ARM*#0" && jtag_cable_name =~ "Digilent Zed 210248B78019"} -index 0
rst -processor
targets -set -nocase -filter {name =~ "ARM*#0" && jtag_cable_name =~ "Digilent Zed 210248B78019"} -index 0
dow C:/Users/aamalik3/Desktop/ICAP_Readback/RISC_Preemption/RISC_Preemption.sdk/risc_aes_ctr/Debug/risc_aes_ctr.elf
configparams force-mem-access 0
----------------End of Script----------------

17:36:24 INFO  : Memory regions updated for context APU
17:36:24 INFO  : Context for processor 'ps7_cortexa9_0' is selected.
17:36:25 INFO  : 'con' command is executed.
17:36:25 INFO  : ----------------XSDB Script (After Launch)----------------
targets -set -nocase -filter {name =~ "ARM*#0" && jtag_cable_name =~ "Digilent Zed 210248B78019"} -index 0
con
----------------End of Script----------------

17:36:25 INFO  : Launch script is exported to file 'C:\Users\aamalik3\Desktop\ICAP_Readback\RISC_Preemption\RISC_Preemption.sdk\.sdk\launch_scripts\xilinx_c-c++_application_(system_debugger)\system_debugger_using_debug_risc_aes_ctr.elf_on_local.tcl'
17:37:35 INFO  : Disconnected from the channel tcfchan#94.
17:37:36 INFO  : 'targets -set -filter {jtag_cable_name =~ "Digilent Zed 210248B78019" && level==0} -index 1' command is executed.
17:37:36 INFO  : 'fpga -state' command is executed.
17:37:37 INFO  : Connected to target on host '127.0.0.1' and port '3121'.
17:37:37 INFO  : Jtag cable 'Digilent Zed 210248B78019' is selected.
17:37:37 INFO  : 'jtag frequency' command is executed.
17:37:37 INFO  : Sourcing of 'C:/Users/aamalik3/Desktop/ICAP_Readback/RISC_Preemption/RISC_Preemption.sdk/design_1_wrapper_hw_platform_0/ps7_init.tcl' is done.
17:37:37 INFO  : Context for 'APU' is selected.
17:37:37 INFO  : Hardware design information is loaded from 'C:/Users/aamalik3/Desktop/ICAP_Readback/RISC_Preemption/RISC_Preemption.sdk/design_1_wrapper_hw_platform_0/system.hdf'.
17:37:37 INFO  : 'configparams force-mem-access 1' command is executed.
17:37:37 INFO  : Context for 'APU' is selected.
17:37:37 INFO  : 'stop' command is executed.
17:37:37 INFO  : 'ps7_init' command is executed.
17:37:37 INFO  : 'ps7_post_config' command is executed.
17:37:37 INFO  : Context for processor 'ps7_cortexa9_0' is selected.
17:37:38 INFO  : Processor reset is completed for 'ps7_cortexa9_0'.
17:37:38 INFO  : Context for processor 'ps7_cortexa9_0' is selected.
17:37:38 INFO  : The application 'C:/Users/aamalik3/Desktop/ICAP_Readback/RISC_Preemption/RISC_Preemption.sdk/risc_aes_ctr/Debug/risc_aes_ctr.elf' is downloaded to processor 'ps7_cortexa9_0'.
17:37:38 INFO  : 'configparams force-mem-access 0' command is executed.
17:37:38 INFO  : ----------------XSDB Script----------------
connect -url tcp:127.0.0.1:3121
source C:/Users/aamalik3/Desktop/ICAP_Readback/RISC_Preemption/RISC_Preemption.sdk/design_1_wrapper_hw_platform_0/ps7_init.tcl
targets -set -nocase -filter {name =~"APU*" && jtag_cable_name =~ "Digilent Zed 210248B78019"} -index 0
loadhw -hw C:/Users/aamalik3/Desktop/ICAP_Readback/RISC_Preemption/RISC_Preemption.sdk/design_1_wrapper_hw_platform_0/system.hdf -mem-ranges [list {0x40000000 0xbfffffff}]
configparams force-mem-access 1
targets -set -nocase -filter {name =~"APU*" && jtag_cable_name =~ "Digilent Zed 210248B78019"} -index 0
stop
ps7_init
ps7_post_config
targets -set -nocase -filter {name =~ "ARM*#0" && jtag_cable_name =~ "Digilent Zed 210248B78019"} -index 0
rst -processor
targets -set -nocase -filter {name =~ "ARM*#0" && jtag_cable_name =~ "Digilent Zed 210248B78019"} -index 0
dow C:/Users/aamalik3/Desktop/ICAP_Readback/RISC_Preemption/RISC_Preemption.sdk/risc_aes_ctr/Debug/risc_aes_ctr.elf
configparams force-mem-access 0
----------------End of Script----------------

17:37:38 INFO  : Memory regions updated for context APU
17:37:38 INFO  : Context for processor 'ps7_cortexa9_0' is selected.
17:37:38 INFO  : 'con' command is executed.
17:37:38 INFO  : ----------------XSDB Script (After Launch)----------------
targets -set -nocase -filter {name =~ "ARM*#0" && jtag_cable_name =~ "Digilent Zed 210248B78019"} -index 0
con
----------------End of Script----------------

17:37:38 INFO  : Launch script is exported to file 'C:\Users\aamalik3\Desktop\ICAP_Readback\RISC_Preemption\RISC_Preemption.sdk\.sdk\launch_scripts\xilinx_c-c++_application_(system_debugger)\system_debugger_using_debug_risc_aes_ctr.elf_on_local.tcl'
17:38:32 INFO  : Disconnected from the channel tcfchan#95.
17:38:33 INFO  : 'targets -set -filter {jtag_cable_name =~ "Digilent Zed 210248B78019" && level==0} -index 1' command is executed.
17:38:33 INFO  : 'fpga -state' command is executed.
17:38:33 INFO  : Connected to target on host '127.0.0.1' and port '3121'.
17:38:34 INFO  : Jtag cable 'Digilent Zed 210248B78019' is selected.
17:38:34 INFO  : 'jtag frequency' command is executed.
17:38:34 INFO  : Sourcing of 'C:/Users/aamalik3/Desktop/ICAP_Readback/RISC_Preemption/RISC_Preemption.sdk/design_1_wrapper_hw_platform_0/ps7_init.tcl' is done.
17:38:34 INFO  : Context for 'APU' is selected.
17:38:34 INFO  : Hardware design information is loaded from 'C:/Users/aamalik3/Desktop/ICAP_Readback/RISC_Preemption/RISC_Preemption.sdk/design_1_wrapper_hw_platform_0/system.hdf'.
17:38:34 INFO  : 'configparams force-mem-access 1' command is executed.
17:38:34 INFO  : Context for 'APU' is selected.
17:38:34 INFO  : 'stop' command is executed.
17:38:34 INFO  : 'ps7_init' command is executed.
17:38:34 INFO  : 'ps7_post_config' command is executed.
17:38:34 INFO  : Context for processor 'ps7_cortexa9_0' is selected.
17:38:34 INFO  : Processor reset is completed for 'ps7_cortexa9_0'.
17:38:34 INFO  : Context for processor 'ps7_cortexa9_0' is selected.
17:38:35 INFO  : The application 'C:/Users/aamalik3/Desktop/ICAP_Readback/RISC_Preemption/RISC_Preemption.sdk/risc_aes_ctr/Debug/risc_aes_ctr.elf' is downloaded to processor 'ps7_cortexa9_0'.
17:38:35 INFO  : 'configparams force-mem-access 0' command is executed.
17:38:35 INFO  : ----------------XSDB Script----------------
connect -url tcp:127.0.0.1:3121
source C:/Users/aamalik3/Desktop/ICAP_Readback/RISC_Preemption/RISC_Preemption.sdk/design_1_wrapper_hw_platform_0/ps7_init.tcl
targets -set -nocase -filter {name =~"APU*" && jtag_cable_name =~ "Digilent Zed 210248B78019"} -index 0
loadhw -hw C:/Users/aamalik3/Desktop/ICAP_Readback/RISC_Preemption/RISC_Preemption.sdk/design_1_wrapper_hw_platform_0/system.hdf -mem-ranges [list {0x40000000 0xbfffffff}]
configparams force-mem-access 1
targets -set -nocase -filter {name =~"APU*" && jtag_cable_name =~ "Digilent Zed 210248B78019"} -index 0
stop
ps7_init
ps7_post_config
targets -set -nocase -filter {name =~ "ARM*#0" && jtag_cable_name =~ "Digilent Zed 210248B78019"} -index 0
rst -processor
targets -set -nocase -filter {name =~ "ARM*#0" && jtag_cable_name =~ "Digilent Zed 210248B78019"} -index 0
dow C:/Users/aamalik3/Desktop/ICAP_Readback/RISC_Preemption/RISC_Preemption.sdk/risc_aes_ctr/Debug/risc_aes_ctr.elf
configparams force-mem-access 0
----------------End of Script----------------

17:38:35 INFO  : Memory regions updated for context APU
17:38:35 INFO  : Context for processor 'ps7_cortexa9_0' is selected.
17:38:35 INFO  : 'con' command is executed.
17:38:35 INFO  : ----------------XSDB Script (After Launch)----------------
targets -set -nocase -filter {name =~ "ARM*#0" && jtag_cable_name =~ "Digilent Zed 210248B78019"} -index 0
con
----------------End of Script----------------

17:38:35 INFO  : Launch script is exported to file 'C:\Users\aamalik3\Desktop\ICAP_Readback\RISC_Preemption\RISC_Preemption.sdk\.sdk\launch_scripts\xilinx_c-c++_application_(system_debugger)\system_debugger_using_debug_risc_aes_ctr.elf_on_local.tcl'
17:46:49 INFO  : Disconnected from the channel tcfchan#96.
17:46:50 INFO  : 'targets -set -filter {jtag_cable_name =~ "Digilent Zed 210248B78019" && level==0} -index 1' command is executed.
17:46:50 INFO  : 'fpga -state' command is executed.
17:46:50 INFO  : Connected to target on host '127.0.0.1' and port '3121'.
17:46:50 INFO  : Jtag cable 'Digilent Zed 210248B78019' is selected.
17:46:50 INFO  : 'jtag frequency' command is executed.
17:46:50 INFO  : Sourcing of 'C:/Users/aamalik3/Desktop/ICAP_Readback/RISC_Preemption/RISC_Preemption.sdk/design_1_wrapper_hw_platform_0/ps7_init.tcl' is done.
17:46:50 INFO  : Context for 'APU' is selected.
17:46:50 INFO  : Hardware design information is loaded from 'C:/Users/aamalik3/Desktop/ICAP_Readback/RISC_Preemption/RISC_Preemption.sdk/design_1_wrapper_hw_platform_0/system.hdf'.
17:46:50 INFO  : 'configparams force-mem-access 1' command is executed.
17:46:50 INFO  : Context for 'APU' is selected.
17:46:50 INFO  : 'stop' command is executed.
17:46:51 INFO  : 'ps7_init' command is executed.
17:46:51 INFO  : 'ps7_post_config' command is executed.
17:46:51 INFO  : Context for processor 'ps7_cortexa9_0' is selected.
17:46:51 INFO  : Processor reset is completed for 'ps7_cortexa9_0'.
17:46:51 INFO  : Context for processor 'ps7_cortexa9_0' is selected.
17:46:51 INFO  : The application 'C:/Users/aamalik3/Desktop/ICAP_Readback/RISC_Preemption/RISC_Preemption.sdk/risc_aes_ctr/Debug/risc_aes_ctr.elf' is downloaded to processor 'ps7_cortexa9_0'.
17:46:51 INFO  : 'configparams force-mem-access 0' command is executed.
17:46:51 INFO  : ----------------XSDB Script----------------
connect -url tcp:127.0.0.1:3121
source C:/Users/aamalik3/Desktop/ICAP_Readback/RISC_Preemption/RISC_Preemption.sdk/design_1_wrapper_hw_platform_0/ps7_init.tcl
targets -set -nocase -filter {name =~"APU*" && jtag_cable_name =~ "Digilent Zed 210248B78019"} -index 0
loadhw -hw C:/Users/aamalik3/Desktop/ICAP_Readback/RISC_Preemption/RISC_Preemption.sdk/design_1_wrapper_hw_platform_0/system.hdf -mem-ranges [list {0x40000000 0xbfffffff}]
configparams force-mem-access 1
targets -set -nocase -filter {name =~"APU*" && jtag_cable_name =~ "Digilent Zed 210248B78019"} -index 0
stop
ps7_init
ps7_post_config
targets -set -nocase -filter {name =~ "ARM*#0" && jtag_cable_name =~ "Digilent Zed 210248B78019"} -index 0
rst -processor
targets -set -nocase -filter {name =~ "ARM*#0" && jtag_cable_name =~ "Digilent Zed 210248B78019"} -index 0
dow C:/Users/aamalik3/Desktop/ICAP_Readback/RISC_Preemption/RISC_Preemption.sdk/risc_aes_ctr/Debug/risc_aes_ctr.elf
configparams force-mem-access 0
----------------End of Script----------------

17:46:52 INFO  : Memory regions updated for context APU
17:46:52 INFO  : Context for processor 'ps7_cortexa9_0' is selected.
17:46:52 INFO  : 'con' command is executed.
17:46:52 INFO  : ----------------XSDB Script (After Launch)----------------
targets -set -nocase -filter {name =~ "ARM*#0" && jtag_cable_name =~ "Digilent Zed 210248B78019"} -index 0
con
----------------End of Script----------------

17:46:52 INFO  : Launch script is exported to file 'C:\Users\aamalik3\Desktop\ICAP_Readback\RISC_Preemption\RISC_Preemption.sdk\.sdk\launch_scripts\xilinx_c-c++_application_(system_debugger)\system_debugger_using_debug_risc_aes_ctr.elf_on_local.tcl'
17:49:43 INFO  : Disconnected from the channel tcfchan#97.
17:49:44 INFO  : 'targets -set -filter {jtag_cable_name =~ "Digilent Zed 210248B78019" && level==0} -index 1' command is executed.
17:49:44 INFO  : 'fpga -state' command is executed.
17:49:44 INFO  : Connected to target on host '127.0.0.1' and port '3121'.
17:49:44 INFO  : Jtag cable 'Digilent Zed 210248B78019' is selected.
17:49:44 INFO  : 'jtag frequency' command is executed.
17:49:44 INFO  : Sourcing of 'C:/Users/aamalik3/Desktop/ICAP_Readback/RISC_Preemption/RISC_Preemption.sdk/design_1_wrapper_hw_platform_0/ps7_init.tcl' is done.
17:49:44 INFO  : Context for 'APU' is selected.
17:49:44 INFO  : Hardware design information is loaded from 'C:/Users/aamalik3/Desktop/ICAP_Readback/RISC_Preemption/RISC_Preemption.sdk/design_1_wrapper_hw_platform_0/system.hdf'.
17:49:44 INFO  : 'configparams force-mem-access 1' command is executed.
17:49:44 INFO  : Context for 'APU' is selected.
17:49:44 INFO  : 'stop' command is executed.
17:49:45 INFO  : 'ps7_init' command is executed.
17:49:45 INFO  : 'ps7_post_config' command is executed.
17:49:45 INFO  : Context for processor 'ps7_cortexa9_0' is selected.
17:49:45 INFO  : Processor reset is completed for 'ps7_cortexa9_0'.
17:49:45 INFO  : Context for processor 'ps7_cortexa9_0' is selected.
17:49:45 INFO  : The application 'C:/Users/aamalik3/Desktop/ICAP_Readback/RISC_Preemption/RISC_Preemption.sdk/risc_aes_ctr/Debug/risc_aes_ctr.elf' is downloaded to processor 'ps7_cortexa9_0'.
17:49:45 INFO  : 'configparams force-mem-access 0' command is executed.
17:49:45 INFO  : ----------------XSDB Script----------------
connect -url tcp:127.0.0.1:3121
source C:/Users/aamalik3/Desktop/ICAP_Readback/RISC_Preemption/RISC_Preemption.sdk/design_1_wrapper_hw_platform_0/ps7_init.tcl
targets -set -nocase -filter {name =~"APU*" && jtag_cable_name =~ "Digilent Zed 210248B78019"} -index 0
loadhw -hw C:/Users/aamalik3/Desktop/ICAP_Readback/RISC_Preemption/RISC_Preemption.sdk/design_1_wrapper_hw_platform_0/system.hdf -mem-ranges [list {0x40000000 0xbfffffff}]
configparams force-mem-access 1
targets -set -nocase -filter {name =~"APU*" && jtag_cable_name =~ "Digilent Zed 210248B78019"} -index 0
stop
ps7_init
ps7_post_config
targets -set -nocase -filter {name =~ "ARM*#0" && jtag_cable_name =~ "Digilent Zed 210248B78019"} -index 0
rst -processor
targets -set -nocase -filter {name =~ "ARM*#0" && jtag_cable_name =~ "Digilent Zed 210248B78019"} -index 0
dow C:/Users/aamalik3/Desktop/ICAP_Readback/RISC_Preemption/RISC_Preemption.sdk/risc_aes_ctr/Debug/risc_aes_ctr.elf
configparams force-mem-access 0
----------------End of Script----------------

17:49:45 INFO  : Memory regions updated for context APU
17:49:45 INFO  : Context for processor 'ps7_cortexa9_0' is selected.
17:49:45 INFO  : 'con' command is executed.
17:49:45 INFO  : ----------------XSDB Script (After Launch)----------------
targets -set -nocase -filter {name =~ "ARM*#0" && jtag_cable_name =~ "Digilent Zed 210248B78019"} -index 0
con
----------------End of Script----------------

17:49:45 INFO  : Launch script is exported to file 'C:\Users\aamalik3\Desktop\ICAP_Readback\RISC_Preemption\RISC_Preemption.sdk\.sdk\launch_scripts\xilinx_c-c++_application_(system_debugger)\system_debugger_using_debug_risc_aes_ctr.elf_on_local.tcl'
17:52:32 INFO  : Disconnected from the channel tcfchan#98.
17:52:33 INFO  : 'targets -set -filter {jtag_cable_name =~ "Digilent Zed 210248B78019" && level==0} -index 1' command is executed.
17:52:33 INFO  : 'fpga -state' command is executed.
17:52:33 INFO  : Connected to target on host '127.0.0.1' and port '3121'.
17:52:33 INFO  : Jtag cable 'Digilent Zed 210248B78019' is selected.
17:52:33 INFO  : 'jtag frequency' command is executed.
17:52:33 INFO  : Sourcing of 'C:/Users/aamalik3/Desktop/ICAP_Readback/RISC_Preemption/RISC_Preemption.sdk/design_1_wrapper_hw_platform_0/ps7_init.tcl' is done.
17:52:33 INFO  : Context for 'APU' is selected.
17:52:33 INFO  : Hardware design information is loaded from 'C:/Users/aamalik3/Desktop/ICAP_Readback/RISC_Preemption/RISC_Preemption.sdk/design_1_wrapper_hw_platform_0/system.hdf'.
17:52:33 INFO  : 'configparams force-mem-access 1' command is executed.
17:52:33 INFO  : Context for 'APU' is selected.
17:52:34 INFO  : 'stop' command is executed.
17:52:34 INFO  : 'ps7_init' command is executed.
17:52:34 INFO  : 'ps7_post_config' command is executed.
17:52:34 INFO  : Context for processor 'ps7_cortexa9_0' is selected.
17:52:35 INFO  : Processor reset is completed for 'ps7_cortexa9_0'.
17:52:35 INFO  : Context for processor 'ps7_cortexa9_0' is selected.
17:52:35 INFO  : The application 'C:/Users/aamalik3/Desktop/ICAP_Readback/RISC_Preemption/RISC_Preemption.sdk/risc_aes_ctr/Debug/risc_aes_ctr.elf' is downloaded to processor 'ps7_cortexa9_0'.
17:52:35 INFO  : 'configparams force-mem-access 0' command is executed.
17:52:35 INFO  : ----------------XSDB Script----------------
connect -url tcp:127.0.0.1:3121
source C:/Users/aamalik3/Desktop/ICAP_Readback/RISC_Preemption/RISC_Preemption.sdk/design_1_wrapper_hw_platform_0/ps7_init.tcl
targets -set -nocase -filter {name =~"APU*" && jtag_cable_name =~ "Digilent Zed 210248B78019"} -index 0
loadhw -hw C:/Users/aamalik3/Desktop/ICAP_Readback/RISC_Preemption/RISC_Preemption.sdk/design_1_wrapper_hw_platform_0/system.hdf -mem-ranges [list {0x40000000 0xbfffffff}]
configparams force-mem-access 1
targets -set -nocase -filter {name =~"APU*" && jtag_cable_name =~ "Digilent Zed 210248B78019"} -index 0
stop
ps7_init
ps7_post_config
targets -set -nocase -filter {name =~ "ARM*#0" && jtag_cable_name =~ "Digilent Zed 210248B78019"} -index 0
rst -processor
targets -set -nocase -filter {name =~ "ARM*#0" && jtag_cable_name =~ "Digilent Zed 210248B78019"} -index 0
dow C:/Users/aamalik3/Desktop/ICAP_Readback/RISC_Preemption/RISC_Preemption.sdk/risc_aes_ctr/Debug/risc_aes_ctr.elf
configparams force-mem-access 0
----------------End of Script----------------

17:52:35 INFO  : Memory regions updated for context APU
17:52:35 INFO  : Context for processor 'ps7_cortexa9_0' is selected.
17:52:35 INFO  : 'con' command is executed.
17:52:35 INFO  : ----------------XSDB Script (After Launch)----------------
targets -set -nocase -filter {name =~ "ARM*#0" && jtag_cable_name =~ "Digilent Zed 210248B78019"} -index 0
con
----------------End of Script----------------

17:52:35 INFO  : Launch script is exported to file 'C:\Users\aamalik3\Desktop\ICAP_Readback\RISC_Preemption\RISC_Preemption.sdk\.sdk\launch_scripts\xilinx_c-c++_application_(system_debugger)\system_debugger_using_debug_risc_aes_ctr.elf_on_local.tcl'
17:52:55 INFO  : Disconnected from the channel tcfchan#99.
17:52:56 INFO  : 'targets -set -filter {jtag_cable_name =~ "Digilent Zed 210248B78019" && level==0} -index 1' command is executed.
17:52:56 INFO  : 'fpga -state' command is executed.
17:52:56 INFO  : Connected to target on host '127.0.0.1' and port '3121'.
17:52:56 INFO  : Jtag cable 'Digilent Zed 210248B78019' is selected.
17:52:56 INFO  : 'jtag frequency' command is executed.
17:52:56 INFO  : Sourcing of 'C:/Users/aamalik3/Desktop/ICAP_Readback/RISC_Preemption/RISC_Preemption.sdk/design_1_wrapper_hw_platform_0/ps7_init.tcl' is done.
17:52:56 INFO  : Context for 'APU' is selected.
17:52:56 INFO  : Hardware design information is loaded from 'C:/Users/aamalik3/Desktop/ICAP_Readback/RISC_Preemption/RISC_Preemption.sdk/design_1_wrapper_hw_platform_0/system.hdf'.
17:52:56 INFO  : 'configparams force-mem-access 1' command is executed.
17:52:56 INFO  : Context for 'APU' is selected.
17:52:56 INFO  : 'stop' command is executed.
17:52:57 INFO  : 'ps7_init' command is executed.
17:52:57 INFO  : 'ps7_post_config' command is executed.
17:52:57 INFO  : Context for processor 'ps7_cortexa9_0' is selected.
17:52:57 INFO  : Processor reset is completed for 'ps7_cortexa9_0'.
17:52:57 INFO  : Context for processor 'ps7_cortexa9_0' is selected.
17:52:57 INFO  : The application 'C:/Users/aamalik3/Desktop/ICAP_Readback/RISC_Preemption/RISC_Preemption.sdk/risc_aes_ctr/Debug/risc_aes_ctr.elf' is downloaded to processor 'ps7_cortexa9_0'.
17:52:58 INFO  : 'configparams force-mem-access 0' command is executed.
17:52:58 INFO  : ----------------XSDB Script----------------
connect -url tcp:127.0.0.1:3121
source C:/Users/aamalik3/Desktop/ICAP_Readback/RISC_Preemption/RISC_Preemption.sdk/design_1_wrapper_hw_platform_0/ps7_init.tcl
targets -set -nocase -filter {name =~"APU*" && jtag_cable_name =~ "Digilent Zed 210248B78019"} -index 0
loadhw -hw C:/Users/aamalik3/Desktop/ICAP_Readback/RISC_Preemption/RISC_Preemption.sdk/design_1_wrapper_hw_platform_0/system.hdf -mem-ranges [list {0x40000000 0xbfffffff}]
configparams force-mem-access 1
targets -set -nocase -filter {name =~"APU*" && jtag_cable_name =~ "Digilent Zed 210248B78019"} -index 0
stop
ps7_init
ps7_post_config
targets -set -nocase -filter {name =~ "ARM*#0" && jtag_cable_name =~ "Digilent Zed 210248B78019"} -index 0
rst -processor
targets -set -nocase -filter {name =~ "ARM*#0" && jtag_cable_name =~ "Digilent Zed 210248B78019"} -index 0
dow C:/Users/aamalik3/Desktop/ICAP_Readback/RISC_Preemption/RISC_Preemption.sdk/risc_aes_ctr/Debug/risc_aes_ctr.elf
configparams force-mem-access 0
----------------End of Script----------------

17:52:58 INFO  : Memory regions updated for context APU
17:52:58 INFO  : Context for processor 'ps7_cortexa9_0' is selected.
17:52:58 INFO  : 'con' command is executed.
17:52:58 INFO  : ----------------XSDB Script (After Launch)----------------
targets -set -nocase -filter {name =~ "ARM*#0" && jtag_cable_name =~ "Digilent Zed 210248B78019"} -index 0
con
----------------End of Script----------------

17:52:58 INFO  : Launch script is exported to file 'C:\Users\aamalik3\Desktop\ICAP_Readback\RISC_Preemption\RISC_Preemption.sdk\.sdk\launch_scripts\xilinx_c-c++_application_(system_debugger)\system_debugger_using_debug_risc_aes_ctr.elf_on_local.tcl'
17:53:31 INFO  : Disconnected from the channel tcfchan#100.
17:53:32 INFO  : 'targets -set -filter {jtag_cable_name =~ "Digilent Zed 210248B78019" && level==0} -index 1' command is executed.
17:53:32 INFO  : 'fpga -state' command is executed.
17:53:32 INFO  : Connected to target on host '127.0.0.1' and port '3121'.
17:53:32 INFO  : Jtag cable 'Digilent Zed 210248B78019' is selected.
17:53:32 INFO  : 'jtag frequency' command is executed.
17:53:32 INFO  : Sourcing of 'C:/Users/aamalik3/Desktop/ICAP_Readback/RISC_Preemption/RISC_Preemption.sdk/design_1_wrapper_hw_platform_0/ps7_init.tcl' is done.
17:53:32 INFO  : Context for 'APU' is selected.
17:53:32 INFO  : Hardware design information is loaded from 'C:/Users/aamalik3/Desktop/ICAP_Readback/RISC_Preemption/RISC_Preemption.sdk/design_1_wrapper_hw_platform_0/system.hdf'.
17:53:32 INFO  : 'configparams force-mem-access 1' command is executed.
17:53:32 INFO  : Context for 'APU' is selected.
17:53:32 INFO  : 'stop' command is executed.
17:53:33 INFO  : 'ps7_init' command is executed.
17:53:33 INFO  : 'ps7_post_config' command is executed.
17:53:33 INFO  : Context for processor 'ps7_cortexa9_0' is selected.
17:53:33 INFO  : Processor reset is completed for 'ps7_cortexa9_0'.
17:53:33 INFO  : Context for processor 'ps7_cortexa9_0' is selected.
17:53:34 INFO  : The application 'C:/Users/aamalik3/Desktop/ICAP_Readback/RISC_Preemption/RISC_Preemption.sdk/risc_aes_ctr/Debug/risc_aes_ctr.elf' is downloaded to processor 'ps7_cortexa9_0'.
17:53:34 INFO  : 'configparams force-mem-access 0' command is executed.
17:53:34 INFO  : ----------------XSDB Script----------------
connect -url tcp:127.0.0.1:3121
source C:/Users/aamalik3/Desktop/ICAP_Readback/RISC_Preemption/RISC_Preemption.sdk/design_1_wrapper_hw_platform_0/ps7_init.tcl
targets -set -nocase -filter {name =~"APU*" && jtag_cable_name =~ "Digilent Zed 210248B78019"} -index 0
loadhw -hw C:/Users/aamalik3/Desktop/ICAP_Readback/RISC_Preemption/RISC_Preemption.sdk/design_1_wrapper_hw_platform_0/system.hdf -mem-ranges [list {0x40000000 0xbfffffff}]
configparams force-mem-access 1
targets -set -nocase -filter {name =~"APU*" && jtag_cable_name =~ "Digilent Zed 210248B78019"} -index 0
stop
ps7_init
ps7_post_config
targets -set -nocase -filter {name =~ "ARM*#0" && jtag_cable_name =~ "Digilent Zed 210248B78019"} -index 0
rst -processor
targets -set -nocase -filter {name =~ "ARM*#0" && jtag_cable_name =~ "Digilent Zed 210248B78019"} -index 0
dow C:/Users/aamalik3/Desktop/ICAP_Readback/RISC_Preemption/RISC_Preemption.sdk/risc_aes_ctr/Debug/risc_aes_ctr.elf
configparams force-mem-access 0
----------------End of Script----------------

17:53:34 INFO  : Memory regions updated for context APU
17:53:34 INFO  : Context for processor 'ps7_cortexa9_0' is selected.
17:53:34 INFO  : 'con' command is executed.
17:53:34 INFO  : ----------------XSDB Script (After Launch)----------------
targets -set -nocase -filter {name =~ "ARM*#0" && jtag_cable_name =~ "Digilent Zed 210248B78019"} -index 0
con
----------------End of Script----------------

17:53:34 INFO  : Launch script is exported to file 'C:\Users\aamalik3\Desktop\ICAP_Readback\RISC_Preemption\RISC_Preemption.sdk\.sdk\launch_scripts\xilinx_c-c++_application_(system_debugger)\system_debugger_using_debug_risc_aes_ctr.elf_on_local.tcl'
17:54:07 INFO  : Disconnected from the channel tcfchan#101.
17:54:08 INFO  : 'targets -set -filter {jtag_cable_name =~ "Digilent Zed 210248B78019" && level==0} -index 1' command is executed.
17:54:08 INFO  : 'fpga -state' command is executed.
17:54:08 INFO  : Connected to target on host '127.0.0.1' and port '3121'.
17:54:08 INFO  : Jtag cable 'Digilent Zed 210248B78019' is selected.
17:54:08 INFO  : 'jtag frequency' command is executed.
17:54:08 INFO  : Sourcing of 'C:/Users/aamalik3/Desktop/ICAP_Readback/RISC_Preemption/RISC_Preemption.sdk/design_1_wrapper_hw_platform_0/ps7_init.tcl' is done.
17:54:09 INFO  : Context for 'APU' is selected.
17:54:09 INFO  : Hardware design information is loaded from 'C:/Users/aamalik3/Desktop/ICAP_Readback/RISC_Preemption/RISC_Preemption.sdk/design_1_wrapper_hw_platform_0/system.hdf'.
17:54:09 INFO  : 'configparams force-mem-access 1' command is executed.
17:54:09 INFO  : Context for 'APU' is selected.
17:54:09 INFO  : 'stop' command is executed.
17:54:09 INFO  : 'ps7_init' command is executed.
17:54:09 INFO  : 'ps7_post_config' command is executed.
17:54:09 INFO  : Context for processor 'ps7_cortexa9_0' is selected.
17:54:09 INFO  : Processor reset is completed for 'ps7_cortexa9_0'.
17:54:09 INFO  : Context for processor 'ps7_cortexa9_0' is selected.
17:54:09 INFO  : The application 'C:/Users/aamalik3/Desktop/ICAP_Readback/RISC_Preemption/RISC_Preemption.sdk/risc_aes_ctr/Debug/risc_aes_ctr.elf' is downloaded to processor 'ps7_cortexa9_0'.
17:54:09 INFO  : 'configparams force-mem-access 0' command is executed.
17:54:09 INFO  : ----------------XSDB Script----------------
connect -url tcp:127.0.0.1:3121
source C:/Users/aamalik3/Desktop/ICAP_Readback/RISC_Preemption/RISC_Preemption.sdk/design_1_wrapper_hw_platform_0/ps7_init.tcl
targets -set -nocase -filter {name =~"APU*" && jtag_cable_name =~ "Digilent Zed 210248B78019"} -index 0
loadhw -hw C:/Users/aamalik3/Desktop/ICAP_Readback/RISC_Preemption/RISC_Preemption.sdk/design_1_wrapper_hw_platform_0/system.hdf -mem-ranges [list {0x40000000 0xbfffffff}]
configparams force-mem-access 1
targets -set -nocase -filter {name =~"APU*" && jtag_cable_name =~ "Digilent Zed 210248B78019"} -index 0
stop
ps7_init
ps7_post_config
targets -set -nocase -filter {name =~ "ARM*#0" && jtag_cable_name =~ "Digilent Zed 210248B78019"} -index 0
rst -processor
targets -set -nocase -filter {name =~ "ARM*#0" && jtag_cable_name =~ "Digilent Zed 210248B78019"} -index 0
dow C:/Users/aamalik3/Desktop/ICAP_Readback/RISC_Preemption/RISC_Preemption.sdk/risc_aes_ctr/Debug/risc_aes_ctr.elf
configparams force-mem-access 0
----------------End of Script----------------

17:54:09 INFO  : Memory regions updated for context APU
17:54:10 INFO  : Context for processor 'ps7_cortexa9_0' is selected.
17:54:10 INFO  : 'con' command is executed.
17:54:10 INFO  : ----------------XSDB Script (After Launch)----------------
targets -set -nocase -filter {name =~ "ARM*#0" && jtag_cable_name =~ "Digilent Zed 210248B78019"} -index 0
con
----------------End of Script----------------

17:54:10 INFO  : Launch script is exported to file 'C:\Users\aamalik3\Desktop\ICAP_Readback\RISC_Preemption\RISC_Preemption.sdk\.sdk\launch_scripts\xilinx_c-c++_application_(system_debugger)\system_debugger_using_debug_risc_aes_ctr.elf_on_local.tcl'
17:54:26 INFO  : Disconnected from the channel tcfchan#102.
17:54:27 INFO  : 'targets -set -filter {jtag_cable_name =~ "Digilent Zed 210248B78019" && level==0} -index 1' command is executed.
17:54:27 INFO  : 'fpga -state' command is executed.
17:54:27 INFO  : Connected to target on host '127.0.0.1' and port '3121'.
17:54:27 INFO  : Jtag cable 'Digilent Zed 210248B78019' is selected.
17:54:27 INFO  : 'jtag frequency' command is executed.
17:54:27 INFO  : Sourcing of 'C:/Users/aamalik3/Desktop/ICAP_Readback/RISC_Preemption/RISC_Preemption.sdk/design_1_wrapper_hw_platform_0/ps7_init.tcl' is done.
17:54:27 INFO  : Context for 'APU' is selected.
17:54:27 INFO  : Hardware design information is loaded from 'C:/Users/aamalik3/Desktop/ICAP_Readback/RISC_Preemption/RISC_Preemption.sdk/design_1_wrapper_hw_platform_0/system.hdf'.
17:54:27 INFO  : 'configparams force-mem-access 1' command is executed.
17:54:27 INFO  : Context for 'APU' is selected.
17:54:27 INFO  : 'stop' command is executed.
17:54:28 INFO  : 'ps7_init' command is executed.
17:54:28 INFO  : 'ps7_post_config' command is executed.
17:54:28 INFO  : Context for processor 'ps7_cortexa9_0' is selected.
17:54:29 INFO  : Processor reset is completed for 'ps7_cortexa9_0'.
17:54:29 INFO  : Context for processor 'ps7_cortexa9_0' is selected.
17:54:29 INFO  : The application 'C:/Users/aamalik3/Desktop/ICAP_Readback/RISC_Preemption/RISC_Preemption.sdk/risc_aes_ctr/Debug/risc_aes_ctr.elf' is downloaded to processor 'ps7_cortexa9_0'.
17:54:29 INFO  : 'configparams force-mem-access 0' command is executed.
17:54:29 INFO  : ----------------XSDB Script----------------
connect -url tcp:127.0.0.1:3121
source C:/Users/aamalik3/Desktop/ICAP_Readback/RISC_Preemption/RISC_Preemption.sdk/design_1_wrapper_hw_platform_0/ps7_init.tcl
targets -set -nocase -filter {name =~"APU*" && jtag_cable_name =~ "Digilent Zed 210248B78019"} -index 0
loadhw -hw C:/Users/aamalik3/Desktop/ICAP_Readback/RISC_Preemption/RISC_Preemption.sdk/design_1_wrapper_hw_platform_0/system.hdf -mem-ranges [list {0x40000000 0xbfffffff}]
configparams force-mem-access 1
targets -set -nocase -filter {name =~"APU*" && jtag_cable_name =~ "Digilent Zed 210248B78019"} -index 0
stop
ps7_init
ps7_post_config
targets -set -nocase -filter {name =~ "ARM*#0" && jtag_cable_name =~ "Digilent Zed 210248B78019"} -index 0
rst -processor
targets -set -nocase -filter {name =~ "ARM*#0" && jtag_cable_name =~ "Digilent Zed 210248B78019"} -index 0
dow C:/Users/aamalik3/Desktop/ICAP_Readback/RISC_Preemption/RISC_Preemption.sdk/risc_aes_ctr/Debug/risc_aes_ctr.elf
configparams force-mem-access 0
----------------End of Script----------------

17:54:29 INFO  : Memory regions updated for context APU
17:54:29 INFO  : Context for processor 'ps7_cortexa9_0' is selected.
17:54:29 INFO  : 'con' command is executed.
17:54:29 INFO  : ----------------XSDB Script (After Launch)----------------
targets -set -nocase -filter {name =~ "ARM*#0" && jtag_cable_name =~ "Digilent Zed 210248B78019"} -index 0
con
----------------End of Script----------------

17:54:29 INFO  : Launch script is exported to file 'C:\Users\aamalik3\Desktop\ICAP_Readback\RISC_Preemption\RISC_Preemption.sdk\.sdk\launch_scripts\xilinx_c-c++_application_(system_debugger)\system_debugger_using_debug_risc_aes_ctr.elf_on_local.tcl'
17:54:49 INFO  : Disconnected from the channel tcfchan#103.
17:54:50 INFO  : 'targets -set -filter {jtag_cable_name =~ "Digilent Zed 210248B78019" && level==0} -index 1' command is executed.
17:54:50 INFO  : 'fpga -state' command is executed.
17:54:50 INFO  : Connected to target on host '127.0.0.1' and port '3121'.
17:54:50 INFO  : Jtag cable 'Digilent Zed 210248B78019' is selected.
17:54:50 INFO  : 'jtag frequency' command is executed.
17:54:50 INFO  : Sourcing of 'C:/Users/aamalik3/Desktop/ICAP_Readback/RISC_Preemption/RISC_Preemption.sdk/design_1_wrapper_hw_platform_0/ps7_init.tcl' is done.
17:54:50 INFO  : Context for 'APU' is selected.
17:54:50 INFO  : Hardware design information is loaded from 'C:/Users/aamalik3/Desktop/ICAP_Readback/RISC_Preemption/RISC_Preemption.sdk/design_1_wrapper_hw_platform_0/system.hdf'.
17:54:50 INFO  : 'configparams force-mem-access 1' command is executed.
17:54:50 INFO  : Context for 'APU' is selected.
17:54:50 INFO  : 'stop' command is executed.
17:54:50 INFO  : 'ps7_init' command is executed.
17:54:50 INFO  : 'ps7_post_config' command is executed.
17:54:50 INFO  : Context for processor 'ps7_cortexa9_0' is selected.
17:54:50 INFO  : Processor reset is completed for 'ps7_cortexa9_0'.
17:54:50 INFO  : Context for processor 'ps7_cortexa9_0' is selected.
17:54:51 INFO  : The application 'C:/Users/aamalik3/Desktop/ICAP_Readback/RISC_Preemption/RISC_Preemption.sdk/risc_aes_ctr/Debug/risc_aes_ctr.elf' is downloaded to processor 'ps7_cortexa9_0'.
17:54:51 INFO  : 'configparams force-mem-access 0' command is executed.
17:54:51 INFO  : ----------------XSDB Script----------------
connect -url tcp:127.0.0.1:3121
source C:/Users/aamalik3/Desktop/ICAP_Readback/RISC_Preemption/RISC_Preemption.sdk/design_1_wrapper_hw_platform_0/ps7_init.tcl
targets -set -nocase -filter {name =~"APU*" && jtag_cable_name =~ "Digilent Zed 210248B78019"} -index 0
loadhw -hw C:/Users/aamalik3/Desktop/ICAP_Readback/RISC_Preemption/RISC_Preemption.sdk/design_1_wrapper_hw_platform_0/system.hdf -mem-ranges [list {0x40000000 0xbfffffff}]
configparams force-mem-access 1
targets -set -nocase -filter {name =~"APU*" && jtag_cable_name =~ "Digilent Zed 210248B78019"} -index 0
stop
ps7_init
ps7_post_config
targets -set -nocase -filter {name =~ "ARM*#0" && jtag_cable_name =~ "Digilent Zed 210248B78019"} -index 0
rst -processor
targets -set -nocase -filter {name =~ "ARM*#0" && jtag_cable_name =~ "Digilent Zed 210248B78019"} -index 0
dow C:/Users/aamalik3/Desktop/ICAP_Readback/RISC_Preemption/RISC_Preemption.sdk/risc_aes_ctr/Debug/risc_aes_ctr.elf
configparams force-mem-access 0
----------------End of Script----------------

17:54:51 INFO  : Memory regions updated for context APU
17:54:51 INFO  : Context for processor 'ps7_cortexa9_0' is selected.
17:54:51 INFO  : 'con' command is executed.
17:54:51 INFO  : ----------------XSDB Script (After Launch)----------------
targets -set -nocase -filter {name =~ "ARM*#0" && jtag_cable_name =~ "Digilent Zed 210248B78019"} -index 0
con
----------------End of Script----------------

17:54:51 INFO  : Launch script is exported to file 'C:\Users\aamalik3\Desktop\ICAP_Readback\RISC_Preemption\RISC_Preemption.sdk\.sdk\launch_scripts\xilinx_c-c++_application_(system_debugger)\system_debugger_using_debug_risc_aes_ctr.elf_on_local.tcl'
18:00:31 INFO  : Connected to target on host '127.0.0.1' and port '3121'.
18:00:31 INFO  : 'targets -set -filter {jtag_cable_name =~ "Digilent Zed 210248B78019" && level==0} -index 1' command is executed.
18:00:33 INFO  : FPGA configured successfully with bitstream "C:/Users/aamalik3/Desktop/ICAP_Readback/RISC_Preemption/Zero_Delay_No_CRC/RISC_AES_0_delay.bit"
18:00:35 INFO  : Disconnected from the channel tcfchan#104.
18:00:36 INFO  : 'targets -set -filter {jtag_cable_name =~ "Digilent Zed 210248B78019" && level==0} -index 1' command is executed.
18:00:36 INFO  : 'fpga -state' command is executed.
18:00:36 INFO  : Connected to target on host '127.0.0.1' and port '3121'.
18:00:36 INFO  : Jtag cable 'Digilent Zed 210248B78019' is selected.
18:00:36 INFO  : 'jtag frequency' command is executed.
18:00:36 INFO  : Sourcing of 'C:/Users/aamalik3/Desktop/ICAP_Readback/RISC_Preemption/RISC_Preemption.sdk/design_1_wrapper_hw_platform_0/ps7_init.tcl' is done.
18:00:36 INFO  : Context for 'APU' is selected.
18:00:36 INFO  : Hardware design information is loaded from 'C:/Users/aamalik3/Desktop/ICAP_Readback/RISC_Preemption/RISC_Preemption.sdk/design_1_wrapper_hw_platform_0/system.hdf'.
18:00:36 INFO  : 'configparams force-mem-access 1' command is executed.
18:00:36 INFO  : Context for 'APU' is selected.
18:00:36 INFO  : 'stop' command is executed.
18:00:37 INFO  : 'ps7_init' command is executed.
18:00:37 INFO  : 'ps7_post_config' command is executed.
18:00:37 INFO  : Context for processor 'ps7_cortexa9_0' is selected.
18:00:37 INFO  : Processor reset is completed for 'ps7_cortexa9_0'.
18:00:37 INFO  : Context for processor 'ps7_cortexa9_0' is selected.
18:00:37 INFO  : The application 'C:/Users/aamalik3/Desktop/ICAP_Readback/RISC_Preemption/RISC_Preemption.sdk/risc_aes_ctr/Debug/risc_aes_ctr.elf' is downloaded to processor 'ps7_cortexa9_0'.
18:00:37 INFO  : 'configparams force-mem-access 0' command is executed.
18:00:37 INFO  : ----------------XSDB Script----------------
connect -url tcp:127.0.0.1:3121
source C:/Users/aamalik3/Desktop/ICAP_Readback/RISC_Preemption/RISC_Preemption.sdk/design_1_wrapper_hw_platform_0/ps7_init.tcl
targets -set -nocase -filter {name =~"APU*" && jtag_cable_name =~ "Digilent Zed 210248B78019"} -index 0
loadhw -hw C:/Users/aamalik3/Desktop/ICAP_Readback/RISC_Preemption/RISC_Preemption.sdk/design_1_wrapper_hw_platform_0/system.hdf -mem-ranges [list {0x40000000 0xbfffffff}]
configparams force-mem-access 1
targets -set -nocase -filter {name =~"APU*" && jtag_cable_name =~ "Digilent Zed 210248B78019"} -index 0
stop
ps7_init
ps7_post_config
targets -set -nocase -filter {name =~ "ARM*#0" && jtag_cable_name =~ "Digilent Zed 210248B78019"} -index 0
rst -processor
targets -set -nocase -filter {name =~ "ARM*#0" && jtag_cable_name =~ "Digilent Zed 210248B78019"} -index 0
dow C:/Users/aamalik3/Desktop/ICAP_Readback/RISC_Preemption/RISC_Preemption.sdk/risc_aes_ctr/Debug/risc_aes_ctr.elf
configparams force-mem-access 0
----------------End of Script----------------

18:00:37 INFO  : Memory regions updated for context APU
18:00:38 INFO  : Context for processor 'ps7_cortexa9_0' is selected.
18:00:38 INFO  : 'con' command is executed.
18:00:38 INFO  : ----------------XSDB Script (After Launch)----------------
targets -set -nocase -filter {name =~ "ARM*#0" && jtag_cable_name =~ "Digilent Zed 210248B78019"} -index 0
con
----------------End of Script----------------

18:00:38 INFO  : Launch script is exported to file 'C:\Users\aamalik3\Desktop\ICAP_Readback\RISC_Preemption\RISC_Preemption.sdk\.sdk\launch_scripts\xilinx_c-c++_application_(system_debugger)\system_debugger_using_debug_risc_aes_ctr.elf_on_local.tcl'
18:01:17 INFO  : Connected to target on host '127.0.0.1' and port '3121'.
18:01:17 INFO  : 'targets -set -filter {jtag_cable_name =~ "Digilent Zed 210248B78019" && level==0} -index 1' command is executed.
18:01:19 INFO  : FPGA configured successfully with bitstream "C:/Users/aamalik3/Desktop/ICAP_Readback/RISC_Preemption/Zero_Delay_No_CRC/RISC_AES_0_delay.bit"
18:01:21 INFO  : Disconnected from the channel tcfchan#105.
18:01:22 INFO  : 'targets -set -filter {jtag_cable_name =~ "Digilent Zed 210248B78019" && level==0} -index 1' command is executed.
18:01:22 INFO  : 'fpga -state' command is executed.
18:01:22 INFO  : Connected to target on host '127.0.0.1' and port '3121'.
18:01:22 INFO  : Jtag cable 'Digilent Zed 210248B78019' is selected.
18:01:22 INFO  : 'jtag frequency' command is executed.
18:01:22 INFO  : Sourcing of 'C:/Users/aamalik3/Desktop/ICAP_Readback/RISC_Preemption/RISC_Preemption.sdk/design_1_wrapper_hw_platform_0/ps7_init.tcl' is done.
18:01:22 INFO  : Context for 'APU' is selected.
18:01:22 INFO  : Hardware design information is loaded from 'C:/Users/aamalik3/Desktop/ICAP_Readback/RISC_Preemption/RISC_Preemption.sdk/design_1_wrapper_hw_platform_0/system.hdf'.
18:01:22 INFO  : 'configparams force-mem-access 1' command is executed.
18:01:22 INFO  : Context for 'APU' is selected.
18:01:22 INFO  : 'stop' command is executed.
18:01:23 INFO  : 'ps7_init' command is executed.
18:01:23 INFO  : 'ps7_post_config' command is executed.
18:01:23 INFO  : Context for processor 'ps7_cortexa9_0' is selected.
18:01:23 INFO  : Processor reset is completed for 'ps7_cortexa9_0'.
18:01:23 INFO  : Context for processor 'ps7_cortexa9_0' is selected.
18:01:23 INFO  : The application 'C:/Users/aamalik3/Desktop/ICAP_Readback/RISC_Preemption/RISC_Preemption.sdk/risc_aes_ctr/Debug/risc_aes_ctr.elf' is downloaded to processor 'ps7_cortexa9_0'.
18:01:23 INFO  : 'configparams force-mem-access 0' command is executed.
18:01:23 INFO  : ----------------XSDB Script----------------
connect -url tcp:127.0.0.1:3121
source C:/Users/aamalik3/Desktop/ICAP_Readback/RISC_Preemption/RISC_Preemption.sdk/design_1_wrapper_hw_platform_0/ps7_init.tcl
targets -set -nocase -filter {name =~"APU*" && jtag_cable_name =~ "Digilent Zed 210248B78019"} -index 0
loadhw -hw C:/Users/aamalik3/Desktop/ICAP_Readback/RISC_Preemption/RISC_Preemption.sdk/design_1_wrapper_hw_platform_0/system.hdf -mem-ranges [list {0x40000000 0xbfffffff}]
configparams force-mem-access 1
targets -set -nocase -filter {name =~"APU*" && jtag_cable_name =~ "Digilent Zed 210248B78019"} -index 0
stop
ps7_init
ps7_post_config
targets -set -nocase -filter {name =~ "ARM*#0" && jtag_cable_name =~ "Digilent Zed 210248B78019"} -index 0
rst -processor
targets -set -nocase -filter {name =~ "ARM*#0" && jtag_cable_name =~ "Digilent Zed 210248B78019"} -index 0
dow C:/Users/aamalik3/Desktop/ICAP_Readback/RISC_Preemption/RISC_Preemption.sdk/risc_aes_ctr/Debug/risc_aes_ctr.elf
configparams force-mem-access 0
----------------End of Script----------------

18:01:24 INFO  : Memory regions updated for context APU
18:01:24 INFO  : Context for processor 'ps7_cortexa9_0' is selected.
18:01:24 INFO  : 'con' command is executed.
18:01:24 INFO  : ----------------XSDB Script (After Launch)----------------
targets -set -nocase -filter {name =~ "ARM*#0" && jtag_cable_name =~ "Digilent Zed 210248B78019"} -index 0
con
----------------End of Script----------------

18:01:24 INFO  : Launch script is exported to file 'C:\Users\aamalik3\Desktop\ICAP_Readback\RISC_Preemption\RISC_Preemption.sdk\.sdk\launch_scripts\xilinx_c-c++_application_(system_debugger)\system_debugger_using_debug_risc_aes_ctr.elf_on_local.tcl'
18:01:49 INFO  : Connected to target on host '127.0.0.1' and port '3121'.
18:01:49 INFO  : 'targets -set -filter {jtag_cable_name =~ "Digilent Zed 210248B78019" && level==0} -index 1' command is executed.
18:01:52 INFO  : FPGA configured successfully with bitstream "C:/Users/aamalik3/Desktop/ICAP_Readback/RISC_Preemption/Zero_Delay_No_CRC/RISC_AES_0_delay.bit"
10:18:03 ERROR : (XSDB Server)Context does not support memory read. Unsupported command

10:18:19 INFO  : Connected to target on host '127.0.0.1' and port '3121'.
10:18:19 INFO  : 'targets -set -filter {jtag_cable_name =~ "Digilent Zed 210248B78019" && level==0} -index 1' command is executed.
10:18:22 INFO  : FPGA configured successfully with bitstream "C:/Users/aamalik3/Desktop/ICAP_Readback/RISC_Preemption/Zero_Delay_No_CRC/RISC_AES_0_delay.bit"
10:18:24 INFO  : Disconnected from the channel tcfchan#106.
10:18:25 INFO  : 'targets -set -filter {jtag_cable_name =~ "Digilent Zed 210248B78019" && level==0} -index 1' command is executed.
10:18:25 INFO  : 'fpga -state' command is executed.
10:18:25 INFO  : Connected to target on host '127.0.0.1' and port '3121'.
10:18:25 INFO  : Jtag cable 'Digilent Zed 210248B78019' is selected.
10:18:25 INFO  : 'jtag frequency' command is executed.
10:18:25 INFO  : Sourcing of 'C:/Users/aamalik3/Desktop/ICAP_Readback/RISC_Preemption/RISC_Preemption.sdk/design_1_wrapper_hw_platform_0/ps7_init.tcl' is done.
10:18:25 INFO  : Context for 'APU' is selected.
10:18:25 INFO  : Hardware design information is loaded from 'C:/Users/aamalik3/Desktop/ICAP_Readback/RISC_Preemption/RISC_Preemption.sdk/design_1_wrapper_hw_platform_0/system.hdf'.
10:18:25 INFO  : 'configparams force-mem-access 1' command is executed.
10:18:25 INFO  : Context for 'APU' is selected.
10:18:25 INFO  : 'stop' command is executed.
10:18:25 INFO  : 'ps7_init' command is executed.
10:18:25 INFO  : 'ps7_post_config' command is executed.
10:18:26 INFO  : Context for processor 'ps7_cortexa9_0' is selected.
10:18:26 INFO  : Processor reset is completed for 'ps7_cortexa9_0'.
10:18:26 INFO  : Context for processor 'ps7_cortexa9_0' is selected.
10:18:26 INFO  : The application 'C:/Users/aamalik3/Desktop/ICAP_Readback/RISC_Preemption/RISC_Preemption.sdk/risc_aes_ctr/Debug/risc_aes_ctr.elf' is downloaded to processor 'ps7_cortexa9_0'.
10:18:26 INFO  : 'configparams force-mem-access 0' command is executed.
10:18:26 INFO  : ----------------XSDB Script----------------
connect -url tcp:127.0.0.1:3121
source C:/Users/aamalik3/Desktop/ICAP_Readback/RISC_Preemption/RISC_Preemption.sdk/design_1_wrapper_hw_platform_0/ps7_init.tcl
targets -set -nocase -filter {name =~"APU*" && jtag_cable_name =~ "Digilent Zed 210248B78019"} -index 0
loadhw -hw C:/Users/aamalik3/Desktop/ICAP_Readback/RISC_Preemption/RISC_Preemption.sdk/design_1_wrapper_hw_platform_0/system.hdf -mem-ranges [list {0x40000000 0xbfffffff}]
configparams force-mem-access 1
targets -set -nocase -filter {name =~"APU*" && jtag_cable_name =~ "Digilent Zed 210248B78019"} -index 0
stop
ps7_init
ps7_post_config
targets -set -nocase -filter {name =~ "ARM*#0" && jtag_cable_name =~ "Digilent Zed 210248B78019"} -index 0
rst -processor
targets -set -nocase -filter {name =~ "ARM*#0" && jtag_cable_name =~ "Digilent Zed 210248B78019"} -index 0
dow C:/Users/aamalik3/Desktop/ICAP_Readback/RISC_Preemption/RISC_Preemption.sdk/risc_aes_ctr/Debug/risc_aes_ctr.elf
configparams force-mem-access 0
----------------End of Script----------------

10:18:26 INFO  : Memory regions updated for context APU
10:18:26 INFO  : Context for processor 'ps7_cortexa9_0' is selected.
10:18:26 INFO  : 'con' command is executed.
10:18:26 INFO  : ----------------XSDB Script (After Launch)----------------
targets -set -nocase -filter {name =~ "ARM*#0" && jtag_cable_name =~ "Digilent Zed 210248B78019"} -index 0
con
----------------End of Script----------------

10:18:26 INFO  : Launch script is exported to file 'C:\Users\aamalik3\Desktop\ICAP_Readback\RISC_Preemption\RISC_Preemption.sdk\.sdk\launch_scripts\xilinx_c-c++_application_(system_debugger)\system_debugger_using_debug_risc_aes_ctr.elf_on_local.tcl'
10:19:45 INFO  : Disconnected from the channel tcfchan#107.
10:19:46 INFO  : 'targets -set -filter {jtag_cable_name =~ "Digilent Zed 210248B78019" && level==0} -index 1' command is executed.
10:19:46 INFO  : 'fpga -state' command is executed.
10:19:46 INFO  : Connected to target on host '127.0.0.1' and port '3121'.
10:19:46 INFO  : Jtag cable 'Digilent Zed 210248B78019' is selected.
10:19:46 INFO  : 'jtag frequency' command is executed.
10:19:46 INFO  : Sourcing of 'C:/Users/aamalik3/Desktop/ICAP_Readback/RISC_Preemption/RISC_Preemption.sdk/design_1_wrapper_hw_platform_0/ps7_init.tcl' is done.
10:19:46 INFO  : Context for 'APU' is selected.
10:19:46 INFO  : Hardware design information is loaded from 'C:/Users/aamalik3/Desktop/ICAP_Readback/RISC_Preemption/RISC_Preemption.sdk/design_1_wrapper_hw_platform_0/system.hdf'.
10:19:46 INFO  : 'configparams force-mem-access 1' command is executed.
10:19:46 INFO  : Context for 'APU' is selected.
10:19:46 INFO  : 'stop' command is executed.
10:19:46 INFO  : 'ps7_init' command is executed.
10:19:46 INFO  : 'ps7_post_config' command is executed.
10:19:46 INFO  : Context for processor 'ps7_cortexa9_0' is selected.
10:19:46 INFO  : Processor reset is completed for 'ps7_cortexa9_0'.
10:19:46 INFO  : Context for processor 'ps7_cortexa9_0' is selected.
10:19:46 INFO  : The application 'C:/Users/aamalik3/Desktop/ICAP_Readback/RISC_Preemption/RISC_Preemption.sdk/risc_aes_ctr/Debug/risc_aes_ctr.elf' is downloaded to processor 'ps7_cortexa9_0'.
10:19:46 INFO  : 'configparams force-mem-access 0' command is executed.
10:19:46 INFO  : ----------------XSDB Script----------------
connect -url tcp:127.0.0.1:3121
source C:/Users/aamalik3/Desktop/ICAP_Readback/RISC_Preemption/RISC_Preemption.sdk/design_1_wrapper_hw_platform_0/ps7_init.tcl
targets -set -nocase -filter {name =~"APU*" && jtag_cable_name =~ "Digilent Zed 210248B78019"} -index 0
loadhw -hw C:/Users/aamalik3/Desktop/ICAP_Readback/RISC_Preemption/RISC_Preemption.sdk/design_1_wrapper_hw_platform_0/system.hdf -mem-ranges [list {0x40000000 0xbfffffff}]
configparams force-mem-access 1
targets -set -nocase -filter {name =~"APU*" && jtag_cable_name =~ "Digilent Zed 210248B78019"} -index 0
stop
ps7_init
ps7_post_config
targets -set -nocase -filter {name =~ "ARM*#0" && jtag_cable_name =~ "Digilent Zed 210248B78019"} -index 0
rst -processor
targets -set -nocase -filter {name =~ "ARM*#0" && jtag_cable_name =~ "Digilent Zed 210248B78019"} -index 0
dow C:/Users/aamalik3/Desktop/ICAP_Readback/RISC_Preemption/RISC_Preemption.sdk/risc_aes_ctr/Debug/risc_aes_ctr.elf
configparams force-mem-access 0
----------------End of Script----------------

10:19:47 INFO  : Memory regions updated for context APU
10:19:47 INFO  : Context for processor 'ps7_cortexa9_0' is selected.
10:19:47 INFO  : 'con' command is executed.
10:19:47 INFO  : ----------------XSDB Script (After Launch)----------------
targets -set -nocase -filter {name =~ "ARM*#0" && jtag_cable_name =~ "Digilent Zed 210248B78019"} -index 0
con
----------------End of Script----------------

10:19:47 INFO  : Launch script is exported to file 'C:\Users\aamalik3\Desktop\ICAP_Readback\RISC_Preemption\RISC_Preemption.sdk\.sdk\launch_scripts\xilinx_c-c++_application_(system_debugger)\system_debugger_using_debug_risc_aes_ctr.elf_on_local.tcl'
10:21:20 INFO  : Disconnected from the channel tcfchan#108.
10:21:21 INFO  : 'targets -set -filter {jtag_cable_name =~ "Digilent Zed 210248B78019" && level==0} -index 1' command is executed.
10:21:21 INFO  : 'fpga -state' command is executed.
10:21:21 INFO  : Connected to target on host '127.0.0.1' and port '3121'.
10:21:21 INFO  : Jtag cable 'Digilent Zed 210248B78019' is selected.
10:21:21 INFO  : 'jtag frequency' command is executed.
10:21:21 INFO  : Sourcing of 'C:/Users/aamalik3/Desktop/ICAP_Readback/RISC_Preemption/RISC_Preemption.sdk/design_1_wrapper_hw_platform_0/ps7_init.tcl' is done.
10:21:21 INFO  : Context for 'APU' is selected.
10:21:21 INFO  : Hardware design information is loaded from 'C:/Users/aamalik3/Desktop/ICAP_Readback/RISC_Preemption/RISC_Preemption.sdk/design_1_wrapper_hw_platform_0/system.hdf'.
10:21:21 INFO  : 'configparams force-mem-access 1' command is executed.
10:21:21 INFO  : Context for 'APU' is selected.
10:21:21 INFO  : 'stop' command is executed.
10:21:21 INFO  : 'ps7_init' command is executed.
10:21:21 INFO  : 'ps7_post_config' command is executed.
10:21:21 INFO  : Context for processor 'ps7_cortexa9_0' is selected.
10:21:21 INFO  : Processor reset is completed for 'ps7_cortexa9_0'.
10:21:22 INFO  : Context for processor 'ps7_cortexa9_0' is selected.
10:21:22 INFO  : The application 'C:/Users/aamalik3/Desktop/ICAP_Readback/RISC_Preemption/RISC_Preemption.sdk/risc_aes_ctr/Debug/risc_aes_ctr.elf' is downloaded to processor 'ps7_cortexa9_0'.
10:21:22 INFO  : 'configparams force-mem-access 0' command is executed.
10:21:22 INFO  : ----------------XSDB Script----------------
connect -url tcp:127.0.0.1:3121
source C:/Users/aamalik3/Desktop/ICAP_Readback/RISC_Preemption/RISC_Preemption.sdk/design_1_wrapper_hw_platform_0/ps7_init.tcl
targets -set -nocase -filter {name =~"APU*" && jtag_cable_name =~ "Digilent Zed 210248B78019"} -index 0
loadhw -hw C:/Users/aamalik3/Desktop/ICAP_Readback/RISC_Preemption/RISC_Preemption.sdk/design_1_wrapper_hw_platform_0/system.hdf -mem-ranges [list {0x40000000 0xbfffffff}]
configparams force-mem-access 1
targets -set -nocase -filter {name =~"APU*" && jtag_cable_name =~ "Digilent Zed 210248B78019"} -index 0
stop
ps7_init
ps7_post_config
targets -set -nocase -filter {name =~ "ARM*#0" && jtag_cable_name =~ "Digilent Zed 210248B78019"} -index 0
rst -processor
targets -set -nocase -filter {name =~ "ARM*#0" && jtag_cable_name =~ "Digilent Zed 210248B78019"} -index 0
dow C:/Users/aamalik3/Desktop/ICAP_Readback/RISC_Preemption/RISC_Preemption.sdk/risc_aes_ctr/Debug/risc_aes_ctr.elf
configparams force-mem-access 0
----------------End of Script----------------

10:21:22 INFO  : Memory regions updated for context APU
10:21:22 INFO  : Context for processor 'ps7_cortexa9_0' is selected.
10:21:22 INFO  : 'con' command is executed.
10:21:22 INFO  : ----------------XSDB Script (After Launch)----------------
targets -set -nocase -filter {name =~ "ARM*#0" && jtag_cable_name =~ "Digilent Zed 210248B78019"} -index 0
con
----------------End of Script----------------

10:21:22 INFO  : Launch script is exported to file 'C:\Users\aamalik3\Desktop\ICAP_Readback\RISC_Preemption\RISC_Preemption.sdk\.sdk\launch_scripts\xilinx_c-c++_application_(system_debugger)\system_debugger_using_debug_risc_aes_ctr.elf_on_local.tcl'
10:29:28 INFO  : Connected to target on host '127.0.0.1' and port '3121'.
10:29:28 INFO  : 'targets -set -filter {jtag_cable_name =~ "Digilent Zed 210248B78019" && level==0} -index 1' command is executed.
10:29:30 INFO  : FPGA configured successfully with bitstream "C:/Users/aamalik3/Desktop/ICAP_Readback/RISC_Preemption/With_delay_No_CRC/RISC_AES.bit"
10:29:33 INFO  : Disconnected from the channel tcfchan#109.
10:29:34 INFO  : 'targets -set -filter {jtag_cable_name =~ "Digilent Zed 210248B78019" && level==0} -index 1' command is executed.
10:29:34 INFO  : 'fpga -state' command is executed.
10:29:34 INFO  : Connected to target on host '127.0.0.1' and port '3121'.
10:29:34 INFO  : Jtag cable 'Digilent Zed 210248B78019' is selected.
10:29:34 INFO  : 'jtag frequency' command is executed.
10:29:34 INFO  : Sourcing of 'C:/Users/aamalik3/Desktop/ICAP_Readback/RISC_Preemption/RISC_Preemption.sdk/design_1_wrapper_hw_platform_0/ps7_init.tcl' is done.
10:29:34 INFO  : Context for 'APU' is selected.
10:29:34 INFO  : Hardware design information is loaded from 'C:/Users/aamalik3/Desktop/ICAP_Readback/RISC_Preemption/RISC_Preemption.sdk/design_1_wrapper_hw_platform_0/system.hdf'.
10:29:34 INFO  : 'configparams force-mem-access 1' command is executed.
10:29:34 INFO  : Context for 'APU' is selected.
10:29:34 INFO  : 'stop' command is executed.
10:29:34 INFO  : 'ps7_init' command is executed.
10:29:34 INFO  : 'ps7_post_config' command is executed.
10:29:34 INFO  : Context for processor 'ps7_cortexa9_0' is selected.
10:29:34 INFO  : Processor reset is completed for 'ps7_cortexa9_0'.
10:29:34 INFO  : Context for processor 'ps7_cortexa9_0' is selected.
10:29:35 INFO  : The application 'C:/Users/aamalik3/Desktop/ICAP_Readback/RISC_Preemption/RISC_Preemption.sdk/risc_aes_ctr/Debug/risc_aes_ctr.elf' is downloaded to processor 'ps7_cortexa9_0'.
10:29:35 INFO  : 'configparams force-mem-access 0' command is executed.
10:29:35 INFO  : ----------------XSDB Script----------------
connect -url tcp:127.0.0.1:3121
source C:/Users/aamalik3/Desktop/ICAP_Readback/RISC_Preemption/RISC_Preemption.sdk/design_1_wrapper_hw_platform_0/ps7_init.tcl
targets -set -nocase -filter {name =~"APU*" && jtag_cable_name =~ "Digilent Zed 210248B78019"} -index 0
loadhw -hw C:/Users/aamalik3/Desktop/ICAP_Readback/RISC_Preemption/RISC_Preemption.sdk/design_1_wrapper_hw_platform_0/system.hdf -mem-ranges [list {0x40000000 0xbfffffff}]
configparams force-mem-access 1
targets -set -nocase -filter {name =~"APU*" && jtag_cable_name =~ "Digilent Zed 210248B78019"} -index 0
stop
ps7_init
ps7_post_config
targets -set -nocase -filter {name =~ "ARM*#0" && jtag_cable_name =~ "Digilent Zed 210248B78019"} -index 0
rst -processor
targets -set -nocase -filter {name =~ "ARM*#0" && jtag_cable_name =~ "Digilent Zed 210248B78019"} -index 0
dow C:/Users/aamalik3/Desktop/ICAP_Readback/RISC_Preemption/RISC_Preemption.sdk/risc_aes_ctr/Debug/risc_aes_ctr.elf
configparams force-mem-access 0
----------------End of Script----------------

10:29:35 INFO  : Memory regions updated for context APU
10:29:35 INFO  : Context for processor 'ps7_cortexa9_0' is selected.
10:29:35 INFO  : 'con' command is executed.
10:29:35 INFO  : ----------------XSDB Script (After Launch)----------------
targets -set -nocase -filter {name =~ "ARM*#0" && jtag_cable_name =~ "Digilent Zed 210248B78019"} -index 0
con
----------------End of Script----------------

10:29:35 INFO  : Launch script is exported to file 'C:\Users\aamalik3\Desktop\ICAP_Readback\RISC_Preemption\RISC_Preemption.sdk\.sdk\launch_scripts\xilinx_c-c++_application_(system_debugger)\system_debugger_using_debug_risc_aes_ctr.elf_on_local.tcl'
10:46:59 INFO  : Connected to target on host '127.0.0.1' and port '3121'.
10:46:59 INFO  : 'targets -set -filter {jtag_cable_name =~ "Digilent Zed 210248B78019" && level==0} -index 1' command is executed.
10:47:01 INFO  : FPGA configured successfully with bitstream "C:/Users/aamalik3/Desktop/ICAP_Readback/RISC_Preemption/With_delay_No_CRC/RISC_AES.bit"
10:47:04 INFO  : Disconnected from the channel tcfchan#110.
10:47:05 INFO  : 'targets -set -filter {jtag_cable_name =~ "Digilent Zed 210248B78019" && level==0} -index 1' command is executed.
10:47:05 INFO  : 'fpga -state' command is executed.
10:47:05 INFO  : Connected to target on host '127.0.0.1' and port '3121'.
10:47:05 INFO  : Jtag cable 'Digilent Zed 210248B78019' is selected.
10:47:05 INFO  : 'jtag frequency' command is executed.
10:47:05 INFO  : Sourcing of 'C:/Users/aamalik3/Desktop/ICAP_Readback/RISC_Preemption/RISC_Preemption.sdk/design_1_wrapper_hw_platform_0/ps7_init.tcl' is done.
10:47:05 INFO  : Context for 'APU' is selected.
10:47:05 INFO  : Hardware design information is loaded from 'C:/Users/aamalik3/Desktop/ICAP_Readback/RISC_Preemption/RISC_Preemption.sdk/design_1_wrapper_hw_platform_0/system.hdf'.
10:47:05 INFO  : 'configparams force-mem-access 1' command is executed.
10:47:05 INFO  : Context for 'APU' is selected.
10:47:05 INFO  : 'stop' command is executed.
10:47:05 INFO  : 'ps7_init' command is executed.
10:47:05 INFO  : 'ps7_post_config' command is executed.
10:47:05 INFO  : Context for processor 'ps7_cortexa9_0' is selected.
10:47:05 INFO  : Processor reset is completed for 'ps7_cortexa9_0'.
10:47:05 INFO  : Context for processor 'ps7_cortexa9_0' is selected.
10:47:05 INFO  : The application 'C:/Users/aamalik3/Desktop/ICAP_Readback/RISC_Preemption/RISC_Preemption.sdk/risc_aes_ctr/Debug/risc_aes_ctr.elf' is downloaded to processor 'ps7_cortexa9_0'.
10:47:05 INFO  : 'configparams force-mem-access 0' command is executed.
10:47:05 INFO  : ----------------XSDB Script----------------
connect -url tcp:127.0.0.1:3121
source C:/Users/aamalik3/Desktop/ICAP_Readback/RISC_Preemption/RISC_Preemption.sdk/design_1_wrapper_hw_platform_0/ps7_init.tcl
targets -set -nocase -filter {name =~"APU*" && jtag_cable_name =~ "Digilent Zed 210248B78019"} -index 0
loadhw -hw C:/Users/aamalik3/Desktop/ICAP_Readback/RISC_Preemption/RISC_Preemption.sdk/design_1_wrapper_hw_platform_0/system.hdf -mem-ranges [list {0x40000000 0xbfffffff}]
configparams force-mem-access 1
targets -set -nocase -filter {name =~"APU*" && jtag_cable_name =~ "Digilent Zed 210248B78019"} -index 0
stop
ps7_init
ps7_post_config
targets -set -nocase -filter {name =~ "ARM*#0" && jtag_cable_name =~ "Digilent Zed 210248B78019"} -index 0
rst -processor
targets -set -nocase -filter {name =~ "ARM*#0" && jtag_cable_name =~ "Digilent Zed 210248B78019"} -index 0
dow C:/Users/aamalik3/Desktop/ICAP_Readback/RISC_Preemption/RISC_Preemption.sdk/risc_aes_ctr/Debug/risc_aes_ctr.elf
configparams force-mem-access 0
----------------End of Script----------------

10:47:05 INFO  : Memory regions updated for context APU
10:47:05 INFO  : Context for processor 'ps7_cortexa9_0' is selected.
10:47:05 INFO  : 'con' command is executed.
10:47:05 INFO  : ----------------XSDB Script (After Launch)----------------
targets -set -nocase -filter {name =~ "ARM*#0" && jtag_cable_name =~ "Digilent Zed 210248B78019"} -index 0
con
----------------End of Script----------------

10:47:05 INFO  : Launch script is exported to file 'C:\Users\aamalik3\Desktop\ICAP_Readback\RISC_Preemption\RISC_Preemption.sdk\.sdk\launch_scripts\xilinx_c-c++_application_(system_debugger)\system_debugger_using_debug_risc_aes_ctr.elf_on_local.tcl'
16:47:46 INFO  : Connected to target on host '127.0.0.1' and port '3121'.
16:47:46 INFO  : 'targets -set -filter {jtag_cable_name =~ "Digilent Zed 210248B78019" && level==0} -index 1' command is executed.
16:47:48 INFO  : FPGA configured successfully with bitstream "C:/Users/aamalik3/Desktop/ICAP_Readback/RISC_Preemption/With_delay_No_CRC/RISC_AES.bit"
16:47:55 INFO  : Disconnected from the channel tcfchan#111.
16:47:56 INFO  : 'targets -set -filter {jtag_cable_name =~ "Digilent Zed 210248B78019" && level==0} -index 1' command is executed.
16:47:56 INFO  : 'fpga -state' command is executed.
16:47:56 INFO  : Connected to target on host '127.0.0.1' and port '3121'.
16:47:56 INFO  : Jtag cable 'Digilent Zed 210248B78019' is selected.
16:47:56 INFO  : 'jtag frequency' command is executed.
16:47:56 INFO  : Sourcing of 'C:/Users/aamalik3/Desktop/ICAP_Readback/RISC_Preemption/RISC_Preemption.sdk/design_1_wrapper_hw_platform_0/ps7_init.tcl' is done.
16:47:56 INFO  : Context for 'APU' is selected.
16:47:56 INFO  : Hardware design information is loaded from 'C:/Users/aamalik3/Desktop/ICAP_Readback/RISC_Preemption/RISC_Preemption.sdk/design_1_wrapper_hw_platform_0/system.hdf'.
16:47:56 INFO  : 'configparams force-mem-access 1' command is executed.
16:47:56 INFO  : Context for 'APU' is selected.
16:47:56 INFO  : 'stop' command is executed.
16:47:57 INFO  : 'ps7_init' command is executed.
16:47:57 INFO  : 'ps7_post_config' command is executed.
16:47:57 INFO  : Context for processor 'ps7_cortexa9_0' is selected.
16:47:57 INFO  : Processor reset is completed for 'ps7_cortexa9_0'.
16:47:57 INFO  : Context for processor 'ps7_cortexa9_0' is selected.
16:47:57 INFO  : The application 'C:/Users/aamalik3/Desktop/ICAP_Readback/RISC_Preemption/RISC_Preemption.sdk/risc_aes_ctr/Debug/risc_aes_ctr.elf' is downloaded to processor 'ps7_cortexa9_0'.
16:47:57 INFO  : 'configparams force-mem-access 0' command is executed.
16:47:57 INFO  : ----------------XSDB Script----------------
connect -url tcp:127.0.0.1:3121
source C:/Users/aamalik3/Desktop/ICAP_Readback/RISC_Preemption/RISC_Preemption.sdk/design_1_wrapper_hw_platform_0/ps7_init.tcl
targets -set -nocase -filter {name =~"APU*" && jtag_cable_name =~ "Digilent Zed 210248B78019"} -index 0
loadhw -hw C:/Users/aamalik3/Desktop/ICAP_Readback/RISC_Preemption/RISC_Preemption.sdk/design_1_wrapper_hw_platform_0/system.hdf -mem-ranges [list {0x40000000 0xbfffffff}]
configparams force-mem-access 1
targets -set -nocase -filter {name =~"APU*" && jtag_cable_name =~ "Digilent Zed 210248B78019"} -index 0
stop
ps7_init
ps7_post_config
targets -set -nocase -filter {name =~ "ARM*#0" && jtag_cable_name =~ "Digilent Zed 210248B78019"} -index 0
rst -processor
targets -set -nocase -filter {name =~ "ARM*#0" && jtag_cable_name =~ "Digilent Zed 210248B78019"} -index 0
dow C:/Users/aamalik3/Desktop/ICAP_Readback/RISC_Preemption/RISC_Preemption.sdk/risc_aes_ctr/Debug/risc_aes_ctr.elf
configparams force-mem-access 0
----------------End of Script----------------

16:47:57 INFO  : Memory regions updated for context APU
16:47:57 INFO  : Context for processor 'ps7_cortexa9_0' is selected.
16:47:57 INFO  : 'con' command is executed.
16:47:57 INFO  : ----------------XSDB Script (After Launch)----------------
targets -set -nocase -filter {name =~ "ARM*#0" && jtag_cable_name =~ "Digilent Zed 210248B78019"} -index 0
con
----------------End of Script----------------

16:47:57 INFO  : Launch script is exported to file 'C:\Users\aamalik3\Desktop\ICAP_Readback\RISC_Preemption\RISC_Preemption.sdk\.sdk\launch_scripts\xilinx_c-c++_application_(system_debugger)\system_debugger_using_debug_risc_aes_ctr.elf_on_local.tcl'
16:50:34 INFO  : Connected to target on host '127.0.0.1' and port '3121'.
16:50:34 INFO  : 'targets -set -filter {jtag_cable_name =~ "Digilent Zed 210248B78019" && level==0} -index 1' command is executed.
16:50:37 INFO  : FPGA configured successfully with bitstream "C:/Users/aamalik3/Desktop/ICAP_Readback/RISC_Preemption/With_delay_No_CRC/RISC_AES.bit"
16:50:40 INFO  : Disconnected from the channel tcfchan#112.
16:50:41 INFO  : 'targets -set -filter {jtag_cable_name =~ "Digilent Zed 210248B78019" && level==0} -index 1' command is executed.
16:50:41 INFO  : 'fpga -state' command is executed.
16:50:41 INFO  : Connected to target on host '127.0.0.1' and port '3121'.
16:50:41 INFO  : Jtag cable 'Digilent Zed 210248B78019' is selected.
16:50:41 INFO  : 'jtag frequency' command is executed.
16:50:41 INFO  : Sourcing of 'C:/Users/aamalik3/Desktop/ICAP_Readback/RISC_Preemption/RISC_Preemption.sdk/design_1_wrapper_hw_platform_0/ps7_init.tcl' is done.
16:50:41 INFO  : Context for 'APU' is selected.
16:50:41 INFO  : Hardware design information is loaded from 'C:/Users/aamalik3/Desktop/ICAP_Readback/RISC_Preemption/RISC_Preemption.sdk/design_1_wrapper_hw_platform_0/system.hdf'.
16:50:41 INFO  : 'configparams force-mem-access 1' command is executed.
16:50:41 INFO  : Context for 'APU' is selected.
16:50:41 INFO  : 'stop' command is executed.
16:50:41 INFO  : 'ps7_init' command is executed.
16:50:41 INFO  : 'ps7_post_config' command is executed.
16:50:41 INFO  : Context for processor 'ps7_cortexa9_0' is selected.
16:50:41 INFO  : Processor reset is completed for 'ps7_cortexa9_0'.
16:50:41 INFO  : Context for processor 'ps7_cortexa9_0' is selected.
16:50:42 INFO  : The application 'C:/Users/aamalik3/Desktop/ICAP_Readback/RISC_Preemption/RISC_Preemption.sdk/risc_aes_ctr/Debug/risc_aes_ctr.elf' is downloaded to processor 'ps7_cortexa9_0'.
16:50:42 INFO  : 'configparams force-mem-access 0' command is executed.
16:50:42 INFO  : ----------------XSDB Script----------------
connect -url tcp:127.0.0.1:3121
source C:/Users/aamalik3/Desktop/ICAP_Readback/RISC_Preemption/RISC_Preemption.sdk/design_1_wrapper_hw_platform_0/ps7_init.tcl
targets -set -nocase -filter {name =~"APU*" && jtag_cable_name =~ "Digilent Zed 210248B78019"} -index 0
loadhw -hw C:/Users/aamalik3/Desktop/ICAP_Readback/RISC_Preemption/RISC_Preemption.sdk/design_1_wrapper_hw_platform_0/system.hdf -mem-ranges [list {0x40000000 0xbfffffff}]
configparams force-mem-access 1
targets -set -nocase -filter {name =~"APU*" && jtag_cable_name =~ "Digilent Zed 210248B78019"} -index 0
stop
ps7_init
ps7_post_config
targets -set -nocase -filter {name =~ "ARM*#0" && jtag_cable_name =~ "Digilent Zed 210248B78019"} -index 0
rst -processor
targets -set -nocase -filter {name =~ "ARM*#0" && jtag_cable_name =~ "Digilent Zed 210248B78019"} -index 0
dow C:/Users/aamalik3/Desktop/ICAP_Readback/RISC_Preemption/RISC_Preemption.sdk/risc_aes_ctr/Debug/risc_aes_ctr.elf
configparams force-mem-access 0
----------------End of Script----------------

16:50:42 INFO  : Memory regions updated for context APU
16:50:42 INFO  : Context for processor 'ps7_cortexa9_0' is selected.
16:50:42 INFO  : 'con' command is executed.
16:50:42 INFO  : ----------------XSDB Script (After Launch)----------------
targets -set -nocase -filter {name =~ "ARM*#0" && jtag_cable_name =~ "Digilent Zed 210248B78019"} -index 0
con
----------------End of Script----------------

16:50:42 INFO  : Launch script is exported to file 'C:\Users\aamalik3\Desktop\ICAP_Readback\RISC_Preemption\RISC_Preemption.sdk\.sdk\launch_scripts\xilinx_c-c++_application_(system_debugger)\system_debugger_using_debug_risc_aes_ctr.elf_on_local.tcl'
17:51:09 INFO  : Connected to target on host '127.0.0.1' and port '3121'.
17:51:09 INFO  : 'targets -set -filter {jtag_cable_name =~ "Digilent Zed 210248B78019" && level==0} -index 1' command is executed.
17:51:12 INFO  : FPGA configured successfully with bitstream "C:/Users/aamalik3/Desktop/ICAP_Readback/RISC_Preemption/RISC_AES_1_Million_CRC/RISC_AES_1_Million.bit"
17:51:14 INFO  : Disconnected from the channel tcfchan#113.
17:51:15 INFO  : 'targets -set -filter {jtag_cable_name =~ "Digilent Zed 210248B78019" && level==0} -index 1' command is executed.
17:51:15 INFO  : 'fpga -state' command is executed.
17:51:15 INFO  : Connected to target on host '127.0.0.1' and port '3121'.
17:51:15 INFO  : Jtag cable 'Digilent Zed 210248B78019' is selected.
17:51:15 INFO  : 'jtag frequency' command is executed.
17:51:15 INFO  : Sourcing of 'C:/Users/aamalik3/Desktop/ICAP_Readback/RISC_Preemption/RISC_Preemption.sdk/design_1_wrapper_hw_platform_0/ps7_init.tcl' is done.
17:51:15 INFO  : Context for 'APU' is selected.
17:51:15 INFO  : Hardware design information is loaded from 'C:/Users/aamalik3/Desktop/ICAP_Readback/RISC_Preemption/RISC_Preemption.sdk/design_1_wrapper_hw_platform_0/system.hdf'.
17:51:15 INFO  : 'configparams force-mem-access 1' command is executed.
17:51:15 INFO  : Context for 'APU' is selected.
17:51:15 INFO  : 'stop' command is executed.
17:51:16 INFO  : 'ps7_init' command is executed.
17:51:16 INFO  : 'ps7_post_config' command is executed.
17:51:16 INFO  : Context for processor 'ps7_cortexa9_0' is selected.
17:51:16 INFO  : Processor reset is completed for 'ps7_cortexa9_0'.
17:51:16 INFO  : Context for processor 'ps7_cortexa9_0' is selected.
17:51:16 INFO  : The application 'C:/Users/aamalik3/Desktop/ICAP_Readback/RISC_Preemption/RISC_Preemption.sdk/risc_aes_ctr/Debug/risc_aes_ctr.elf' is downloaded to processor 'ps7_cortexa9_0'.
17:51:16 INFO  : 'configparams force-mem-access 0' command is executed.
17:51:16 INFO  : ----------------XSDB Script----------------
connect -url tcp:127.0.0.1:3121
source C:/Users/aamalik3/Desktop/ICAP_Readback/RISC_Preemption/RISC_Preemption.sdk/design_1_wrapper_hw_platform_0/ps7_init.tcl
targets -set -nocase -filter {name =~"APU*" && jtag_cable_name =~ "Digilent Zed 210248B78019"} -index 0
loadhw -hw C:/Users/aamalik3/Desktop/ICAP_Readback/RISC_Preemption/RISC_Preemption.sdk/design_1_wrapper_hw_platform_0/system.hdf -mem-ranges [list {0x40000000 0xbfffffff}]
configparams force-mem-access 1
targets -set -nocase -filter {name =~"APU*" && jtag_cable_name =~ "Digilent Zed 210248B78019"} -index 0
stop
ps7_init
ps7_post_config
targets -set -nocase -filter {name =~ "ARM*#0" && jtag_cable_name =~ "Digilent Zed 210248B78019"} -index 0
rst -processor
targets -set -nocase -filter {name =~ "ARM*#0" && jtag_cable_name =~ "Digilent Zed 210248B78019"} -index 0
dow C:/Users/aamalik3/Desktop/ICAP_Readback/RISC_Preemption/RISC_Preemption.sdk/risc_aes_ctr/Debug/risc_aes_ctr.elf
configparams force-mem-access 0
----------------End of Script----------------

17:51:16 INFO  : Memory regions updated for context APU
17:51:16 INFO  : Context for processor 'ps7_cortexa9_0' is selected.
17:51:16 INFO  : 'con' command is executed.
17:51:16 INFO  : ----------------XSDB Script (After Launch)----------------
targets -set -nocase -filter {name =~ "ARM*#0" && jtag_cable_name =~ "Digilent Zed 210248B78019"} -index 0
con
----------------End of Script----------------

17:51:16 INFO  : Launch script is exported to file 'C:\Users\aamalik3\Desktop\ICAP_Readback\RISC_Preemption\RISC_Preemption.sdk\.sdk\launch_scripts\xilinx_c-c++_application_(system_debugger)\system_debugger_using_debug_risc_aes_ctr.elf_on_local.tcl'
17:54:29 INFO  : Connected to target on host '127.0.0.1' and port '3121'.
17:54:29 INFO  : 'targets -set -filter {jtag_cable_name =~ "Digilent Zed 210248B78019" && level==0} -index 1' command is executed.
17:54:32 INFO  : FPGA configured successfully with bitstream "C:/Users/aamalik3/Desktop/ICAP_Readback/RISC_Preemption/RISC_AES_1_Million/RISC_AES_1_Million.bit"
17:54:33 INFO  : Disconnected from the channel tcfchan#114.
17:54:35 INFO  : 'targets -set -filter {jtag_cable_name =~ "Digilent Zed 210248B78019" && level==0} -index 1' command is executed.
17:54:35 INFO  : 'fpga -state' command is executed.
17:54:35 INFO  : Connected to target on host '127.0.0.1' and port '3121'.
17:54:35 INFO  : Jtag cable 'Digilent Zed 210248B78019' is selected.
17:54:35 INFO  : 'jtag frequency' command is executed.
17:54:35 INFO  : Sourcing of 'C:/Users/aamalik3/Desktop/ICAP_Readback/RISC_Preemption/RISC_Preemption.sdk/design_1_wrapper_hw_platform_0/ps7_init.tcl' is done.
17:54:35 INFO  : Context for 'APU' is selected.
17:54:35 INFO  : Hardware design information is loaded from 'C:/Users/aamalik3/Desktop/ICAP_Readback/RISC_Preemption/RISC_Preemption.sdk/design_1_wrapper_hw_platform_0/system.hdf'.
17:54:35 INFO  : 'configparams force-mem-access 1' command is executed.
17:54:35 INFO  : Context for 'APU' is selected.
17:54:35 INFO  : 'stop' command is executed.
17:54:35 INFO  : 'ps7_init' command is executed.
17:54:35 INFO  : 'ps7_post_config' command is executed.
17:54:35 INFO  : Context for processor 'ps7_cortexa9_0' is selected.
17:54:35 INFO  : Processor reset is completed for 'ps7_cortexa9_0'.
17:54:35 INFO  : Context for processor 'ps7_cortexa9_0' is selected.
17:54:35 INFO  : The application 'C:/Users/aamalik3/Desktop/ICAP_Readback/RISC_Preemption/RISC_Preemption.sdk/risc_aes_ctr/Debug/risc_aes_ctr.elf' is downloaded to processor 'ps7_cortexa9_0'.
17:54:35 INFO  : 'configparams force-mem-access 0' command is executed.
17:54:35 INFO  : ----------------XSDB Script----------------
connect -url tcp:127.0.0.1:3121
source C:/Users/aamalik3/Desktop/ICAP_Readback/RISC_Preemption/RISC_Preemption.sdk/design_1_wrapper_hw_platform_0/ps7_init.tcl
targets -set -nocase -filter {name =~"APU*" && jtag_cable_name =~ "Digilent Zed 210248B78019"} -index 0
loadhw -hw C:/Users/aamalik3/Desktop/ICAP_Readback/RISC_Preemption/RISC_Preemption.sdk/design_1_wrapper_hw_platform_0/system.hdf -mem-ranges [list {0x40000000 0xbfffffff}]
configparams force-mem-access 1
targets -set -nocase -filter {name =~"APU*" && jtag_cable_name =~ "Digilent Zed 210248B78019"} -index 0
stop
ps7_init
ps7_post_config
targets -set -nocase -filter {name =~ "ARM*#0" && jtag_cable_name =~ "Digilent Zed 210248B78019"} -index 0
rst -processor
targets -set -nocase -filter {name =~ "ARM*#0" && jtag_cable_name =~ "Digilent Zed 210248B78019"} -index 0
dow C:/Users/aamalik3/Desktop/ICAP_Readback/RISC_Preemption/RISC_Preemption.sdk/risc_aes_ctr/Debug/risc_aes_ctr.elf
configparams force-mem-access 0
----------------End of Script----------------

17:54:36 INFO  : Memory regions updated for context APU
17:54:36 INFO  : Context for processor 'ps7_cortexa9_0' is selected.
17:54:36 INFO  : 'con' command is executed.
17:54:36 INFO  : ----------------XSDB Script (After Launch)----------------
targets -set -nocase -filter {name =~ "ARM*#0" && jtag_cable_name =~ "Digilent Zed 210248B78019"} -index 0
con
----------------End of Script----------------

17:54:36 INFO  : Launch script is exported to file 'C:\Users\aamalik3\Desktop\ICAP_Readback\RISC_Preemption\RISC_Preemption.sdk\.sdk\launch_scripts\xilinx_c-c++_application_(system_debugger)\system_debugger_using_debug_risc_aes_ctr.elf_on_local.tcl'
19:57:04 INFO  : Connected to target on host '127.0.0.1' and port '3121'.
19:57:05 INFO  : 'targets -set -filter {jtag_cable_name =~ "Digilent Zed 210248B78019" && level==0} -index 1' command is executed.
19:57:07 INFO  : FPGA configured successfully with bitstream "C:/Users/aamalik3/Desktop/ICAP_Readback/RISC_Preemption/RISC_AES_1_Million/RISC_AES_1_Million.bit"
19:57:14 INFO  : Disconnected from the channel tcfchan#115.
19:57:15 INFO  : 'targets -set -filter {jtag_cable_name =~ "Digilent Zed 210248B78019" && level==0} -index 1' command is executed.
19:57:15 INFO  : 'fpga -state' command is executed.
19:57:15 INFO  : Connected to target on host '127.0.0.1' and port '3121'.
19:57:15 INFO  : Jtag cable 'Digilent Zed 210248B78019' is selected.
19:57:15 INFO  : 'jtag frequency' command is executed.
19:57:15 INFO  : Sourcing of 'C:/Users/aamalik3/Desktop/ICAP_Readback/RISC_Preemption/RISC_Preemption.sdk/design_1_wrapper_hw_platform_0/ps7_init.tcl' is done.
19:57:15 INFO  : Context for 'APU' is selected.
19:57:15 INFO  : Hardware design information is loaded from 'C:/Users/aamalik3/Desktop/ICAP_Readback/RISC_Preemption/RISC_Preemption.sdk/design_1_wrapper_hw_platform_0/system.hdf'.
19:57:15 INFO  : 'configparams force-mem-access 1' command is executed.
19:57:15 INFO  : Context for 'APU' is selected.
19:57:15 INFO  : 'stop' command is executed.
19:57:15 INFO  : 'ps7_init' command is executed.
19:57:15 INFO  : 'ps7_post_config' command is executed.
19:57:16 INFO  : Context for processor 'ps7_cortexa9_0' is selected.
19:57:16 INFO  : Processor reset is completed for 'ps7_cortexa9_0'.
19:57:16 INFO  : Context for processor 'ps7_cortexa9_0' is selected.
19:57:16 INFO  : The application 'C:/Users/aamalik3/Desktop/ICAP_Readback/RISC_Preemption/RISC_Preemption.sdk/risc_aes_ctr/Debug/risc_aes_ctr.elf' is downloaded to processor 'ps7_cortexa9_0'.
19:57:16 INFO  : 'configparams force-mem-access 0' command is executed.
19:57:16 INFO  : ----------------XSDB Script----------------
connect -url tcp:127.0.0.1:3121
source C:/Users/aamalik3/Desktop/ICAP_Readback/RISC_Preemption/RISC_Preemption.sdk/design_1_wrapper_hw_platform_0/ps7_init.tcl
targets -set -nocase -filter {name =~"APU*" && jtag_cable_name =~ "Digilent Zed 210248B78019"} -index 0
loadhw -hw C:/Users/aamalik3/Desktop/ICAP_Readback/RISC_Preemption/RISC_Preemption.sdk/design_1_wrapper_hw_platform_0/system.hdf -mem-ranges [list {0x40000000 0xbfffffff}]
configparams force-mem-access 1
targets -set -nocase -filter {name =~"APU*" && jtag_cable_name =~ "Digilent Zed 210248B78019"} -index 0
stop
ps7_init
ps7_post_config
targets -set -nocase -filter {name =~ "ARM*#0" && jtag_cable_name =~ "Digilent Zed 210248B78019"} -index 0
rst -processor
targets -set -nocase -filter {name =~ "ARM*#0" && jtag_cable_name =~ "Digilent Zed 210248B78019"} -index 0
dow C:/Users/aamalik3/Desktop/ICAP_Readback/RISC_Preemption/RISC_Preemption.sdk/risc_aes_ctr/Debug/risc_aes_ctr.elf
configparams force-mem-access 0
----------------End of Script----------------

19:57:16 INFO  : Memory regions updated for context APU
19:57:16 INFO  : Context for processor 'ps7_cortexa9_0' is selected.
19:57:16 INFO  : 'con' command is executed.
19:57:16 INFO  : ----------------XSDB Script (After Launch)----------------
targets -set -nocase -filter {name =~ "ARM*#0" && jtag_cable_name =~ "Digilent Zed 210248B78019"} -index 0
con
----------------End of Script----------------

19:57:16 INFO  : Launch script is exported to file 'C:\Users\aamalik3\Desktop\ICAP_Readback\RISC_Preemption\RISC_Preemption.sdk\.sdk\launch_scripts\xilinx_c-c++_application_(system_debugger)\system_debugger_using_debug_risc_aes_ctr.elf_on_local.tcl'
19:57:34 INFO  : Connected to target on host '127.0.0.1' and port '3121'.
19:57:34 INFO  : 'targets -set -filter {jtag_cable_name =~ "Digilent Zed 210248B78019" && level==0} -index 1' command is executed.
19:57:35 INFO  : FPGA configured successfully with bitstream "C:/Users/aamalik3/Desktop/ICAP_Readback/RISC_Preemption/RISC_AES_1_Million/RISC_AES_1_Million_pblock_risc_partial.bit"
19:58:27 INFO  : Connected to target on host '127.0.0.1' and port '3121'.
19:58:27 INFO  : 'targets -set -filter {jtag_cable_name =~ "Digilent Zed 210248B78019" && level==0} -index 1' command is executed.
19:58:27 INFO  : FPGA configured successfully with bitstream "C:/Users/aamalik3/Desktop/ICAP_Readback/RISC_Preemption/RISC_AES_1_Million/RISC_AES_1_Million_pblock_risc_partial.bit"
20:02:19 INFO  : Connected to target on host '127.0.0.1' and port '3121'.
20:02:19 INFO  : 'targets -set -filter {jtag_cable_name =~ "Digilent Zed 210248B78019" && level==0} -index 1' command is executed.
20:02:20 INFO  : FPGA configured successfully with bitstream "C:/Users/aamalik3/Desktop/ICAP_Readback/RISC_Preemption/RISC_AES_1_Million/RISC_AES_1_Million_pblock_risc_partial.bit"
20:02:56 INFO  : Disconnected from the channel tcfchan#116.
20:02:57 INFO  : 'targets -set -filter {jtag_cable_name =~ "Digilent Zed 210248B78019" && level==0} -index 1' command is executed.
20:02:57 INFO  : 'fpga -state' command is executed.
20:02:57 INFO  : Connected to target on host '127.0.0.1' and port '3121'.
20:02:57 INFO  : Jtag cable 'Digilent Zed 210248B78019' is selected.
20:02:57 INFO  : 'jtag frequency' command is executed.
20:02:57 INFO  : Sourcing of 'C:/Users/aamalik3/Desktop/ICAP_Readback/RISC_Preemption/RISC_Preemption.sdk/design_1_wrapper_hw_platform_0/ps7_init.tcl' is done.
20:02:57 INFO  : Context for 'APU' is selected.
20:02:57 INFO  : Hardware design information is loaded from 'C:/Users/aamalik3/Desktop/ICAP_Readback/RISC_Preemption/RISC_Preemption.sdk/design_1_wrapper_hw_platform_0/system.hdf'.
20:02:57 INFO  : 'configparams force-mem-access 1' command is executed.
20:02:57 INFO  : Context for 'APU' is selected.
20:02:57 INFO  : 'stop' command is executed.
20:02:58 INFO  : 'ps7_init' command is executed.
20:02:58 INFO  : 'ps7_post_config' command is executed.
20:02:58 INFO  : Context for processor 'ps7_cortexa9_0' is selected.
20:02:58 INFO  : Processor reset is completed for 'ps7_cortexa9_0'.
20:02:58 INFO  : Context for processor 'ps7_cortexa9_0' is selected.
20:02:58 INFO  : The application 'C:/Users/aamalik3/Desktop/ICAP_Readback/RISC_Preemption/RISC_Preemption.sdk/risc_aes_ctr/Debug/risc_aes_ctr.elf' is downloaded to processor 'ps7_cortexa9_0'.
20:02:58 INFO  : 'configparams force-mem-access 0' command is executed.
20:02:58 INFO  : ----------------XSDB Script----------------
connect -url tcp:127.0.0.1:3121
source C:/Users/aamalik3/Desktop/ICAP_Readback/RISC_Preemption/RISC_Preemption.sdk/design_1_wrapper_hw_platform_0/ps7_init.tcl
targets -set -nocase -filter {name =~"APU*" && jtag_cable_name =~ "Digilent Zed 210248B78019"} -index 0
loadhw -hw C:/Users/aamalik3/Desktop/ICAP_Readback/RISC_Preemption/RISC_Preemption.sdk/design_1_wrapper_hw_platform_0/system.hdf -mem-ranges [list {0x40000000 0xbfffffff}]
configparams force-mem-access 1
targets -set -nocase -filter {name =~"APU*" && jtag_cable_name =~ "Digilent Zed 210248B78019"} -index 0
stop
ps7_init
ps7_post_config
targets -set -nocase -filter {name =~ "ARM*#0" && jtag_cable_name =~ "Digilent Zed 210248B78019"} -index 0
rst -processor
targets -set -nocase -filter {name =~ "ARM*#0" && jtag_cable_name =~ "Digilent Zed 210248B78019"} -index 0
dow C:/Users/aamalik3/Desktop/ICAP_Readback/RISC_Preemption/RISC_Preemption.sdk/risc_aes_ctr/Debug/risc_aes_ctr.elf
configparams force-mem-access 0
----------------End of Script----------------

20:02:58 INFO  : Memory regions updated for context APU
20:02:58 INFO  : Context for processor 'ps7_cortexa9_0' is selected.
20:02:58 INFO  : 'con' command is executed.
20:02:58 INFO  : ----------------XSDB Script (After Launch)----------------
targets -set -nocase -filter {name =~ "ARM*#0" && jtag_cable_name =~ "Digilent Zed 210248B78019"} -index 0
con
----------------End of Script----------------

20:02:58 INFO  : Launch script is exported to file 'C:\Users\aamalik3\Desktop\ICAP_Readback\RISC_Preemption\RISC_Preemption.sdk\.sdk\launch_scripts\xilinx_c-c++_application_(system_debugger)\system_debugger_using_debug_risc_aes_ctr.elf_on_local.tcl'
20:03:22 INFO  : Connected to target on host '127.0.0.1' and port '3121'.
20:03:22 INFO  : 'targets -set -filter {jtag_cable_name =~ "Digilent Zed 210248B78019" && level==0} -index 1' command is executed.
20:03:22 INFO  : FPGA configured successfully with bitstream "C:/Users/aamalik3/Desktop/ICAP_Readback/RISC_Preemption/RISC_AES_1_Million/RISC_AES_1_Million_pblock_risc_partial.bit"
20:04:26 INFO  : Connected to target on host '127.0.0.1' and port '3121'.
20:04:26 INFO  : 'targets -set -filter {jtag_cable_name =~ "Digilent Zed 210248B78019" && level==0} -index 1' command is executed.
20:04:27 INFO  : FPGA configured successfully with bitstream "C:/Users/aamalik3/Desktop/ICAP_Readback/RISC_Preemption/RISC_AES_1_Million/RISC_AES_1_Million_pblock_risc_partial.bit"
20:05:05 INFO  : Connected to target on host '127.0.0.1' and port '3121'.
20:05:05 INFO  : 'targets -set -filter {jtag_cable_name =~ "Digilent Zed 210248B78019" && level==0} -index 1' command is executed.
20:05:07 INFO  : FPGA configured successfully with bitstream "C:/Users/aamalik3/Desktop/ICAP_Readback/RISC_Preemption/RISC_AES_1_Million/RISC_AES_1_Million.bit"
20:05:23 INFO  : Connected to target on host '127.0.0.1' and port '3121'.
20:05:23 INFO  : 'targets -set -filter {jtag_cable_name =~ "Digilent Zed 210248B78019" && level==0} -index 1' command is executed.
20:05:26 INFO  : FPGA configured successfully with bitstream "C:/Users/aamalik3/Desktop/ICAP_Readback/RISC_Preemption/RISC_AES_1_Million/RISC_AES_1_Million.bit"
20:05:30 INFO  : Connected to target on host '127.0.0.1' and port '3121'.
20:05:30 INFO  : 'targets -set -filter {jtag_cable_name =~ "Digilent Zed 210248B78019" && level==0} -index 1' command is executed.
20:05:31 INFO  : FPGA configured successfully with bitstream "C:/Users/aamalik3/Desktop/ICAP_Readback/RISC_Preemption/RISC_AES_1_Million/RISC_AES_1_Million_pblock_risc_partial.bit"
20:05:33 INFO  : Disconnected from the channel tcfchan#117.
20:05:34 INFO  : 'targets -set -filter {jtag_cable_name =~ "Digilent Zed 210248B78019" && level==0} -index 1' command is executed.
20:05:34 INFO  : 'fpga -state' command is executed.
20:05:34 INFO  : Connected to target on host '127.0.0.1' and port '3121'.
20:05:34 INFO  : Jtag cable 'Digilent Zed 210248B78019' is selected.
20:05:34 INFO  : 'jtag frequency' command is executed.
20:05:34 INFO  : Sourcing of 'C:/Users/aamalik3/Desktop/ICAP_Readback/RISC_Preemption/RISC_Preemption.sdk/design_1_wrapper_hw_platform_0/ps7_init.tcl' is done.
20:05:34 INFO  : Context for 'APU' is selected.
20:05:34 INFO  : Hardware design information is loaded from 'C:/Users/aamalik3/Desktop/ICAP_Readback/RISC_Preemption/RISC_Preemption.sdk/design_1_wrapper_hw_platform_0/system.hdf'.
20:05:34 INFO  : 'configparams force-mem-access 1' command is executed.
20:05:34 INFO  : Context for 'APU' is selected.
20:05:34 INFO  : 'stop' command is executed.
20:05:34 INFO  : 'ps7_init' command is executed.
20:05:34 INFO  : 'ps7_post_config' command is executed.
20:05:34 INFO  : Context for processor 'ps7_cortexa9_0' is selected.
20:05:34 INFO  : Processor reset is completed for 'ps7_cortexa9_0'.
20:05:34 INFO  : Context for processor 'ps7_cortexa9_0' is selected.
20:05:34 INFO  : The application 'C:/Users/aamalik3/Desktop/ICAP_Readback/RISC_Preemption/RISC_Preemption.sdk/risc_aes_ctr/Debug/risc_aes_ctr.elf' is downloaded to processor 'ps7_cortexa9_0'.
20:05:34 INFO  : 'configparams force-mem-access 0' command is executed.
20:05:34 INFO  : ----------------XSDB Script----------------
connect -url tcp:127.0.0.1:3121
source C:/Users/aamalik3/Desktop/ICAP_Readback/RISC_Preemption/RISC_Preemption.sdk/design_1_wrapper_hw_platform_0/ps7_init.tcl
targets -set -nocase -filter {name =~"APU*" && jtag_cable_name =~ "Digilent Zed 210248B78019"} -index 0
loadhw -hw C:/Users/aamalik3/Desktop/ICAP_Readback/RISC_Preemption/RISC_Preemption.sdk/design_1_wrapper_hw_platform_0/system.hdf -mem-ranges [list {0x40000000 0xbfffffff}]
configparams force-mem-access 1
targets -set -nocase -filter {name =~"APU*" && jtag_cable_name =~ "Digilent Zed 210248B78019"} -index 0
stop
ps7_init
ps7_post_config
targets -set -nocase -filter {name =~ "ARM*#0" && jtag_cable_name =~ "Digilent Zed 210248B78019"} -index 0
rst -processor
targets -set -nocase -filter {name =~ "ARM*#0" && jtag_cable_name =~ "Digilent Zed 210248B78019"} -index 0
dow C:/Users/aamalik3/Desktop/ICAP_Readback/RISC_Preemption/RISC_Preemption.sdk/risc_aes_ctr/Debug/risc_aes_ctr.elf
configparams force-mem-access 0
----------------End of Script----------------

20:05:35 INFO  : Memory regions updated for context APU
20:05:35 INFO  : Context for processor 'ps7_cortexa9_0' is selected.
20:05:35 INFO  : 'con' command is executed.
20:05:35 INFO  : ----------------XSDB Script (After Launch)----------------
targets -set -nocase -filter {name =~ "ARM*#0" && jtag_cable_name =~ "Digilent Zed 210248B78019"} -index 0
con
----------------End of Script----------------

20:05:35 INFO  : Launch script is exported to file 'C:\Users\aamalik3\Desktop\ICAP_Readback\RISC_Preemption\RISC_Preemption.sdk\.sdk\launch_scripts\xilinx_c-c++_application_(system_debugger)\system_debugger_using_debug_risc_aes_ctr.elf_on_local.tcl'
20:08:43 ERROR : (XSDB Server)expected integer but got "0x00500000+80" instead

20:08:51 ERROR : (XSDB Server)expected integer but got "0x00500000+0x80" instead

20:10:32 INFO  : Connected to target on host '127.0.0.1' and port '3121'.
20:10:32 INFO  : 'targets -set -filter {jtag_cable_name =~ "Digilent Zed 210248B78019" && level==0} -index 1' command is executed.
20:10:33 INFO  : FPGA configured successfully with bitstream "C:/Users/aamalik3/Desktop/ICAP_Readback/RISC_Preemption/RISC_AES_1_Million/RISC_AES_1_Million_pblock_risc_partial.bit"
20:10:44 INFO  : Connected to target on host '127.0.0.1' and port '3121'.
20:10:44 INFO  : 'targets -set -filter {jtag_cable_name =~ "Digilent Zed 210248B78019" && level==0} -index 1' command is executed.
20:10:45 INFO  : FPGA configured successfully with bitstream "C:/Users/aamalik3/Desktop/ICAP_Readback/RISC_Preemption/RISC_AES_1_Million/RISC_AES_1_Million_pblock_risc_partial.bit"
20:26:52 INFO  : Disconnected from the channel tcfchan#118.
20:26:53 INFO  : 'targets -set -filter {jtag_cable_name =~ "Digilent Zed 210248B78019" && level==0} -index 1' command is executed.
20:26:53 INFO  : 'fpga -state' command is executed.
20:26:53 INFO  : Connected to target on host '127.0.0.1' and port '3121'.
20:26:53 INFO  : Jtag cable 'Digilent Zed 210248B78019' is selected.
20:26:53 INFO  : 'jtag frequency' command is executed.
20:26:53 INFO  : Sourcing of 'C:/Users/aamalik3/Desktop/ICAP_Readback/RISC_Preemption/RISC_Preemption.sdk/design_1_wrapper_hw_platform_0/ps7_init.tcl' is done.
20:26:53 INFO  : Context for 'APU' is selected.
20:26:53 INFO  : Hardware design information is loaded from 'C:/Users/aamalik3/Desktop/ICAP_Readback/RISC_Preemption/RISC_Preemption.sdk/design_1_wrapper_hw_platform_0/system.hdf'.
20:26:53 INFO  : 'configparams force-mem-access 1' command is executed.
20:26:53 INFO  : Context for 'APU' is selected.
20:26:53 INFO  : 'stop' command is executed.
20:26:53 INFO  : 'ps7_init' command is executed.
20:26:53 INFO  : 'ps7_post_config' command is executed.
20:26:53 INFO  : Context for processor 'ps7_cortexa9_0' is selected.
20:26:53 INFO  : Processor reset is completed for 'ps7_cortexa9_0'.
20:26:53 INFO  : Context for processor 'ps7_cortexa9_0' is selected.
20:26:53 INFO  : The application 'C:/Users/aamalik3/Desktop/ICAP_Readback/RISC_Preemption/RISC_Preemption.sdk/risc_aes_ctr/Debug/risc_aes_ctr.elf' is downloaded to processor 'ps7_cortexa9_0'.
20:26:53 INFO  : 'configparams force-mem-access 0' command is executed.
20:26:53 INFO  : ----------------XSDB Script----------------
connect -url tcp:127.0.0.1:3121
source C:/Users/aamalik3/Desktop/ICAP_Readback/RISC_Preemption/RISC_Preemption.sdk/design_1_wrapper_hw_platform_0/ps7_init.tcl
targets -set -nocase -filter {name =~"APU*" && jtag_cable_name =~ "Digilent Zed 210248B78019"} -index 0
loadhw -hw C:/Users/aamalik3/Desktop/ICAP_Readback/RISC_Preemption/RISC_Preemption.sdk/design_1_wrapper_hw_platform_0/system.hdf -mem-ranges [list {0x40000000 0xbfffffff}]
configparams force-mem-access 1
targets -set -nocase -filter {name =~"APU*" && jtag_cable_name =~ "Digilent Zed 210248B78019"} -index 0
stop
ps7_init
ps7_post_config
targets -set -nocase -filter {name =~ "ARM*#0" && jtag_cable_name =~ "Digilent Zed 210248B78019"} -index 0
rst -processor
targets -set -nocase -filter {name =~ "ARM*#0" && jtag_cable_name =~ "Digilent Zed 210248B78019"} -index 0
dow C:/Users/aamalik3/Desktop/ICAP_Readback/RISC_Preemption/RISC_Preemption.sdk/risc_aes_ctr/Debug/risc_aes_ctr.elf
configparams force-mem-access 0
----------------End of Script----------------

20:26:53 INFO  : Memory regions updated for context APU
20:26:54 INFO  : Context for processor 'ps7_cortexa9_0' is selected.
20:26:54 INFO  : 'con' command is executed.
20:26:54 INFO  : ----------------XSDB Script (After Launch)----------------
targets -set -nocase -filter {name =~ "ARM*#0" && jtag_cable_name =~ "Digilent Zed 210248B78019"} -index 0
con
----------------End of Script----------------

20:26:54 INFO  : Launch script is exported to file 'C:\Users\aamalik3\Desktop\ICAP_Readback\RISC_Preemption\RISC_Preemption.sdk\.sdk\launch_scripts\xilinx_c-c++_application_(system_debugger)\system_debugger_using_debug_risc_aes_ctr.elf_on_local.tcl'
20:27:05 INFO  : Connected to target on host '127.0.0.1' and port '3121'.
20:27:05 INFO  : 'targets -set -filter {jtag_cable_name =~ "Digilent Zed 210248B78019" && level==0} -index 1' command is executed.
20:27:06 INFO  : FPGA configured successfully with bitstream "C:/Users/aamalik3/Desktop/ICAP_Readback/RISC_Preemption/RISC_AES_1_Million/RISC_AES_1_Million_pblock_risc_partial.bit"
20:33:22 INFO  : Connected to target on host '127.0.0.1' and port '3121'.
20:33:22 INFO  : 'targets -set -filter {jtag_cable_name =~ "Digilent Zed 210248B78019" && level==0} -index 1' command is executed.
20:33:23 INFO  : FPGA configured successfully with bitstream "C:/Users/aamalik3/Desktop/ICAP_Readback/RISC_Preemption/RISC_AES_1_Million/RISC_AES_1_Million_pblock_risc_partial.bit"
20:33:50 INFO  : Connected to target on host '127.0.0.1' and port '3121'.
20:33:50 INFO  : 'targets -set -filter {jtag_cable_name =~ "Digilent Zed 210248B78019" && level==0} -index 1' command is executed.
20:33:51 INFO  : FPGA configured successfully with bitstream "C:/Users/aamalik3/Desktop/ICAP_Readback/RISC_Preemption/RISC_AES_1_Million/RISC_AES_1_Million_pblock_risc_partial.bit"
20:35:44 INFO  : Connected to target on host '127.0.0.1' and port '3121'.
20:35:44 INFO  : 'targets -set -filter {jtag_cable_name =~ "Digilent Zed 210248B78019" && level==0} -index 1' command is executed.
20:35:45 INFO  : FPGA configured successfully with bitstream "C:/Users/aamalik3/Desktop/ICAP_Readback/RISC_Preemption/RISC_AES_1_Million/RISC_AES_1_Million_pblock_risc_partial.bit"
21:47:38 INFO  : Connected to target on host '127.0.0.1' and port '3121'.
21:47:38 INFO  : 'targets -set -filter {jtag_cable_name =~ "Digilent Zed 210248B78019" && level==0} -index 1' command is executed.
21:47:39 INFO  : FPGA configured successfully with bitstream "C:/Users/aamalik3/Desktop/ICAP_Readback/RISC_Preemption/RISC_AES_1_Million/RISC_AES_1_Million_pblock_risc_partial.bit"
21:47:41 INFO  : Disconnected from the channel tcfchan#119.
21:47:42 INFO  : 'targets -set -filter {jtag_cable_name =~ "Digilent Zed 210248B78019" && level==0} -index 1' command is executed.
21:47:42 INFO  : 'fpga -state' command is executed.
21:47:42 INFO  : Connected to target on host '127.0.0.1' and port '3121'.
21:47:42 INFO  : Jtag cable 'Digilent Zed 210248B78019' is selected.
21:47:42 INFO  : 'jtag frequency' command is executed.
21:47:42 INFO  : Sourcing of 'C:/Users/aamalik3/Desktop/ICAP_Readback/RISC_Preemption/RISC_Preemption.sdk/design_1_wrapper_hw_platform_0/ps7_init.tcl' is done.
21:47:42 INFO  : Context for 'APU' is selected.
21:47:42 INFO  : Hardware design information is loaded from 'C:/Users/aamalik3/Desktop/ICAP_Readback/RISC_Preemption/RISC_Preemption.sdk/design_1_wrapper_hw_platform_0/system.hdf'.
21:47:42 INFO  : 'configparams force-mem-access 1' command is executed.
21:47:42 INFO  : Context for 'APU' is selected.
21:47:42 INFO  : 'stop' command is executed.
21:47:42 INFO  : 'ps7_init' command is executed.
21:47:42 INFO  : 'ps7_post_config' command is executed.
21:47:42 INFO  : Context for processor 'ps7_cortexa9_0' is selected.
21:47:42 INFO  : Processor reset is completed for 'ps7_cortexa9_0'.
21:47:42 INFO  : Context for processor 'ps7_cortexa9_0' is selected.
21:47:43 INFO  : The application 'C:/Users/aamalik3/Desktop/ICAP_Readback/RISC_Preemption/RISC_Preemption.sdk/risc_aes_ctr/Debug/risc_aes_ctr.elf' is downloaded to processor 'ps7_cortexa9_0'.
21:47:43 INFO  : 'configparams force-mem-access 0' command is executed.
21:47:43 INFO  : ----------------XSDB Script----------------
connect -url tcp:127.0.0.1:3121
source C:/Users/aamalik3/Desktop/ICAP_Readback/RISC_Preemption/RISC_Preemption.sdk/design_1_wrapper_hw_platform_0/ps7_init.tcl
targets -set -nocase -filter {name =~"APU*" && jtag_cable_name =~ "Digilent Zed 210248B78019"} -index 0
loadhw -hw C:/Users/aamalik3/Desktop/ICAP_Readback/RISC_Preemption/RISC_Preemption.sdk/design_1_wrapper_hw_platform_0/system.hdf -mem-ranges [list {0x40000000 0xbfffffff}]
configparams force-mem-access 1
targets -set -nocase -filter {name =~"APU*" && jtag_cable_name =~ "Digilent Zed 210248B78019"} -index 0
stop
ps7_init
ps7_post_config
targets -set -nocase -filter {name =~ "ARM*#0" && jtag_cable_name =~ "Digilent Zed 210248B78019"} -index 0
rst -processor
targets -set -nocase -filter {name =~ "ARM*#0" && jtag_cable_name =~ "Digilent Zed 210248B78019"} -index 0
dow C:/Users/aamalik3/Desktop/ICAP_Readback/RISC_Preemption/RISC_Preemption.sdk/risc_aes_ctr/Debug/risc_aes_ctr.elf
configparams force-mem-access 0
----------------End of Script----------------

21:47:43 INFO  : Memory regions updated for context APU
21:47:43 INFO  : Context for processor 'ps7_cortexa9_0' is selected.
21:47:43 INFO  : 'con' command is executed.
21:47:43 INFO  : ----------------XSDB Script (After Launch)----------------
targets -set -nocase -filter {name =~ "ARM*#0" && jtag_cable_name =~ "Digilent Zed 210248B78019"} -index 0
con
----------------End of Script----------------

21:47:43 INFO  : Launch script is exported to file 'C:\Users\aamalik3\Desktop\ICAP_Readback\RISC_Preemption\RISC_Preemption.sdk\.sdk\launch_scripts\xilinx_c-c++_application_(system_debugger)\system_debugger_using_debug_risc_aes_ctr.elf_on_local.tcl'
21:52:40 INFO  : Connected to target on host '127.0.0.1' and port '3121'.
21:52:40 INFO  : 'targets -set -filter {jtag_cable_name =~ "Digilent Zed 210248B78019" && level==0} -index 1' command is executed.
21:52:41 INFO  : FPGA configured successfully with bitstream "C:/Users/aamalik3/Desktop/ICAP_Readback/RISC_Preemption/RISC_AES_1_Million/RISC_AES_1_Million_pblock_risc_partial.bit"
21:52:43 INFO  : Disconnected from the channel tcfchan#120.
21:52:44 INFO  : 'targets -set -filter {jtag_cable_name =~ "Digilent Zed 210248B78019" && level==0} -index 1' command is executed.
21:52:44 INFO  : 'fpga -state' command is executed.
21:52:44 INFO  : Connected to target on host '127.0.0.1' and port '3121'.
21:52:44 INFO  : Jtag cable 'Digilent Zed 210248B78019' is selected.
21:52:44 INFO  : 'jtag frequency' command is executed.
21:52:44 INFO  : Sourcing of 'C:/Users/aamalik3/Desktop/ICAP_Readback/RISC_Preemption/RISC_Preemption.sdk/design_1_wrapper_hw_platform_0/ps7_init.tcl' is done.
21:52:44 INFO  : Context for 'APU' is selected.
21:52:44 INFO  : Hardware design information is loaded from 'C:/Users/aamalik3/Desktop/ICAP_Readback/RISC_Preemption/RISC_Preemption.sdk/design_1_wrapper_hw_platform_0/system.hdf'.
21:52:44 INFO  : 'configparams force-mem-access 1' command is executed.
21:52:44 INFO  : Context for 'APU' is selected.
21:52:44 INFO  : 'stop' command is executed.
21:52:44 INFO  : 'ps7_init' command is executed.
21:52:45 INFO  : 'ps7_post_config' command is executed.
21:52:45 INFO  : Context for processor 'ps7_cortexa9_0' is selected.
21:52:45 INFO  : Processor reset is completed for 'ps7_cortexa9_0'.
21:52:45 INFO  : Context for processor 'ps7_cortexa9_0' is selected.
21:52:45 INFO  : The application 'C:/Users/aamalik3/Desktop/ICAP_Readback/RISC_Preemption/RISC_Preemption.sdk/risc_aes_ctr/Debug/risc_aes_ctr.elf' is downloaded to processor 'ps7_cortexa9_0'.
21:52:45 INFO  : 'configparams force-mem-access 0' command is executed.
21:52:45 INFO  : ----------------XSDB Script----------------
connect -url tcp:127.0.0.1:3121
source C:/Users/aamalik3/Desktop/ICAP_Readback/RISC_Preemption/RISC_Preemption.sdk/design_1_wrapper_hw_platform_0/ps7_init.tcl
targets -set -nocase -filter {name =~"APU*" && jtag_cable_name =~ "Digilent Zed 210248B78019"} -index 0
loadhw -hw C:/Users/aamalik3/Desktop/ICAP_Readback/RISC_Preemption/RISC_Preemption.sdk/design_1_wrapper_hw_platform_0/system.hdf -mem-ranges [list {0x40000000 0xbfffffff}]
configparams force-mem-access 1
targets -set -nocase -filter {name =~"APU*" && jtag_cable_name =~ "Digilent Zed 210248B78019"} -index 0
stop
ps7_init
ps7_post_config
targets -set -nocase -filter {name =~ "ARM*#0" && jtag_cable_name =~ "Digilent Zed 210248B78019"} -index 0
rst -processor
targets -set -nocase -filter {name =~ "ARM*#0" && jtag_cable_name =~ "Digilent Zed 210248B78019"} -index 0
dow C:/Users/aamalik3/Desktop/ICAP_Readback/RISC_Preemption/RISC_Preemption.sdk/risc_aes_ctr/Debug/risc_aes_ctr.elf
configparams force-mem-access 0
----------------End of Script----------------

21:52:45 INFO  : Memory regions updated for context APU
21:52:45 INFO  : Context for processor 'ps7_cortexa9_0' is selected.
21:52:45 INFO  : 'con' command is executed.
21:52:45 INFO  : ----------------XSDB Script (After Launch)----------------
targets -set -nocase -filter {name =~ "ARM*#0" && jtag_cable_name =~ "Digilent Zed 210248B78019"} -index 0
con
----------------End of Script----------------

21:52:45 INFO  : Launch script is exported to file 'C:\Users\aamalik3\Desktop\ICAP_Readback\RISC_Preemption\RISC_Preemption.sdk\.sdk\launch_scripts\xilinx_c-c++_application_(system_debugger)\system_debugger_using_debug_risc_aes_ctr.elf_on_local.tcl'
21:56:12 INFO  : Disconnected from the channel tcfchan#121.
21:56:13 INFO  : 'targets -set -filter {jtag_cable_name =~ "Digilent Zed 210248B78019" && level==0} -index 1' command is executed.
21:56:13 INFO  : 'fpga -state' command is executed.
21:56:13 INFO  : Connected to target on host '127.0.0.1' and port '3121'.
21:56:13 INFO  : Jtag cable 'Digilent Zed 210248B78019' is selected.
21:56:13 INFO  : 'jtag frequency' command is executed.
21:56:13 INFO  : Sourcing of 'C:/Users/aamalik3/Desktop/ICAP_Readback/RISC_Preemption/RISC_Preemption.sdk/design_1_wrapper_hw_platform_0/ps7_init.tcl' is done.
21:56:13 INFO  : Context for 'APU' is selected.
21:56:13 INFO  : Hardware design information is loaded from 'C:/Users/aamalik3/Desktop/ICAP_Readback/RISC_Preemption/RISC_Preemption.sdk/design_1_wrapper_hw_platform_0/system.hdf'.
21:56:13 INFO  : 'configparams force-mem-access 1' command is executed.
21:56:13 INFO  : Context for 'APU' is selected.
21:56:13 INFO  : 'stop' command is executed.
21:56:13 INFO  : 'ps7_init' command is executed.
21:56:13 INFO  : 'ps7_post_config' command is executed.
21:56:13 INFO  : Context for processor 'ps7_cortexa9_0' is selected.
21:56:13 INFO  : Processor reset is completed for 'ps7_cortexa9_0'.
21:56:13 INFO  : Context for processor 'ps7_cortexa9_0' is selected.
21:56:13 INFO  : The application 'C:/Users/aamalik3/Desktop/ICAP_Readback/RISC_Preemption/RISC_Preemption.sdk/risc_aes_ctr/Debug/risc_aes_ctr.elf' is downloaded to processor 'ps7_cortexa9_0'.
21:56:13 INFO  : 'configparams force-mem-access 0' command is executed.
21:56:13 INFO  : ----------------XSDB Script----------------
connect -url tcp:127.0.0.1:3121
source C:/Users/aamalik3/Desktop/ICAP_Readback/RISC_Preemption/RISC_Preemption.sdk/design_1_wrapper_hw_platform_0/ps7_init.tcl
targets -set -nocase -filter {name =~"APU*" && jtag_cable_name =~ "Digilent Zed 210248B78019"} -index 0
loadhw -hw C:/Users/aamalik3/Desktop/ICAP_Readback/RISC_Preemption/RISC_Preemption.sdk/design_1_wrapper_hw_platform_0/system.hdf -mem-ranges [list {0x40000000 0xbfffffff}]
configparams force-mem-access 1
targets -set -nocase -filter {name =~"APU*" && jtag_cable_name =~ "Digilent Zed 210248B78019"} -index 0
stop
ps7_init
ps7_post_config
targets -set -nocase -filter {name =~ "ARM*#0" && jtag_cable_name =~ "Digilent Zed 210248B78019"} -index 0
rst -processor
targets -set -nocase -filter {name =~ "ARM*#0" && jtag_cable_name =~ "Digilent Zed 210248B78019"} -index 0
dow C:/Users/aamalik3/Desktop/ICAP_Readback/RISC_Preemption/RISC_Preemption.sdk/risc_aes_ctr/Debug/risc_aes_ctr.elf
configparams force-mem-access 0
----------------End of Script----------------

21:56:13 INFO  : Memory regions updated for context APU
21:56:14 INFO  : Context for processor 'ps7_cortexa9_0' is selected.
21:56:14 INFO  : 'con' command is executed.
21:56:14 INFO  : ----------------XSDB Script (After Launch)----------------
targets -set -nocase -filter {name =~ "ARM*#0" && jtag_cable_name =~ "Digilent Zed 210248B78019"} -index 0
con
----------------End of Script----------------

21:56:14 INFO  : Launch script is exported to file 'C:\Users\aamalik3\Desktop\ICAP_Readback\RISC_Preemption\RISC_Preemption.sdk\.sdk\launch_scripts\xilinx_c-c++_application_(system_debugger)\system_debugger_using_debug_risc_aes_ctr.elf_on_local.tcl'
21:56:18 INFO  : Connected to target on host '127.0.0.1' and port '3121'.
21:56:18 INFO  : 'targets -set -filter {jtag_cable_name =~ "Digilent Zed 210248B78019" && level==0} -index 1' command is executed.
21:56:19 INFO  : FPGA configured successfully with bitstream "C:/Users/aamalik3/Desktop/ICAP_Readback/RISC_Preemption/RISC_AES_1_Million/RISC_AES_1_Million_pblock_risc_partial.bit"
21:56:21 INFO  : Disconnected from the channel tcfchan#122.
21:56:22 INFO  : 'targets -set -filter {jtag_cable_name =~ "Digilent Zed 210248B78019" && level==0} -index 1' command is executed.
21:56:22 INFO  : 'fpga -state' command is executed.
21:56:22 INFO  : Connected to target on host '127.0.0.1' and port '3121'.
21:56:23 INFO  : Jtag cable 'Digilent Zed 210248B78019' is selected.
21:56:23 INFO  : 'jtag frequency' command is executed.
21:56:23 INFO  : Sourcing of 'C:/Users/aamalik3/Desktop/ICAP_Readback/RISC_Preemption/RISC_Preemption.sdk/design_1_wrapper_hw_platform_0/ps7_init.tcl' is done.
21:56:23 INFO  : Context for 'APU' is selected.
21:56:23 INFO  : Hardware design information is loaded from 'C:/Users/aamalik3/Desktop/ICAP_Readback/RISC_Preemption/RISC_Preemption.sdk/design_1_wrapper_hw_platform_0/system.hdf'.
21:56:23 INFO  : 'configparams force-mem-access 1' command is executed.
21:56:23 INFO  : Context for 'APU' is selected.
21:56:23 INFO  : 'stop' command is executed.
21:56:23 INFO  : 'ps7_init' command is executed.
21:56:23 INFO  : 'ps7_post_config' command is executed.
21:56:23 INFO  : Context for processor 'ps7_cortexa9_0' is selected.
21:56:23 INFO  : Processor reset is completed for 'ps7_cortexa9_0'.
21:56:23 INFO  : Context for processor 'ps7_cortexa9_0' is selected.
21:56:23 INFO  : The application 'C:/Users/aamalik3/Desktop/ICAP_Readback/RISC_Preemption/RISC_Preemption.sdk/risc_aes_ctr/Debug/risc_aes_ctr.elf' is downloaded to processor 'ps7_cortexa9_0'.
21:56:23 INFO  : 'configparams force-mem-access 0' command is executed.
21:56:23 INFO  : ----------------XSDB Script----------------
connect -url tcp:127.0.0.1:3121
source C:/Users/aamalik3/Desktop/ICAP_Readback/RISC_Preemption/RISC_Preemption.sdk/design_1_wrapper_hw_platform_0/ps7_init.tcl
targets -set -nocase -filter {name =~"APU*" && jtag_cable_name =~ "Digilent Zed 210248B78019"} -index 0
loadhw -hw C:/Users/aamalik3/Desktop/ICAP_Readback/RISC_Preemption/RISC_Preemption.sdk/design_1_wrapper_hw_platform_0/system.hdf -mem-ranges [list {0x40000000 0xbfffffff}]
configparams force-mem-access 1
targets -set -nocase -filter {name =~"APU*" && jtag_cable_name =~ "Digilent Zed 210248B78019"} -index 0
stop
ps7_init
ps7_post_config
targets -set -nocase -filter {name =~ "ARM*#0" && jtag_cable_name =~ "Digilent Zed 210248B78019"} -index 0
rst -processor
targets -set -nocase -filter {name =~ "ARM*#0" && jtag_cable_name =~ "Digilent Zed 210248B78019"} -index 0
dow C:/Users/aamalik3/Desktop/ICAP_Readback/RISC_Preemption/RISC_Preemption.sdk/risc_aes_ctr/Debug/risc_aes_ctr.elf
configparams force-mem-access 0
----------------End of Script----------------

21:56:23 INFO  : Memory regions updated for context APU
21:56:23 INFO  : Context for processor 'ps7_cortexa9_0' is selected.
21:56:23 INFO  : 'con' command is executed.
21:56:23 INFO  : ----------------XSDB Script (After Launch)----------------
targets -set -nocase -filter {name =~ "ARM*#0" && jtag_cable_name =~ "Digilent Zed 210248B78019"} -index 0
con
----------------End of Script----------------

21:56:23 INFO  : Launch script is exported to file 'C:\Users\aamalik3\Desktop\ICAP_Readback\RISC_Preemption\RISC_Preemption.sdk\.sdk\launch_scripts\xilinx_c-c++_application_(system_debugger)\system_debugger_using_debug_risc_aes_ctr.elf_on_local.tcl'
22:02:42 INFO  : Connected to target on host '127.0.0.1' and port '3121'.
22:02:42 INFO  : 'targets -set -filter {jtag_cable_name =~ "Digilent Zed 210248B78019" && level==0} -index 1' command is executed.
22:02:43 INFO  : FPGA configured successfully with bitstream "C:/Users/aamalik3/Desktop/ICAP_Readback/RISC_Preemption/RISC_AES_1_Million/RISC_AES_1_Million_pblock_risc_partial.bit"
22:04:17 INFO  : Connected to target on host '127.0.0.1' and port '3121'.
22:04:17 INFO  : 'targets -set -filter {jtag_cable_name =~ "Digilent Zed 210248B78019" && level==0} -index 1' command is executed.
22:04:17 INFO  : FPGA configured successfully with bitstream "C:/Users/aamalik3/Desktop/ICAP_Readback/RISC_Preemption/RISC_AES_1_Million/RISC_AES_1_Million_pblock_risc_partial.bit"
22:10:01 INFO  : Connected to target on host '127.0.0.1' and port '3121'.
22:10:01 INFO  : 'targets -set -filter {jtag_cable_name =~ "Digilent Zed 210248B78019" && level==0} -index 1' command is executed.
22:10:02 INFO  : FPGA configured successfully with bitstream "C:/Users/aamalik3/Desktop/ICAP_Readback/RISC_Preemption/RISC_AES_1_Million/RISC_AES_1_Million_pblock_risc_partial.bit"
22:10:04 INFO  : Disconnected from the channel tcfchan#123.
22:10:05 INFO  : 'targets -set -filter {jtag_cable_name =~ "Digilent Zed 210248B78019" && level==0} -index 1' command is executed.
22:10:05 INFO  : 'fpga -state' command is executed.
22:10:05 INFO  : Connected to target on host '127.0.0.1' and port '3121'.
22:10:05 INFO  : Jtag cable 'Digilent Zed 210248B78019' is selected.
22:10:05 INFO  : 'jtag frequency' command is executed.
22:10:05 INFO  : Sourcing of 'C:/Users/aamalik3/Desktop/ICAP_Readback/RISC_Preemption/RISC_Preemption.sdk/design_1_wrapper_hw_platform_0/ps7_init.tcl' is done.
22:10:05 INFO  : Context for 'APU' is selected.
22:10:05 INFO  : Hardware design information is loaded from 'C:/Users/aamalik3/Desktop/ICAP_Readback/RISC_Preemption/RISC_Preemption.sdk/design_1_wrapper_hw_platform_0/system.hdf'.
22:10:05 INFO  : 'configparams force-mem-access 1' command is executed.
22:10:05 INFO  : Context for 'APU' is selected.
22:10:05 INFO  : 'stop' command is executed.
22:10:05 INFO  : 'ps7_init' command is executed.
22:10:05 INFO  : 'ps7_post_config' command is executed.
22:10:06 INFO  : Context for processor 'ps7_cortexa9_0' is selected.
22:10:06 INFO  : Processor reset is completed for 'ps7_cortexa9_0'.
22:10:06 INFO  : Context for processor 'ps7_cortexa9_0' is selected.
22:10:06 INFO  : The application 'C:/Users/aamalik3/Desktop/ICAP_Readback/RISC_Preemption/RISC_Preemption.sdk/risc_aes_ctr/Debug/risc_aes_ctr.elf' is downloaded to processor 'ps7_cortexa9_0'.
22:10:06 INFO  : 'configparams force-mem-access 0' command is executed.
22:10:06 INFO  : ----------------XSDB Script----------------
connect -url tcp:127.0.0.1:3121
source C:/Users/aamalik3/Desktop/ICAP_Readback/RISC_Preemption/RISC_Preemption.sdk/design_1_wrapper_hw_platform_0/ps7_init.tcl
targets -set -nocase -filter {name =~"APU*" && jtag_cable_name =~ "Digilent Zed 210248B78019"} -index 0
loadhw -hw C:/Users/aamalik3/Desktop/ICAP_Readback/RISC_Preemption/RISC_Preemption.sdk/design_1_wrapper_hw_platform_0/system.hdf -mem-ranges [list {0x40000000 0xbfffffff}]
configparams force-mem-access 1
targets -set -nocase -filter {name =~"APU*" && jtag_cable_name =~ "Digilent Zed 210248B78019"} -index 0
stop
ps7_init
ps7_post_config
targets -set -nocase -filter {name =~ "ARM*#0" && jtag_cable_name =~ "Digilent Zed 210248B78019"} -index 0
rst -processor
targets -set -nocase -filter {name =~ "ARM*#0" && jtag_cable_name =~ "Digilent Zed 210248B78019"} -index 0
dow C:/Users/aamalik3/Desktop/ICAP_Readback/RISC_Preemption/RISC_Preemption.sdk/risc_aes_ctr/Debug/risc_aes_ctr.elf
configparams force-mem-access 0
----------------End of Script----------------

22:10:06 INFO  : Memory regions updated for context APU
22:10:06 INFO  : Context for processor 'ps7_cortexa9_0' is selected.
22:10:06 INFO  : 'con' command is executed.
22:10:06 INFO  : ----------------XSDB Script (After Launch)----------------
targets -set -nocase -filter {name =~ "ARM*#0" && jtag_cable_name =~ "Digilent Zed 210248B78019"} -index 0
con
----------------End of Script----------------

22:10:06 INFO  : Launch script is exported to file 'C:\Users\aamalik3\Desktop\ICAP_Readback\RISC_Preemption\RISC_Preemption.sdk\.sdk\launch_scripts\xilinx_c-c++_application_(system_debugger)\system_debugger_using_debug_risc_aes_ctr.elf_on_local.tcl'
22:15:08 INFO  : Connected to target on host '127.0.0.1' and port '3121'.
22:15:08 INFO  : 'targets -set -filter {jtag_cable_name =~ "Digilent Zed 210248B78019" && level==0} -index 1' command is executed.
22:15:09 INFO  : FPGA configured successfully with bitstream "C:/Users/aamalik3/Desktop/ICAP_Readback/RISC_Preemption/RISC_AES_1_Million/RISC_AES_1_Million_pblock_risc_partial.bit"
22:15:11 INFO  : Disconnected from the channel tcfchan#124.
22:15:12 INFO  : 'targets -set -filter {jtag_cable_name =~ "Digilent Zed 210248B78019" && level==0} -index 1' command is executed.
22:15:12 INFO  : 'fpga -state' command is executed.
22:15:12 INFO  : Connected to target on host '127.0.0.1' and port '3121'.
22:15:12 INFO  : Jtag cable 'Digilent Zed 210248B78019' is selected.
22:15:12 INFO  : 'jtag frequency' command is executed.
22:15:12 INFO  : Sourcing of 'C:/Users/aamalik3/Desktop/ICAP_Readback/RISC_Preemption/RISC_Preemption.sdk/design_1_wrapper_hw_platform_0/ps7_init.tcl' is done.
22:15:12 INFO  : Context for 'APU' is selected.
22:15:12 INFO  : Hardware design information is loaded from 'C:/Users/aamalik3/Desktop/ICAP_Readback/RISC_Preemption/RISC_Preemption.sdk/design_1_wrapper_hw_platform_0/system.hdf'.
22:15:12 INFO  : 'configparams force-mem-access 1' command is executed.
22:15:12 INFO  : Context for 'APU' is selected.
22:15:12 INFO  : 'stop' command is executed.
22:15:12 INFO  : 'ps7_init' command is executed.
22:15:12 INFO  : 'ps7_post_config' command is executed.
22:15:12 INFO  : Context for processor 'ps7_cortexa9_0' is selected.
22:15:12 INFO  : Processor reset is completed for 'ps7_cortexa9_0'.
22:15:12 INFO  : Context for processor 'ps7_cortexa9_0' is selected.
22:15:13 INFO  : The application 'C:/Users/aamalik3/Desktop/ICAP_Readback/RISC_Preemption/RISC_Preemption.sdk/risc_aes_ctr/Debug/risc_aes_ctr.elf' is downloaded to processor 'ps7_cortexa9_0'.
22:15:13 INFO  : 'configparams force-mem-access 0' command is executed.
22:15:13 INFO  : ----------------XSDB Script----------------
connect -url tcp:127.0.0.1:3121
source C:/Users/aamalik3/Desktop/ICAP_Readback/RISC_Preemption/RISC_Preemption.sdk/design_1_wrapper_hw_platform_0/ps7_init.tcl
targets -set -nocase -filter {name =~"APU*" && jtag_cable_name =~ "Digilent Zed 210248B78019"} -index 0
loadhw -hw C:/Users/aamalik3/Desktop/ICAP_Readback/RISC_Preemption/RISC_Preemption.sdk/design_1_wrapper_hw_platform_0/system.hdf -mem-ranges [list {0x40000000 0xbfffffff}]
configparams force-mem-access 1
targets -set -nocase -filter {name =~"APU*" && jtag_cable_name =~ "Digilent Zed 210248B78019"} -index 0
stop
ps7_init
ps7_post_config
targets -set -nocase -filter {name =~ "ARM*#0" && jtag_cable_name =~ "Digilent Zed 210248B78019"} -index 0
rst -processor
targets -set -nocase -filter {name =~ "ARM*#0" && jtag_cable_name =~ "Digilent Zed 210248B78019"} -index 0
dow C:/Users/aamalik3/Desktop/ICAP_Readback/RISC_Preemption/RISC_Preemption.sdk/risc_aes_ctr/Debug/risc_aes_ctr.elf
configparams force-mem-access 0
----------------End of Script----------------

22:15:13 INFO  : Memory regions updated for context APU
22:15:13 INFO  : Context for processor 'ps7_cortexa9_0' is selected.
22:15:13 INFO  : 'con' command is executed.
22:15:13 INFO  : ----------------XSDB Script (After Launch)----------------
targets -set -nocase -filter {name =~ "ARM*#0" && jtag_cable_name =~ "Digilent Zed 210248B78019"} -index 0
con
----------------End of Script----------------

22:15:13 INFO  : Launch script is exported to file 'C:\Users\aamalik3\Desktop\ICAP_Readback\RISC_Preemption\RISC_Preemption.sdk\.sdk\launch_scripts\xilinx_c-c++_application_(system_debugger)\system_debugger_using_debug_risc_aes_ctr.elf_on_local.tcl'
22:29:01 INFO  : Connected to target on host '127.0.0.1' and port '3121'.
22:29:01 INFO  : 'targets -set -filter {jtag_cable_name =~ "Digilent Zed 210248B78019" && level==0} -index 1' command is executed.
22:29:02 INFO  : FPGA configured successfully with bitstream "C:/Users/aamalik3/Desktop/ICAP_Readback/RISC_Preemption/RISC_AES_1_Million/RISC_AES_1_Million_pblock_risc_partial.bit"
22:29:05 INFO  : Disconnected from the channel tcfchan#125.
22:29:06 INFO  : 'targets -set -filter {jtag_cable_name =~ "Digilent Zed 210248B78019" && level==0} -index 1' command is executed.
22:29:06 INFO  : 'fpga -state' command is executed.
22:29:06 INFO  : Connected to target on host '127.0.0.1' and port '3121'.
22:29:06 INFO  : Jtag cable 'Digilent Zed 210248B78019' is selected.
22:29:06 INFO  : 'jtag frequency' command is executed.
22:29:06 INFO  : Sourcing of 'C:/Users/aamalik3/Desktop/ICAP_Readback/RISC_Preemption/RISC_Preemption.sdk/design_1_wrapper_hw_platform_0/ps7_init.tcl' is done.
22:29:06 INFO  : Context for 'APU' is selected.
22:29:06 INFO  : Hardware design information is loaded from 'C:/Users/aamalik3/Desktop/ICAP_Readback/RISC_Preemption/RISC_Preemption.sdk/design_1_wrapper_hw_platform_0/system.hdf'.
22:29:06 INFO  : 'configparams force-mem-access 1' command is executed.
22:29:06 INFO  : Context for 'APU' is selected.
22:29:06 INFO  : 'stop' command is executed.
22:29:06 INFO  : 'ps7_init' command is executed.
22:29:06 INFO  : 'ps7_post_config' command is executed.
22:29:06 INFO  : Context for processor 'ps7_cortexa9_0' is selected.
22:29:06 INFO  : Processor reset is completed for 'ps7_cortexa9_0'.
22:29:06 INFO  : Context for processor 'ps7_cortexa9_0' is selected.
22:29:07 INFO  : The application 'C:/Users/aamalik3/Desktop/ICAP_Readback/RISC_Preemption/RISC_Preemption.sdk/risc_aes_ctr/Debug/risc_aes_ctr.elf' is downloaded to processor 'ps7_cortexa9_0'.
22:29:07 INFO  : 'configparams force-mem-access 0' command is executed.
22:29:07 INFO  : ----------------XSDB Script----------------
connect -url tcp:127.0.0.1:3121
source C:/Users/aamalik3/Desktop/ICAP_Readback/RISC_Preemption/RISC_Preemption.sdk/design_1_wrapper_hw_platform_0/ps7_init.tcl
targets -set -nocase -filter {name =~"APU*" && jtag_cable_name =~ "Digilent Zed 210248B78019"} -index 0
loadhw -hw C:/Users/aamalik3/Desktop/ICAP_Readback/RISC_Preemption/RISC_Preemption.sdk/design_1_wrapper_hw_platform_0/system.hdf -mem-ranges [list {0x40000000 0xbfffffff}]
configparams force-mem-access 1
targets -set -nocase -filter {name =~"APU*" && jtag_cable_name =~ "Digilent Zed 210248B78019"} -index 0
stop
ps7_init
ps7_post_config
targets -set -nocase -filter {name =~ "ARM*#0" && jtag_cable_name =~ "Digilent Zed 210248B78019"} -index 0
rst -processor
targets -set -nocase -filter {name =~ "ARM*#0" && jtag_cable_name =~ "Digilent Zed 210248B78019"} -index 0
dow C:/Users/aamalik3/Desktop/ICAP_Readback/RISC_Preemption/RISC_Preemption.sdk/risc_aes_ctr/Debug/risc_aes_ctr.elf
configparams force-mem-access 0
----------------End of Script----------------

22:29:07 INFO  : Memory regions updated for context APU
22:29:07 INFO  : Context for processor 'ps7_cortexa9_0' is selected.
22:29:07 INFO  : 'con' command is executed.
22:29:07 INFO  : ----------------XSDB Script (After Launch)----------------
targets -set -nocase -filter {name =~ "ARM*#0" && jtag_cable_name =~ "Digilent Zed 210248B78019"} -index 0
con
----------------End of Script----------------

22:29:07 INFO  : Launch script is exported to file 'C:\Users\aamalik3\Desktop\ICAP_Readback\RISC_Preemption\RISC_Preemption.sdk\.sdk\launch_scripts\xilinx_c-c++_application_(system_debugger)\system_debugger_using_debug_risc_aes_ctr.elf_on_local.tcl'
22:36:41 INFO  : Connected to target on host '127.0.0.1' and port '3121'.
22:36:41 INFO  : 'targets -set -filter {jtag_cable_name =~ "Digilent Zed 210248B78019" && level==0} -index 1' command is executed.
22:36:42 INFO  : FPGA configured successfully with bitstream "C:/Users/aamalik3/Desktop/ICAP_Readback/RISC_Preemption/RISC_AES_1_Million/RISC_AES_1_Million_pblock_risc_partial.bit"
22:36:59 INFO  : Connected to target on host '127.0.0.1' and port '3121'.
22:36:59 INFO  : 'targets -set -filter {jtag_cable_name =~ "Digilent Zed 210248B78019" && level==0} -index 1' command is executed.
22:37:00 INFO  : FPGA configured successfully with bitstream "C:/Users/aamalik3/Desktop/ICAP_Readback/RISC_Preemption/RISC_AES_1_Million/RISC_AES_1_Million_pblock_risc_partial.bit"
22:43:41 INFO  : Connected to target on host '127.0.0.1' and port '3121'.
22:43:41 INFO  : 'targets -set -filter {jtag_cable_name =~ "Digilent Zed 210248B78019" && level==0} -index 1' command is executed.
22:43:41 INFO  : FPGA configured successfully with bitstream "C:/Users/aamalik3/Desktop/ICAP_Readback/RISC_Preemption/RISC_AES_1_Million/RISC_AES_1_Million_pblock_risc_partial.bit"
11:37:20 INFO  : Connected to target on host '127.0.0.1' and port '3121'.
11:37:20 INFO  : 'targets -set -filter {jtag_cable_name =~ "Digilent Zed 210248B78019" && level==0} -index 1' command is executed.
11:37:22 INFO  : FPGA configured successfully with bitstream "C:/Users/aamalik3/Desktop/ICAP_Readback/RISC_Preemption/RISC_AES_1_Million/RISC_AES_1_Million.bit"
11:37:50 INFO  : Disconnected from the channel tcfchan#126.
11:37:51 INFO  : 'targets -set -filter {jtag_cable_name =~ "Digilent Zed 210248B78019" && level==0} -index 1' command is executed.
11:37:51 INFO  : 'fpga -state' command is executed.
11:37:51 INFO  : Connected to target on host '127.0.0.1' and port '3121'.
11:37:52 INFO  : Jtag cable 'Digilent Zed 210248B78019' is selected.
11:37:52 INFO  : 'jtag frequency' command is executed.
11:37:52 INFO  : Sourcing of 'C:/Users/aamalik3/Desktop/ICAP_Readback/RISC_Preemption/RISC_Preemption.sdk/design_1_wrapper_hw_platform_0/ps7_init.tcl' is done.
11:37:52 INFO  : Context for 'APU' is selected.
11:37:52 INFO  : Hardware design information is loaded from 'C:/Users/aamalik3/Desktop/ICAP_Readback/RISC_Preemption/RISC_Preemption.sdk/design_1_wrapper_hw_platform_0/system.hdf'.
11:37:52 INFO  : 'configparams force-mem-access 1' command is executed.
11:37:52 INFO  : Context for 'APU' is selected.
11:37:52 INFO  : 'stop' command is executed.
11:37:52 INFO  : 'ps7_init' command is executed.
11:37:52 INFO  : 'ps7_post_config' command is executed.
11:37:52 INFO  : Context for processor 'ps7_cortexa9_0' is selected.
11:37:52 INFO  : Processor reset is completed for 'ps7_cortexa9_0'.
11:37:52 INFO  : Context for processor 'ps7_cortexa9_0' is selected.
11:37:53 INFO  : The application 'C:/Users/aamalik3/Desktop/ICAP_Readback/RISC_Preemption/RISC_Preemption.sdk/risc_aes_ctr/Debug/risc_aes_ctr.elf' is downloaded to processor 'ps7_cortexa9_0'.
11:37:53 INFO  : 'configparams force-mem-access 0' command is executed.
11:37:53 INFO  : ----------------XSDB Script----------------
connect -url tcp:127.0.0.1:3121
source C:/Users/aamalik3/Desktop/ICAP_Readback/RISC_Preemption/RISC_Preemption.sdk/design_1_wrapper_hw_platform_0/ps7_init.tcl
targets -set -nocase -filter {name =~"APU*" && jtag_cable_name =~ "Digilent Zed 210248B78019"} -index 0
loadhw -hw C:/Users/aamalik3/Desktop/ICAP_Readback/RISC_Preemption/RISC_Preemption.sdk/design_1_wrapper_hw_platform_0/system.hdf -mem-ranges [list {0x40000000 0xbfffffff}]
configparams force-mem-access 1
targets -set -nocase -filter {name =~"APU*" && jtag_cable_name =~ "Digilent Zed 210248B78019"} -index 0
stop
ps7_init
ps7_post_config
targets -set -nocase -filter {name =~ "ARM*#0" && jtag_cable_name =~ "Digilent Zed 210248B78019"} -index 0
rst -processor
targets -set -nocase -filter {name =~ "ARM*#0" && jtag_cable_name =~ "Digilent Zed 210248B78019"} -index 0
dow C:/Users/aamalik3/Desktop/ICAP_Readback/RISC_Preemption/RISC_Preemption.sdk/risc_aes_ctr/Debug/risc_aes_ctr.elf
configparams force-mem-access 0
----------------End of Script----------------

11:37:53 INFO  : Memory regions updated for context APU
11:37:53 INFO  : Context for processor 'ps7_cortexa9_0' is selected.
11:37:53 INFO  : 'con' command is executed.
11:37:53 INFO  : ----------------XSDB Script (After Launch)----------------
targets -set -nocase -filter {name =~ "ARM*#0" && jtag_cable_name =~ "Digilent Zed 210248B78019"} -index 0
con
----------------End of Script----------------

11:37:53 INFO  : Launch script is exported to file 'C:\Users\aamalik3\Desktop\ICAP_Readback\RISC_Preemption\RISC_Preemption.sdk\.sdk\launch_scripts\xilinx_c-c++_application_(system_debugger)\system_debugger_using_debug_risc_aes_ctr.elf_on_local.tcl'
11:39:00 INFO  : Connected to target on host '127.0.0.1' and port '3121'.
11:39:00 INFO  : 'targets -set -filter {jtag_cable_name =~ "Digilent Zed 210248B78019" && level==0} -index 1' command is executed.
11:39:02 INFO  : FPGA configured successfully with bitstream "C:/Users/aamalik3/Desktop/ICAP_Readback/RISC_Preemption/RISC_AES_1_Million/RISC_AES_1_Million.bit"
11:39:06 INFO  : Disconnected from the channel tcfchan#127.
11:39:07 INFO  : 'targets -set -filter {jtag_cable_name =~ "Digilent Zed 210248B78019" && level==0} -index 1' command is executed.
11:39:07 INFO  : 'fpga -state' command is executed.
11:39:07 INFO  : Connected to target on host '127.0.0.1' and port '3121'.
11:39:07 INFO  : Jtag cable 'Digilent Zed 210248B78019' is selected.
11:39:07 INFO  : 'jtag frequency' command is executed.
11:39:07 INFO  : Sourcing of 'C:/Users/aamalik3/Desktop/ICAP_Readback/RISC_Preemption/RISC_Preemption.sdk/design_1_wrapper_hw_platform_0/ps7_init.tcl' is done.
11:39:07 INFO  : Context for 'APU' is selected.
11:39:07 INFO  : Hardware design information is loaded from 'C:/Users/aamalik3/Desktop/ICAP_Readback/RISC_Preemption/RISC_Preemption.sdk/design_1_wrapper_hw_platform_0/system.hdf'.
11:39:07 INFO  : 'configparams force-mem-access 1' command is executed.
11:39:07 INFO  : Context for 'APU' is selected.
11:39:08 INFO  : 'stop' command is executed.
11:39:08 INFO  : 'ps7_init' command is executed.
11:39:08 INFO  : 'ps7_post_config' command is executed.
11:39:08 INFO  : Context for processor 'ps7_cortexa9_0' is selected.
11:39:08 INFO  : Processor reset is completed for 'ps7_cortexa9_0'.
11:39:08 INFO  : Context for processor 'ps7_cortexa9_0' is selected.
11:39:08 INFO  : The application 'C:/Users/aamalik3/Desktop/ICAP_Readback/RISC_Preemption/RISC_Preemption.sdk/risc_aes_ctr/Debug/risc_aes_ctr.elf' is downloaded to processor 'ps7_cortexa9_0'.
11:39:08 INFO  : 'configparams force-mem-access 0' command is executed.
11:39:08 INFO  : ----------------XSDB Script----------------
connect -url tcp:127.0.0.1:3121
source C:/Users/aamalik3/Desktop/ICAP_Readback/RISC_Preemption/RISC_Preemption.sdk/design_1_wrapper_hw_platform_0/ps7_init.tcl
targets -set -nocase -filter {name =~"APU*" && jtag_cable_name =~ "Digilent Zed 210248B78019"} -index 0
loadhw -hw C:/Users/aamalik3/Desktop/ICAP_Readback/RISC_Preemption/RISC_Preemption.sdk/design_1_wrapper_hw_platform_0/system.hdf -mem-ranges [list {0x40000000 0xbfffffff}]
configparams force-mem-access 1
targets -set -nocase -filter {name =~"APU*" && jtag_cable_name =~ "Digilent Zed 210248B78019"} -index 0
stop
ps7_init
ps7_post_config
targets -set -nocase -filter {name =~ "ARM*#0" && jtag_cable_name =~ "Digilent Zed 210248B78019"} -index 0
rst -processor
targets -set -nocase -filter {name =~ "ARM*#0" && jtag_cable_name =~ "Digilent Zed 210248B78019"} -index 0
dow C:/Users/aamalik3/Desktop/ICAP_Readback/RISC_Preemption/RISC_Preemption.sdk/risc_aes_ctr/Debug/risc_aes_ctr.elf
configparams force-mem-access 0
----------------End of Script----------------

11:39:09 INFO  : Memory regions updated for context APU
11:39:09 INFO  : Context for processor 'ps7_cortexa9_0' is selected.
11:39:09 INFO  : 'con' command is executed.
11:39:09 INFO  : ----------------XSDB Script (After Launch)----------------
targets -set -nocase -filter {name =~ "ARM*#0" && jtag_cable_name =~ "Digilent Zed 210248B78019"} -index 0
con
----------------End of Script----------------

11:39:09 INFO  : Launch script is exported to file 'C:\Users\aamalik3\Desktop\ICAP_Readback\RISC_Preemption\RISC_Preemption.sdk\.sdk\launch_scripts\xilinx_c-c++_application_(system_debugger)\system_debugger_using_debug_risc_aes_ctr.elf_on_local.tcl'
11:40:54 INFO  : Disconnected from the channel tcfchan#128.
11:40:55 INFO  : 'targets -set -filter {jtag_cable_name =~ "Digilent Zed 210248B78019" && level==0} -index 1' command is executed.
11:40:55 INFO  : 'fpga -state' command is executed.
11:40:55 INFO  : Connected to target on host '127.0.0.1' and port '3121'.
11:40:56 INFO  : Jtag cable 'Digilent Zed 210248B78019' is selected.
11:40:56 INFO  : 'jtag frequency' command is executed.
11:40:56 INFO  : Sourcing of 'C:/Users/aamalik3/Desktop/ICAP_Readback/RISC_Preemption/RISC_Preemption.sdk/design_1_wrapper_hw_platform_0/ps7_init.tcl' is done.
11:40:56 INFO  : Context for 'APU' is selected.
11:40:56 INFO  : Hardware design information is loaded from 'C:/Users/aamalik3/Desktop/ICAP_Readback/RISC_Preemption/RISC_Preemption.sdk/design_1_wrapper_hw_platform_0/system.hdf'.
11:40:56 INFO  : 'configparams force-mem-access 1' command is executed.
11:40:56 INFO  : Context for 'APU' is selected.
11:40:56 INFO  : 'stop' command is executed.
11:40:56 INFO  : 'ps7_init' command is executed.
11:40:56 INFO  : 'ps7_post_config' command is executed.
11:40:56 INFO  : Context for processor 'ps7_cortexa9_0' is selected.
11:40:56 INFO  : Processor reset is completed for 'ps7_cortexa9_0'.
11:40:56 INFO  : Context for processor 'ps7_cortexa9_0' is selected.
11:40:57 INFO  : The application 'C:/Users/aamalik3/Desktop/ICAP_Readback/RISC_Preemption/RISC_Preemption.sdk/risc_aes_ctr/Debug/risc_aes_ctr.elf' is downloaded to processor 'ps7_cortexa9_0'.
11:40:57 INFO  : 'configparams force-mem-access 0' command is executed.
11:40:57 INFO  : ----------------XSDB Script----------------
connect -url tcp:127.0.0.1:3121
source C:/Users/aamalik3/Desktop/ICAP_Readback/RISC_Preemption/RISC_Preemption.sdk/design_1_wrapper_hw_platform_0/ps7_init.tcl
targets -set -nocase -filter {name =~"APU*" && jtag_cable_name =~ "Digilent Zed 210248B78019"} -index 0
loadhw -hw C:/Users/aamalik3/Desktop/ICAP_Readback/RISC_Preemption/RISC_Preemption.sdk/design_1_wrapper_hw_platform_0/system.hdf -mem-ranges [list {0x40000000 0xbfffffff}]
configparams force-mem-access 1
targets -set -nocase -filter {name =~"APU*" && jtag_cable_name =~ "Digilent Zed 210248B78019"} -index 0
stop
ps7_init
ps7_post_config
targets -set -nocase -filter {name =~ "ARM*#0" && jtag_cable_name =~ "Digilent Zed 210248B78019"} -index 0
rst -processor
targets -set -nocase -filter {name =~ "ARM*#0" && jtag_cable_name =~ "Digilent Zed 210248B78019"} -index 0
dow C:/Users/aamalik3/Desktop/ICAP_Readback/RISC_Preemption/RISC_Preemption.sdk/risc_aes_ctr/Debug/risc_aes_ctr.elf
configparams force-mem-access 0
----------------End of Script----------------

11:40:57 INFO  : Memory regions updated for context APU
11:40:57 INFO  : Context for processor 'ps7_cortexa9_0' is selected.
11:40:57 INFO  : 'con' command is executed.
11:40:57 INFO  : ----------------XSDB Script (After Launch)----------------
targets -set -nocase -filter {name =~ "ARM*#0" && jtag_cable_name =~ "Digilent Zed 210248B78019"} -index 0
con
----------------End of Script----------------

11:40:57 INFO  : Launch script is exported to file 'C:\Users\aamalik3\Desktop\ICAP_Readback\RISC_Preemption\RISC_Preemption.sdk\.sdk\launch_scripts\xilinx_c-c++_application_(system_debugger)\system_debugger_using_debug_risc_aes_ctr.elf_on_local.tcl'
11:42:45 INFO  : Disconnected from the channel tcfchan#129.
11:42:46 INFO  : 'targets -set -filter {jtag_cable_name =~ "Digilent Zed 210248B78019" && level==0} -index 1' command is executed.
11:42:46 INFO  : 'fpga -state' command is executed.
11:42:46 INFO  : Connected to target on host '127.0.0.1' and port '3121'.
11:42:46 INFO  : Jtag cable 'Digilent Zed 210248B78019' is selected.
11:42:46 INFO  : 'jtag frequency' command is executed.
11:42:46 INFO  : Sourcing of 'C:/Users/aamalik3/Desktop/ICAP_Readback/RISC_Preemption/RISC_Preemption.sdk/design_1_wrapper_hw_platform_0/ps7_init.tcl' is done.
11:42:46 INFO  : Context for 'APU' is selected.
11:42:46 INFO  : Hardware design information is loaded from 'C:/Users/aamalik3/Desktop/ICAP_Readback/RISC_Preemption/RISC_Preemption.sdk/design_1_wrapper_hw_platform_0/system.hdf'.
11:42:46 INFO  : 'configparams force-mem-access 1' command is executed.
11:42:46 INFO  : Context for 'APU' is selected.
11:42:46 INFO  : 'stop' command is executed.
11:42:47 INFO  : 'ps7_init' command is executed.
11:42:47 INFO  : 'ps7_post_config' command is executed.
11:42:47 INFO  : Context for processor 'ps7_cortexa9_0' is selected.
11:42:47 INFO  : Processor reset is completed for 'ps7_cortexa9_0'.
11:42:47 INFO  : Context for processor 'ps7_cortexa9_0' is selected.
11:42:47 INFO  : The application 'C:/Users/aamalik3/Desktop/ICAP_Readback/RISC_Preemption/RISC_Preemption.sdk/risc_aes_ctr/Debug/risc_aes_ctr.elf' is downloaded to processor 'ps7_cortexa9_0'.
11:42:47 INFO  : 'configparams force-mem-access 0' command is executed.
11:42:47 INFO  : ----------------XSDB Script----------------
connect -url tcp:127.0.0.1:3121
source C:/Users/aamalik3/Desktop/ICAP_Readback/RISC_Preemption/RISC_Preemption.sdk/design_1_wrapper_hw_platform_0/ps7_init.tcl
targets -set -nocase -filter {name =~"APU*" && jtag_cable_name =~ "Digilent Zed 210248B78019"} -index 0
loadhw -hw C:/Users/aamalik3/Desktop/ICAP_Readback/RISC_Preemption/RISC_Preemption.sdk/design_1_wrapper_hw_platform_0/system.hdf -mem-ranges [list {0x40000000 0xbfffffff}]
configparams force-mem-access 1
targets -set -nocase -filter {name =~"APU*" && jtag_cable_name =~ "Digilent Zed 210248B78019"} -index 0
stop
ps7_init
ps7_post_config
targets -set -nocase -filter {name =~ "ARM*#0" && jtag_cable_name =~ "Digilent Zed 210248B78019"} -index 0
rst -processor
targets -set -nocase -filter {name =~ "ARM*#0" && jtag_cable_name =~ "Digilent Zed 210248B78019"} -index 0
dow C:/Users/aamalik3/Desktop/ICAP_Readback/RISC_Preemption/RISC_Preemption.sdk/risc_aes_ctr/Debug/risc_aes_ctr.elf
configparams force-mem-access 0
----------------End of Script----------------

11:42:47 INFO  : Memory regions updated for context APU
11:42:47 INFO  : Context for processor 'ps7_cortexa9_0' is selected.
11:42:47 INFO  : 'con' command is executed.
11:42:47 INFO  : ----------------XSDB Script (After Launch)----------------
targets -set -nocase -filter {name =~ "ARM*#0" && jtag_cable_name =~ "Digilent Zed 210248B78019"} -index 0
con
----------------End of Script----------------

11:42:47 INFO  : Launch script is exported to file 'C:\Users\aamalik3\Desktop\ICAP_Readback\RISC_Preemption\RISC_Preemption.sdk\.sdk\launch_scripts\xilinx_c-c++_application_(system_debugger)\system_debugger_using_debug_risc_aes_ctr.elf_on_local.tcl'
11:51:39 INFO  : SDK has detected change in the last modified timestamps for source hardware specification file Source:1693410697747,  Project:1692500993269
11:51:39 INFO  : Project design_1_wrapper_hw_platform_0's source hardware specification located at C:/Users/aamalik3/Desktop/ICAP_Readback/RISC_Preemption/RISC_Preemption.sdk/design_1_wrapper.hdf is now different from the local copy.
		 The local copy will be replaced with the source specification and your workspace will be updated.
11:51:42 INFO  : Copied contents of C:/Users/aamalik3/Desktop/ICAP_Readback/RISC_Preemption/RISC_Preemption.sdk/design_1_wrapper.hdf into \design_1_wrapper_hw_platform_0\system.hdf.
11:51:44 INFO  : Synchronizing projects in the workspace with the hardware platform specification changes.
11:51:46 INFO  : 
11:51:47 INFO  : Updating hardware inferred compiler options for risc_aes_ctr.
11:51:47 INFO  : Clearing existing target manager status.
11:51:47 INFO  : Closing and re-opening the MSS file of ther project risc_aes_ctr_bsp
11:51:48 INFO  : Workspace synchronized with the new hardware specification file. Cleaning dependent projects...
11:51:50 WARN  : Linker script will not be updated automatically. Users need to update it manually.
20:37:41 INFO  : Connected to target on host '127.0.0.1' and port '3121'.
20:37:41 INFO  : 'targets -set -filter {jtag_cable_name =~ "Digilent Zed 210248B78019" && level==0} -index 1' command is executed.
20:37:44 INFO  : FPGA configured successfully with bitstream "C:/Users/aamalik3/Desktop/ICAP_Readback/RISC_Preemption/With_delay_No_CRC/RISC_AES.bit"
20:37:47 INFO  : Disconnected from the channel tcfchan#130.
20:37:48 INFO  : 'targets -set -filter {jtag_cable_name =~ "Digilent Zed 210248B78019" && level==0} -index 1' command is executed.
20:37:48 INFO  : 'fpga -state' command is executed.
20:37:48 INFO  : Connected to target on host '127.0.0.1' and port '3121'.
20:37:48 INFO  : Jtag cable 'Digilent Zed 210248B78019' is selected.
20:37:48 INFO  : 'jtag frequency' command is executed.
20:37:48 INFO  : Sourcing of 'C:/Users/aamalik3/Desktop/ICAP_Readback/RISC_Preemption/RISC_Preemption.sdk/design_1_wrapper_hw_platform_0/ps7_init.tcl' is done.
20:37:49 INFO  : Context for 'APU' is selected.
20:37:49 INFO  : Hardware design information is loaded from 'C:/Users/aamalik3/Desktop/ICAP_Readback/RISC_Preemption/RISC_Preemption.sdk/design_1_wrapper_hw_platform_0/system.hdf'.
20:37:49 INFO  : 'configparams force-mem-access 1' command is executed.
20:37:49 INFO  : Context for 'APU' is selected.
20:37:49 INFO  : 'stop' command is executed.
20:37:49 INFO  : 'ps7_init' command is executed.
20:37:49 INFO  : 'ps7_post_config' command is executed.
20:37:49 INFO  : Context for processor 'ps7_cortexa9_0' is selected.
20:37:49 INFO  : Processor reset is completed for 'ps7_cortexa9_0'.
20:37:49 INFO  : Context for processor 'ps7_cortexa9_0' is selected.
20:37:49 INFO  : The application 'C:/Users/aamalik3/Desktop/ICAP_Readback/RISC_Preemption/RISC_Preemption.sdk/risc_aes_ctr/Debug/risc_aes_ctr.elf' is downloaded to processor 'ps7_cortexa9_0'.
20:37:49 INFO  : 'configparams force-mem-access 0' command is executed.
20:37:49 INFO  : ----------------XSDB Script----------------
connect -url tcp:127.0.0.1:3121
source C:/Users/aamalik3/Desktop/ICAP_Readback/RISC_Preemption/RISC_Preemption.sdk/design_1_wrapper_hw_platform_0/ps7_init.tcl
targets -set -nocase -filter {name =~"APU*" && jtag_cable_name =~ "Digilent Zed 210248B78019"} -index 0
loadhw -hw C:/Users/aamalik3/Desktop/ICAP_Readback/RISC_Preemption/RISC_Preemption.sdk/design_1_wrapper_hw_platform_0/system.hdf -mem-ranges [list {0x40000000 0xbfffffff}]
configparams force-mem-access 1
targets -set -nocase -filter {name =~"APU*" && jtag_cable_name =~ "Digilent Zed 210248B78019"} -index 0
stop
ps7_init
ps7_post_config
targets -set -nocase -filter {name =~ "ARM*#0" && jtag_cable_name =~ "Digilent Zed 210248B78019"} -index 0
rst -processor
targets -set -nocase -filter {name =~ "ARM*#0" && jtag_cable_name =~ "Digilent Zed 210248B78019"} -index 0
dow C:/Users/aamalik3/Desktop/ICAP_Readback/RISC_Preemption/RISC_Preemption.sdk/risc_aes_ctr/Debug/risc_aes_ctr.elf
configparams force-mem-access 0
----------------End of Script----------------

20:37:49 INFO  : Memory regions updated for context APU
20:37:49 INFO  : Context for processor 'ps7_cortexa9_0' is selected.
20:37:49 INFO  : 'con' command is executed.
20:37:49 INFO  : ----------------XSDB Script (After Launch)----------------
targets -set -nocase -filter {name =~ "ARM*#0" && jtag_cable_name =~ "Digilent Zed 210248B78019"} -index 0
con
----------------End of Script----------------

20:37:49 INFO  : Launch script is exported to file 'C:\Users\aamalik3\Desktop\ICAP_Readback\RISC_Preemption\RISC_Preemption.sdk\.sdk\launch_scripts\xilinx_c-c++_application_(system_debugger)\system_debugger_using_debug_risc_aes_ctr.elf_on_local.tcl'
22:50:32 INFO  : Connected to target on host '127.0.0.1' and port '3121'.
22:50:32 INFO  : 'targets -set -filter {jtag_cable_name =~ "Digilent Zed 210248B78019" && level==0} -index 1' command is executed.
22:50:35 INFO  : FPGA configured successfully with bitstream "C:/Users/aamalik3/Desktop/ICAP_Readback/RISC_Preemption/With_delay_No_CRC/RISC_AES.bit"
22:50:40 INFO  : Disconnected from the channel tcfchan#131.
22:50:41 INFO  : 'targets -set -filter {jtag_cable_name =~ "Digilent Zed 210248B78019" && level==0} -index 1' command is executed.
22:50:41 INFO  : 'fpga -state' command is executed.
22:50:41 INFO  : Connected to target on host '127.0.0.1' and port '3121'.
22:50:41 INFO  : Jtag cable 'Digilent Zed 210248B78019' is selected.
22:50:41 INFO  : 'jtag frequency' command is executed.
22:50:41 INFO  : Sourcing of 'C:/Users/aamalik3/Desktop/ICAP_Readback/RISC_Preemption/RISC_Preemption.sdk/design_1_wrapper_hw_platform_0/ps7_init.tcl' is done.
22:50:41 INFO  : Context for 'APU' is selected.
22:50:41 INFO  : Hardware design information is loaded from 'C:/Users/aamalik3/Desktop/ICAP_Readback/RISC_Preemption/RISC_Preemption.sdk/design_1_wrapper_hw_platform_0/system.hdf'.
22:50:41 INFO  : 'configparams force-mem-access 1' command is executed.
22:50:41 INFO  : Context for 'APU' is selected.
22:50:41 INFO  : 'stop' command is executed.
22:50:41 INFO  : 'ps7_init' command is executed.
22:50:41 INFO  : 'ps7_post_config' command is executed.
22:50:41 INFO  : Context for processor 'ps7_cortexa9_0' is selected.
22:50:41 INFO  : Processor reset is completed for 'ps7_cortexa9_0'.
22:50:41 INFO  : Context for processor 'ps7_cortexa9_0' is selected.
22:50:42 INFO  : The application 'C:/Users/aamalik3/Desktop/ICAP_Readback/RISC_Preemption/RISC_Preemption.sdk/risc_aes_ctr/Debug/risc_aes_ctr.elf' is downloaded to processor 'ps7_cortexa9_0'.
22:50:42 INFO  : 'configparams force-mem-access 0' command is executed.
22:50:42 INFO  : ----------------XSDB Script----------------
connect -url tcp:127.0.0.1:3121
source C:/Users/aamalik3/Desktop/ICAP_Readback/RISC_Preemption/RISC_Preemption.sdk/design_1_wrapper_hw_platform_0/ps7_init.tcl
targets -set -nocase -filter {name =~"APU*" && jtag_cable_name =~ "Digilent Zed 210248B78019"} -index 0
loadhw -hw C:/Users/aamalik3/Desktop/ICAP_Readback/RISC_Preemption/RISC_Preemption.sdk/design_1_wrapper_hw_platform_0/system.hdf -mem-ranges [list {0x40000000 0xbfffffff}]
configparams force-mem-access 1
targets -set -nocase -filter {name =~"APU*" && jtag_cable_name =~ "Digilent Zed 210248B78019"} -index 0
stop
ps7_init
ps7_post_config
targets -set -nocase -filter {name =~ "ARM*#0" && jtag_cable_name =~ "Digilent Zed 210248B78019"} -index 0
rst -processor
targets -set -nocase -filter {name =~ "ARM*#0" && jtag_cable_name =~ "Digilent Zed 210248B78019"} -index 0
dow C:/Users/aamalik3/Desktop/ICAP_Readback/RISC_Preemption/RISC_Preemption.sdk/risc_aes_ctr/Debug/risc_aes_ctr.elf
configparams force-mem-access 0
----------------End of Script----------------

22:50:42 INFO  : Memory regions updated for context APU
22:50:42 INFO  : Context for processor 'ps7_cortexa9_0' is selected.
22:50:42 INFO  : 'con' command is executed.
22:50:42 INFO  : ----------------XSDB Script (After Launch)----------------
targets -set -nocase -filter {name =~ "ARM*#0" && jtag_cable_name =~ "Digilent Zed 210248B78019"} -index 0
con
----------------End of Script----------------

22:50:42 INFO  : Launch script is exported to file 'C:\Users\aamalik3\Desktop\ICAP_Readback\RISC_Preemption\RISC_Preemption.sdk\.sdk\launch_scripts\xilinx_c-c++_application_(system_debugger)\system_debugger_using_debug_risc_aes_ctr.elf_on_local.tcl'
12:17:26 INFO  : Disconnected from the channel tcfchan#132.
12:08:41 INFO  : Launching XSCT server: xsct.bat -interactive C:\Users\aamalik3\Desktop\ICAP_Readback\RISC_Preemption\RISC_Preemption.sdk\temp_xsdb_launch_script.tcl
12:08:41 INFO  : Registering command handlers for SDK TCF services
12:08:43 INFO  : XSCT server has started successfully.
12:08:45 INFO  : Successfully done setting XSCT server connection channel  
12:08:45 INFO  : Successfully done setting SDK workspace  
12:12:06 INFO  : Launching XSCT server: xsct.bat -interactive C:\Users\aamalik3\Desktop\ICAP_Readback\RISC_Preemption\RISC_Preemption.sdk\temp_xsdb_launch_script.tcl
12:12:06 INFO  : Registering command handlers for SDK TCF services
12:12:07 INFO  : XSCT server has started successfully.
12:12:08 INFO  : Successfully done setting XSCT server connection channel  
12:12:08 INFO  : Successfully done setting SDK workspace  
12:19:09 INFO  : Launching XSCT server: xsct.bat -interactive C:\Users\aamalik3\Desktop\ICAP_Readback\RISC_Preemption\RISC_Preemption.sdk\temp_xsdb_launch_script.tcl
12:19:09 INFO  : Registering command handlers for SDK TCF services
12:19:10 INFO  : XSCT server has started successfully.
12:19:10 INFO  : Successfully done setting XSCT server connection channel  
12:19:10 INFO  : Successfully done setting SDK workspace  
12:22:29 INFO  : Launching XSCT server: xsct.bat -interactive C:\Users\aamalik3\Desktop\ICAP_Readback\RISC_Preemption\RISC_Preemption.sdk\temp_xsdb_launch_script.tcl
12:22:29 INFO  : Registering command handlers for SDK TCF services
12:22:31 INFO  : XSCT server has started successfully.
12:22:31 INFO  : Successfully done setting XSCT server connection channel  
12:22:31 INFO  : Successfully done setting SDK workspace  
12:24:06 INFO  : Launching XSCT server: xsct.bat -interactive C:\Users\aamalik3\Desktop\ICAP_Readback\RISC_Preemption\RISC_Preemption.sdk\temp_xsdb_launch_script.tcl
12:24:06 INFO  : Registering command handlers for SDK TCF services
12:24:08 INFO  : XSCT server has started successfully.
12:24:08 INFO  : Successfully done setting XSCT server connection channel  
12:24:08 INFO  : Successfully done setting SDK workspace  
09:57:48 INFO  : Launching XSCT server: xsct.bat -interactive C:\Users\aamalik3\Desktop\ICAP_Readback\RISC_Preemption\RISC_Preemption.sdk\temp_xsdb_launch_script.tcl
09:57:48 INFO  : Registering command handlers for SDK TCF services
09:57:50 INFO  : XSCT server has started successfully.
09:57:50 INFO  : Successfully done setting XSCT server connection channel  
09:57:52 INFO  : Successfully done setting SDK workspace  
09:58:03 INFO  : Connected to target on host '127.0.0.1' and port '3121'.
09:58:04 INFO  : 'targets -set -filter {jtag_cable_name =~ "Digilent Zed 210248B78019" && level==0} -index 1' command is executed.
09:58:06 INFO  : FPGA configured successfully with bitstream "C:/Users/aamalik3/Desktop/ICAP_Readback/RISC_Preemption/With_delay_No_CRC/RISC_AES.bit"
09:59:05 INFO  : 'targets -set -filter {jtag_cable_name =~ "Digilent Zed 210248B78019" && level==0} -index 1' command is executed.
09:59:05 INFO  : 'fpga -state' command is executed.
09:59:05 INFO  : Connected to target on host '127.0.0.1' and port '3121'.
09:59:05 INFO  : Jtag cable 'Digilent Zed 210248B78019' is selected.
09:59:05 INFO  : 'jtag frequency' command is executed.
09:59:05 INFO  : Sourcing of 'C:/Users/aamalik3/Desktop/ICAP_Readback/RISC_Preemption/RISC_Preemption.sdk/design_1_wrapper_hw_platform_0/ps7_init.tcl' is done.
09:59:05 INFO  : Context for 'APU' is selected.
09:59:05 INFO  : Hardware design information is loaded from 'C:/Users/aamalik3/Desktop/ICAP_Readback/RISC_Preemption/RISC_Preemption.sdk/design_1_wrapper_hw_platform_0/system.hdf'.
09:59:05 INFO  : 'configparams force-mem-access 1' command is executed.
09:59:05 INFO  : Context for 'APU' is selected.
09:59:05 INFO  : 'stop' command is executed.
09:59:06 INFO  : 'ps7_init' command is executed.
09:59:06 INFO  : 'ps7_post_config' command is executed.
09:59:06 INFO  : 'configparams force-mem-access 0' command is executed.
09:59:06 INFO  : ----------------XSDB Script----------------
connect -url tcp:127.0.0.1:3121
source C:/Users/aamalik3/Desktop/ICAP_Readback/RISC_Preemption/RISC_Preemption.sdk/design_1_wrapper_hw_platform_0/ps7_init.tcl
targets -set -nocase -filter {name =~"APU*" && jtag_cable_name =~ "Digilent Zed 210248B78019"} -index 0
loadhw -hw C:/Users/aamalik3/Desktop/ICAP_Readback/RISC_Preemption/RISC_Preemption.sdk/design_1_wrapper_hw_platform_0/system.hdf -mem-ranges [list {0x40000000 0xbfffffff}]
configparams force-mem-access 1
targets -set -nocase -filter {name =~"APU*" && jtag_cable_name =~ "Digilent Zed 210248B78019"} -index 0
stop
ps7_init
ps7_post_config
configparams force-mem-access 0
----------------End of Script----------------

09:59:06 INFO  : Memory regions updated for context APU
09:59:06 INFO  : Launch script is exported to file 'C:\Users\aamalik3\Desktop\ICAP_Readback\RISC_Preemption\RISC_Preemption.sdk\.sdk\launch_scripts\xilinx_c-c++_application_(system_debugger)\system_debugger_using_debug_risc_aes_ctr.elf_on_local.tcl'
09:59:37 INFO  : Refreshed build settings on project risc_aes_ctr
09:59:49 INFO  : Refreshed build settings on project risc_aes_ctr
10:00:23 INFO  : Disconnected from the channel tcfchan#1.
10:00:24 INFO  : 'targets -set -filter {jtag_cable_name =~ "Digilent Zed 210248B78019" && level==0} -index 1' command is executed.
10:00:24 INFO  : 'fpga -state' command is executed.
10:00:24 INFO  : Connected to target on host '127.0.0.1' and port '3121'.
10:00:24 INFO  : Jtag cable 'Digilent Zed 210248B78019' is selected.
10:00:24 INFO  : 'jtag frequency' command is executed.
10:00:24 INFO  : Sourcing of 'C:/Users/aamalik3/Desktop/ICAP_Readback/RISC_Preemption/RISC_Preemption.sdk/design_1_wrapper_hw_platform_0/ps7_init.tcl' is done.
10:00:24 INFO  : Context for 'APU' is selected.
10:00:25 INFO  : Hardware design information is loaded from 'C:/Users/aamalik3/Desktop/ICAP_Readback/RISC_Preemption/RISC_Preemption.sdk/design_1_wrapper_hw_platform_0/system.hdf'.
10:00:25 INFO  : 'configparams force-mem-access 1' command is executed.
10:00:25 INFO  : Context for 'APU' is selected.
10:00:25 INFO  : 'stop' command is executed.
10:00:25 INFO  : 'ps7_init' command is executed.
10:00:25 INFO  : 'ps7_post_config' command is executed.
10:00:25 INFO  : Context for processor 'ps7_cortexa9_0' is selected.
10:00:25 INFO  : Processor reset is completed for 'ps7_cortexa9_0'.
10:00:25 INFO  : Context for processor 'ps7_cortexa9_0' is selected.
10:00:25 INFO  : The application 'C:/Users/aamalik3/Desktop/ICAP_Readback/RISC_Preemption/RISC_Preemption.sdk/risc_aes_ctr/Debug/risc_aes_ctr.elf' is downloaded to processor 'ps7_cortexa9_0'.
10:00:25 INFO  : 'configparams force-mem-access 0' command is executed.
10:00:25 INFO  : ----------------XSDB Script----------------
connect -url tcp:127.0.0.1:3121
source C:/Users/aamalik3/Desktop/ICAP_Readback/RISC_Preemption/RISC_Preemption.sdk/design_1_wrapper_hw_platform_0/ps7_init.tcl
targets -set -nocase -filter {name =~"APU*" && jtag_cable_name =~ "Digilent Zed 210248B78019"} -index 0
loadhw -hw C:/Users/aamalik3/Desktop/ICAP_Readback/RISC_Preemption/RISC_Preemption.sdk/design_1_wrapper_hw_platform_0/system.hdf -mem-ranges [list {0x40000000 0xbfffffff}]
configparams force-mem-access 1
targets -set -nocase -filter {name =~"APU*" && jtag_cable_name =~ "Digilent Zed 210248B78019"} -index 0
stop
ps7_init
ps7_post_config
targets -set -nocase -filter {name =~ "ARM*#0" && jtag_cable_name =~ "Digilent Zed 210248B78019"} -index 0
rst -processor
targets -set -nocase -filter {name =~ "ARM*#0" && jtag_cable_name =~ "Digilent Zed 210248B78019"} -index 0
dow C:/Users/aamalik3/Desktop/ICAP_Readback/RISC_Preemption/RISC_Preemption.sdk/risc_aes_ctr/Debug/risc_aes_ctr.elf
configparams force-mem-access 0
----------------End of Script----------------

10:00:25 INFO  : Memory regions updated for context APU
10:00:26 INFO  : Context for processor 'ps7_cortexa9_0' is selected.
10:00:26 INFO  : 'con' command is executed.
10:00:26 INFO  : ----------------XSDB Script (After Launch)----------------
targets -set -nocase -filter {name =~ "ARM*#0" && jtag_cable_name =~ "Digilent Zed 210248B78019"} -index 0
con
----------------End of Script----------------

10:00:26 INFO  : Launch script is exported to file 'C:\Users\aamalik3\Desktop\ICAP_Readback\RISC_Preemption\RISC_Preemption.sdk\.sdk\launch_scripts\xilinx_c-c++_application_(system_debugger)\system_debugger_using_debug_risc_aes_ctr.elf_on_local.tcl'
09:35:20 INFO  : Disconnected from the channel tcfchan#2.
11:01:58 INFO  : Launching XSCT server: xsct.bat -interactive C:\Users\aamalik3\Desktop\ICAP_Readback\RISC_Preemption\RISC_Preemption.sdk\temp_xsdb_launch_script.tcl
11:01:58 INFO  : Registering command handlers for SDK TCF services
11:02:01 INFO  : XSCT server has started successfully.
11:02:03 INFO  : Successfully done setting XSCT server connection channel  
11:02:03 INFO  : Successfully done setting SDK workspace  
19:49:09 INFO  : Launching XSCT server: xsct.bat -interactive C:\Users\aamalik3\Desktop\ICAP_Readback\RISC_Preemption\RISC_Preemption.sdk\temp_xsdb_launch_script.tcl
19:49:09 INFO  : Registering command handlers for SDK TCF services
19:49:11 INFO  : XSCT server has started successfully.
19:49:11 INFO  : Successfully done setting XSCT server connection channel  
19:49:12 INFO  : Successfully done setting SDK workspace  
